# codepoint	char	readings_display	readings_normalized	tones	freq	sources
U+34B5	㒵	かお	kao	0	0	KANJIDIC,PYPINYIN,UNIHAN
U+3D9A	㶚	ハ,バ	ha,ba	0,0	0,0	KANJIDIC,PYPINYIN,UNIHAN
U+3E60	㹠	トン	ton	0	0	KANJIDIC,PYPINYIN,UNIHAN
U+4E00	一	イチ,イツ,ひと,ひとつ	ichi,itsu,hito,hitotsu	0,0,0,0	0,0,0,0	KANJIDIC,PYPINYIN,UNIHAN,WORDSHK_CHARS
U+4E01	丁	チョウ,テイ,チン,トウ,チ,ひのと	chou,tei,chin,tou,chi,hinoto	0,0,0,0,0,0	0,0,0,0,0,0	KANJIDIC,PYPINYIN,UNIHAN,WORDSHK_CHARS
U+4E02	丂	コウ,さまたげられる	kou,samatagerareru	0,0	0,0	KANJIDIC,PYPINYIN,UNIHAN
U+4E03	七	シチ,なな,ななつ,なの	shichi,nana,nanatsu,nano	0,0,0,0	0,0,0,0	KANJIDIC,PYPINYIN,UNIHAN,WORDSHK_CHARS
U+4E04	丄	ジョウ,ショウ,うえ,うわ,かみ,あげる,あがる,あがり,のぼる,のぼせる,のぼす,よす	jou,shou,ue,uwa,kami,ageru,agaru,agari,noboru,noboseru,nobosu,yosu	0,0,0,0,0,0,0,0,0,0,0,0	0,0,0,0,0,0,0,0,0,0,0,0	KANJIDIC,PYPINYIN,UNIHAN
U+4E05	丅	カ,ゲ,した,しも,もと,さげる,さがる,くだる,くだす,くださる,おろす,おりる	ka,ge,shita,shimo,moto,sageru,sagaru,kudaru,kudasu,kudasaru,orosu,oriru	0,0,0,0,0,0,0,0,0,0,0,0	0,0,0,0,0,0,0,0,0,0,0,0	KANJIDIC,PYPINYIN,UNIHAN
U+4E07	万	マン,バン,よろず	man,ban,yorozu	0,0,0	0,0,0	KANJIDIC,PYPINYIN,UNIHAN
U+4E08	丈	ジョウ,たけ,だけ	jou,take,dake	0,0,0	0,0,0	KANJIDIC,PYPINYIN,UNIHAN,WORDSHK_CHARS
U+4E09	三	サン,ゾウ,み,みつ,みっつ	san,zou,mi,mitsu,mittsu	0,0,0,0,0	0,0,0,0,0	KANJIDIC,PYPINYIN,UNIHAN,WORDSHK_CHARS
U+4E0A	上	ジョウ,ショウ,シャン,うえ,うわ,かみ,あげる,あがる,あがり,のぼる,のぼり,のぼせる,のぼす,たてまつる	jou,shou,shan,ue,uwa,kami,ageru,agaru,agari,noboru,nobori,noboseru,nobosu,tatematsuru	0,0,0,0,0,0,0,0,0,0,0,0,0,0	0,0,0,0,0,0,0,0,0,0,0,0,0,0	KANJIDIC,PYPINYIN,UNIHAN,WORDSHK_CHARS
U+4E0B	下	カ,ゲ,した,しも,もと,さげる,さがる,くだる,くだり,くだす,くださる,おろす,おりる	ka,ge,shita,shimo,moto,sageru,sagaru,kudaru,kudari,kudasu,kudasaru,orosu,oriru	0,0,0,0,0,0,0,0,0,0,0,0,0	0,0,0,0,0,0,0,0,0,0,0,0,0	KANJIDIC,PYPINYIN,UNIHAN,WORDSHK_CHARS
U+4E0C	丌	キ,ゴ,それ,その,だい	ki,go,sore,sono,dai	0,0,0,0,0	0,0,0,0,0	KANJIDIC,PYPINYIN,UNIHAN
U+4E0D	不	フ,ブ	fu,bu	0,0	0,0	KANJIDIC,PYPINYIN,UNIHAN,WORDSHK_CHARS
U+4E0E	与	ヨ,あたえる,あずかる,くみする,ともに	yo,ataeru,azukaru,kumisuru,tomoni	0,0,0,0,0	0,0,0,0,0	KANJIDIC,PYPINYIN,UNIHAN
U+4E0F	丏	ベン,メン,みえぬ	ben,men,mienu	0,0,0	0,0,0	KANJIDIC,PYPINYIN,UNIHAN
U+4E10	丐	カイ,こう	kai,kou	0,0	0,0	KANJIDIC,PYPINYIN,UNIHAN,WORDSHK_CHARS
U+4E11	丑	チュウ,うし	chuu,ushi	0,0	0,0	KANJIDIC,PYPINYIN,UNIHAN,WORDSHK_CHARS
U+4E12	丒	チュウ,うし	chuu,ushi	0,0	0,0	KANJIDIC,PYPINYIN,UNIHAN
U+4E14	且	ショ,ソ,ショウ,かつ	sho,so,shou,katsu	0,0,0,0	0,0,0,0	KANJIDIC,PYPINYIN,UNIHAN,WORDSHK_CHARS
U+4E15	丕	ヒ,おおきい	hi,ookii	0,0	0,0	KANJIDIC,PYPINYIN,UNIHAN
U+4E16	世	セイ,セ,ソウ,よ	sei,se,sou,yo	0,0,0,0	0,0,0,0	KANJIDIC,PYPINYIN,UNIHAN,WORDSHK_CHARS
U+4E17	丗	セイ,セ,ソウ,よ,さんじゅう	sei,se,sou,yo,sanjuu	0,0,0,0,0	0,0,0,0,0	KANJIDIC,PYPINYIN,UNIHAN
U+4E18	丘	キュウ,おか	kyuu,oka	0,0	0,0	KANJIDIC,PYPINYIN,UNIHAN,WORDSHK_CHARS
U+4E19	丙	ヘイ,ひのえ	hei,hinoe	0,0	0,0	KANJIDIC,PYPINYIN,UNIHAN,WORDSHK_CHARS
U+4E1E	丞	ジョウ,ショウ,すくう,たすける	jou,shou,sukuu,tasukeru	0,0,0,0	0,0,0,0	KANJIDIC,PYPINYIN,UNIHAN,WORDSHK_CHARS
U+4E1F	丟	チュウ,チュ,さる,なげうつ	chuu,chu,saru,nageutsu	0,0,0,0	0,0,0,0	KANJIDIC,PYPINYIN,UNIHAN,WORDSHK_CHARS
U+4E21	両	リョウ,てる,ふたつ	ryou,teru,futatsu	0,0,0	0,0,0	KANJIDIC,PYPINYIN,UNIHAN,WORDSHK_CHARS
U+4E23	丣	ユウ,とり	yuu,tori	0,0	0,0	KANJIDIC,PYPINYIN,UNIHAN
U+4E24	两	リョウ,てる,ふたつ	ryou,teru,futatsu	0,0,0	0,0,0	KANJIDIC,PYPINYIN,UNIHAN
U+4E26	並	ヘイ,ホウ,なみ,ならべる,ならぶ,ならびに	hei,hou,nami,naraberu,narabu,narabini	0,0,0,0,0,0	0,0,0,0,0,0	KANJIDIC,PYPINYIN,UNIHAN,WORDSHK_CHARS
U+4E28	丨	コン,シ,ジョ,ニョ,すすむ,しりぞく	kon,shi,jo,nyo,susumu,shirizoku	0,0,0,0,0,0	0,0,0,0,0,0	KANJIDIC,PYPINYIN,UNIHAN
U+4E29	丩	キュウ,まつわる	kyuu,matsuwaru	0,0	0,0	KANJIDIC,PYPINYIN,UNIHAN
U+4E2A	个	カ,コ	ka,ko	0,0	0,0	KANJIDIC,PYPINYIN,UNIHAN
U+4E2B	丫	ア,ヤ,ふたまた,あげまき	a,ya,futamata,agemaki	0,0,0,0	0,0,0,0	KANJIDIC,PYPINYIN,UNIHAN,WORDSHK_CHARS
U+4E2D	中	チュウ,なか,うち,あたる	chuu,naka,uchi,ataru	0,0,0,0	0,0,0,0	KANJIDIC,PYPINYIN,UNIHAN,WORDSHK_CHARS
U+4E2E	丮	ケキ,キャク,もつ,とる	keki,kyaku,motsu,toru	0,0,0,0	0,0,0,0	KANJIDIC,PYPINYIN,UNIHAN
U+4E2F	丯	カイ,さんらんする	kai,sanransuru	0,0	0,0	KANJIDIC,PYPINYIN,UNIHAN
U+4E30	丰	ホウ,フ,フウ,みめよい,しげる	hou,fu,fuu,mimeyoi,shigeru	0,0,0,0,0	0,0,0,0,0	KANJIDIC,PYPINYIN,UNIHAN
U+4E31	丱	カン,ケン	kan,ken	0,0	0,0	KANJIDIC,PYPINYIN,UNIHAN
U+4E32	串	カン,ケン,セン,くし,つらぬく	kan,ken,sen,kushi,tsuranuku	0,0,0,0,0	0,0,0,0,0	KANJIDIC,PYPINYIN,UNIHAN,WORDSHK_CHARS
U+4E35	丵	サク,くさのむらがり	saku,kusanomuragari	0,0	0,0	KANJIDIC,PYPINYIN,UNIHAN
U+4E36	丶	チュ	chu	0	0	KANJIDIC,PYPINYIN,UNIHAN
U+4E38	丸	ガン,まる,まるめる,まるい	gan,maru,marumeru,marui	0,0,0,0	0,0,0,0	KANJIDIC,PYPINYIN,UNIHAN,WORDSHK_CHARS
U+4E39	丹	タン,に	tan,ni	0,0	0,0	KANJIDIC,PYPINYIN,UNIHAN,WORDSHK_CHARS
U+4E3B	主	シュ,ス,シュウ,ぬし,おも,あるじ	shu,su,shuu,nushi,omo,aruji	0,0,0,0,0,0	0,0,0,0,0,0	KANJIDIC,PYPINYIN,UNIHAN,WORDSHK_CHARS
U+4E3C	丼	トン,タン,ショウ,セイ,どんぶり	ton,tan,shou,sei,donburi	0,0,0,0,0	0,0,0,0,0	KANJIDIC,PYPINYIN,UNIHAN,WORDSHK_CHARS
U+4E3F	丿	ヘツ,えい,よう	hetsu,ei,you	0,0,0	0,0,0	KANJIDIC,PYPINYIN,UNIHAN
U+4E40	乀	フツ,ブチ,まがる	futsu,buchi,magaru	0,0,0	0,0,0	KANJIDIC,PYPINYIN,UNIHAN
U+4E41	乁	イ,ながれる	i,nagareru	0,0	0,0	KANJIDIC,PYPINYIN,UNIHAN
U+4E42	乂	ガイ,カイ,ゲ,おさめる,かる	gai,kai,ge,osameru,karu	0,0,0,0,0	0,0,0,0,0	KANJIDIC,PYPINYIN,UNIHAN
U+4E43	乃	ナイ,ダイ,ノ,アイ,すなわち,なんじ	nai,dai,no,ai,sunawachi,nanji	0,0,0,0,0,0	0,0,0,0,0,0	KANJIDIC,PYPINYIN,UNIHAN,WORDSHK_CHARS
U+4E44	乄	しめる,して	shimeru,shite	0,0	0,0	KANJIDIC,PYPINYIN,UNIHAN
U+4E45	久	キュウ,ク,ひさしい	kyuu,ku,hisashii	0,0,0	0,0,0	KANJIDIC,PYPINYIN,UNIHAN,WORDSHK_CHARS
U+4E47	乇	タク,チャク	taku,chaku	0,0	0,0	KANJIDIC,PYPINYIN,UNIHAN
U+4E48	么	エウ	eu	0	0	KANJIDIC,PYPINYIN,UNIHAN,WORDSHK_CHARS
U+4E4B	之	シ,の,これ,ゆく,この	shi,no,kore,yuku,kono	0,0,0,0,0	0,0,0,0,0	KANJIDIC,PYPINYIN,UNIHAN,WORDSHK_CHARS
U+4E4D	乍	サ,サク,ながら,たちまち	sa,saku,nagara,tachimachi	0,0,0,0	0,0,0,0	KANJIDIC,PYPINYIN,UNIHAN,WORDSHK_CHARS
U+4E4E	乎	コ,オ,か,ああ,かな,や,よ,を	ko,o,ka,aa,kana,ya,yo,wo	0,0,0,0,0,0,0,0	0,0,0,0,0,0,0,0	KANJIDIC,PYPINYIN,UNIHAN,WORDSHK_CHARS
U+4E4F	乏	ボウ,とぼしい,ともしい	bou,toboshii,tomoshii	0,0,0	0,0,0	KANJIDIC,PYPINYIN,UNIHAN,WORDSHK_CHARS
U+4E51	乑	ギン,ゴン,シュウ,ならびたつ	gin,gon,shuu,narabitatsu	0,0,0,0	0,0,0,0	KANJIDIC,PYPINYIN,UNIHAN
U+4E55	乕	コ,とら	ko,tora	0,0	0,0	KANJIDIC,PYPINYIN,UNIHAN
U+4E56	乖	カイ,そむく,もとる	kai,somuku,motoru	0,0,0	0,0,0	KANJIDIC,PYPINYIN,UNIHAN,WORDSHK_CHARS
U+4E57	乗	ジョウ,ショウ,のる,のり,のせる	jou,shou,noru,nori,noseru	0,0,0,0,0	0,0,0,0,0	KANJIDIC,PYPINYIN,UNIHAN
U+4E58	乘	ジョウ,のる,のせる	jou,noru,noseru	0,0,0	0,0,0	KANJIDIC,PYPINYIN,UNIHAN,WORDSHK_CHARS
U+4E59	乙	オツ,イツ,おと,きのと	otsu,itsu,oto,kinoto	0,0,0,0	0,0,0,0	KANJIDIC,PYPINYIN,UNIHAN,WORDSHK_CHARS
U+4E5A	乚	イン,オン,かくす,かくれる,かかす,よる	in,on,kakusu,kakureru,kakasu,yoru	0,0,0,0,0,0	0,0,0,0,0,0	KANJIDIC,PYPINYIN,UNIHAN
U+4E5C	乜	バ,メ,やぶにらみ	ba,me,yabunirami	0,0,0	0,0,0	KANJIDIC,PYPINYIN,UNIHAN,WORDSHK_CHARS
U+4E5D	九	キュウ,ク,ここの,ここのつ	kyuu,ku,kokono,kokonotsu	0,0,0,0	0,0,0,0	KANJIDIC,PYPINYIN,UNIHAN,WORDSHK_CHARS
U+4E5E	乞	コツ,キツ,キ,キケ,コチ,こう	kotsu,kitsu,ki,kike,kochi,kou	0,0,0,0,0,0	0,0,0,0,0,0	KANJIDIC,PYPINYIN,UNIHAN,WORDSHK_CHARS
U+4E5F	也	ヤ,エ,なり,か,また	ya,e,nari,ka,mata	0,0,0,0,0	0,0,0,0,0	KANJIDIC,PYPINYIN,UNIHAN,WORDSHK_CHARS
U+4E62	乢	ガイ,たわ,たお	gai,tawa,tao	0,0,0	0,0,0	KANJIDIC,PYPINYIN,UNIHAN
U+4E63	乣	キュウ	kyuu	0	0	KANJIDIC,PYPINYIN,UNIHAN
U+4E68	乨	シ,はじめる,はじまる	shi,hajimeru,hajimaru	0,0,0	0,0,0	KANJIDIC,PYPINYIN,UNIHAN
U+4E69	乩	ケイ,うらなう	kei,uranau	0,0	0,0	KANJIDIC,PYPINYIN,UNIHAN,WORDSHK_CHARS
U+4E71	乱	ラン,ロン,みだれる,みだる,みだす,みだ,おさめる,わたる	ran,ron,midareru,midaru,midasu,mida,osameru,wataru	0,0,0,0,0,0,0,0	0,0,0,0,0,0,0,0	KANJIDIC,PYPINYIN,UNIHAN
U+4E73	乳	ニュウ,ちち,ち	nyuu,chichi,chi	0,0,0	0,0,0	KANJIDIC,PYPINYIN,UNIHAN,WORDSHK_CHARS
U+4E74	乴	セツ,ゼチ,ひねる	setsu,zechi,hineru	0,0,0	0,0,0	KANJIDIC,PYPINYIN,UNIHAN
U+4E75	乵	エン,すすむ	en,susumu	0,0	0,0	KANJIDIC,PYPINYIN,UNIHAN
U+4E79	乹	カン,ケン,かわく,かわかす,ほす,ひる,いぬい	kan,ken,kawaku,kawakasu,hosu,hiru,inui	0,0,0,0,0,0,0	0,0,0,0,0,0,0	KANJIDIC,PYPINYIN,UNIHAN
U+4E7E	乾	カン,ケン,かわく,かわかす,ほす,ひる,いぬい	kan,ken,kawaku,kawakasu,hosu,hiru,inui	0,0,0,0,0,0,0	0,0,0,0,0,0,0	KANJIDIC,PYPINYIN,UNIHAN,WORDSHK_CHARS
U+4E7F	乿	チ,ジ,おさめる	chi,ji,osameru	0,0,0	0,0,0	KANJIDIC,PYPINYIN,UNIHAN
U+4E80	亀	キ,キュウ,キン,かめ	ki,kyuu,kin,kame	0,0,0,0	0,0,0,0	KANJIDIC,PYPINYIN,UNIHAN
U+4E82	亂	ラン,ロン,みだれる,みだる,みだす,みだれ,おさめる,わたる	ran,ron,midareru,midaru,midasu,midare,osameru,wataru	0,0,0,0,0,0,0,0	0,0,0,0,0,0,0,0	KANJIDIC,PYPINYIN,UNIHAN,WORDSHK_CHARS
U+4E85	亅	ケツ,かぎ	ketsu,kagi	0,0	0,0	KANJIDIC,PYPINYIN,UNIHAN
U+4E86	了	リョウ	ryou	0	0	KANJIDIC,PYPINYIN,UNIHAN,WORDSHK_CHARS
U+4E88	予	ヨ,シャ,あらかじめ	yo,sha,arakajime	0,0,0	0,0,0	KANJIDIC,PYPINYIN,UNIHAN,WORDSHK_CHARS
U+4E89	争	ソウ,あらそう,いかでか	sou,arasou,ikadeka	0,0,0	0,0,0	KANJIDIC,PYPINYIN,UNIHAN
U+4E8A	亊	ジ,シ,ズ,こと,つかう,つかえる	ji,shi,zu,koto,tsukau,tsukaeru	0,0,0,0,0,0	0,0,0,0,0,0	KANJIDIC,PYPINYIN,UNIHAN
U+4E8B	事	ジ,ズ,こと,つかう,つかえる	ji,zu,koto,tsukau,tsukaeru	0,0,0,0,0	0,0,0,0,0	KANJIDIC,PYPINYIN,UNIHAN,WORDSHK_CHARS
U+4E8C	二	ニ,ジ,ふた,ふたつ,ふたたび	ni,ji,futa,futatsu,futatabi	0,0,0,0,0	0,0,0,0,0	KANJIDIC,PYPINYIN,UNIHAN,WORDSHK_CHARS
U+4E8D	亍	チョク,たたずむ	choku,tatazumu	0,0	0,0	KANJIDIC,PYPINYIN,UNIHAN,WORDSHK_CHARS
U+4E8E	于	ウ,ク,ここに,ああ,おいて,に,より,を	u,ku,kokoni,aa,oite,ni,yori,wo	0,0,0,0,0,0,0,0	0,0,0,0,0,0,0,0	KANJIDIC,PYPINYIN,UNIHAN,WORDSHK_CHARS
U+4E91	云	ウン,いう,ここに	un,iu,kokoni	0,0,0	0,0,0	KANJIDIC,PYPINYIN,UNIHAN,WORDSHK_CHARS
U+4E92	互	ゴ,たがい,かたみに	go,tagai,katamini	0,0,0	0,0,0	KANJIDIC,PYPINYIN,UNIHAN,WORDSHK_CHARS
U+4E94	五	ゴ,いつ,いつつ	go,itsu,itsutsu	0,0,0	0,0,0	KANJIDIC,PYPINYIN,UNIHAN,WORDSHK_CHARS
U+4E95	井	セイ,ショウ,い	sei,shou,i	0,0,0	0,0,0	KANJIDIC,PYPINYIN,UNIHAN,WORDSHK_CHARS
U+4E96	亖	シ,よ,よつ,よっつ,よん	shi,yo,yotsu,yottsu,yon	0,0,0,0,0	0,0,0,0,0	KANJIDIC,PYPINYIN,UNIHAN
U+4E97	亗	サイ,セイ,とし,とせ,よわい	sai,sei,toshi,tose,yowai	0,0,0,0,0	0,0,0,0,0	KANJIDIC,PYPINYIN,UNIHAN
U+4E98	亘	コウ,カン,セン,わたる,もとめる	kou,kan,sen,wataru,motomeru	0,0,0,0,0	0,0,0,0,0	KANJIDIC,PYPINYIN,UNIHAN
U+4E99	亙	コウ,カン,わたる,もとめる	kou,kan,wataru,motomeru	0,0,0,0	0,0,0,0	KANJIDIC,PYPINYIN,UNIHAN
U+4E9B	些	サ,シャ,ちと,ちっと,いささか	sa,sha,chito,chitto,isasaka	0,0,0,0,0	0,0,0,0,0	KANJIDIC,PYPINYIN,UNIHAN,WORDSHK_CHARS
U+4E9C	亜	ア,つぐ	a,tsugu	0,0	0,0	KANJIDIC,PYPINYIN,UNIHAN
U+4E9D	亝	セイ,サイ,そろう,ひとしい,ひとしく,あたる,はやい	sei,sai,sorou,hitoshii,hitoshiku,ataru,hayai	0,0,0,0,0,0,0	0,0,0,0,0,0,0	KANJIDIC,PYPINYIN,UNIHAN
U+4E9E	亞	ア,つぐ	a,tsugu	0,0	0,0	KANJIDIC,PYPINYIN,UNIHAN,WORDSHK_CHARS
U+4E9F	亟	キョク,キ,ケ,しばしば,すみやか	kyoku,ki,ke,shibashiba,sumiyaka	0,0,0,0,0	0,0,0,0,0	KANJIDIC,PYPINYIN,UNIHAN,WORDSHK_CHARS
U+4EA0	亠	トウ	tou	0	0	KANJIDIC,PYPINYIN,UNIHAN
U+4EA1	亡	ボウ,モウ,ない,なき,ほろびる,ほろぶ,ほろぼす	bou,mou,nai,naki,horobiru,horobu,horobosu	0,0,0,0,0,0,0	0,0,0,0,0,0,0	KANJIDIC,PYPINYIN,UNIHAN,WORDSHK_CHARS
U+4EA2	亢	コウ,たかぶる	kou,takaburu	0,0	0,0	KANJIDIC,PYPINYIN,UNIHAN,WORDSHK_CHARS
U+4EA4	交	コウ,まじわる,まじえる,まじる,まざる,まぜる,かう,かわす,こもごも	kou,majiwaru,majieru,majiru,mazaru,mazeru,kau,kawasu,komogomo	0,0,0,0,0,0,0,0,0	0,0,0,0,0,0,0,0,0	KANJIDIC,PYPINYIN,UNIHAN,WORDSHK_CHARS
U+4EA5	亥	ガイ,カイ,い	gai,kai,i	0,0,0	0,0,0	KANJIDIC,PYPINYIN,UNIHAN,WORDSHK_CHARS
U+4EA6	亦	エキ,ヤク,また	eki,yaku,mata	0,0,0	0,0,0	KANJIDIC,PYPINYIN,UNIHAN,WORDSHK_CHARS
U+4EA8	亨	コウ,キョウ,ホウ,とおる	kou,kyou,hou,tooru	0,0,0,0	0,0,0,0	KANJIDIC,PYPINYIN,UNIHAN,WORDSHK_CHARS
U+4EAB	享	キョウ,コウ,うける	kyou,kou,ukeru	0,0,0	0,0,0	KANJIDIC,PYPINYIN,UNIHAN,WORDSHK_CHARS
U+4EAC	京	キョウ,ケイ,キン,みやこ	kyou,kei,kin,miyako	0,0,0,0	0,0,0,0	KANJIDIC,PYPINYIN,UNIHAN,WORDSHK_CHARS
U+4EAD	亭	テイ,チン	tei,chin	0,0	0,0	KANJIDIC,PYPINYIN,UNIHAN,WORDSHK_CHARS
U+4EAE	亮	リョウ,あきらか	ryou,akiraka	0,0	0,0	KANJIDIC,PYPINYIN,UNIHAN,WORDSHK_CHARS
U+4EAF	亯	キョウ,コウ,うける	kyou,kou,ukeru	0,0,0	0,0,0	KANJIDIC,PYPINYIN,UNIHAN
U+4EB0	亰	キョウ,ケイ,キン,みやこ	kyou,kei,kin,miyako	0,0,0,0	0,0,0,0	KANJIDIC,PYPINYIN,UNIHAN
U+4EB3	亳	ハク	haku	0	0	KANJIDIC,PYPINYIN,UNIHAN
U+4EB6	亶	タン,セン,あつい,ほしいまま	tan,sen,atsui,hoshiimama	0,0,0,0	0,0,0,0	KANJIDIC,PYPINYIN,UNIHAN
U+4EB9	亹	ビ,ミ,ボン,モン,つとめる,うつくしい	bi,mi,bon,mon,tsutomeru,utsukushii	0,0,0,0,0,0	0,0,0,0,0,0	KANJIDIC,PYPINYIN,UNIHAN
U+4EBA	人	ジン,ニン,ひと,り,と	jin,nin,hito,ri,to	0,0,0,0,0	0,0,0,0,0	KANJIDIC,PYPINYIN,UNIHAN,WORDSHK_CHARS
U+4EBC	亼	シュウ,ジュウ,あつまる	shuu,juu,atsumaru	0,0,0	0,0,0	KANJIDIC,PYPINYIN,UNIHAN
U+4EC0	什	ジュウ,シュウ	juu,shuu	0,0	0,0	KANJIDIC,PYPINYIN,UNIHAN,WORDSHK_CHARS
U+4EC1	仁	ジン,ニ,ニン	jin,ni,nin	0,0,0	0,0,0	KANJIDIC,PYPINYIN,UNIHAN,WORDSHK_CHARS
U+4EC2	仂	ドウ,リュク,リキ,ロク,リョク,はたらく	dou,ryuku,riki,roku,ryoku,hataraku	0,0,0,0,0,0	0,0,0,0,0,0	KANJIDIC,PYPINYIN,UNIHAN
U+4EC3	仃	テイ	tei	0	0	KANJIDIC,PYPINYIN,UNIHAN,WORDSHK_CHARS
U+4EC4	仄	ソク,ほのか,ほの,ほのめかす,ほのめく,かたむく	soku,honoka,hono,honomekasu,honomeku,katamuku	0,0,0,0,0,0	0,0,0,0,0,0	KANJIDIC,PYPINYIN,UNIHAN,WORDSHK_CHARS
U+4EC6	仆	フ,たおれる	fu,taoreru	0,0	0,0	KANJIDIC,PYPINYIN,UNIHAN,WORDSHK_CHARS
U+4EC7	仇	キュウ,グ,あだ,あた,かたき,つれあい	kyuu,gu,ada,ata,kataki,tsureai	0,0,0,0,0,0	0,0,0,0,0,0	KANJIDIC,PYPINYIN,UNIHAN,WORDSHK_CHARS
U+4EC8	仈	ハツ,ハチ	hatsu,hachi	0,0	0,0	KANJIDIC,PYPINYIN,UNIHAN
U+4ECA	今	コン,キン,いま	kon,kin,ima	0,0,0	0,0,0	KANJIDIC,PYPINYIN,UNIHAN,WORDSHK_CHARS
U+4ECB	介	カイ	kai	0	0	KANJIDIC,PYPINYIN,UNIHAN,WORDSHK_CHARS
U+4ECD	仍	ジョウ,ニョウ,よって,しきりに,なお,よる	jou,nyou,yotte,shikirini,nao,yoru	0,0,0,0,0,0	0,0,0,0,0,0	KANJIDIC,PYPINYIN,UNIHAN,WORDSHK_CHARS
U+4ECE	从	ショウ,ジュウ,ジュ,したがう,したがえる,より	shou,juu,ju,shitagau,shitagaeru,yori	0,0,0,0,0,0	0,0,0,0,0,0	KANJIDIC,PYPINYIN,UNIHAN
U+4ECF	仏	ブツ,フツ,ほとけ	butsu,futsu,hotoke	0,0,0	0,0,0	KANJIDIC,PYPINYIN,UNIHAN
U+4ED0	仐	サン,かさ	san,kasa	0,0	0,0	KANJIDIC,PYPINYIN,UNIHAN
U+4ED4	仔	シ,こ,たえる	shi,ko,taeru	0,0,0	0,0,0	KANJIDIC,PYPINYIN,UNIHAN,WORDSHK_CHARS
U+4ED5	仕	シ,ジ,つかえる	shi,ji,tsukaeru	0,0,0	0,0,0	KANJIDIC,PYPINYIN,UNIHAN,WORDSHK_CHARS
U+4ED6	他	タ,ほか	ta,hoka	0,0	0,0	KANJIDIC,PYPINYIN,UNIHAN,WORDSHK_CHARS
U+4ED7	仗	ジョウ,チョウ,つえ,つわもの,まわり,よる	jou,chou,tsue,tsuwamono,mawari,yoru	0,0,0,0,0,0	0,0,0,0,0,0	KANJIDIC,PYPINYIN,UNIHAN,WORDSHK_CHARS
U+4ED8	付	フ,つける,づける,つけ,づけ,つく,づく,つき,づき	fu,tsukeru,zukeru,tsuke,zuke,tsuku,zuku,tsuki,zuki	0,0,0,0,0,0,0,0,0	0,0,0,0,0,0,0,0,0	KANJIDIC,PYPINYIN,UNIHAN,WORDSHK_CHARS
U+4ED9	仙	セン,セント	sen,sento	0,0	0,0	KANJIDIC,PYPINYIN,UNIHAN,WORDSHK_CHARS
U+4EDA	仚	ケン,とぶ	ken,tobu	0,0	0,0	KANJIDIC,PYPINYIN,UNIHAN
U+4EDB	仛	タ,タク,おとめ,よる	ta,taku,otome,yoru	0,0,0,0	0,0,0,0	KANJIDIC,PYPINYIN,UNIHAN
U+4EDE	仞	ジン,はかる	jin,hakaru	0,0	0,0	KANJIDIC,PYPINYIN,UNIHAN,WORDSHK_CHARS
U+4EDF	仟	セン,ち,かしら	sen,chi,kashira	0,0,0	0,0,0	KANJIDIC,PYPINYIN,UNIHAN,WORDSHK_CHARS
U+4EE0	仠	カン,そこなう	kan,sokonau	0,0	0,0	KANJIDIC,PYPINYIN,UNIHAN
U+4EE1	仡	キツ,コチ,いさましい	kitsu,kochi,isamashii	0,0,0	0,0,0	KANJIDIC,PYPINYIN,UNIHAN
U+4EE2	仢	ハク,シャク,チャク,テキ,まるきばし	haku,shaku,chaku,teki,marukibashi	0,0,0,0,0	0,0,0,0,0	KANJIDIC,PYPINYIN,UNIHAN
U+4EE3	代	ダイ,タイ,かわる,かわり,がわり,かえる,よ,しろ	dai,tai,kawaru,kawari,gawari,kaeru,yo,shiro	0,0,0,0,0,0,0,0	0,0,0,0,0,0,0,0	KANJIDIC,PYPINYIN,UNIHAN,WORDSHK_CHARS
U+4EE4	令	レイ	rei	0	0	KANJIDIC,PYPINYIN,UNIHAN,WORDSHK_CHARS
U+4EE5	以	イ,もって	i,motte	0,0	0,0	KANJIDIC,PYPINYIN,UNIHAN,WORDSHK_CHARS
U+4EE8	仨	サ	sa	0	0	KANJIDIC,PYPINYIN,UNIHAN
U+4EED	仭	ジン,はかる	jin,hakaru	0,0	0,0	KANJIDIC,PYPINYIN,UNIHAN
U+4EEE	仮	カ,ケ,かり	ka,ke,kari	0,0,0	0,0,0	KANJIDIC,PYPINYIN,UNIHAN
U+4EEF	仯	ソウ,ショウ,ビョウ,ミョウ,ちいさい	sou,shou,byou,myou,chiisai	0,0,0,0,0	0,0,0,0,0	KANJIDIC,PYPINYIN,UNIHAN
U+4EF0	仰	ギョウ,コウ,あおぐ,おおせ,おっしゃる	gyou,kou,aogu,oose,ossharu	0,0,0,0,0	0,0,0,0,0	KANJIDIC,PYPINYIN,UNIHAN,WORDSHK_CHARS
U+4EF1	仱	ケン,キョウ,キン,ゴン,ほこる,つつしむ	ken,kyou,kin,gon,hokoru,tsutsushimu	0,0,0,0,0,0	0,0,0,0,0,0	KANJIDIC,PYPINYIN,UNIHAN
U+4EF2	仲	チュウ,なか	chuu,naka	0,0	0,0	KANJIDIC,PYPINYIN,UNIHAN,WORDSHK_CHARS
U+4EF3	仳	ヒ,わかれる	hi,wakareru	0,0	0,0	KANJIDIC,PYPINYIN,UNIHAN,WORDSHK_CHARS
U+4EF5	仵	コ,あたる,あえて,さからう,おなじ	ko,ataru,aete,sakarau,onaji	0,0,0,0,0	0,0,0,0,0	KANJIDIC,PYPINYIN,UNIHAN,WORDSHK_CHARS
U+4EF6	件	ケン,くだん	ken,kudan	0,0	0,0	KANJIDIC,PYPINYIN,UNIHAN,WORDSHK_CHARS
U+4EF7	价	カイ	kai	0	0	KANJIDIC,PYPINYIN,UNIHAN
U+4EFB	任	ニン,まかせる,まかす	nin,makaseru,makasu	0,0,0	0,0,0	KANJIDIC,PYPINYIN,UNIHAN,WORDSHK_CHARS
U+4EFD	份	ヒン,フン,うるわしい,あきらか	hin,fun,uruwashii,akiraka	0,0,0,0	0,0,0,0	KANJIDIC,PYPINYIN,UNIHAN,WORDSHK_CHARS
U+4EFE	仾	テイ,ひくい,ひくめる,ひくまる	tei,hikui,hikumeru,hikumaru	0,0,0,0	0,0,0,0	KANJIDIC,PYPINYIN,UNIHAN
U+4EFF	仿	ホウ,さまよう,ならう,くらべる	hou,samayou,narau,kuraberu	0,0,0,0	0,0,0,0	KANJIDIC,PYPINYIN,UNIHAN,WORDSHK_CHARS
U+4F00	伀	ショウ,シュ,おおやけ,おそれる	shou,shu,ooyake,osoreru	0,0,0,0	0,0,0,0	KANJIDIC,PYPINYIN,UNIHAN
U+4F01	企	キ,くわだてる,たくらむ	ki,kuwadateru,takuramu	0,0,0	0,0,0	KANJIDIC,PYPINYIN,UNIHAN,WORDSHK_CHARS
U+4F02	伂	ハイ	hai	0	0	KANJIDIC,PYPINYIN,UNIHAN
U+4F03	伃	ヨ,うつくしい	yo,utsukushii	0,0	0,0	KANJIDIC,PYPINYIN,UNIHAN
U+4F08	伈	シン,おそれる	shin,osoreru	0,0	0,0	KANJIDIC,PYPINYIN,UNIHAN
U+4F09	伉	コウ,たぐい,ならぶ	kou,tagui,narabu	0,0,0	0,0,0	KANJIDIC,PYPINYIN,UNIHAN,WORDSHK_CHARS
U+4F0A	伊	イ,かれ	i,kare	0,0	0,0	KANJIDIC,PYPINYIN,UNIHAN,WORDSHK_CHARS
U+4F0B	伋	キュウ,ロウ,きびしい	kyuu,rou,kibishii	0,0,0	0,0,0	KANJIDIC,PYPINYIN,UNIHAN
U+4F0C	伌	アイ,ア,くるしむ	ai,a,kurushimu	0,0,0	0,0,0	KANJIDIC,PYPINYIN,UNIHAN
U+4F0D	伍	ゴ,いつつ	go,itsutsu	0,0	0,0	KANJIDIC,PYPINYIN,UNIHAN,WORDSHK_CHARS
U+4F0E	伎	ギ,キ,わざ,わざおぎ	gi,ki,waza,wazaogi	0,0,0,0	0,0,0,0	KANJIDIC,PYPINYIN,UNIHAN,WORDSHK_CHARS
U+4F0F	伏	フク,ふせる,ふす	fuku,fuseru,fusu	0,0,0	0,0,0	KANJIDIC,PYPINYIN,UNIHAN,WORDSHK_CHARS
U+4F10	伐	バツ,ハツ,カ,ボチ,きる,そむく,うつ	batsu,hatsu,ka,bochi,kiru,somuku,utsu	0,0,0,0,0,0,0	0,0,0,0,0,0,0	KANJIDIC,PYPINYIN,UNIHAN,WORDSHK_CHARS
U+4F11	休	キュウ,やすむ,やすまる,やすめる	kyuu,yasumu,yasumaru,yasumeru	0,0,0,0	0,0,0,0	KANJIDIC,PYPINYIN,UNIHAN,WORDSHK_CHARS
U+4F12	伒	キン,コン,たすける	kin,kon,tasukeru	0,0,0	0,0,0	KANJIDIC,PYPINYIN,UNIHAN
U+4F15	伕	フ,むすめむこ	fu,musumemuko	0,0	0,0	KANJIDIC,PYPINYIN,UNIHAN,WORDSHK_CHARS
U+4F16	伖	トウ,ド,かねぐら	tou,do,kanegura	0,0,0	0,0,0	KANJIDIC,PYPINYIN,UNIHAN
U+4F17	众	ギン,ゴン,おおい	gin,gon,ooi	0,0,0	0,0,0	KANJIDIC,PYPINYIN,UNIHAN
U+4F19	伙	カ,ひ,ほ	ka,hi,ho	0,0,0	0,0,0	KANJIDIC,PYPINYIN,UNIHAN,WORDSHK_CHARS
U+4F1A	会	カイ,エ,あう,あわせる,あつまる	kai,e,au,awaseru,atsumaru	0,0,0,0,0	0,0,0,0,0	KANJIDIC,PYPINYIN,UNIHAN
U+4F1C	伜	サイ,ソツ,ソチ,せがれ	sai,sotsu,sochi,segare	0,0,0,0	0,0,0,0	KANJIDIC,PYPINYIN,UNIHAN
U+4F1D	伝	デン,テン,つたわる,つたえる,つたう,つだう,づたい,つて	den,ten,tsutawaru,tsutaeru,tsutau,tsudau,zutai,tsute	0,0,0,0,0,0,0,0	0,0,0,0,0,0,0,0	KANJIDIC,PYPINYIN,UNIHAN
U+4F2E	伮	ド,つとめる	do,tsutomeru	0,0	0,0	KANJIDIC,PYPINYIN,UNIHAN
U+4F2F	伯	ハク	haku	0	0	KANJIDIC,PYPINYIN,UNIHAN,WORDSHK_CHARS
U+4F30	估	コ,あきなう,あたい	ko,akinau,atai	0,0,0	0,0,0	KANJIDIC,PYPINYIN,UNIHAN,WORDSHK_CHARS
U+4F31	伱	ジ,ニ,なんじ,しかり,その,のみ	ji,ni,nanji,shikari,sono,nomi	0,0,0,0,0,0	0,0,0,0,0,0	KANJIDIC,PYPINYIN,UNIHAN
U+4F33	伳	セツ,セチ,おごる	setsu,sechi,ogoru	0,0,0	0,0,0	KANJIDIC,PYPINYIN,UNIHAN
U+4F34	伴	ハン,バン,ともなう	han,ban,tomonau	0,0,0	0,0,0	KANJIDIC,PYPINYIN,UNIHAN,WORDSHK_CHARS
U+4F35	伵	キョク,ケキ,キ,しずか,さびしい	kyoku,keki,ki,shizuka,sabishii	0,0,0,0,0	0,0,0,0,0	KANJIDIC,PYPINYIN,UNIHAN
U+4F36	伶	レイ,リョウ,わざおぎ	rei,ryou,wazaogi	0,0,0	0,0,0	KANJIDIC,PYPINYIN,UNIHAN,WORDSHK_CHARS
U+4F37	伷	チュウ,ちすじ,よつぎ	chuu,chisuji,yotsugi	0,0,0	0,0,0	KANJIDIC,PYPINYIN,UNIHAN
U+4F38	伸	シン,のびる,のばす,のべる,のす	shin,nobiru,nobasu,noberu,nosu	0,0,0,0,0	0,0,0,0,0	KANJIDIC,PYPINYIN,UNIHAN,WORDSHK_CHARS
U+4F39	伹	ショ,つたない	sho,tsutanai	0,0	0,0	KANJIDIC,PYPINYIN,UNIHAN
U+4F3A	伺	シ,うかがう	shi,ukagau	0,0	0,0	KANJIDIC,PYPINYIN,UNIHAN,WORDSHK_CHARS
U+4F3B	伻	ホウ,ヒョウ,つかう	hou,hyou,tsukau	0,0,0	0,0,0	KANJIDIC,PYPINYIN,UNIHAN
U+4F3C	似	ジ,にる,ひる	ji,niru,hiru	0,0,0	0,0,0	KANJIDIC,PYPINYIN,UNIHAN,WORDSHK_CHARS
U+4F3D	伽	カ,ガ,キャ,ギャ,とぎ	ka,ga,kya,gya,togi	0,0,0,0,0	0,0,0,0,0	KANJIDIC,PYPINYIN,UNIHAN,WORDSHK_CHARS
U+4F3E	伾	ヒ,ハイ,ヘ,おおい	hi,hai,he,ooi	0,0,0,0	0,0,0,0	KANJIDIC,PYPINYIN,UNIHAN
U+4F40	佀	ジ,にる,ひる	ji,niru,hiru	0,0,0	0,0,0	KANJIDIC,PYPINYIN,UNIHAN
U+4F42	佂	セイ,ショウ,おそれあわてる	sei,shou,osoreawateru	0,0,0	0,0,0	KANJIDIC,PYPINYIN,UNIHAN
U+4F43	佃	テン,デン,つくだ	ten,den,tsukuda	0,0,0	0,0,0	KANJIDIC,PYPINYIN,UNIHAN
U+4F46	但	タン,ただし	tan,tadashi	0,0	0,0	KANJIDIC,PYPINYIN,UNIHAN,WORDSHK_CHARS
U+4F47	佇	チョ,たたずむ	cho,tatazumu	0,0	0,0	KANJIDIC,PYPINYIN,UNIHAN,WORDSHK_CHARS
U+4F48	佈	ホ,フ,あまねし	ho,fu,amaneshi	0,0,0	0,0,0	KANJIDIC,PYPINYIN,UNIHAN,WORDSHK_CHARS
U+4F49	佉	キョ,コ,キャ,カ	kyo,ko,kya,ka	0,0,0,0	0,0,0,0	KANJIDIC,PYPINYIN,UNIHAN
U+4F4B	佋	ショウ,たすける	shou,tasukeru	0,0	0,0	KANJIDIC,PYPINYIN,UNIHAN
U+4F4C	佌	シ,ちいさい	shi,chiisai	0,0	0,0	KANJIDIC,PYPINYIN,UNIHAN
U+4F4D	位	イ,くらい,ぐらい	i,kurai,gurai	0,0,0	0,0,0	KANJIDIC,PYPINYIN,UNIHAN,WORDSHK_CHARS
U+4F4E	低	テイ,ひくい,ひくめる,ひくまる	tei,hikui,hikumeru,hikumaru	0,0,0,0	0,0,0,0	KANJIDIC,PYPINYIN,UNIHAN,WORDSHK_CHARS
U+4F4F	住	ジュウ,チュウ,すむ,すまう,ずまい	juu,chuu,sumu,sumau,zumai	0,0,0,0,0	0,0,0,0,0	KANJIDIC,PYPINYIN,UNIHAN,WORDSHK_CHARS
U+4F50	佐	サ	sa	0	0	KANJIDIC,PYPINYIN,UNIHAN,WORDSHK_CHARS
U+4F51	佑	ユウ,ウ,たすける	yuu,u,tasukeru	0,0,0	0,0,0	KANJIDIC,PYPINYIN,UNIHAN,WORDSHK_CHARS
U+4F52	佒	ヨウ,オウ,あおぐ,あおむけ,たのしむ	you,ou,aogu,aomuke,tanoshimu	0,0,0,0,0	0,0,0,0,0	KANJIDIC,PYPINYIN,UNIHAN
U+4F53	体	タイ,テイ,からだ,かたち	tai,tei,karada,katachi	0,0,0,0	0,0,0,0	KANJIDIC,PYPINYIN,UNIHAN
U+4F54	佔	チン,セン,テン,みる,うかがう,しめる	chin,sen,ten,miru,ukagau,shimeru	0,0,0,0,0,0	0,0,0,0,0,0	KANJIDIC,PYPINYIN,UNIHAN,WORDSHK_CHARS
U+4F55	何	カ,なに,なん	ka,nani,nan	0,0,0	0,0,0	KANJIDIC,PYPINYIN,UNIHAN,WORDSHK_CHARS
U+4F56	佖	ヒツ,ビチ,ただしい,ならぶ	hitsu,bichi,tadashii,narabu	0,0,0,0	0,0,0,0	KANJIDIC,PYPINYIN,UNIHAN
U+4F57	佗	タ,イ,わびしい,わび,ほか,わびる	ta,i,wabishii,wabi,hoka,wabiru	0,0,0,0,0,0	0,0,0,0,0,0	KANJIDIC,PYPINYIN,UNIHAN,WORDSHK_CHARS
U+4F58	佘	シャ	sha	0	0	KANJIDIC,PYPINYIN,UNIHAN,WORDSHK_CHARS
U+4F59	余	ヨ,あまる,あまり,あます,あんまり	yo,amaru,amari,amasu,anmari	0,0,0,0,0	0,0,0,0,0	KANJIDIC,PYPINYIN,UNIHAN,WORDSHK_CHARS
U+4F5A	佚	イツ,テツ,たのしむ,のがれる	itsu,tetsu,tanoshimu,nogareru	0,0,0,0	0,0,0,0	KANJIDIC,PYPINYIN,UNIHAN,WORDSHK_CHARS
U+4F5B	佛	ブツ,フツ,ほとけ	butsu,futsu,hotoke	0,0,0	0,0,0	KANJIDIC,PYPINYIN,UNIHAN,WORDSHK_CHARS
U+4F5C	作	サク,サ,つくる,つくり,づくり	saku,sa,tsukuru,tsukuri,zukuri	0,0,0,0,0	0,0,0,0,0	KANJIDIC,PYPINYIN,UNIHAN,WORDSHK_CHARS
U+4F5D	佝	コウ,ク,せむし	kou,ku,semushi	0,0,0	0,0,0	KANJIDIC,PYPINYIN,UNIHAN
U+4F5E	佞	ネイ,おもねる,よこしま	nei,omoneru,yokoshima	0,0,0	0,0,0	KANJIDIC,PYPINYIN,UNIHAN
U+4F5F	佟	トウ,ズ	tou,zu	0,0	0,0	KANJIDIC,PYPINYIN,UNIHAN
U+4F60	你	ジ,ニ,なんじ,しかり,その,のみ	ji,ni,nanji,shikari,sono,nomi	0,0,0,0,0,0	0,0,0,0,0,0	KANJIDIC,PYPINYIN,UNIHAN,WORDSHK_CHARS
U+4F63	佣	ヨウ	you	0	0	KANJIDIC,PYPINYIN,UNIHAN,WORDSHK_CHARS
U+4F69	佩	ハイ,はく,おびる,おびだま	hai,haku,obiru,obidama	0,0,0,0	0,0,0,0	KANJIDIC,PYPINYIN,UNIHAN,WORDSHK_CHARS
U+4F6A	佪	カイ,エ,さまよう	kai,e,samayou	0,0,0	0,0,0	KANJIDIC,PYPINYIN,UNIHAN
U+4F6C	佬	リョウ,ロ,ロウ,おおきい	ryou,ro,rou,ookii	0,0,0,0	0,0,0,0	KANJIDIC,PYPINYIN,UNIHAN,WORDSHK_CHARS
U+4F6E	佮	コウ,あわせる	kou,awaseru	0,0	0,0	KANJIDIC,PYPINYIN,UNIHAN,WORDSHK_CHARS
U+4F6F	佯	ヨウ,いつわる	you,itsuwaru	0,0	0,0	KANJIDIC,PYPINYIN,UNIHAN,WORDSHK_CHARS
U+4F70	佰	ヒャク,ハク,おさ	hyaku,haku,osa	0,0,0	0,0,0	KANJIDIC,PYPINYIN,UNIHAN,WORDSHK_CHARS
U+4F71	佱	ホウ,ふらん,のり	hou,furan,nori	0,0,0	0,0,0	KANJIDIC,PYPINYIN,UNIHAN
U+4F73	佳	カ	ka	0	0	KANJIDIC,PYPINYIN,UNIHAN,WORDSHK_CHARS
U+4F75	併	ヘイ,あわせる	hei,awaseru	0,0	0,0	KANJIDIC,PYPINYIN,UNIHAN,WORDSHK_CHARS
U+4F76	佶	キツ,キチ	kitsu,kichi	0,0	0,0	KANJIDIC,PYPINYIN,UNIHAN
U+4F77	佷	コン,コウ,ギン,もとる	kon,kou,gin,motoru	0,0,0,0	0,0,0,0	KANJIDIC,PYPINYIN,UNIHAN
U+4F78	佸	カツ,ガチ,あう,あつまる,つとめる,いたる	katsu,gachi,au,atsumaru,tsutomeru,itaru	0,0,0,0,0,0	0,0,0,0,0,0	KANJIDIC,PYPINYIN,UNIHAN
U+4F79	佹	キ,かさなる,よる,もとる,ささえる	ki,kasanaru,yoru,motoru,sasaeru	0,0,0,0,0	0,0,0,0,0	KANJIDIC,PYPINYIN,UNIHAN
U+4F7A	佺	セン	sen	0	0	KANJIDIC,PYPINYIN,UNIHAN
U+4F7B	佻	チョウ,ジョウ,ヨウ,かるい	chou,jou,you,karui	0,0,0,0	0,0,0,0	KANJIDIC,PYPINYIN,UNIHAN,WORDSHK_CHARS
U+4F7C	佼	キョウ,コウ,こうす,うつくしい	kyou,kou,kousu,utsukushii	0,0,0,0	0,0,0,0	KANJIDIC,PYPINYIN,UNIHAN,WORDSHK_CHARS
U+4F7D	佽	シ,すばしこい,ならぶ,たすける,および,かわるがわる	shi,subashikoi,narabu,tasukeru,oyobi,kawarugawaru	0,0,0,0,0,0	0,0,0,0,0,0	KANJIDIC,PYPINYIN,UNIHAN
U+4F7E	佾	イツ,イチ,やすい,やすんずる	itsu,ichi,yasui,yasunzuru	0,0,0,0	0,0,0,0	KANJIDIC,PYPINYIN,UNIHAN
U+4F7F	使	シ,つかう,つかい,づかい	shi,tsukau,tsukai,zukai	0,0,0,0	0,0,0,0	KANJIDIC,PYPINYIN,UNIHAN,WORDSHK_CHARS
U+4F81	侁	シン,いく,つかい	shin,iku,tsukai	0,0,0	0,0,0	KANJIDIC,PYPINYIN,UNIHAN
U+4F82	侂	タク,よせる,たのむ	taku,yoseru,tanomu	0,0,0	0,0,0	KANJIDIC,PYPINYIN,UNIHAN
U+4F83	侃	カン,つよい	kan,tsuyoi	0,0	0,0	KANJIDIC,PYPINYIN,UNIHAN,WORDSHK_CHARS
U+4F84	侄	シツ,シチ,テツ,かたい,おろか,とどまる	shitsu,shichi,tetsu,katai,oroka,todomaru	0,0,0,0,0,0	0,0,0,0,0,0	KANJIDIC,PYPINYIN,UNIHAN,WORDSHK_CHARS
U+4F85	侅	カイ,むせぶ	kai,musebu	0,0	0,0	KANJIDIC,PYPINYIN,UNIHAN
U+4F86	來	ライ,タイ,くる,きたる,きたす	rai,tai,kuru,kitaru,kitasu	0,0,0,0,0	0,0,0,0,0	KANJIDIC,PYPINYIN,UNIHAN,WORDSHK_CHARS
U+4F88	侈	シ,おごる	shi,ogoru	0,0	0,0	KANJIDIC,PYPINYIN,UNIHAN,WORDSHK_CHARS
U+4F89	侉	カ,ケ,ア,おごる,ほこる	ka,ke,a,ogoru,hokoru	0,0,0,0,0	0,0,0,0,0	KANJIDIC,PYPINYIN,UNIHAN
U+4F8A	侊	コウ,さかん	kou,sakan	0,0	0,0	KANJIDIC,PYPINYIN,UNIHAN
U+4F8B	例	レイ,たとえる	rei,tatoeru	0,0	0,0	KANJIDIC,PYPINYIN,UNIHAN,WORDSHK_CHARS
U+4F8C	侌	イン,かげ,かげる	in,kage,kageru	0,0,0	0,0,0	KANJIDIC,PYPINYIN,UNIHAN
U+4F8D	侍	ジ,シ,さむらい,はべる	ji,shi,samurai,haberu	0,0,0,0	0,0,0,0	KANJIDIC,PYPINYIN,UNIHAN,WORDSHK_CHARS
U+4F8E	侎	ビ,ミ,いつくしむ	bi,mi,itsukushimu	0,0,0	0,0,0	KANJIDIC,PYPINYIN,UNIHAN
U+4F8F	侏	シュ	shu	0	0	KANJIDIC,PYPINYIN,UNIHAN,WORDSHK_CHARS
U+4F90	侐	キョク,ケキ,キ,しずか,さびしい	kyoku,keki,ki,shizuka,sabishii	0,0,0,0,0	0,0,0,0,0	KANJIDIC,PYPINYIN,UNIHAN
U+4F91	侑	ユウ,ウ,すすめる,たすける	yuu,u,susumeru,tasukeru	0,0,0,0	0,0,0,0	KANJIDIC,PYPINYIN,UNIHAN
U+4F92	侒	アン,やすらか	an,yasuraka	0,0	0,0	KANJIDIC,PYPINYIN,UNIHAN
U+4F93	侓	ロツ,ロチ,おおきい	rotsu,rochi,ookii	0,0,0	0,0,0	KANJIDIC,PYPINYIN,UNIHAN
U+4F94	侔	ボウ,ム,ひとしい,そろう,したがう,つとめる,とる,はかる	bou,mu,hitoshii,sorou,shitagau,tsutomeru,toru,hakaru	0,0,0,0,0,0,0,0	0,0,0,0,0,0,0,0	KANJIDIC,PYPINYIN,UNIHAN
U+4F96	侖	リン,ロン,おもう	rin,ron,omou	0,0,0	0,0,0	KANJIDIC,PYPINYIN,UNIHAN,WORDSHK_CHARS
U+4F97	侗	トウ,ツ,ズ,おろか,いたむ,かたち,なおい,まこと,つつしむ	tou,tsu,zu,oroka,itamu,katachi,naoi,makoto,tsutsushimu	0,0,0,0,0,0,0,0,0	0,0,0,0,0,0,0,0,0	KANJIDIC,PYPINYIN,UNIHAN
U+4F98	侘	タ,わびしい,ほこる,わびる	ta,wabishii,hokoru,wabiru	0,0,0,0	0,0,0,0	KANJIDIC,PYPINYIN,UNIHAN
U+4F99	侙	チョク,チキ,おそれる	choku,chiki,osoreru	0,0,0	0,0,0	KANJIDIC,PYPINYIN,UNIHAN
U+4F9A	侚	シュン,すみやか,しめす,となえる,ふかい,つかう	shun,sumiyaka,shimesu,tonaeru,fukai,tsukau	0,0,0,0,0,0	0,0,0,0,0,0	KANJIDIC,PYPINYIN,UNIHAN
U+4F9B	供	キョウ,ク,クウ,グ,そなえる,とも,ども	kyou,ku,kuu,gu,sonaeru,tomo,domo	0,0,0,0,0,0,0	0,0,0,0,0,0,0	KANJIDIC,PYPINYIN,UNIHAN,WORDSHK_CHARS
U+4F9D	依	イ,エ,よる	i,e,yoru	0,0,0	0,0,0	KANJIDIC,PYPINYIN,UNIHAN,WORDSHK_CHARS
U+4F9E	侞	ジョ,ニョ,ひとしい,したがえならす	jo,nyo,hitoshii,shitagaenarasu	0,0,0,0	0,0,0,0	KANJIDIC,PYPINYIN,UNIHAN
U+4F9F	侟	セン	sen	0	0	KANJIDIC,PYPINYIN,UNIHAN
U+4FA0	侠	キョウ,きゃん,おとこだて	kyou,kyan,otokodate	0,0,0	0,0,0	KANJIDIC,PYPINYIN,UNIHAN
U+4FA1	価	カ,ケ,あたい	ka,ke,atai	0,0,0	0,0,0	KANJIDIC,PYPINYIN,UNIHAN
U+4FAB	侫	ネイ,おもねる,よこしま	nei,omoneru,yokoshima	0,0,0	0,0,0	KANJIDIC,PYPINYIN,UNIHAN
U+4FAD	侭	ジン,まま,ことごとく	jin,mama,kotogotoku	0,0,0	0,0,0	KANJIDIC,PYPINYIN,UNIHAN
U+4FAE	侮	ブ,あなどる,あなずる	bu,anadoru,anazuru	0,0,0	0,0,0	KANJIDIC,PYPINYIN,UNIHAN,WORDSHK_CHARS
U+4FAF	侯	コウ	kou	0	0	KANJIDIC,PYPINYIN,UNIHAN,WORDSHK_CHARS
U+4FB2	侲	シン,わらべ,よいわらべ,うまかい,はしため	shin,warabe,yoiwarabe,umakai,hashitame	0,0,0,0,0	0,0,0,0,0	KANJIDIC,PYPINYIN,UNIHAN,WORDSHK_CHARS
U+4FB5	侵	シン,おかす	shin,okasu	0,0	0,0	KANJIDIC,PYPINYIN,UNIHAN,WORDSHK_CHARS
U+4FB6	侶	リョ,ロ,とも	ryo,ro,tomo	0,0,0	0,0,0	KANJIDIC,PYPINYIN,UNIHAN,WORDSHK_CHARS
U+4FB7	侷	キョク,ゴク,たけがひくい,せまる	kyoku,goku,takegahikui,semaru	0,0,0,0	0,0,0,0	KANJIDIC,PYPINYIN,UNIHAN,WORDSHK_CHARS
U+4FB9	侹	テイ,ジョウ,チョウ,おとこぎ,なおい,つつしむ	tei,jou,chou,otokogi,naoi,tsutsushimu	0,0,0,0,0,0	0,0,0,0,0,0	KANJIDIC,PYPINYIN,UNIHAN
U+4FBB	侻	タツ,タチ,タイ,テ,かなう,よい,てがる,たやすい,かるい	tatsu,tachi,tai,te,kanau,yoi,tegaru,tayasui,karui	0,0,0,0,0,0,0,0,0	0,0,0,0,0,0,0,0,0	KANJIDIC,PYPINYIN,UNIHAN
U+4FBC	侼	ホツ,ボチ,つよい,うらむ	hotsu,bochi,tsuyoi,uramu	0,0,0,0	0,0,0,0	KANJIDIC,PYPINYIN,UNIHAN
U+4FBD	侽	ダン,ナン,おとこ,お	dan,nan,otoko,o	0,0,0,0	0,0,0,0	KANJIDIC,PYPINYIN,UNIHAN
U+4FBE	侾	コウ,キョウ,おおきい	kou,kyou,ookii	0,0,0	0,0,0	KANJIDIC,PYPINYIN,UNIHAN
U+4FBF	便	ベン,ビン,たより	ben,bin,tayori	0,0,0	0,0,0	KANJIDIC,PYPINYIN,UNIHAN,WORDSHK_CHARS
U+4FC0	俀	タイ,テ,よわい	tai,te,yowai	0,0,0	0,0,0	KANJIDIC,PYPINYIN,UNIHAN
U+4FC1	俁	グ,おおきい	gu,ookii	0,0	0,0	KANJIDIC,PYPINYIN,UNIHAN,WORDSHK_CHARS
U+4FC2	係	ケイ,かかる,かかり,がかり,かかわる	kei,kakaru,kakari,gakari,kakawaru	0,0,0,0,0	0,0,0,0,0	KANJIDIC,PYPINYIN,UNIHAN,WORDSHK_CHARS
U+4FC3	促	ソク,うながす	soku,unagasu	0,0	0,0	KANJIDIC,PYPINYIN,UNIHAN,WORDSHK_CHARS
U+4FC4	俄	ガ,にわか	ga,niwaka	0,0	0,0	KANJIDIC,PYPINYIN,UNIHAN,WORDSHK_CHARS
U+4FC5	俅	キュウ,グ,いただく	kyuu,gu,itadaku	0,0,0	0,0,0	KANJIDIC,PYPINYIN,UNIHAN
U+4FC6	俆	ショ,ゆるやか,おそい	sho,yuruyaka,osoi	0,0,0	0,0,0	KANJIDIC,PYPINYIN,UNIHAN
U+4FC8	俈	コク	koku	0	0	KANJIDIC,PYPINYIN,UNIHAN
U+4FC9	俉	ゴ,むかえる,あう	go,mukaeru,au	0,0,0	0,0,0	KANJIDIC,PYPINYIN,UNIHAN
U+4FCA	俊	シュン	shun	0	0	KANJIDIC,PYPINYIN,UNIHAN,WORDSHK_CHARS
U+4FCB	俋	チュ,チュウ,ジュウ,ユウ,たがやす	chu,chuu,juu,yuu,tagayasu	0,0,0,0,0	0,0,0,0,0	KANJIDIC,PYPINYIN,UNIHAN
U+4FCC	俌	ホ,フ,たすける	ho,fu,tasukeru	0,0,0	0,0,0	KANJIDIC,PYPINYIN,UNIHAN
U+4FCD	俍	リョウ,ロウ,さまよう	ryou,rou,samayou	0,0,0	0,0,0	KANJIDIC,PYPINYIN,UNIHAN
U+4FCE	俎	ソ,ショ,いた,まないた	so,sho,ita,manaita	0,0,0,0	0,0,0,0	KANJIDIC,PYPINYIN,UNIHAN,WORDSHK_CHARS
U+4FCF	俏	ショウ,にる,かたどる,みめよい,やつす	shou,niru,katadoru,mimeyoi,yatsusu	0,0,0,0,0	0,0,0,0,0	KANJIDIC,PYPINYIN,UNIHAN,WORDSHK_CHARS
U+4FD0	俐	リ,かしこい	ri,kashikoi	0,0	0,0	KANJIDIC,PYPINYIN,UNIHAN,WORDSHK_CHARS
U+4FD1	俑	ヨウ,トウ,ユウ	you,tou,yuu	0,0,0	0,0,0	KANJIDIC,PYPINYIN,UNIHAN,WORDSHK_CHARS
U+4FD2	俒	コン,カン,まったし,けがす	kon,kan,mattashi,kegasu	0,0,0,0	0,0,0,0	KANJIDIC,PYPINYIN,UNIHAN
U+4FD4	俔	ケン,たとえる,うかがう	ken,tatoeru,ukagau	0,0,0	0,0,0	KANJIDIC,PYPINYIN,UNIHAN
U+4FD7	俗	ゾク	zoku	0	0	KANJIDIC,PYPINYIN,UNIHAN,WORDSHK_CHARS
U+4FD8	俘	フ,とりこ	fu,toriko	0,0	0,0	KANJIDIC,PYPINYIN,UNIHAN,WORDSHK_CHARS
U+4FDA	俚	リ,いやしい	ri,iyashii	0,0	0,0	KANJIDIC,PYPINYIN,UNIHAN,WORDSHK_CHARS
U+4FDB	俛	フ,ベン,メン,ふせる	fu,ben,men,fuseru	0,0,0,0	0,0,0,0	KANJIDIC,PYPINYIN,UNIHAN
U+4FDC	俜	ヘイ,ビョウ,つかう,おとこだて	hei,byou,tsukau,otokodate	0,0,0,0	0,0,0,0	KANJIDIC,PYPINYIN,UNIHAN
U+4FDD	保	ホ,ホウ,たもつ	ho,hou,tamotsu	0,0,0	0,0,0	KANJIDIC,PYPINYIN,UNIHAN,WORDSHK_CHARS
U+4FDF	俟	シ,まつ	shi,matsu	0,0	0,0	KANJIDIC,PYPINYIN,UNIHAN
U+4FE0	俠	キョウ,キャン,おとこだて	kyou,kyan,otokodate	0,0,0	0,0,0	KANJIDIC,PYPINYIN,UNIHAN,WORDSHK_CHARS
U+4FE1	信	シン	shin	0	0	KANJIDIC,PYPINYIN,UNIHAN,WORDSHK_CHARS
U+4FE2	俢	シュウ,シュ,おさめる,おさまる	shuu,shu,osameru,osamaru	0,0,0,0	0,0,0,0	KANJIDIC,PYPINYIN,UNIHAN
U+4FE3	俣	また	mata	0	0	KANJIDIC,PYPINYIN,UNIHAN
U+4FE4	俤	おもかげ	omokage	0	0	KANJIDIC,PYPINYIN,UNIHAN
U+4FE5	俥	くるま	kuruma	0	0	KANJIDIC,PYPINYIN,UNIHAN
U+4FEE	修	シュウ,シュ,おさめる,おさまる	shuu,shu,osameru,osamaru	0,0,0,0	0,0,0,0	KANJIDIC,PYPINYIN,UNIHAN,WORDSHK_CHARS
U+4FEF	俯	フ,ふす,うつむく,ふせる	fu,fusu,utsumuku,fuseru	0,0,0,0	0,0,0,0	KANJIDIC,PYPINYIN,UNIHAN,WORDSHK_CHARS
U+4FF0	俰	カ,ワ,やわらぐ	ka,wa,yawaragu	0,0,0	0,0,0	KANJIDIC,PYPINYIN,UNIHAN
U+4FF1	俱	ク,ともに	ku,tomoni	0,0	0,0	KANJIDIC,PYPINYIN,UNIHAN,WORDSHK_CHARS
U+4FF2	俲	コウ,ならう	kou,narau	0,0	0,0	KANJIDIC,PYPINYIN,UNIHAN
U+4FF3	俳	ハイ	hai	0	0	KANJIDIC,PYPINYIN,UNIHAN,WORDSHK_CHARS
U+4FF5	俵	ヒョウ,たわら	hyou,tawara	0,0	0,0	KANJIDIC,PYPINYIN,UNIHAN
U+4FF6	俶	シュク,テキ,はじめ,よい	shuku,teki,hajime,yoi	0,0,0,0	0,0,0,0	KANJIDIC,PYPINYIN,UNIHAN
U+4FF8	俸	ホウ	hou	0	0	KANJIDIC,PYPINYIN,UNIHAN,WORDSHK_CHARS
U+4FFA	俺	エン,おれ,われ	en,ore,ware	0,0,0	0,0,0	KANJIDIC,PYPINYIN,UNIHAN
U+4FFC	俼	イク,シュク,かゆ,かい,ひさぐ	iku,shuku,kayu,kai,hisagu	0,0,0,0,0	0,0,0,0,0	KANJIDIC,PYPINYIN,UNIHAN
U+4FFD	俽	キン,コン,よろこぶ	kin,kon,yorokobu	0,0,0	0,0,0	KANJIDIC,PYPINYIN,UNIHAN
U+4FFE	俾	フ,ヒ,ヘイ,かしずく,しむ	fu,hi,hei,kashizuku,shimu	0,0,0,0,0	0,0,0,0,0	KANJIDIC,PYPINYIN,UNIHAN,WORDSHK_CHARS
U+4FFF	俿	チ,ジ,かたたがい	chi,ji,katatagai	0,0,0	0,0,0	KANJIDIC,PYPINYIN,UNIHAN
U+5000	倀	チョウ,トウ,ジョウ,くるう,たおれる	chou,tou,jou,kuruu,taoreru	0,0,0,0,0	0,0,0,0,0	KANJIDIC,PYPINYIN,UNIHAN,WORDSHK_CHARS
U+5001	倁	チ,ジ,ゆく	chi,ji,yuku	0,0,0	0,0,0	KANJIDIC,PYPINYIN,UNIHAN
U+5002	倂	ヘイ,あわせる,ならぶ,しかし	hei,awaseru,narabu,shikashi	0,0,0,0	0,0,0,0	KANJIDIC,PYPINYIN,UNIHAN
U+5004	倄	コウ,ギョウ,カイ,エ,もとる,そこなう	kou,gyou,kai,e,motoru,sokonau	0,0,0,0,0,0	0,0,0,0,0,0	KANJIDIC,PYPINYIN,UNIHAN
U+5005	倅	サイ,ソツ,ソチ,せがれ	sai,sotsu,sochi,segare	0,0,0,0	0,0,0,0	KANJIDIC,PYPINYIN,UNIHAN
U+5006	倆	リョウ,たくみ	ryou,takumi	0,0	0,0	KANJIDIC,PYPINYIN,UNIHAN,WORDSHK_CHARS
U+5007	倇	エン,オン,たのしむ,よろこぶ,すすめる	en,on,tanoshimu,yorokobu,susumeru	0,0,0,0,0	0,0,0,0,0	KANJIDIC,PYPINYIN,UNIHAN
U+5009	倉	ソウ,くら	sou,kura	0,0	0,0	KANJIDIC,PYPINYIN,UNIHAN,WORDSHK_CHARS
U+500A	倊	ソウ,ス,くるしむ	sou,su,kurushimu	0,0,0	0,0,0	KANJIDIC,PYPINYIN,UNIHAN
U+500B	個	コ,カ	ko,ka	0,0	0,0	KANJIDIC,PYPINYIN,UNIHAN,WORDSHK_CHARS
U+500C	倌	カン,とねり	kan,toneri	0,0	0,0	KANJIDIC,PYPINYIN,UNIHAN,WORDSHK_CHARS
U+500D	倍	バイ	bai	0	0	KANJIDIC,PYPINYIN,UNIHAN,WORDSHK_CHARS
U+500E	倎	テン,あつい	ten,atsui	0,0	0,0	KANJIDIC,PYPINYIN,UNIHAN
U+500F	倏	シュク,たちまち	shuku,tachimachi	0,0	0,0	KANJIDIC,PYPINYIN,UNIHAN
U+5010	倐	シュク	shuku	0	0	KANJIDIC,PYPINYIN,UNIHAN
U+5011	們	モン,ともがら	mon,tomogara	0,0	0,0	KANJIDIC,PYPINYIN,UNIHAN,WORDSHK_CHARS
U+5012	倒	トウ,たおれる,だおれ,たおす,さかさま,さかさ,さかしま	tou,taoreru,daore,taosu,sakasama,sakasa,sakashima	0,0,0,0,0,0,0	0,0,0,0,0,0,0	KANJIDIC,PYPINYIN,UNIHAN,WORDSHK_CHARS
U+5013	倓	タン,やすい,しずか	tan,yasui,shizuka	0,0,0	0,0,0	KANJIDIC,PYPINYIN,UNIHAN
U+5014	倔	クツ,つよい	kutsu,tsuyoi	0,0	0,0	KANJIDIC,PYPINYIN,UNIHAN,WORDSHK_CHARS
U+5016	倖	コウ,しあわせ,さいわい	kou,shiawase,saiwai	0,0,0	0,0,0	KANJIDIC,PYPINYIN,UNIHAN,WORDSHK_CHARS
U+5017	倗	ホウ,たすける,ゆだねる,よせる	hou,tasukeru,yudaneru,yoseru	0,0,0,0	0,0,0,0	KANJIDIC,PYPINYIN,UNIHAN
U+5018	倘	ショウ,トウ,もし,たちもとおる	shou,tou,moshi,tachimotooru	0,0,0,0	0,0,0,0	KANJIDIC,PYPINYIN,UNIHAN,WORDSHK_CHARS
U+5019	候	コウ,そうろう	kou,sourou	0,0	0,0	KANJIDIC,PYPINYIN,UNIHAN,WORDSHK_CHARS
U+501A	倚	イ,キ,よる,たのむ	i,ki,yoru,tanomu	0,0,0,0	0,0,0,0	KANJIDIC,PYPINYIN,UNIHAN,WORDSHK_CHARS
U+501B	倛	キ,あざむく	ki,azamuku	0,0	0,0	KANJIDIC,PYPINYIN,UNIHAN
U+501C	倜	テキ,チャク,チュウ,すぐれる,おろか,そむく	teki,chaku,chuu,sugureru,oroka,somuku	0,0,0,0,0,0	0,0,0,0,0,0	KANJIDIC,PYPINYIN,UNIHAN,WORDSHK_CHARS
U+501D	倝	カン,かがやく	kan,kagayaku	0,0	0,0	KANJIDIC,PYPINYIN,UNIHAN
U+501E	倞	ケイ,キョウ,リョウ,オウ,コウ,つよい,あきらか,とおい,もとめる,きそう	kei,kyou,ryou,ou,kou,tsuyoi,akiraka,tooi,motomeru,kisou	0,0,0,0,0,0,0,0,0,0	0,0,0,0,0,0,0,0,0,0	KANJIDIC,PYPINYIN,UNIHAN
U+501F	借	シャク,かりる	shaku,kariru	0,0	0,0	KANJIDIC,PYPINYIN,UNIHAN,WORDSHK_CHARS
U+5021	倡	ショウ,となえる,わざおぎ	shou,tonaeru,wazaogi	0,0,0	0,0,0	KANJIDIC,PYPINYIN,UNIHAN,WORDSHK_CHARS
U+5022	倢	ショウ,さとい,すこやか,はやい	shou,satoi,sukoyaka,hayai	0,0,0,0	0,0,0,0	KANJIDIC,PYPINYIN,UNIHAN
U+5023	倣	ホウ,ならう	hou,narau	0,0	0,0	KANJIDIC,PYPINYIN,UNIHAN
U+5024	値	チ,ね,あたい	chi,ne,atai	0,0,0	0,0,0	KANJIDIC,PYPINYIN,UNIHAN
U+5025	倥	コウ,ぬかる	kou,nukaru	0,0	0,0	KANJIDIC,PYPINYIN,UNIHAN
U+5026	倦	ケン,あきる,あぐむ,あぐねる,うむ,つかれる	ken,akiru,agumu,aguneru,umu,tsukareru	0,0,0,0,0,0	0,0,0,0,0,0	KANJIDIC,PYPINYIN,UNIHAN,WORDSHK_CHARS
U+5027	倧	ソウ,ス	sou,su	0,0	0,0	KANJIDIC,PYPINYIN,UNIHAN
U+5028	倨	キョ,コ,おごる	kyo,ko,ogoru	0,0,0	0,0,0	KANJIDIC,PYPINYIN,UNIHAN
U+5029	倩	セン,セイ,つらつら,うつくしい	sen,sei,tsuratsura,utsukushii	0,0,0,0	0,0,0,0	KANJIDIC,PYPINYIN,UNIHAN,WORDSHK_CHARS
U+502A	倪	ゲイ,ガイ,きわ	gei,gai,kiwa	0,0,0	0,0,0	KANJIDIC,PYPINYIN,UNIHAN,WORDSHK_CHARS
U+502B	倫	リン	rin	0	0	KANJIDIC,PYPINYIN,UNIHAN,WORDSHK_CHARS
U+502C	倬	タク	taku	0	0	KANJIDIC,PYPINYIN,UNIHAN
U+502D	倭	ワ,イ,やまと,したがう	wa,i,yamato,shitagau	0,0,0,0	0,0,0,0	KANJIDIC,PYPINYIN,UNIHAN,WORDSHK_CHARS
U+502E	倮	ラ,カ,ゲ,はだか,せまい,かたぬぐ,すはだ	ra,ka,ge,hadaka,semai,katanugu,suhada	0,0,0,0,0,0,0	0,0,0,0,0,0,0	KANJIDIC,PYPINYIN,UNIHAN,WORDSHK_CHARS
U+5030	倰	リョウ,ロウ,おかす,あざむく,ながい	ryou,rou,okasu,azamuku,nagai	0,0,0,0,0	0,0,0,0,0	KANJIDIC,PYPINYIN,UNIHAN
U+5032	倲	トウ,ツ,おろか	tou,tsu,oroka	0,0,0	0,0,0	KANJIDIC,PYPINYIN,UNIHAN
U+5033	倳	シ,さす,さしこむ,おく	shi,sasu,sashikomu,oku	0,0,0,0	0,0,0,0	KANJIDIC,PYPINYIN,UNIHAN
U+5035	倵	ブ,ム	bu,mu	0,0	0,0	KANJIDIC,PYPINYIN,UNIHAN
U+5036	倶	グ,ク,ともに	gu,ku,tomoni	0,0,0	0,0,0	KANJIDIC,PYPINYIN,UNIHAN
U+5039	倹	ケン,つましい,つづまやか	ken,tsumashii,tsuzumayaka	0,0,0	0,0,0	KANJIDIC,PYPINYIN,UNIHAN
U+503B	倻	ヤ	ya	0	0	KANJIDIC,PYPINYIN,UNIHAN
U+5040	偀	エイ,はなぶさ	ei,hanabusa	0,0	0,0	KANJIDIC,PYPINYIN,UNIHAN
U+5041	偁	ショウ,あげる	shou,ageru	0,0	0,0	KANJIDIC,PYPINYIN,UNIHAN
U+5042	偂	セン,すすむ	sen,susumu	0,0	0,0	KANJIDIC,PYPINYIN,UNIHAN
U+5043	偃	エン,ふせる	en,fuseru	0,0	0,0	KANJIDIC,PYPINYIN,UNIHAN,WORDSHK_CHARS
U+5045	偅	ショウ,シュ,トウ,こども	shou,shu,tou,kodomo	0,0,0,0	0,0,0,0	KANJIDIC,PYPINYIN,UNIHAN
U+5046	偆	シュン,チュン,あつい,うごめく,とむ	shun,chun,atsui,ugomeku,tomu	0,0,0,0,0	0,0,0,0,0	KANJIDIC,PYPINYIN,UNIHAN
U+5047	假	カ,ケ,かり,かりる	ka,ke,kari,kariru	0,0,0,0	0,0,0,0	KANJIDIC,PYPINYIN,UNIHAN,WORDSHK_CHARS
U+5048	偈	ゲ,ケツ,ケイ,いこう	ge,ketsu,kei,ikou	0,0,0,0	0,0,0,0	KANJIDIC,PYPINYIN,UNIHAN,WORDSHK_CHARS
U+5049	偉	イ,えらい	i,erai	0,0	0,0	KANJIDIC,PYPINYIN,UNIHAN,WORDSHK_CHARS
U+504A	偊	ウ,ク,くぐまる,つつしむ	u,ku,kugumaru,tsutsushimu	0,0,0,0	0,0,0,0	KANJIDIC,PYPINYIN,UNIHAN
U+504C	偌	ジャ,ニャ,このような,このように	ja,nya,konoyouna,konoyouni	0,0,0,0	0,0,0,0	KANJIDIC,PYPINYIN,UNIHAN,WORDSHK_CHARS
U+504E	偎	ワイ,エ,ほのか,なじむ,したしむ,ちかよる	wai,e,honoka,najimu,shitashimu,chikayoru	0,0,0,0,0,0	0,0,0,0,0,0	KANJIDIC,PYPINYIN,UNIHAN,WORDSHK_CHARS
U+504F	偏	ヘン,かたよる	hen,katayoru	0,0	0,0	KANJIDIC,PYPINYIN,UNIHAN,WORDSHK_CHARS
U+5050	偐	ゲン,ガン	gen,gan	0,0	0,0	KANJIDIC,PYPINYIN,UNIHAN
U+5051	偑	フウ,フ	fuu,fu	0,0	0,0	KANJIDIC,PYPINYIN,UNIHAN
U+5052	偒	トウ,まっすぐ	tou,massugu	0,0	0,0	KANJIDIC,PYPINYIN,UNIHAN
U+5053	偓	アク,かかわる	aku,kakawaru	0,0	0,0	KANJIDIC,PYPINYIN,UNIHAN
U+5055	偕	カイ,ともに	kai,tomoni	0,0	0,0	KANJIDIC,PYPINYIN,UNIHAN,WORDSHK_CHARS
U+5056	偖	シャ,さて	sha,sate	0,0	0,0	KANJIDIC,PYPINYIN,UNIHAN
U+5057	偗	セイ,ショウ,まっすぐ	sei,shou,massugu	0,0,0	0,0,0	KANJIDIC,PYPINYIN,UNIHAN
U+5059	偙	テイ,タイ,すぐれる,くるしむ	tei,tai,sugureru,kurushimu	0,0,0,0	0,0,0,0	KANJIDIC,PYPINYIN,UNIHAN
U+505A	做	サ,サク,ソ,なす,つくる	sa,saku,so,nasu,tsukuru	0,0,0,0,0	0,0,0,0,0	KANJIDIC,PYPINYIN,UNIHAN,WORDSHK_CHARS
U+505C	停	テイ,とめる,とまる	tei,tomeru,tomaru	0,0,0	0,0,0	KANJIDIC,PYPINYIN,UNIHAN,WORDSHK_CHARS
U+505F	偟	コウ,オウ,たたずむ,さまよう,たちもとおる,いとま	kou,ou,tatazumu,samayou,tachimotooru,itoma	0,0,0,0,0,0	0,0,0,0,0,0	KANJIDIC,PYPINYIN,UNIHAN
U+5060	偠	ヨウ,しなやか,たおやか	you,shinayaka,taoyaka	0,0,0	0,0,0	KANJIDIC,PYPINYIN,UNIHAN
U+5062	偢	ショウ,いつくしまない,うれえる	shou,itsukushimanai,ureeru	0,0,0	0,0,0	KANJIDIC,PYPINYIN,UNIHAN
U+5063	偣	エン,アン,きよい	en,an,kiyoi	0,0,0	0,0,0	KANJIDIC,PYPINYIN,UNIHAN
U+5065	健	ケン,すこやか	ken,sukoyaka	0,0	0,0	KANJIDIC,PYPINYIN,UNIHAN,WORDSHK_CHARS
U+5066	偦	ショ,とおる	sho,tooru	0,0	0,0	KANJIDIC,PYPINYIN,UNIHAN
U+5067	偧	タ,はる	ta,haru	0,0	0,0	KANJIDIC,PYPINYIN,UNIHAN
U+506A	偪	フク,ヒツ,ヒョク,ヒキ,せまい,せまる,むかばき	fuku,hitsu,hyoku,hiki,semai,semaru,mukabaki	0,0,0,0,0,0,0	0,0,0,0,0,0,0	KANJIDIC,PYPINYIN,UNIHAN
U+506C	偬	ソウ,くるしむ	sou,kurushimu	0,0	0,0	KANJIDIC,PYPINYIN,UNIHAN
U+506D	偭	ベン,メン,むかう,そむく,かなう	ben,men,mukau,somuku,kanau	0,0,0,0,0	0,0,0,0,0	KANJIDIC,PYPINYIN,UNIHAN
U+5070	偰	セツ,セチ,きよい	setsu,sechi,kiyoi	0,0,0	0,0,0	KANJIDIC,PYPINYIN,UNIHAN
U+5071	偱	シュン,のべる	shun,noberu	0,0	0,0	KANJIDIC,PYPINYIN,UNIHAN
U+5072	偲	サイ,シ,しのぶ	sai,shi,shinobu	0,0,0	0,0,0	KANJIDIC,PYPINYIN,UNIHAN
U+5074	側	ソク,かわ,がわ,そば	soku,kawa,gawa,soba	0,0,0,0	0,0,0,0	KANJIDIC,PYPINYIN,UNIHAN,WORDSHK_CHARS
U+5075	偵	テイ	tei	0	0	KANJIDIC,PYPINYIN,UNIHAN,WORDSHK_CHARS
U+5076	偶	グウ,たま	guu,tama	0,0	0,0	KANJIDIC,PYPINYIN,UNIHAN,WORDSHK_CHARS
U+5078	偸	ツ,トウ,チュウ,ぬすむ	tsu,tou,chuu,nusumu	0,0,0,0	0,0,0,0	KANJIDIC,PYPINYIN,UNIHAN
U+507D	偽	ギ,カ,いつわる,にせ,いつわり	gi,ka,itsuwaru,nise,itsuwari	0,0,0,0,0	0,0,0,0,0	KANJIDIC,PYPINYIN,UNIHAN,WORDSHK_CHARS
U+5080	傀	カイ,おおきい	kai,ookii	0,0	0,0	KANJIDIC,PYPINYIN,UNIHAN,WORDSHK_CHARS
U+5081	傁	ソウ,ス,おきな	sou,su,okina	0,0,0	0,0,0	KANJIDIC,PYPINYIN,UNIHAN
U+5083	傃	ソ,むかう,まもる	so,mukau,mamoru	0,0,0	0,0,0	KANJIDIC,PYPINYIN,UNIHAN
U+5084	傄	カツ,ケチ,すこやか	katsu,kechi,sukoyaka	0,0,0	0,0,0	KANJIDIC,PYPINYIN,UNIHAN
U+5085	傅	フ,かしずく,つく,もり	fu,kashizuku,tsuku,mori	0,0,0,0	0,0,0,0	KANJIDIC,PYPINYIN,UNIHAN,WORDSHK_CHARS
U+5086	傆	ゲン,カン,こざかしい	gen,kan,kozakashii	0,0,0	0,0,0	KANJIDIC,PYPINYIN,UNIHAN
U+5088	傈	リツ,リチ	ritsu,richi	0,0	0,0	KANJIDIC,PYPINYIN,UNIHAN
U+508A	傊	イン,まさる,ゆたか	in,masaru,yutaka	0,0,0	0,0,0	KANJIDIC,PYPINYIN,UNIHAN
U+508D	傍	ボウ,かたわら,わき,おか,はた,そば	bou,katawara,waki,oka,hata,soba	0,0,0,0,0,0	0,0,0,0,0,0	KANJIDIC,PYPINYIN,UNIHAN,WORDSHK_CHARS
U+508E	傎	テン,さかさま,くるう	ten,sakasama,kuruu	0,0,0	0,0,0	KANJIDIC,PYPINYIN,UNIHAN
U+508F	傏	トウ,おごる	tou,ogoru	0,0	0,0	KANJIDIC,PYPINYIN,UNIHAN
U+5090	傐	コウ	kou	0	0	KANJIDIC,PYPINYIN,UNIHAN
U+5091	傑	ケツ,すぐれる	ketsu,sugureru	0,0	0,0	KANJIDIC,PYPINYIN,UNIHAN,WORDSHK_CHARS
U+5092	傒	ケイ,あやうい,つなぐ	kei,ayaui,tsunagu	0,0,0	0,0,0	KANJIDIC,PYPINYIN,UNIHAN
U+5093	傓	セン,さかん	sen,sakan	0,0	0,0	KANJIDIC,PYPINYIN,UNIHAN
U+5094	傔	ケン,したがう,はべる,つかえる	ken,shitagau,haberu,tsukaeru	0,0,0,0	0,0,0,0	KANJIDIC,PYPINYIN,UNIHAN
U+5095	傕	カク	kaku	0	0	KANJIDIC,PYPINYIN,UNIHAN
U+5096	傖	ショウ,ソウ,いやしい	shou,sou,iyashii	0,0,0	0,0,0	KANJIDIC,PYPINYIN,UNIHAN
U+5098	傘	サン,かさ	san,kasa	0,0	0,0	KANJIDIC,PYPINYIN,UNIHAN,WORDSHK_CHARS
U+5099	備	ビ,そなえる,そなわる,つぶさに	bi,sonaeru,sonawaru,tsubusani	0,0,0,0	0,0,0,0	KANJIDIC,PYPINYIN,UNIHAN,WORDSHK_CHARS
U+509A	傚	コウ,ならう	kou,narau	0,0	0,0	KANJIDIC,PYPINYIN,UNIHAN,WORDSHK_CHARS
U+509B	傛	ヨウ,ユ,かがむ	you,yu,kagamu	0,0,0	0,0,0	KANJIDIC,PYPINYIN,UNIHAN
U+509C	傜	ヨウ,えだち,ふぞろい,つかい	you,edachi,fuzoroi,tsukai	0,0,0,0	0,0,0,0	KANJIDIC,PYPINYIN,UNIHAN
U+509E	傞	サ	sa	0	0	KANJIDIC,PYPINYIN,UNIHAN
U+509F	傟	オウ,もとる	ou,motoru	0,0	0,0	KANJIDIC,PYPINYIN,UNIHAN
U+50A0	傠	ハツ,カ,ボチ,きる,そむく,うつ	hatsu,ka,bochi,kiru,somuku,utsu	0,0,0,0,0,0	0,0,0,0,0,0	KANJIDIC,PYPINYIN,UNIHAN
U+50A1	傡	ヘイ,ホウ,なみ,ならべる,ならぶ,ならびに	hei,hou,nami,naraberu,narabu,narabini	0,0,0,0,0,0	0,0,0,0,0,0	KANJIDIC,PYPINYIN,UNIHAN
U+50A2	傢	カ,かぐ	ka,kagu	0,0	0,0	KANJIDIC,PYPINYIN,UNIHAN,WORDSHK_CHARS
U+50AA	傪	サン,よい	san,yoi	0,0	0,0	KANJIDIC,PYPINYIN,UNIHAN
U+50AC	催	サイ,もようす,もよおす	sai,moyousu,moyoosu	0,0,0	0,0,0	KANJIDIC,PYPINYIN,UNIHAN,WORDSHK_CHARS
U+50AD	傭	ヨウ,チョウ,やとう,あたい,ひとしい	you,chou,yatou,atai,hitoshii	0,0,0,0,0	0,0,0,0,0	KANJIDIC,PYPINYIN,UNIHAN,WORDSHK_CHARS
U+50AF	傯	ソウ,くるしむ	sou,kurushimu	0,0	0,0	KANJIDIC,PYPINYIN,UNIHAN
U+50B0	傰	ホウ,とも,ともがら,おもねりくみする	hou,tomo,tomogara,omonerikumisuru	0,0,0,0	0,0,0,0	KANJIDIC,PYPINYIN,UNIHAN
U+50B1	傱	ショウ,シュ,ソウ,はやいさま	shou,shu,sou,hayaisama	0,0,0,0	0,0,0,0	KANJIDIC,PYPINYIN,UNIHAN
U+50B2	傲	ゴウ,おごる,あなどる	gou,ogoru,anadoru	0,0,0	0,0,0	KANJIDIC,PYPINYIN,UNIHAN,WORDSHK_CHARS
U+50B3	傳	テン,デン,つたわる,つたえる,つたう,つて	ten,den,tsutawaru,tsutaeru,tsutau,tsute	0,0,0,0,0,0	0,0,0,0,0,0	KANJIDIC,PYPINYIN,UNIHAN,WORDSHK_CHARS
U+50B4	傴	ク,ウ,かがむ,せむし	ku,u,kagamu,semushi	0,0,0,0	0,0,0,0	KANJIDIC,PYPINYIN,UNIHAN
U+50B5	債	サイ	sai	0	0	KANJIDIC,PYPINYIN,UNIHAN,WORDSHK_CHARS
U+50B7	傷	ショウ,きず,いたむ,いためる	shou,kizu,itamu,itameru	0,0,0,0	0,0,0,0	KANJIDIC,PYPINYIN,UNIHAN,WORDSHK_CHARS
U+50B9	傹	ケイ,キョウ,リョウ,オウ,ゴウ,コウ,つよい,あきらか,とおい,もとめる,きそう	kei,kyou,ryou,ou,gou,kou,tsuyoi,akiraka,tooi,motomeru,kisou	0,0,0,0,0,0,0,0,0,0,0	0,0,0,0,0,0,0,0,0,0,0	KANJIDIC,PYPINYIN,UNIHAN
U+50BA	傺	テイ,タイ,とまる,とどまる	tei,tai,tomaru,todomaru	0,0,0,0	0,0,0,0	KANJIDIC,PYPINYIN,UNIHAN
U+50BB	傻	サ	sa	0	0	KANJIDIC,PYPINYIN,UNIHAN,WORDSHK_CHARS
U+50BD	傽	ショウ,おどろく	shou,odoroku	0,0	0,0	KANJIDIC,PYPINYIN,UNIHAN
U+50BE	傾	ケイ,かたむく,かたむける,かたぶく,かたげる,かしげる	kei,katamuku,katamukeru,katabuku,katageru,kashigeru	0,0,0,0,0,0	0,0,0,0,0,0	KANJIDIC,PYPINYIN,UNIHAN,WORDSHK_CHARS
U+50C0	僀	テイ,タイ,すぐれる,くるしむ	tei,tai,sugureru,kurushimu	0,0,0,0	0,0,0,0	KANJIDIC,PYPINYIN,UNIHAN
U+50C2	僂	ロウ,ル,かがむ	rou,ru,kagamu	0,0,0	0,0,0	KANJIDIC,PYPINYIN,UNIHAN,WORDSHK_CHARS
U+50C3	僃	ビ,そなえる,そなわる	bi,sonaeru,sonawaru	0,0,0	0,0,0	KANJIDIC,PYPINYIN,UNIHAN
U+50C4	僄	ヒョウ,かるい,かろんずる,すばやい	hyou,karui,karonzuru,subayai	0,0,0,0	0,0,0,0	KANJIDIC,PYPINYIN,UNIHAN
U+50C5	僅	キン,ゴン,わずか	kin,gon,wazuka	0,0,0	0,0,0	KANJIDIC,PYPINYIN,UNIHAN,WORDSHK_CHARS
U+50C7	僇	リク,ロク,ル,はじ,はずかしめる	riku,roku,ru,haji,hazukashimeru	0,0,0,0,0	0,0,0,0,0	KANJIDIC,PYPINYIN,UNIHAN
U+50C9	僉	セン,みな	sen,mina	0,0	0,0	KANJIDIC,PYPINYIN,UNIHAN
U+50CA	僊	セン	sen	0	0	KANJIDIC,PYPINYIN,UNIHAN
U+50CC	僌	ヨウ,おさめる	you,osameru	0,0	0,0	KANJIDIC,PYPINYIN,UNIHAN
U+50CD	働	ドウ,はたらく	dou,hataraku	0,0	0,0	KANJIDIC,PYPINYIN,UNIHAN
U+50CE	僎	セン,シュン,そなえる,かず,かぞえる	sen,shun,sonaeru,kazu,kazoeru	0,0,0,0,0	0,0,0,0,0	KANJIDIC,PYPINYIN,UNIHAN
U+50CF	像	ゾウ	zou	0	0	KANJIDIC,PYPINYIN,UNIHAN,WORDSHK_CHARS
U+50D0	僐	セン,おつくりする	sen,otsukurisuru	0,0	0,0	KANJIDIC,PYPINYIN,UNIHAN
U+50D1	僑	キョウ	kyou	0	0	KANJIDIC,PYPINYIN,UNIHAN,WORDSHK_CHARS
U+50D3	僓	タイ,カイ,エ,テ,ならう,みやびやか,したがう	tai,kai,e,te,narau,miyabiyaka,shitagau	0,0,0,0,0,0,0	0,0,0,0,0,0,0	KANJIDIC,PYPINYIN,UNIHAN
U+50D4	僔	ソン,あつまる,おおい,うやうやしい	son,atsumaru,ooi,uyauyashii	0,0,0,0	0,0,0,0	KANJIDIC,PYPINYIN,UNIHAN
U+50D5	僕	ボク,しもべ	boku,shimobe	0,0	0,0	KANJIDIC,PYPINYIN,UNIHAN,WORDSHK_CHARS
U+50D6	僖	キ,よろこぶ	ki,yorokobu	0,0	0,0	KANJIDIC,PYPINYIN,UNIHAN
U+50D8	僘	ショウ,たかい,ほがらか,ひろい	shou,takai,hogaraka,hiroi	0,0,0,0	0,0,0,0	KANJIDIC,PYPINYIN,UNIHAN
U+50D9	僙	コウ,たけだけしいさま	kou,takedakeshiisama	0,0	0,0	KANJIDIC,PYPINYIN,UNIHAN
U+50DA	僚	リョウ	ryou	0	0	KANJIDIC,PYPINYIN,UNIHAN,WORDSHK_CHARS
U+50DC	僜	トウ,ト,ショウ,チョウ,のぼる,あがる	tou,to,shou,chou,noboru,agaru	0,0,0,0,0,0	0,0,0,0,0,0	KANJIDIC,PYPINYIN,UNIHAN
U+50DD	僝	サン,ゼン,そなえる,ののしる,あらわす	san,zen,sonaeru,nonoshiru,arawasu	0,0,0,0,0	0,0,0,0,0	KANJIDIC,PYPINYIN,UNIHAN
U+50DE	僞	ギ,カ,いつわる,いつわり,にせ	gi,ka,itsuwaru,itsuwari,nise	0,0,0,0,0	0,0,0,0,0	KANJIDIC,PYPINYIN,UNIHAN
U+50DF	僟	キ,ゲ,よくつつしむ,ちかい	ki,ge,yokutsutsushimu,chikai	0,0,0,0	0,0,0,0	KANJIDIC,PYPINYIN,UNIHAN
U+50E2	僢	セン,シュン,そむく,むかいあう,まじる	sen,shun,somuku,mukaiau,majiru	0,0,0,0,0	0,0,0,0,0	KANJIDIC,PYPINYIN,UNIHAN
U+50E3	僣	シン,セン,せんする,おごる	shin,sen,sensuru,ogoru	0,0,0,0	0,0,0,0	KANJIDIC,PYPINYIN,UNIHAN
U+50E4	僤	タン,セン,タツ,タチ,はやい,あつい,あきらか,ゆるぐ	tan,sen,tatsu,tachi,hayai,atsui,akiraka,yurugu	0,0,0,0,0,0,0,0	0,0,0,0,0,0,0,0	KANJIDIC,PYPINYIN,UNIHAN
U+50E5	僥	ギョウ,キョウ	gyou,kyou	0,0	0,0	KANJIDIC,PYPINYIN,UNIHAN,WORDSHK_CHARS
U+50E6	僦	シュウ,シュ,かりる,おくる,あつまる	shuu,shu,kariru,okuru,atsumaru	0,0,0,0,0	0,0,0,0,0	KANJIDIC,PYPINYIN,UNIHAN
U+50E7	僧	ソウ	sou	0	0	KANJIDIC,PYPINYIN,UNIHAN,WORDSHK_CHARS
U+50E8	僨	フン,ホン,たおれる,おちる,やぶる	fun,hon,taoreru,ochiru,yaburu	0,0,0,0,0	0,0,0,0,0	KANJIDIC,PYPINYIN,UNIHAN
U+50E9	僩	カン,ゲン,たけだけしい	kan,gen,takedakeshii	0,0,0	0,0,0	KANJIDIC,PYPINYIN,UNIHAN
U+50ED	僭	シン,セン,せんする,おごる	shin,sen,sensuru,ogoru	0,0,0,0	0,0,0,0	KANJIDIC,PYPINYIN,UNIHAN,WORDSHK_CHARS
U+50EE	僮	トウ,ドウ,しもべ,わらべ	tou,dou,shimobe,warabe	0,0,0,0	0,0,0,0	KANJIDIC,PYPINYIN,UNIHAN,WORDSHK_CHARS
U+50EF	僯	リン,はじる	rin,hajiru	0,0	0,0	KANJIDIC,PYPINYIN,UNIHAN
U+50F1	僱	コ,やとう	ko,yatou	0,0	0,0	KANJIDIC,PYPINYIN,UNIHAN,WORDSHK_CHARS
U+50F5	僵	キョウ,たおれる	kyou,taoreru	0,0	0,0	KANJIDIC,PYPINYIN,UNIHAN,WORDSHK_CHARS
U+50F6	僶	ビン,ミン,つとめる	bin,min,tsutomeru	0,0,0	0,0,0	KANJIDIC,PYPINYIN,UNIHAN
U+50F9	價	カ,ケ,あたい	ka,ke,atai	0,0,0	0,0,0	KANJIDIC,PYPINYIN,UNIHAN,WORDSHK_CHARS
U+50FA	僺	ショウ,ながい	shou,nagai	0,0	0,0	KANJIDIC,PYPINYIN,UNIHAN
U+50FB	僻	ヘキ,ヒ,ヘイ,へきする,ひがむ	heki,hi,hei,hekisuru,higamu	0,0,0,0,0	0,0,0,0,0	KANJIDIC,PYPINYIN,UNIHAN,WORDSHK_CHARS
U+50FE	僾	アイ,ほのか,かくれる,むせぶ,かなしむ	ai,honoka,kakureru,musebu,kanashimu	0,0,0,0,0	0,0,0,0,0	KANJIDIC,PYPINYIN,UNIHAN
U+5100	儀	ギ	gi	0	0	KANJIDIC,PYPINYIN,UNIHAN,WORDSHK_CHARS
U+5101	儁	シュン,すぐれる	shun,sugureru	0,0	0,0	KANJIDIC,PYPINYIN,UNIHAN
U+5102	儂	ドウ,ノウ,わし,かれ	dou,nou,washi,kare	0,0,0,0	0,0,0,0	KANJIDIC,PYPINYIN,UNIHAN,WORDSHK_CHARS
U+5103	儃	セン,タン,たたずむ,ようす,ほしいまま	sen,tan,tatazumu,yousu,hoshiimama	0,0,0,0,0	0,0,0,0,0	KANJIDIC,PYPINYIN,UNIHAN
U+5104	億	オク	oku	0	0	KANJIDIC,PYPINYIN,UNIHAN,WORDSHK_CHARS
U+5106	儆	ケイ,ショウ,いましめる	kei,shou,imashimeru	0,0,0	0,0,0	KANJIDIC,PYPINYIN,UNIHAN,WORDSHK_CHARS
U+5107	儇	ケン,かしこい,あざむく,さとい,まとう	ken,kashikoi,azamuku,satoi,matou	0,0,0,0,0	0,0,0,0,0	KANJIDIC,PYPINYIN,UNIHAN
U+5108	儈	カイ,ケ,なかがい	kai,ke,nakagai	0,0,0	0,0,0	KANJIDIC,PYPINYIN,UNIHAN,WORDSHK_CHARS
U+5109	儉	ケン,つましい,つづまやか	ken,tsumashii,tsuzumayaka	0,0,0	0,0,0	KANJIDIC,PYPINYIN,UNIHAN,WORDSHK_CHARS
U+510B	儋	タン,セン,になう,こがめ	tan,sen,ninau,kogame	0,0,0,0	0,0,0,0	KANJIDIC,PYPINYIN,UNIHAN
U+510C	儌	キョウ,ゆく,うかがう,もとめる,いつわる	kyou,yuku,ukagau,motomeru,itsuwaru	0,0,0,0,0	0,0,0,0,0	KANJIDIC,PYPINYIN,UNIHAN
U+510D	儍	サ	sa	0	0	KANJIDIC,PYPINYIN,UNIHAN
U+510E	儎	サイ,のせる	sai,noseru	0,0	0,0	KANJIDIC,PYPINYIN,UNIHAN
U+5110	儐	ヒン,すすめる,うやまう,あいさつ	hin,susumeru,uyamau,aisatsu	0,0,0,0	0,0,0,0	KANJIDIC,PYPINYIN,UNIHAN,WORDSHK_CHARS
U+5112	儒	ジュ	ju	0	0	KANJIDIC,PYPINYIN,UNIHAN,WORDSHK_CHARS
U+5114	儔	チュウ,ジュ,ともがら	chuu,ju,tomogara	0,0,0	0,0,0	KANJIDIC,PYPINYIN,UNIHAN
U+5115	儕	セイ,サイ,ともがら	sei,sai,tomogara	0,0,0	0,0,0	KANJIDIC,PYPINYIN,UNIHAN,WORDSHK_CHARS
U+5116	儖	ラン	ran	0	0	KANJIDIC,PYPINYIN,UNIHAN
U+5117	儗	ギ,カイ,なぞらえる,くらべる	gi,kai,nazoraeru,kuraberu	0,0,0,0	0,0,0,0	KANJIDIC,PYPINYIN,UNIHAN
U+5118	儘	ジン,まま,ことごとく	jin,mama,kotogotoku	0,0,0	0,0,0	KANJIDIC,PYPINYIN,UNIHAN,WORDSHK_CHARS
U+5119	儙	ケン,ひらく	ken,hiraku	0,0	0,0	KANJIDIC,PYPINYIN,UNIHAN
U+511A	儚	ボウ,モウ,はかない,くらい	bou,mou,hakanai,kurai	0,0,0,0	0,0,0,0	KANJIDIC,PYPINYIN,UNIHAN
U+511B	儛	ブ,ム,まう,まわす	bu,mu,mau,mawasu	0,0,0,0	0,0,0,0	KANJIDIC,PYPINYIN,UNIHAN
U+511C	儜	ドウ,ニョウ,ネイ,なやむ,よわい	dou,nyou,nei,nayamu,yowai	0,0,0,0,0	0,0,0,0,0	KANJIDIC,PYPINYIN,UNIHAN
U+511D	儝	ケイ,まつ	kei,matsu	0,0	0,0	KANJIDIC,PYPINYIN,UNIHAN
U+511E	儞	ジ,ニ,なんじ,しかり,その,のみ,おれ	ji,ni,nanji,shikari,sono,nomi,ore	0,0,0,0,0,0,0	0,0,0,0,0,0,0	KANJIDIC,PYPINYIN,UNIHAN
U+511F	償	ショウ,つぐなう	shou,tsugunau	0,0	0,0	KANJIDIC,PYPINYIN,UNIHAN,WORDSHK_CHARS
U+5121	儡	ライ	rai	0	0	KANJIDIC,PYPINYIN,UNIHAN,WORDSHK_CHARS
U+5123	儣	コウ	kou	0	0	KANJIDIC,PYPINYIN,UNIHAN
U+5127	儧	サン,あつめる,あつまる	san,atsumeru,atsumaru	0,0,0	0,0,0	KANJIDIC,PYPINYIN,UNIHAN
U+5128	儨	シツ,シチ,ただしい	shitsu,shichi,tadashii	0,0,0	0,0,0	KANJIDIC,PYPINYIN,UNIHAN
U+512A	優	ユウ,ウ,やさしい,すぐれる,まさる	yuu,u,yasashii,sugureru,masaru	0,0,0,0,0	0,0,0,0,0	KANJIDIC,PYPINYIN,UNIHAN,WORDSHK_CHARS
U+512C	儬	シン	shin	0	0	KANJIDIC,PYPINYIN,UNIHAN
U+512D	儭	シン,いたる,ちかい,おそれる,うら,しく	shin,itaru,chikai,osoreru,ura,shiku	0,0,0,0,0,0	0,0,0,0,0,0	KANJIDIC,PYPINYIN,UNIHAN
U+512F	儯	トウ,ながい	tou,nagai	0,0	0,0	KANJIDIC,PYPINYIN,UNIHAN
U+5131	儱	ロウ,ル,リョウ,リュ,できあがらない,うやむや	rou,ru,ryou,ryu,dekiagaranai,uyamuya	0,0,0,0,0,0	0,0,0,0,0,0	KANJIDIC,PYPINYIN,UNIHAN
U+5132	儲	チョ,もうける,もうかる,もうけ,たくわえる	cho,moukeru,moukaru,mouke,takuwaeru	0,0,0,0,0	0,0,0,0,0	KANJIDIC,PYPINYIN,UNIHAN,WORDSHK_CHARS
U+5133	儳	サン,ととのわぬ,はやい,わるい	san,totonowanu,hayai,warui	0,0,0,0	0,0,0,0	KANJIDIC,PYPINYIN,UNIHAN,WORDSHK_CHARS
U+5134	儴	ショウ,ソウ,よる,さまよう	shou,sou,yoru,samayou	0,0,0,0	0,0,0,0	KANJIDIC,PYPINYIN,UNIHAN
U+5135	儵	シュウ,はやい	shuu,hayai	0,0	0,0	KANJIDIC,PYPINYIN,UNIHAN
U+5137	儷	レイ,つれあい,ならぶ	rei,tsureai,narabu	0,0,0	0,0,0	KANJIDIC,PYPINYIN,UNIHAN,WORDSHK_CHARS
U+5138	儸	ラ,さばく	ra,sabaku	0,0	0,0	KANJIDIC,PYPINYIN,UNIHAN
U+5139	儹	サン,あつめる,あつまる	san,atsumeru,atsumaru	0,0,0	0,0,0	KANJIDIC,PYPINYIN,UNIHAN
U+513A	儺	ナ,ダ,おにやらい	na,da,oniyarai	0,0,0	0,0,0	KANJIDIC,PYPINYIN,UNIHAN
U+513B	儻	トウ,あるいは,すぐれる,もし	tou,aruiha,sugureru,moshi	0,0,0,0	0,0,0,0	KANJIDIC,PYPINYIN,UNIHAN,WORDSHK_CHARS
U+513C	儼	ゲン,いかめしい,おごそか	gen,ikameshii,ogosoka	0,0,0	0,0,0	KANJIDIC,PYPINYIN,UNIHAN,WORDSHK_CHARS
U+513F	儿	ジン,ニン,がい	jin,nin,gai	0,0,0	0,0,0	KANJIDIC,PYPINYIN,UNIHAN
U+5140	兀	コツ	kotsu	0	0	KANJIDIC,PYPINYIN,UNIHAN,WORDSHK_CHARS
U+5141	允	イン,じょう,まことに,ゆるす	in,jou,makotoni,yurusu	0,0,0,0	0,0,0,0	KANJIDIC,PYPINYIN,UNIHAN,WORDSHK_CHARS
U+5142	兂	シン,サン,かんざし	shin,san,kanzashi	0,0,0	0,0,0	KANJIDIC,PYPINYIN,UNIHAN
U+5143	元	ゲン,ガン,もと	gen,gan,moto	0,0,0	0,0,0	KANJIDIC,PYPINYIN,UNIHAN,WORDSHK_CHARS
U+5144	兄	ケイ,キョウ,あに	kei,kyou,ani	0,0,0	0,0,0	KANJIDIC,PYPINYIN,UNIHAN,WORDSHK_CHARS
U+5145	充	ジュウ,あてる,みたす	juu,ateru,mitasu	0,0,0	0,0,0	KANJIDIC,PYPINYIN,UNIHAN,WORDSHK_CHARS
U+5146	兆	チョウ,きざす,きざし	chou,kizasu,kizashi	0,0,0	0,0,0	KANJIDIC,PYPINYIN,UNIHAN,WORDSHK_CHARS
U+5147	兇	キョウ,おそれる,わるい	kyou,osoreru,warui	0,0,0	0,0,0	KANJIDIC,PYPINYIN,UNIHAN,WORDSHK_CHARS
U+5148	先	セン,さき,まず	sen,saki,mazu	0,0,0	0,0,0	KANJIDIC,PYPINYIN,UNIHAN,WORDSHK_CHARS
U+5149	光	コウ,ひかる,ひかり	kou,hikaru,hikari	0,0,0	0,0,0	KANJIDIC,PYPINYIN,UNIHAN,WORDSHK_CHARS
U+514A	兊	ダ,エイ,エツ,タイ,よろこぶ	da,ei,etsu,tai,yorokobu	0,0,0,0,0	0,0,0,0,0	KANJIDIC,PYPINYIN,UNIHAN
U+514B	克	コク,かつ	koku,katsu	0,0	0,0	KANJIDIC,PYPINYIN,UNIHAN,WORDSHK_CHARS
U+514C	兌	ダ,エイ,エツ,タイ,よろこぶ	da,ei,etsu,tai,yorokobu	0,0,0,0,0	0,0,0,0,0	KANJIDIC,PYPINYIN,UNIHAN
U+514D	免	メン,まぬかれる,まぬがれる	men,manukareru,manugareru	0,0,0	0,0,0	KANJIDIC,PYPINYIN,UNIHAN,WORDSHK_CHARS
U+514E	兎	ト,ツ,うさぎ	to,tsu,usagi	0,0,0	0,0,0	KANJIDIC,PYPINYIN,UNIHAN
U+514F	兏	チョウ,ながい,おさ	chou,nagai,osa	0,0,0	0,0,0	KANJIDIC,PYPINYIN,UNIHAN
U+5150	児	ジ,ニ,ゲイ,こ,っこ	ji,ni,gei,ko,kko	0,0,0,0,0	0,0,0,0,0	KANJIDIC,PYPINYIN,UNIHAN
U+5152	兒	ジ,ニ,ゲイ,こ	ji,ni,gei,ko	0,0,0,0	0,0,0,0	KANJIDIC,PYPINYIN,UNIHAN,WORDSHK_CHARS
U+5153	兓	シン,サン,するどい,たすける	shin,san,surudoi,tasukeru	0,0,0,0	0,0,0,0	KANJIDIC,PYPINYIN,UNIHAN
U+5154	兔	ト,ツ,うさぎ	to,tsu,usagi	0,0,0	0,0,0	KANJIDIC,PYPINYIN,UNIHAN,WORDSHK_CHARS
U+5155	兕	シ	shi	0	0	KANJIDIC,PYPINYIN,UNIHAN
U+5157	兗	エン,くくる,ただしい,まこと	en,kukuru,tadashii,makoto	0,0,0,0	0,0,0,0	KANJIDIC,PYPINYIN,UNIHAN
U+5158	兘	シ,はじめる,はじまる	shi,hajimeru,hajimaru	0,0,0	0,0,0	KANJIDIC,PYPINYIN,UNIHAN
U+515A	党	トウ,なかま,むら	tou,nakama,mura	0,0,0	0,0,0	KANJIDIC,PYPINYIN,UNIHAN
U+515C	兜	トウ,ト,かぶと	tou,to,kabuto	0,0,0	0,0,0	KANJIDIC,PYPINYIN,UNIHAN,WORDSHK_CHARS
U+515F	兟	シン,すすむ	shin,susumu	0,0	0,0	KANJIDIC,PYPINYIN,UNIHAN
U+5162	兢	キョウ,おそれる,つつしむ	kyou,osoreru,tsutsushimu	0,0,0	0,0,0	KANJIDIC,PYPINYIN,UNIHAN,WORDSHK_CHARS
U+5164	兤	コウ,あかるい	kou,akarui	0,0	0,0	KANJIDIC,PYPINYIN,UNIHAN
U+5165	入	ニュウ,ジュ,いる,いり,いれる,いれ,はいる	nyuu,ju,iru,iri,ireru,ire,hairu	0,0,0,0,0,0,0	0,0,0,0,0,0,0	KANJIDIC,PYPINYIN,UNIHAN,WORDSHK_CHARS
U+5166	兦	ボウ,モウ,ない,ほろびる,ほろぶ,ほろぼす	bou,mou,nai,horobiru,horobu,horobosu	0,0,0,0,0,0	0,0,0,0,0,0	KANJIDIC,PYPINYIN,UNIHAN
U+5168	全	ゼン,まったく,すべて	zen,mattaku,subete	0,0,0	0,0,0	KANJIDIC,PYPINYIN,UNIHAN,WORDSHK_CHARS
U+5169	兩	リョウ,ふたつ	ryou,futatsu	0,0	0,0	KANJIDIC,PYPINYIN,UNIHAN,WORDSHK_CHARS
U+516A	兪	ユ,しかり	yu,shikari	0,0	0,0	KANJIDIC,PYPINYIN,UNIHAN
U+516B	八	ハチ,ハツ,や,やつ,やっつ,よう	hachi,hatsu,ya,yatsu,yattsu,you	0,0,0,0,0,0	0,0,0,0,0,0	KANJIDIC,PYPINYIN,UNIHAN,WORDSHK_CHARS
U+516C	公	コウ,ク,おおやけ	kou,ku,ooyake	0,0,0	0,0,0	KANJIDIC,PYPINYIN,UNIHAN,WORDSHK_CHARS
U+516D	六	ロク,リク,む,むつ,むっつ,むい	roku,riku,mu,mutsu,muttsu,mui	0,0,0,0,0,0	0,0,0,0,0,0	KANJIDIC,PYPINYIN,UNIHAN,WORDSHK_CHARS
U+516E	兮	ケイ	kei	0	0	KANJIDIC,PYPINYIN,UNIHAN
U+5171	共	キョウ,とも,ともに,ども	kyou,tomo,tomoni,domo	0,0,0,0	0,0,0,0	KANJIDIC,PYPINYIN,UNIHAN,WORDSHK_CHARS
U+5175	兵	ヘイ,ヒョウ,つわもの	hei,hyou,tsuwamono	0,0,0	0,0,0	KANJIDIC,PYPINYIN,UNIHAN,WORDSHK_CHARS
U+5176	其	キ,ギ,ゴ,それ,その	ki,gi,go,sore,sono	0,0,0,0,0	0,0,0,0,0	KANJIDIC,PYPINYIN,UNIHAN,WORDSHK_CHARS
U+5177	具	グ,そなえる,つぶさに	gu,sonaeru,tsubusani	0,0,0	0,0,0	KANJIDIC,PYPINYIN,UNIHAN,WORDSHK_CHARS
U+5178	典	テン,デン,ふみ,のり	ten,den,fumi,nori	0,0,0,0	0,0,0,0	KANJIDIC,PYPINYIN,UNIHAN,WORDSHK_CHARS
U+517C	兼	ケン,かねる	ken,kaneru	0,0	0,0	KANJIDIC,PYPINYIN,UNIHAN,WORDSHK_CHARS
U+517E	兾	キ,こいねがう,こいねがわくは	ki,koinegau,koinegawakuha	0,0,0	0,0,0	KANJIDIC,PYPINYIN,UNIHAN
U+5180	冀	キ,こいねがう,こいねがわくは	ki,koinegau,koinegawakuha	0,0,0	0,0,0	KANJIDIC,PYPINYIN,UNIHAN,WORDSHK_CHARS
U+5182	冂	キョウ,ケイ	kyou,kei	0,0	0,0	KANJIDIC,PYPINYIN,UNIHAN
U+5183	冃	ボウ,モウ,ずきん,おおう	bou,mou,zukin,oou	0,0,0,0	0,0,0,0	KANJIDIC,PYPINYIN,UNIHAN
U+5184	冄	ゼン,ネン,あやうい	zen,nen,ayaui	0,0,0	0,0,0	KANJIDIC,PYPINYIN,UNIHAN
U+5185	内	ナイ,ダイ,うち	nai,dai,uchi	0,0,0	0,0,0	KANJIDIC,PYPINYIN,UNIHAN
U+5186	円	エン,まるい,まる,まど,まどか,まろやか	en,marui,maru,mado,madoka,maroyaka	0,0,0,0,0,0	0,0,0,0,0,0	KANJIDIC,PYPINYIN,UNIHAN,WORDSHK_CHARS
U+5189	冉	ゼン,ネン,あやうい	zen,nen,ayaui	0,0,0	0,0,0	KANJIDIC,PYPINYIN,UNIHAN,WORDSHK_CHARS
U+518A	冊	サツ,サク,ふみ	satsu,saku,fumi	0,0,0	0,0,0	KANJIDIC,PYPINYIN,UNIHAN,WORDSHK_CHARS
U+518B	冋	キョウ,ケイ,まきがまえ,えながまえ,どうがまえ,けいがまえ	kyou,kei,makigamae,enagamae,dougamae,keigamae	0,0,0,0,0,0	0,0,0,0,0,0	KANJIDIC,PYPINYIN,UNIHAN
U+518C	册	サツ,サク,ふみ	satsu,saku,fumi	0,0,0	0,0,0	KANJIDIC,PYPINYIN,UNIHAN
U+518D	再	サイ,サ,ふたたび	sai,sa,futatabi	0,0,0	0,0,0	KANJIDIC,PYPINYIN,UNIHAN,WORDSHK_CHARS
U+518E	冎	カ,ケ,わける,さく	ka,ke,wakeru,saku	0,0,0,0	0,0,0,0	KANJIDIC,PYPINYIN,UNIHAN
U+518F	冏	ケイ,キョウ,ソウ,あきらか	kei,kyou,sou,akiraka	0,0,0,0	0,0,0,0	KANJIDIC,PYPINYIN,UNIHAN
U+5190	冐	ボウ,おかす	bou,okasu	0,0	0,0	KANJIDIC,PYPINYIN,UNIHAN
U+5191	冑	チュウ,かぶと,よろい	chuu,kabuto,yoroi	0,0,0	0,0,0	KANJIDIC,PYPINYIN,UNIHAN
U+5192	冒	ボウ,おかす	bou,okasu	0,0	0,0	KANJIDIC,PYPINYIN,UNIHAN,WORDSHK_CHARS
U+5193	冓	コウ,かまえる	kou,kamaeru	0,0	0,0	KANJIDIC,PYPINYIN,UNIHAN
U+5195	冕	ベン,メン,かんむり	ben,men,kanmuri	0,0,0	0,0,0	KANJIDIC,PYPINYIN,UNIHAN,WORDSHK_CHARS
U+5196	冖	ベキ	beki	0	0	KANJIDIC,PYPINYIN,UNIHAN,WORDSHK_CHARS
U+5197	冗	ジョウ	jou	0	0	KANJIDIC,PYPINYIN,UNIHAN,WORDSHK_CHARS
U+5198	冘	イン,ユ,おこたる,ためらう,うたがう	in,yu,okotaru,tamerau,utagau	0,0,0,0,0	0,0,0,0,0	KANJIDIC,PYPINYIN,UNIHAN
U+5199	写	シャ,ジャ,うつす,うつる,うつ,うつし	sha,ja,utsusu,utsuru,utsu,utsushi	0,0,0,0,0,0	0,0,0,0,0,0	KANJIDIC,PYPINYIN,UNIHAN
U+519D	冝	ギ,よろしい,よろしく	gi,yoroshii,yoroshiku	0,0,0	0,0,0	KANJIDIC,PYPINYIN,UNIHAN
U+51A0	冠	カン,かんむり	kan,kanmuri	0,0	0,0	KANJIDIC,PYPINYIN,UNIHAN,WORDSHK_CHARS
U+51A1	冡	ボウ,モ,おおう	bou,mo,oou	0,0,0	0,0,0	KANJIDIC,PYPINYIN,UNIHAN
U+51A2	冢	チョウ,つか,おおう	chou,tsuka,oou	0,0,0	0,0,0	KANJIDIC,PYPINYIN,UNIHAN,WORDSHK_CHARS
U+51A3	冣	サイ,シュ,もっとも,つま	sai,shu,mottomo,tsuma	0,0,0,0	0,0,0,0	KANJIDIC,PYPINYIN,UNIHAN
U+51A4	冤	エン	en	0	0	KANJIDIC,PYPINYIN,UNIHAN,WORDSHK_CHARS
U+51A5	冥	メイ,ミョウ,くらい	mei,myou,kurai	0,0,0	0,0,0	KANJIDIC,PYPINYIN,UNIHAN,WORDSHK_CHARS
U+51A6	冦	コウ,あだする	kou,adasuru	0,0	0,0	KANJIDIC,PYPINYIN,UNIHAN
U+51A8	冨	フ,フウ,とむ,とみ	fu,fuu,tomu,tomi	0,0,0,0	0,0,0,0	KANJIDIC,PYPINYIN,UNIHAN
U+51A9	冩	シャ,うつす,うつる	sha,utsusu,utsuru	0,0,0	0,0,0	KANJIDIC,PYPINYIN,UNIHAN
U+51AA	冪	ベキ	beki	0	0	KANJIDIC,PYPINYIN,UNIHAN,WORDSHK_CHARS
U+51AB	冫	ヒョウ,こおり	hyou,koori	0,0	0,0	KANJIDIC,PYPINYIN,UNIHAN,WORDSHK_CHARS
U+51AC	冬	トウ,ふゆ	tou,fuyu	0,0	0,0	KANJIDIC,PYPINYIN,UNIHAN,WORDSHK_CHARS
U+51AD	冭	タイ,タツ,タチ,タ,なめらか	tai,tatsu,tachi,ta,nameraka	0,0,0,0,0	0,0,0,0,0	KANJIDIC,PYPINYIN,UNIHAN
U+51B0	冰	ヒョウ,こおり,ひ,こおる	hyou,koori,hi,kooru	0,0,0,0	0,0,0,0	KANJIDIC,PYPINYIN,UNIHAN,WORDSHK_CHARS
U+51B1	冱	ゴ,コ,さえる,こおる,ひえる	go,ko,saeru,kooru,hieru	0,0,0,0,0	0,0,0,0,0	KANJIDIC,PYPINYIN,UNIHAN
U+51B2	冲	チュウ,おき,おきつ,ちゅうする,わく	chuu,oki,okitsu,chuusuru,waku	0,0,0,0,0	0,0,0,0,0	KANJIDIC,PYPINYIN,UNIHAN
U+51B3	决	ケチ,ケツ,きめる,きまる,さく	kechi,ketsu,kimeru,kimaru,saku	0,0,0,0,0	0,0,0,0,0	KANJIDIC,PYPINYIN,UNIHAN
U+51B4	冴	ゴ,コ,さえる,こおる,ひえる	go,ko,saeru,kooru,hieru	0,0,0,0,0	0,0,0,0,0	KANJIDIC,PYPINYIN,UNIHAN
U+51B5	况	キョウ,まして,いわんや,おもむき	kyou,mashite,iwanya,omomuki	0,0,0,0	0,0,0,0	KANJIDIC,PYPINYIN,UNIHAN
U+51B6	冶	ヤ,いる	ya,iru	0,0	0,0	KANJIDIC,PYPINYIN,UNIHAN,WORDSHK_CHARS
U+51B7	冷	レイ,つめたい,ひえる,ひや,ひややか,ひやす,ひやかす,さめる,さます	rei,tsumetai,hieru,hiya,hiyayaka,hiyasu,hiyakasu,sameru,samasu	0,0,0,0,0,0,0,0,0	0,0,0,0,0,0,0,0,0	KANJIDIC,PYPINYIN,UNIHAN,WORDSHK_CHARS
U+51B8	冸	ハン,とける	han,tokeru	0,0	0,0	KANJIDIC,PYPINYIN,UNIHAN
U+51BA	冺	ビン,ベン,ミン,メン,ほろびる	bin,ben,min,men,horobiru	0,0,0,0,0	0,0,0,0,0	KANJIDIC,PYPINYIN,UNIHAN
U+51BC	冼	ショウ,さむい	shou,samui	0,0	0,0	KANJIDIC,PYPINYIN,UNIHAN,WORDSHK_CHARS
U+51BD	冽	レツ,レイ,きよい	retsu,rei,kiyoi	0,0,0	0,0,0	KANJIDIC,PYPINYIN,UNIHAN
U+51BE	冾	キョウ,やわらぐ	kyou,yawaragu	0,0	0,0	KANJIDIC,PYPINYIN,UNIHAN
U+51BF	冿	セン,すすむ	sen,susumu	0,0	0,0	KANJIDIC,PYPINYIN,UNIHAN
U+51C2	凂	バイ	bai	0	0	KANJIDIC,PYPINYIN,UNIHAN
U+51C4	凄	セイ,サイ,さむい,すごい,すさまじい	sei,sai,samui,sugoi,susamajii	0,0,0,0,0	0,0,0,0,0	KANJIDIC,PYPINYIN,UNIHAN,WORDSHK_CHARS
U+51C5	凅	コ,カク,かれる,からす,こおる	ko,kaku,kareru,karasu,kooru	0,0,0,0,0	0,0,0,0,0	KANJIDIC,PYPINYIN,UNIHAN
U+51C6	准	ジュン	jun	0	0	KANJIDIC,PYPINYIN,UNIHAN,WORDSHK_CHARS
U+51C8	凈	ソウ,ショウ,ひややか	sou,shou,hiyayaka	0,0,0	0,0,0	KANJIDIC,PYPINYIN,UNIHAN,WORDSHK_CHARS
U+51C9	凉	リョウ,すずしい,すずむ,すずやか,うすい,ひやす,まことに	ryou,suzushii,suzumu,suzuyaka,usui,hiyasu,makotoni	0,0,0,0,0,0,0	0,0,0,0,0,0,0	KANJIDIC,PYPINYIN,UNIHAN,WORDSHK_CHARS
U+51CA	凊	セイ,さむい,すずしい	sei,samui,suzushii	0,0,0	0,0,0	KANJIDIC,PYPINYIN,UNIHAN
U+51CB	凋	チョウ,しぼむ	chou,shibomu	0,0	0,0	KANJIDIC,PYPINYIN,UNIHAN,WORDSHK_CHARS
U+51CC	凌	リョウ,しのぐ	ryou,shinogu	0,0	0,0	KANJIDIC,PYPINYIN,UNIHAN,WORDSHK_CHARS
U+51CD	凍	トウ,こおる,こごえる,こごる,いてる,しみる	tou,kooru,kogoeru,kogoru,iteru,shimiru	0,0,0,0,0,0	0,0,0,0,0,0	KANJIDIC,PYPINYIN,UNIHAN,WORDSHK_CHARS
U+51CF	减	ゲン,へる,へらす	gen,heru,herasu	0,0,0	0,0,0	KANJIDIC,PYPINYIN,UNIHAN
U+51D1	凑	ソウ,みなと,あつまる	sou,minato,atsumaru	0,0,0	0,0,0	KANJIDIC,PYPINYIN,UNIHAN
U+51D2	凒	ギ,ゲ,カイ,しろい,さむい	gi,ge,kai,shiroi,samui	0,0,0,0,0	0,0,0,0,0	KANJIDIC,PYPINYIN,UNIHAN
U+51D3	凓	リツ,リチ,さむい	ritsu,richi,samui	0,0,0	0,0,0	KANJIDIC,PYPINYIN,UNIHAN
U+51D5	凕	ベイ,ミョウ,こおる	bei,myou,kooru	0,0,0	0,0,0	KANJIDIC,PYPINYIN,UNIHAN
U+51D6	凖	ジュン,じゅんじる,じゅんずる,なぞらえる,のり,ひとしい,みずもり	jun,junjiru,junzuru,nazoraeru,nori,hitoshii,mizumori	0,0,0,0,0,0,0	0,0,0,0,0,0,0	KANJIDIC,PYPINYIN,UNIHAN
U+51D8	凘	シ,セイ,サイ	shi,sei,sai	0,0,0	0,0,0	KANJIDIC,PYPINYIN,UNIHAN
U+51DB	凛	リン,きびしい	rin,kibishii	0,0	0,0	KANJIDIC,PYPINYIN,UNIHAN
U+51DC	凜	リン,きびしい	rin,kibishii	0,0	0,0	KANJIDIC,PYPINYIN,UNIHAN,WORDSHK_CHARS
U+51DD	凝	ギョウ,こる,こらす,こごらす,こごらせる,こごる	gyou,koru,korasu,kogorasu,kogoraseru,kogoru	0,0,0,0,0,0	0,0,0,0,0,0	KANJIDIC,PYPINYIN,UNIHAN,WORDSHK_CHARS
U+51DE	凞	キ,やわらぐ	ki,yawaragu	0,0	0,0	KANJIDIC,PYPINYIN,UNIHAN
U+51E0	几	キ,きにょう	ki,kinyou	0,0	0,0	KANJIDIC,PYPINYIN,UNIHAN,WORDSHK_CHARS
U+51E1	凡	ボン,ハン,およそ,おうよそ,すべて	bon,han,oyoso,ouyoso,subete	0,0,0,0,0	0,0,0,0,0	KANJIDIC,PYPINYIN,UNIHAN,WORDSHK_CHARS
U+51E2	凢	ボン,ハン,およそ,おおよそ,すべて	bon,han,oyoso,ooyoso,subete	0,0,0,0,0	0,0,0,0,0	KANJIDIC,PYPINYIN,UNIHAN
U+51E5	凥	キョ,コ,いる,おる	kyo,ko,iru,oru	0,0,0,0	0,0,0,0	KANJIDIC,PYPINYIN,UNIHAN
U+51E6	処	ショ,ところ,こ,おる	sho,tokoro,ko,oru	0,0,0,0	0,0,0,0	KANJIDIC,PYPINYIN,UNIHAN
U+51E7	凧	いかのぼり,たこ	ikanobori,tako	0,0	0,0	KANJIDIC,PYPINYIN,UNIHAN
U+51E9	凩	こがらし	kogarashi	0	0	KANJIDIC,PYPINYIN,UNIHAN
U+51EA	凪	なぎ,なぐ	nagi,nagu	0,0	0,0	KANJIDIC,PYPINYIN,UNIHAN
U+51ED	凭	ヒョウ,ヘイ,もたれる,よる	hyou,hei,motareru,yoru	0,0,0,0	0,0,0,0	KANJIDIC,PYPINYIN,UNIHAN,WORDSHK_CHARS
U+51EE	凮	フウ,フ,かぜ,かざ	fuu,fu,kaze,kaza	0,0,0,0	0,0,0,0	KANJIDIC,PYPINYIN,UNIHAN
U+51F0	凰	コウ,オウ,おおとり	kou,ou,ootori	0,0,0	0,0,0	KANJIDIC,PYPINYIN,UNIHAN,WORDSHK_CHARS
U+51F1	凱	ガイ,カイ,かちどき,やわらぐ	gai,kai,kachidoki,yawaragu	0,0,0,0	0,0,0,0	KANJIDIC,PYPINYIN,UNIHAN,WORDSHK_CHARS
U+51F2	凲	カン,ケン	kan,ken	0,0	0,0	KANJIDIC,PYPINYIN,UNIHAN
U+51F3	凳	トウ,こしかけ	tou,koshikake	0,0	0,0	KANJIDIC,PYPINYIN,UNIHAN,WORDSHK_CHARS
U+51F4	凴	ヒョウ	hyou	0	0	KANJIDIC,PYPINYIN,UNIHAN
U+51F5	凵	カン	kan	0	0	KANJIDIC,PYPINYIN,UNIHAN
U+51F6	凶	キョウ	kyou	0	0	KANJIDIC,PYPINYIN,UNIHAN,WORDSHK_CHARS
U+51F7	凷	カイ,ケ,かたまり,つちくれ	kai,ke,katamari,tsuchikure	0,0,0,0	0,0,0,0	KANJIDIC,PYPINYIN,UNIHAN
U+51F8	凸	トツ,でこ	totsu,deko	0,0	0,0	KANJIDIC,PYPINYIN,UNIHAN,WORDSHK_CHARS
U+51F9	凹	オウ,くぼむ,へこむ,ぼこ	ou,kubomu,hekomu,boko	0,0,0,0	0,0,0,0	KANJIDIC,PYPINYIN,UNIHAN,WORDSHK_CHARS
U+51FA	出	シュツ,スイ,でる,で,だす,いでる,いだす	shutsu,sui,deru,de,dasu,ideru,idasu	0,0,0,0,0,0,0	0,0,0,0,0,0,0	KANJIDIC,PYPINYIN,UNIHAN,WORDSHK_CHARS
U+51FD	函	カン,はこ,いれる	kan,hako,ireru	0,0,0	0,0,0	KANJIDIC,PYPINYIN,UNIHAN,WORDSHK_CHARS
U+51FE	凾	カン,はこ,いれる	kan,hako,ireru	0,0,0	0,0,0	KANJIDIC,PYPINYIN,UNIHAN
U+5200	刀	トウ,かたな,そり	tou,katana,sori	0,0,0	0,0,0	KANJIDIC,PYPINYIN,UNIHAN,WORDSHK_CHARS
U+5201	刁	チョウ	chou	0	0	KANJIDIC,PYPINYIN,UNIHAN,WORDSHK_CHARS
U+5202	刂	トウ	tou	0	0	KANJIDIC,PYPINYIN,UNIHAN
U+5203	刃	ジン,ニン,は,やいば,きる	jin,nin,ha,yaiba,kiru	0,0,0,0,0	0,0,0,0,0	KANJIDIC,PYPINYIN,UNIHAN,WORDSHK_CHARS
U+5204	刄	ジン,ニン,は,やいば,きる	jin,nin,ha,yaiba,kiru	0,0,0,0,0	0,0,0,0,0	KANJIDIC,PYPINYIN,UNIHAN
U+5205	刅	ソウ,ショウ,つくる,はじめる,きずつける	sou,shou,tsukuru,hajimeru,kizutsukeru	0,0,0,0,0	0,0,0,0,0	KANJIDIC,PYPINYIN,UNIHAN
U+5206	分	ブン,フン,ブ,わける,わけ,わかれる,わかる,わかつ	bun,fun,bu,wakeru,wake,wakareru,wakaru,wakatsu	0,0,0,0,0,0,0,0	0,0,0,0,0,0,0,0	KANJIDIC,PYPINYIN,UNIHAN,WORDSHK_CHARS
U+5207	切	セツ,サイ,きる,きり,ぎり,きれる,きれ,ぎれ	setsu,sai,kiru,kiri,giri,kireru,kire,gire	0,0,0,0,0,0,0,0	0,0,0,0,0,0,0,0	KANJIDIC,PYPINYIN,UNIHAN,WORDSHK_CHARS
U+5208	刈	ガイ,カイ,かる	gai,kai,karu	0,0,0	0,0,0	KANJIDIC,PYPINYIN,UNIHAN
U+520A	刊	カン	kan	0	0	KANJIDIC,PYPINYIN,UNIHAN,WORDSHK_CHARS
U+520B	刋	カン,セン,きる,けずる	kan,sen,kiru,kezuru	0,0,0,0	0,0,0,0	KANJIDIC,PYPINYIN,UNIHAN
U+520E	刎	フン,はねる,くびはねる	fun,haneru,kubihaneru	0,0,0	0,0,0	KANJIDIC,PYPINYIN,UNIHAN,WORDSHK_CHARS
U+5211	刑	ケイ	kei	0	0	KANJIDIC,PYPINYIN,UNIHAN,WORDSHK_CHARS
U+5212	划	カ,ゲ,さおさす,かま,さく	ka,ge,saosasu,kama,saku	0,0,0,0,0	0,0,0,0,0	KANJIDIC,PYPINYIN,UNIHAN,WORDSHK_CHARS
U+5213	刓	ガン,グン,けずる,たつ,える,すりへる	gan,gun,kezuru,tatsu,eru,suriheru	0,0,0,0,0,0	0,0,0,0,0,0	KANJIDIC,PYPINYIN,UNIHAN
U+5214	刔	ケツ,えぐる	ketsu,eguru	0,0	0,0	KANJIDIC,PYPINYIN,UNIHAN
U+5215	刕	リ,レイ,ライ,さく	ri,rei,rai,saku	0,0,0,0	0,0,0,0	KANJIDIC,PYPINYIN,UNIHAN
U+5216	刖	ゲツ,グチ,ゴツ,ゴチ,カツ,きる,あやうい	getsu,guchi,gotsu,gochi,katsu,kiru,ayaui	0,0,0,0,0,0,0	0,0,0,0,0,0,0	KANJIDIC,PYPINYIN,UNIHAN
U+5217	列	レツ,レ	retsu,re	0,0	0,0	KANJIDIC,PYPINYIN,UNIHAN,WORDSHK_CHARS
U+5218	刘	リュウ,ル,ころす	ryuu,ru,korosu	0,0,0	0,0,0	KANJIDIC,PYPINYIN,UNIHAN
U+521D	初	ショ,はじめ,はじめて,はつ,うい,そめる,ぞめ	sho,hajime,hajimete,hatsu,ui,someru,zome	0,0,0,0,0,0,0	0,0,0,0,0,0,0	KANJIDIC,PYPINYIN,UNIHAN,WORDSHK_CHARS
U+5222	刢	レイ,リョウ,さく	rei,ryou,saku	0,0,0	0,0,0	KANJIDIC,PYPINYIN,UNIHAN
U+5224	判	ハン,バン,わかる	han,ban,wakaru	0,0,0	0,0,0	KANJIDIC,PYPINYIN,UNIHAN,WORDSHK_CHARS
U+5225	別	ベツ,わかれる,わける	betsu,wakareru,wakeru	0,0,0	0,0,0	KANJIDIC,PYPINYIN,UNIHAN,WORDSHK_CHARS
U+5227	刧	コウ,ゴウ,キョウ,おびやかす	kou,gou,kyou,obiyakasu	0,0,0,0	0,0,0,0	KANJIDIC,PYPINYIN,UNIHAN
U+5228	刨	ホウ,ビョウ,けずる	hou,byou,kezuru	0,0,0	0,0,0	KANJIDIC,PYPINYIN,UNIHAN,WORDSHK_CHARS
U+5229	利	リ,きく	ri,kiku	0,0	0,0	KANJIDIC,PYPINYIN,UNIHAN,WORDSHK_CHARS
U+522A	刪	サン,けずる	san,kezuru	0,0	0,0	KANJIDIC,PYPINYIN,UNIHAN,WORDSHK_CHARS
U+522E	刮	カツ,こそげる,けずる	katsu,kosogeru,kezuru	0,0,0	0,0,0	KANJIDIC,PYPINYIN,UNIHAN,WORDSHK_CHARS
U+5230	到	トウ,いたる	tou,itaru	0,0	0,0	KANJIDIC,PYPINYIN,UNIHAN,WORDSHK_CHARS
U+5231	刱	ソウ,ショウ,はじめる,きずつく	sou,shou,hajimeru,kizutsuku	0,0,0,0	0,0,0,0	KANJIDIC,PYPINYIN,UNIHAN
U+5232	刲	ケイ,ケ,さす,さく,えぐる,ころす	kei,ke,sasu,saku,eguru,korosu	0,0,0,0,0,0	0,0,0,0,0,0	KANJIDIC,PYPINYIN,UNIHAN
U+5233	刳	コ,くる,えぐる	ko,kuru,eguru	0,0,0	0,0,0	KANJIDIC,PYPINYIN,UNIHAN
U+5235	刵	ジ,ニ,ゲイ,みみきり	ji,ni,gei,mimikiri	0,0,0,0	0,0,0,0	KANJIDIC,PYPINYIN,UNIHAN
U+5236	制	セイ	sei	0	0	KANJIDIC,PYPINYIN,UNIHAN,WORDSHK_CHARS
U+5237	刷	サツ,する,ずり,はく	satsu,suru,zuri,haku	0,0,0,0	0,0,0,0	KANJIDIC,PYPINYIN,UNIHAN,WORDSHK_CHARS
U+5238	券	ケン	ken	0	0	KANJIDIC,PYPINYIN,UNIHAN,WORDSHK_CHARS
U+5239	刹	セチ,セツ,サツ	sechi,setsu,satsu	0,0,0	0,0,0	KANJIDIC,PYPINYIN,UNIHAN
U+523A	刺	シ,さす,ささる,さし,とげ	shi,sasu,sasaru,sashi,toge	0,0,0,0,0	0,0,0,0,0	KANJIDIC,PYPINYIN,UNIHAN,WORDSHK_CHARS
U+523B	刻	コク,きざむ,きざみ	koku,kizamu,kizami	0,0,0	0,0,0	KANJIDIC,PYPINYIN,UNIHAN,WORDSHK_CHARS
U+523C	刼	キョウ	kyou	0	0	KANJIDIC,PYPINYIN,UNIHAN
U+5243	剃	テイ,まい,そる,する	tei,mai,soru,suru	0,0,0,0	0,0,0,0	KANJIDIC,PYPINYIN,UNIHAN,WORDSHK_CHARS
U+5244	剄	ケイ,くびきる	kei,kubikiru	0,0	0,0	KANJIDIC,PYPINYIN,UNIHAN
U+5245	剅	ロウ,ル,トウ,ツ,さく,さける	rou,ru,tou,tsu,saku,sakeru	0,0,0,0,0,0	0,0,0,0,0,0	KANJIDIC,PYPINYIN,UNIHAN
U+5247	則	ソク,のっとる,のり,すなわち	soku,nottoru,nori,sunawachi	0,0,0,0	0,0,0,0	KANJIDIC,PYPINYIN,UNIHAN,WORDSHK_CHARS
U+5249	剉	サ,くじく	sa,kujiku	0,0	0,0	KANJIDIC,PYPINYIN,UNIHAN
U+524A	削	サク,けずる,はつる,そぐ	saku,kezuru,hatsuru,sogu	0,0,0,0	0,0,0,0	KANJIDIC,PYPINYIN,UNIHAN,WORDSHK_CHARS
U+524B	剋	コク,かつ	koku,katsu	0,0	0,0	KANJIDIC,PYPINYIN,UNIHAN,WORDSHK_CHARS
U+524C	剌	ラツ,もとる	ratsu,motoru	0,0	0,0	KANJIDIC,PYPINYIN,UNIHAN,WORDSHK_CHARS
U+524D	前	ゼン,まえ	zen,mae	0,0	0,0	KANJIDIC,PYPINYIN,UNIHAN,WORDSHK_CHARS
U+524F	剏	ソウ,ショウ,はじめる	sou,shou,hajimeru	0,0,0	0,0,0	KANJIDIC,PYPINYIN,UNIHAN
U+5254	剔	テキ,テイ,えぐる,そる	teki,tei,eguru,soru	0,0,0,0	0,0,0,0	KANJIDIC,PYPINYIN,UNIHAN,WORDSHK_CHARS
U+5255	剕	ヒ,あしきる	hi,ashikiru	0,0	0,0	KANJIDIC,PYPINYIN,UNIHAN
U+5256	剖	ボウ	bou	0	0	KANJIDIC,PYPINYIN,UNIHAN,WORDSHK_CHARS
U+5257	剗	サン,セン,けずる	san,sen,kezuru	0,0,0	0,0,0	KANJIDIC,PYPINYIN,UNIHAN
U+5258	剘	キ,まこと,ただす,さく	ki,makoto,tadasu,saku	0,0,0,0	0,0,0,0	KANJIDIC,PYPINYIN,UNIHAN
U+525A	剚	シ,さす,さしこむ,おく	shi,sasu,sashikomu,oku	0,0,0,0	0,0,0,0	KANJIDIC,PYPINYIN,UNIHAN
U+525B	剛	ゴウ	gou	0	0	KANJIDIC,PYPINYIN,UNIHAN,WORDSHK_CHARS
U+525C	剜	ワン,けずる,えぐる	wan,kezuru,eguru	0,0,0	0,0,0	KANJIDIC,PYPINYIN,UNIHAN
U+525D	剝	ハク,ホク,へぐ,へずる,むく,むける,はがれる,はぐ,はげる,はがす	haku,hoku,hegu,hezuru,muku,mukeru,hagareru,hagu,hageru,hagasu	0,0,0,0,0,0,0,0,0,0	0,0,0,0,0,0,0,0,0,0	KANJIDIC,PYPINYIN,UNIHAN,WORDSHK_CHARS
U+525E	剞	キ,きざむ	ki,kizamu	0,0	0,0	KANJIDIC,PYPINYIN,UNIHAN
U+525F	剟	テツ,テチ,タツ,タチ,けずる,さきとる,そぐ,うつ	tetsu,techi,tatsu,tachi,kezuru,sakitoru,sogu,utsu	0,0,0,0,0,0,0,0	0,0,0,0,0,0,0,0	KANJIDIC,PYPINYIN,UNIHAN
U+5260	剠	ケイ,ショウ,リョウ,いれずみ,かすめとる	kei,shou,ryou,irezumi,kasumetoru	0,0,0,0,0	0,0,0,0,0	KANJIDIC,PYPINYIN,UNIHAN
U+5261	剡	エン,セン,するどい,するどくする,けずる	en,sen,surudoi,surudokusuru,kezuru	0,0,0,0,0	0,0,0,0,0	KANJIDIC,PYPINYIN,UNIHAN
U+5263	剣	ケン,つるぎ	ken,tsurugi	0,0	0,0	KANJIDIC,PYPINYIN,UNIHAN
U+5264	剤	ザイ,スイ,セイ,かる,けずる	zai,sui,sei,karu,kezuru	0,0,0,0,0	0,0,0,0,0	KANJIDIC,PYPINYIN,UNIHAN
U+5265	剥	ハク,ホク,へぐ,へずる,むく,むける,はがれる,はぐ,はげる,はがす	haku,hoku,hegu,hezuru,muku,mukeru,hagareru,hagu,hageru,hagasu	0,0,0,0,0,0,0,0,0,0	0,0,0,0,0,0,0,0,0,0	KANJIDIC,PYPINYIN,UNIHAN
U+5266	剦	エン,アン,おおう	en,an,oou	0,0,0	0,0,0	KANJIDIC,PYPINYIN,UNIHAN
U+5269	剩	ジョウ,あまつさえ,あまり,あまる	jou,amatsusae,amari,amaru	0,0,0,0	0,0,0,0	KANJIDIC,PYPINYIN,UNIHAN,WORDSHK_CHARS
U+526A	剪	セン,きる,つむ	sen,kiru,tsumu	0,0,0	0,0,0	KANJIDIC,PYPINYIN,UNIHAN,WORDSHK_CHARS
U+526C	剬	タン,セン,セイ,たつ,さばく	tan,sen,sei,tatsu,sabaku	0,0,0,0,0	0,0,0,0,0	KANJIDIC,PYPINYIN,UNIHAN
U+526E	剮	カ,ケ,わける,さく	ka,ke,wakeru,saku	0,0,0,0	0,0,0,0	KANJIDIC,PYPINYIN,UNIHAN
U+526F	副	フク	fuku	0	0	KANJIDIC,PYPINYIN,UNIHAN,WORDSHK_CHARS
U+5270	剰	ジョウ,あまつさえ,あまり,あまる	jou,amatsusae,amari,amaru	0,0,0,0	0,0,0,0	KANJIDIC,PYPINYIN,UNIHAN
U+5271	剱	ケン,つるぎ	ken,tsurugi	0,0	0,0	KANJIDIC,PYPINYIN,UNIHAN
U+5272	割	カツ,わる,わり,われる,さく	katsu,waru,wari,wareru,saku	0,0,0,0,0	0,0,0,0,0	KANJIDIC,PYPINYIN,UNIHAN,WORDSHK_CHARS
U+5273	剳	トウ,サツ,チョウ,さす	tou,satsu,chou,sasu	0,0,0,0	0,0,0,0	KANJIDIC,PYPINYIN,UNIHAN
U+5274	剴	ガイ,カイ	gai,kai	0,0	0,0	KANJIDIC,PYPINYIN,UNIHAN
U+5275	創	ソウ,ショウ,つくる,はじめる,きず,けずしける	sou,shou,tsukuru,hajimeru,kizu,kezushikeru	0,0,0,0,0,0	0,0,0,0,0,0	KANJIDIC,PYPINYIN,UNIHAN,WORDSHK_CHARS
U+5277	剷	サン,セン,けずる	san,sen,kezuru	0,0,0	0,0,0	KANJIDIC,PYPINYIN,UNIHAN,WORDSHK_CHARS
U+5278	剸	タン,セン,きる,さく,たつ,ほしいまま	tan,sen,kiru,saku,tatsu,hoshiimama	0,0,0,0,0,0	0,0,0,0,0,0	KANJIDIC,PYPINYIN,UNIHAN
U+5279	剹	リク,リュウ,ロク,キョウ,ク,ころす,けずる	riku,ryuu,roku,kyou,ku,korosu,kezuru	0,0,0,0,0,0,0	0,0,0,0,0,0,0	KANJIDIC,PYPINYIN,UNIHAN
U+527D	剽	ヒョウ,おびやかす,さす	hyou,obiyakasu,sasu	0,0,0	0,0,0	KANJIDIC,PYPINYIN,UNIHAN,WORDSHK_CHARS
U+527F	剿	ソウ,ショウ	sou,shou	0,0	0,0	KANJIDIC,PYPINYIN,UNIHAN,WORDSHK_CHARS
U+5280	劀	カツ,けずる	katsu,kezuru	0,0	0,0	KANJIDIC,PYPINYIN,UNIHAN
U+5282	劂	ケツ,クチ,ケイ,ケ,けずる	ketsu,kuchi,kei,ke,kezuru	0,0,0,0,0	0,0,0,0,0	KANJIDIC,PYPINYIN,UNIHAN
U+5283	劃	カク,わかつ,くぎる	kaku,wakatsu,kugiru	0,0,0	0,0,0	KANJIDIC,PYPINYIN,UNIHAN,WORDSHK_CHARS
U+5284	劄	サツ,トウ,さす,かぎ,かま	satsu,tou,sasu,kagi,kama	0,0,0,0,0	0,0,0,0,0	KANJIDIC,PYPINYIN,UNIHAN
U+5285	劅	タク	taku	0	0	KANJIDIC,PYPINYIN,UNIHAN
U+5287	劇	ゲキ	geki	0	0	KANJIDIC,PYPINYIN,UNIHAN,WORDSHK_CHARS
U+5288	劈	ヘキ,ヒャク,つんざく,さく	heki,hyaku,tsunzaku,saku	0,0,0,0	0,0,0,0	KANJIDIC,PYPINYIN,UNIHAN,WORDSHK_CHARS
U+5289	劉	リュウ,ル,ころす	ryuu,ru,korosu	0,0,0	0,0,0	KANJIDIC,PYPINYIN,UNIHAN,WORDSHK_CHARS
U+528A	劊	カイ,ケ,カツ,たつ	kai,ke,katsu,tatsu	0,0,0,0	0,0,0,0	KANJIDIC,PYPINYIN,UNIHAN,WORDSHK_CHARS
U+528C	劌	ケイ,ケ,そこなう,さく,はり,とげ,あう	kei,ke,sokonau,saku,hari,toge,au	0,0,0,0,0,0,0	0,0,0,0,0,0,0	KANJIDIC,PYPINYIN,UNIHAN
U+528D	劍	ケン,つるぎ	ken,tsurugi	0,0	0,0	KANJIDIC,PYPINYIN,UNIHAN,WORDSHK_CHARS
U+5291	劑	ザイ,スイ,セイ,かる,けずる	zai,sui,sei,karu,kezuru	0,0,0,0,0	0,0,0,0,0	KANJIDIC,PYPINYIN,UNIHAN,WORDSHK_CHARS
U+5292	劒	ケン,つるぎ	ken,tsurugi	0,0	0,0	KANJIDIC,PYPINYIN,UNIHAN
U+5293	劓	ギ,ゲイ,はなきる,はなきり,さく	gi,gei,hanakiru,hanakiri,saku	0,0,0,0,0	0,0,0,0,0	KANJIDIC,PYPINYIN,UNIHAN
U+5294	劔	ケン,つるぎ	ken,tsurugi	0,0	0,0	KANJIDIC,PYPINYIN,UNIHAN
U+5295	劕	シツ,シチ,チ,たち,ただす,もと,わりふ	shitsu,shichi,chi,tachi,tadasu,moto,warifu	0,0,0,0,0,0,0	0,0,0,0,0,0,0	KANJIDIC,PYPINYIN,UNIHAN
U+5296	劖	サン,たつ,けずる	san,tatsu,kezuru	0,0,0	0,0,0	KANJIDIC,PYPINYIN,UNIHAN,WORDSHK_CHARS
U+5297	劗	サン,セン,へらす,きる	san,sen,herasu,kiru	0,0,0,0	0,0,0,0	KANJIDIC,PYPINYIN,UNIHAN
U+5298	劘	バ,マ,ビ,ミ,けずる,する,わける	ba,ma,bi,mi,kezuru,suru,wakeru	0,0,0,0,0,0,0	0,0,0,0,0,0,0	KANJIDIC,PYPINYIN,UNIHAN
U+529A	劚	チャク,チョウ,チョク,きる	chaku,chou,choku,kiru	0,0,0,0	0,0,0,0	KANJIDIC,PYPINYIN,UNIHAN
U+529B	力	リョク,リキ,リイ,ちから	ryoku,riki,rii,chikara	0,0,0,0	0,0,0,0	KANJIDIC,PYPINYIN,UNIHAN,WORDSHK_CHARS
U+529C	劜	アツ,エチ,つよい	atsu,echi,tsuyoi	0,0,0	0,0,0	KANJIDIC,PYPINYIN,UNIHAN
U+529F	功	コウ,ク,いさお	kou,ku,isao	0,0,0	0,0,0	KANJIDIC,PYPINYIN,UNIHAN,WORDSHK_CHARS
U+52A0	加	カ,くわえる,くわわる	ka,kuwaeru,kuwawaru	0,0,0	0,0,0	KANJIDIC,PYPINYIN,UNIHAN,WORDSHK_CHARS
U+52A3	劣	レツ,おとる	retsu,otoru	0,0	0,0	KANJIDIC,PYPINYIN,UNIHAN,WORDSHK_CHARS
U+52A4	劤	キン,コン,ロク,ちから	kin,kon,roku,chikara	0,0,0,0	0,0,0,0	KANJIDIC,PYPINYIN,UNIHAN
U+52A5	劥	コウ,キョウ,つよい	kou,kyou,tsuyoi	0,0,0	0,0,0	KANJIDIC,PYPINYIN,UNIHAN
U+52A6	劦	キョウ,リョウ,にわか,ととのう	kyou,ryou,niwaka,totonou	0,0,0,0	0,0,0,0	KANJIDIC,PYPINYIN,UNIHAN
U+52A7	劧	シ,かたい	shi,katai	0,0	0,0	KANJIDIC,PYPINYIN,UNIHAN
U+52A9	助	ジョ,たすける,たすかる,すける,すけ	jo,tasukeru,tasukaru,sukeru,suke	0,0,0,0,0	0,0,0,0,0	KANJIDIC,PYPINYIN,UNIHAN,WORDSHK_CHARS
U+52AA	努	ド,つとめる	do,tsutomeru	0,0	0,0	KANJIDIC,PYPINYIN,UNIHAN,WORDSHK_CHARS
U+52AB	劫	コウ,ゴウ,キョウ,おびやかす	kou,gou,kyou,obiyakasu	0,0,0,0	0,0,0,0	KANJIDIC,PYPINYIN,UNIHAN,WORDSHK_CHARS
U+52AC	劬	ク,つかれる	ku,tsukareru	0,0	0,0	KANJIDIC,PYPINYIN,UNIHAN
U+52AD	劭	ショウ,つとめる	shou,tsutomeru	0,0	0,0	KANJIDIC,PYPINYIN,UNIHAN
U+52AF	劯	ショ,つよい	sho,tsuyoi	0,0	0,0	KANJIDIC,PYPINYIN,UNIHAN
U+52B0	劰	バク,マク,つとめる	baku,maku,tsutomeru	0,0,0	0,0,0	KANJIDIC,PYPINYIN,UNIHAN
U+52B1	励	レイ,はげむ,はげます	rei,hagemu,hagemasu	0,0,0	0,0,0	KANJIDIC,PYPINYIN,UNIHAN
U+52B4	労	ロウ,ろうする,いたわる,いたずき,ねぎら,つかれる,ねぎらう	rou,rousuru,itawaru,itazuki,negira,tsukareru,negirau	0,0,0,0,0,0,0	0,0,0,0,0,0,0	KANJIDIC,PYPINYIN,UNIHAN
U+52B5	劵	ケン,てがた,わりふ	ken,tegata,warifu	0,0,0	0,0,0	KANJIDIC,PYPINYIN,UNIHAN
U+52B6	劶	コウ,ク,つとめる	kou,ku,tsutomeru	0,0,0	0,0,0	KANJIDIC,PYPINYIN,UNIHAN
U+52B7	劷	ヨウ,すすめる	you,susumeru	0,0	0,0	KANJIDIC,PYPINYIN,UNIHAN
U+52B8	劸	アイ,ア,せまる	ai,a,semaru	0,0,0	0,0,0	KANJIDIC,PYPINYIN,UNIHAN
U+52B9	効	コウ,きく,ききめ,ならう	kou,kiku,kikime,narau	0,0,0,0	0,0,0,0	KANJIDIC,PYPINYIN,UNIHAN
U+52BA	劺	ボウ,ム,すすめはげます	bou,mu,susumehagemasu	0,0,0	0,0,0	KANJIDIC,PYPINYIN,UNIHAN
U+52BB	劻	キョウ,コウ,あわてる	kyou,kou,awateru	0,0,0	0,0,0	KANJIDIC,PYPINYIN,UNIHAN
U+52BC	劼	カツ,ケチ	katsu,kechi	0,0	0,0	KANJIDIC,PYPINYIN,UNIHAN
U+52BD	劽	レツ,レチ,かる	retsu,rechi,karu	0,0,0	0,0,0	KANJIDIC,PYPINYIN,UNIHAN
U+52BE	劾	ガイ	gai	0	0	KANJIDIC,PYPINYIN,UNIHAN,WORDSHK_CHARS
U+52C0	勀	コク,つとめる,かつ	koku,tsutomeru,katsu	0,0,0	0,0,0	KANJIDIC,PYPINYIN,UNIHAN
U+52C1	勁	ケイ,つよい	kei,tsuyoi	0,0	0,0	KANJIDIC,PYPINYIN,UNIHAN,WORDSHK_CHARS
U+52C3	勃	ボツ,ホツ,おこる,にわかに	botsu,hotsu,okoru,niwakani	0,0,0,0	0,0,0,0	KANJIDIC,PYPINYIN,UNIHAN,WORDSHK_CHARS
U+52C4	勄	ビン,さとい	bin,satoi	0,0	0,0	KANJIDIC,PYPINYIN,UNIHAN
U+52C5	勅	チョク,いましめる,みことのり	choku,imashimeru,mikotonori	0,0,0	0,0,0	KANJIDIC,PYPINYIN,UNIHAN
U+52C6	勆	ロウ,つよい	rou,tsuyoi	0,0	0,0	KANJIDIC,PYPINYIN,UNIHAN
U+52C7	勇	ユウ,いさむ	yuu,isamu	0,0	0,0	KANJIDIC,PYPINYIN,UNIHAN,WORDSHK_CHARS
U+52C8	勈	ヨウ,いさむ	you,isamu	0,0	0,0	KANJIDIC,PYPINYIN,UNIHAN
U+52C9	勉	ベン,つとめる	ben,tsutomeru	0,0	0,0	KANJIDIC,PYPINYIN,UNIHAN,WORDSHK_CHARS
U+52CC	勌	ケン,カン,つとめる,うむ	ken,kan,tsutomeru,umu	0,0,0,0	0,0,0,0	KANJIDIC,PYPINYIN,UNIHAN
U+52CD	勍	ケイ,つよい	kei,tsuyoi	0,0	0,0	KANJIDIC,PYPINYIN,UNIHAN
U+52CF	勏	ホウ,ブ,つとめる	hou,bu,tsutomeru	0,0,0	0,0,0	KANJIDIC,PYPINYIN,UNIHAN
U+52D0	勐	バウ	bau	0	0	KANJIDIC,PYPINYIN,UNIHAN
U+52D1	勑	ライ,チャク,チキ,いたわる,ただす,おさめる	rai,chaku,chiki,itawaru,tadasu,osameru	0,0,0,0,0,0	0,0,0,0,0,0	KANJIDIC,PYPINYIN,UNIHAN
U+52D2	勒	ロク,くつわ	roku,kutsuwa	0,0	0,0	KANJIDIC,PYPINYIN,UNIHAN,WORDSHK_CHARS
U+52D4	勔	ベン,メン,ビン,ミン,つとめる,すすめる	ben,men,bin,min,tsutomeru,susumeru	0,0,0,0,0,0	0,0,0,0,0,0	KANJIDIC,PYPINYIN,UNIHAN
U+52D5	動	ドウ,うごく,うごかす	dou,ugoku,ugokasu	0,0,0	0,0,0	KANJIDIC,PYPINYIN,UNIHAN,WORDSHK_CHARS
U+52D6	勖	キャク,コク,ボウ,キョク,つとめる	kyaku,koku,bou,kyoku,tsutomeru	0,0,0,0,0	0,0,0,0,0	KANJIDIC,PYPINYIN,UNIHAN
U+52D7	勗	キョク,ボウ,つとめる	kyoku,bou,tsutomeru	0,0,0	0,0,0	KANJIDIC,PYPINYIN,UNIHAN
U+52D8	勘	カン	kan	0	0	KANJIDIC,PYPINYIN,UNIHAN,WORDSHK_CHARS
U+52D9	務	ム,つとめる	mu,tsutomeru	0,0	0,0	KANJIDIC,PYPINYIN,UNIHAN,WORDSHK_CHARS
U+52DB	勛	クン,いさお	kun,isao	0,0	0,0	KANJIDIC,PYPINYIN,UNIHAN,WORDSHK_CHARS
U+52DC	勜	オ,ヨウ,つよい	o,you,tsuyoi	0,0,0	0,0,0	KANJIDIC,PYPINYIN,UNIHAN
U+52DD	勝	ショウ,かつ,がち,まさる,すぐれる	shou,katsu,gachi,masaru,sugureru	0,0,0,0,0	0,0,0,0,0	KANJIDIC,PYPINYIN,UNIHAN,WORDSHK_CHARS
U+52DE	勞	ロウ,ろうする,いたわる,いたずき,ねぎらう,つかれる,ねぎらい	rou,rousuru,itawaru,itazuki,negirau,tsukareru,negirai	0,0,0,0,0,0,0	0,0,0,0,0,0,0	KANJIDIC,PYPINYIN,UNIHAN,WORDSHK_CHARS
U+52DF	募	ボ,つのる	bo,tsunoru	0,0	0,0	KANJIDIC,PYPINYIN,UNIHAN,WORDSHK_CHARS
U+52E0	勠	リク,あわせる	riku,awaseru	0,0	0,0	KANJIDIC,PYPINYIN,UNIHAN
U+52E1	勡	ヒョウ,かすめる	hyou,kasumeru	0,0	0,0	KANJIDIC,PYPINYIN,UNIHAN
U+52E2	勢	セイ,ゼイ,いきおい,はずみ	sei,zei,ikioi,hazumi	0,0,0,0	0,0,0,0	KANJIDIC,PYPINYIN,UNIHAN,WORDSHK_CHARS
U+52E3	勣	セキ,シャク,いさお,つむぐ	seki,shaku,isao,tsumugu	0,0,0,0	0,0,0,0	KANJIDIC,PYPINYIN,UNIHAN
U+52E4	勤	キン,ゴン,つとめる,づとめ,つとまる,いそしむ	kin,gon,tsutomeru,zutome,tsutomaru,isoshimu	0,0,0,0,0,0	0,0,0,0,0,0	KANJIDIC,PYPINYIN,UNIHAN,WORDSHK_CHARS
U+52E5	勥	キョウ,ゴウ,せまる,つとめる	kyou,gou,semaru,tsutomeru	0,0,0,0	0,0,0,0	KANJIDIC,PYPINYIN,UNIHAN
U+52E6	勦	ソウ,ショウ	sou,shou	0,0	0,0	KANJIDIC,PYPINYIN,UNIHAN
U+52E7	勧	カン,ケン,すすめる	kan,ken,susumeru	0,0,0	0,0,0	KANJIDIC,PYPINYIN,UNIHAN
U+52E8	勨	ヨウ,ショウ,ゆるやか,うごく	you,shou,yuruyaka,ugoku	0,0,0,0	0,0,0,0	KANJIDIC,PYPINYIN,UNIHAN
U+52E9	勩	エイ,イ,シ,いたつき,つかれる	ei,i,shi,itatsuki,tsukareru	0,0,0,0,0	0,0,0,0,0	KANJIDIC,PYPINYIN,UNIHAN
U+52EA	勪	キャク,ガク,キョウ,すすむ	kyaku,gaku,kyou,susumu	0,0,0,0	0,0,0,0	KANJIDIC,PYPINYIN,UNIHAN
U+52EC	勬	ケン,つとめる,すこやか	ken,tsutomeru,sukoyaka	0,0,0	0,0,0	KANJIDIC,PYPINYIN,UNIHAN
U+52F0	勰	キョウ,かなう,あう	kyou,kanau,au	0,0,0	0,0,0	KANJIDIC,PYPINYIN,UNIHAN
U+52F1	勱	バイ,メ,つとめる	bai,me,tsutomeru	0,0,0	0,0,0	KANJIDIC,PYPINYIN,UNIHAN
U+52F2	勲	クン,いさお	kun,isao	0,0	0,0	KANJIDIC,PYPINYIN,UNIHAN
U+52F3	勳	クン,いさお	kun,isao	0,0	0,0	KANJIDIC,PYPINYIN,UNIHAN,WORDSHK_CHARS
U+52F4	勴	リョ,ロ,たすける	ryo,ro,tasukeru	0,0,0	0,0,0	KANJIDIC,PYPINYIN,UNIHAN
U+52F5	勵	レイ,はげむ,はげます	rei,hagemu,hagemasu	0,0,0	0,0,0	KANJIDIC,PYPINYIN,UNIHAN,WORDSHK_CHARS
U+52F6	勶	ケツ,デチ,テツ,はなつ,とりさる	ketsu,dechi,tetsu,hanatsu,torisaru	0,0,0,0,0	0,0,0,0,0	KANJIDIC,PYPINYIN,UNIHAN
U+52F7	勷	ジョウ,ニョウ,はしる	jou,nyou,hashiru	0,0,0	0,0,0	KANJIDIC,PYPINYIN,UNIHAN
U+52F8	勸	カン,ケン,すすめる	kan,ken,susumeru	0,0,0	0,0,0	KANJIDIC,PYPINYIN,UNIHAN,WORDSHK_CHARS
U+52F9	勹	ホウ,つつむ	hou,tsutsumu	0,0	0,0	KANJIDIC,PYPINYIN,UNIHAN,WORDSHK_CHARS
U+52FA	勺	シャク	shaku	0	0	KANJIDIC,PYPINYIN,UNIHAN,WORDSHK_CHARS
U+52FB	勻	イン,すくない,ひとしい	in,sukunai,hitoshii	0,0,0	0,0,0	KANJIDIC,PYPINYIN,UNIHAN,WORDSHK_CHARS
U+52FE	勾	コウ,ク,かぎ,まがる	kou,ku,kagi,magaru	0,0,0,0	0,0,0,0	KANJIDIC,PYPINYIN,UNIHAN,WORDSHK_CHARS
U+52FF	勿	モチ,ブツ,ボツ,なかれ,なし	mochi,butsu,botsu,nakare,nashi	0,0,0,0,0	0,0,0,0,0	KANJIDIC,PYPINYIN,UNIHAN,WORDSHK_CHARS
U+5300	匀	イン,すくない,ひとしい	in,sukunai,hitoshii	0,0,0	0,0,0	KANJIDIC,PYPINYIN,UNIHAN
U+5301	匁	もんめ,め	monme,me	0,0	0,0	KANJIDIC,PYPINYIN,UNIHAN
U+5302	匂	におう,におい,におわせる	niou,nioi,niowaseru	0,0,0	0,0,0	KANJIDIC,PYPINYIN,UNIHAN
U+5303	匃	カツ,カチ,カイ,こう,あたえる	katsu,kachi,kai,kou,ataeru	0,0,0,0,0	0,0,0,0,0	KANJIDIC,PYPINYIN,UNIHAN
U+5305	包	ホウ,つつむ,くるむ	hou,tsutsumu,kurumu	0,0,0	0,0,0	KANJIDIC,PYPINYIN,UNIHAN,WORDSHK_CHARS
U+5306	匆	ソウ,いそがしい	sou,isogashii	0,0	0,0	KANJIDIC,PYPINYIN,UNIHAN,WORDSHK_CHARS
U+5308	匈	キョウ	kyou	0	0	KANJIDIC,PYPINYIN,UNIHAN,WORDSHK_CHARS
U+530A	匊	キク,コク,むすぶ,すくう,たなごころ	kiku,koku,musubu,sukuu,tanagokoro	0,0,0,0,0	0,0,0,0,0	KANJIDIC,PYPINYIN,UNIHAN
U+530B	匋	トウ,ヨウ,やきもの	tou,you,yakimono	0,0,0	0,0,0	KANJIDIC,PYPINYIN,UNIHAN
U+530C	匌	コウ,あう,めぐる	kou,au,meguru	0,0,0	0,0,0	KANJIDIC,PYPINYIN,UNIHAN
U+530D	匍	ホ,はう	ho,hau	0,0	0,0	KANJIDIC,PYPINYIN,UNIHAN
U+530F	匏	ホ,ホウ,ひさご	ho,hou,hisago	0,0,0	0,0,0	KANJIDIC,PYPINYIN,UNIHAN
U+5310	匐	ホク,フク	hoku,fuku	0,0	0,0	KANJIDIC,PYPINYIN,UNIHAN
U+5311	匑	キュウ,ク,キク,コク,うやまう	kyuu,ku,kiku,koku,uyamau	0,0,0,0,0	0,0,0,0,0	KANJIDIC,PYPINYIN,UNIHAN
U+5313	匓	キョウ,ク,キュウ,あつ,はかる	kyou,ku,kyuu,atsu,hakaru	0,0,0,0,0	0,0,0,0,0	KANJIDIC,PYPINYIN,UNIHAN
U+5315	匕	ヒ,さじ	hi,saji	0,0	0,0	KANJIDIC,PYPINYIN,UNIHAN,WORDSHK_CHARS
U+5316	化	カ,ケ,ばける,ばかす,ふける,けする	ka,ke,bakeru,bakasu,fukeru,kesuru	0,0,0,0,0,0	0,0,0,0,0,0	KANJIDIC,PYPINYIN,UNIHAN,WORDSHK_CHARS
U+5317	北	ホク,きた	hoku,kita	0,0	0,0	KANJIDIC,PYPINYIN,UNIHAN,WORDSHK_CHARS
U+5318	匘	ノウ,ドウ,のうずる	nou,dou,nouzuru	0,0,0	0,0,0	KANJIDIC,PYPINYIN,UNIHAN
U+5319	匙	シ,さじ	shi,saji	0,0	0,0	KANJIDIC,PYPINYIN,UNIHAN,WORDSHK_CHARS
U+531A	匚	ホウ	hou	0	0	KANJIDIC,PYPINYIN,UNIHAN
U+531B	匛	キュウ,グ,ひちぎ,ひつぎ	kyuu,gu,hichigi,hitsugi	0,0,0,0	0,0,0,0	KANJIDIC,PYPINYIN,UNIHAN
U+531C	匜	イ,タ,ひさげ,はんぞう	i,ta,hisage,hanzou	0,0,0,0	0,0,0,0	KANJIDIC,PYPINYIN,UNIHAN
U+531D	匝	キョウ,ソウ,めぐる	kyou,sou,meguru	0,0,0	0,0,0	KANJIDIC,PYPINYIN,UNIHAN
U+531E	匞	ショウ,たくみ	shou,takumi	0,0	0,0	KANJIDIC,PYPINYIN,UNIHAN
U+531F	匟	コウ	kou	0	0	KANJIDIC,PYPINYIN,UNIHAN
U+5320	匠	ショウ,たくみ	shou,takumi	0,0	0,0	KANJIDIC,PYPINYIN,UNIHAN,WORDSHK_CHARS
U+5321	匡	キョウ,オウ,すくう,ただす	kyou,ou,sukuu,tadasu	0,0,0,0	0,0,0,0	KANJIDIC,PYPINYIN,UNIHAN,WORDSHK_CHARS
U+5323	匣	コウ,はこ	kou,hako	0,0	0,0	KANJIDIC,PYPINYIN,UNIHAN,WORDSHK_CHARS
U+5324	匤	キャク,コク,はこ	kyaku,koku,hako	0,0,0	0,0,0	KANJIDIC,PYPINYIN,UNIHAN
U+5325	匥	ヘン,はこ	hen,hako	0,0	0,0	KANJIDIC,PYPINYIN,UNIHAN
U+5327	匧	キョウ,はこ	kyou,hako	0,0	0,0	KANJIDIC,PYPINYIN,UNIHAN
U+5328	匨	ソウ,くら,おさめる,かくれる	sou,kura,osameru,kakureru	0,0,0,0	0,0,0,0	KANJIDIC,PYPINYIN,UNIHAN
U+5329	匩	キョウ,すくう,ただす	kyou,sukuu,tadasu	0,0,0	0,0,0	KANJIDIC,PYPINYIN,UNIHAN
U+532A	匪	ヒ,あらず,かたみ	hi,arazu,katami	0,0,0	0,0,0	KANJIDIC,PYPINYIN,UNIHAN,WORDSHK_CHARS
U+532B	匫	コツ,コチ,いつわる	kotsu,kochi,itsuwaru	0,0,0	0,0,0	KANJIDIC,PYPINYIN,UNIHAN
U+532C	匬	ユ,トウ,ズ,ます,もたい	yu,tou,zu,masu,motai	0,0,0,0,0	0,0,0,0,0	KANJIDIC,PYPINYIN,UNIHAN
U+532D	匭	キ,コ,はこ,くくる	ki,ko,hako,kukuru	0,0,0,0	0,0,0,0	KANJIDIC,PYPINYIN,UNIHAN
U+532F	匯	キ,エ,カイ,ワイ,がい,めぐる	ki,e,kai,wai,gai,meguru	0,0,0,0,0,0	0,0,0,0,0,0	KANJIDIC,PYPINYIN,UNIHAN,WORDSHK_CHARS
U+5330	匰	タン,ずし,はこ	tan,zushi,hako	0,0,0	0,0,0	KANJIDIC,PYPINYIN,UNIHAN
U+5331	匱	キ,ひつ	ki,hitsu	0,0	0,0	KANJIDIC,PYPINYIN,UNIHAN,WORDSHK_CHARS
U+5332	匲	レン,くしげ,はこ	ren,kushige,hako	0,0,0	0,0,0	KANJIDIC,PYPINYIN,UNIHAN
U+5333	匳	レン,くしげ,はこ	ren,kushige,hako	0,0,0	0,0,0	KANJIDIC,PYPINYIN,UNIHAN
U+5335	匵	トク,トウ,ひつ,はこ	toku,tou,hitsu,hako	0,0,0,0	0,0,0,0	KANJIDIC,PYPINYIN,UNIHAN
U+5338	匸	ケイ	kei	0	0	KANJIDIC,PYPINYIN,UNIHAN
U+5339	匹	ヒツ,ひき	hitsu,hiki	0,0	0,0	KANJIDIC,PYPINYIN,UNIHAN,WORDSHK_CHARS
U+533A	区	ク,オウ,コウ	ku,ou,kou	0,0,0	0,0,0	KANJIDIC,PYPINYIN,UNIHAN
U+533B	医	イ,いやす,いする,くすし	i,iyasu,isuru,kusushi	0,0,0,0	0,0,0,0	KANJIDIC,PYPINYIN,UNIHAN
U+533C	匼	アン,オン,コウ,こびへつらう,めぐる	an,on,kou,kobihetsurau,meguru	0,0,0,0,0	0,0,0,0,0	KANJIDIC,PYPINYIN,UNIHAN
U+533D	匽	エン,かくす,ふす,なびく,はこ,どぶ	en,kakusu,fusu,nabiku,hako,dobu	0,0,0,0,0,0	0,0,0,0,0,0	KANJIDIC,PYPINYIN,UNIHAN
U+533E	匾	ヘン,うすい,ひらたい,がく	hen,usui,hiratai,gaku	0,0,0,0	0,0,0,0	KANJIDIC,PYPINYIN,UNIHAN,WORDSHK_CHARS
U+533F	匿	トク,かくまう	toku,kakumau	0,0	0,0	KANJIDIC,PYPINYIN,UNIHAN,WORDSHK_CHARS
U+5340	區	ク,オウ,コウ	ku,ou,kou	0,0,0	0,0,0	KANJIDIC,PYPINYIN,UNIHAN,WORDSHK_CHARS
U+5341	十	ジュウ,ジッ,ジュッ,とお,と,そ	juu,ji,ju,too,to,so	0,0,0,0,0,0	0,0,0,0,0,0	KANJIDIC,PYPINYIN,UNIHAN,WORDSHK_CHARS
U+5342	卂	シン,とぶ	shin,tobu	0,0	0,0	KANJIDIC,PYPINYIN,UNIHAN
U+5343	千	セン,ち	sen,chi	0,0	0,0	KANJIDIC,PYPINYIN,UNIHAN,WORDSHK_CHARS
U+5345	卅	ソウ,さんじゅう	sou,sanjuu	0,0	0,0	KANJIDIC,PYPINYIN,UNIHAN
U+5346	卆	ソツ,シュツ,そっする,おえる,おわる,ついに,にわか	sotsu,shutsu,sossuru,oeru,owaru,tsuini,niwaka	0,0,0,0,0,0,0	0,0,0,0,0,0,0	KANJIDIC,PYPINYIN,UNIHAN
U+5347	升	ショウ,ます	shou,masu	0,0	0,0	KANJIDIC,PYPINYIN,UNIHAN,WORDSHK_CHARS
U+5348	午	ゴ,うま	go,uma	0,0	0,0	KANJIDIC,PYPINYIN,UNIHAN,WORDSHK_CHARS
U+5349	卉	キ,ケ,くさ	ki,ke,kusa	0,0,0	0,0,0	KANJIDIC,PYPINYIN,UNIHAN,WORDSHK_CHARS
U+534A	半	ハン,なかば	han,nakaba	0,0	0,0	KANJIDIC,PYPINYIN,UNIHAN,WORDSHK_CHARS
U+534B	卋	セイ,セ,ソウ,よ,よよ,うむ,うまれる	sei,se,sou,yo,yoyo,umu,umareru	0,0,0,0,0,0,0	0,0,0,0,0,0,0	KANJIDIC,PYPINYIN,UNIHAN
U+534C	卌	シュウ,よんじゅう,しじゅう	shuu,yonjuu,shijuu	0,0,0	0,0,0	KANJIDIC,PYPINYIN,UNIHAN
U+534D	卍	バン,マン,まんじ	ban,man,manji	0,0,0	0,0,0	KANJIDIC,PYPINYIN,UNIHAN,WORDSHK_CHARS
U+5351	卑	ヒ,いやしい,いやしむ,いやしめる	hi,iyashii,iyashimu,iyashimeru	0,0,0,0	0,0,0,0	KANJIDIC,PYPINYIN,UNIHAN,WORDSHK_CHARS
U+5352	卒	ソツ,シュツ,そっする,おえる,おわる,ついに,にわか	sotsu,shutsu,sossuru,oeru,owaru,tsuini,niwaka	0,0,0,0,0,0,0	0,0,0,0,0,0,0	KANJIDIC,PYPINYIN,UNIHAN,WORDSHK_CHARS
U+5353	卓	タク	taku	0	0	KANJIDIC,PYPINYIN,UNIHAN,WORDSHK_CHARS
U+5354	協	キョウ	kyou	0	0	KANJIDIC,PYPINYIN,UNIHAN,WORDSHK_CHARS
U+5357	南	ナン,ナ,みなみ	nan,na,minami	0,0,0	0,0,0	KANJIDIC,PYPINYIN,UNIHAN,WORDSHK_CHARS
U+5358	単	タン,ひとえ	tan,hitoe	0,0	0,0	KANJIDIC,PYPINYIN,UNIHAN
U+5359	卙	ショウ,シュウ,あつまる	shou,shuu,atsumaru	0,0,0	0,0,0	KANJIDIC,PYPINYIN,UNIHAN
U+535A	博	ハク,バク	haku,baku	0,0	0,0	KANJIDIC,PYPINYIN,UNIHAN,WORDSHK_CHARS
U+535B	卛	ソツ,リツ,シュツ,ひきいる	sotsu,ritsu,shutsu,hikiiru	0,0,0,0	0,0,0,0	KANJIDIC,PYPINYIN,UNIHAN
U+535C	卜	ボク,うらなう,うらない	boku,uranau,uranai	0,0,0	0,0,0	KANJIDIC,PYPINYIN,UNIHAN,WORDSHK_CHARS
U+535E	卞	ベン,ヘン,ハン	ben,hen,han	0,0,0	0,0,0	KANJIDIC,PYPINYIN,UNIHAN,WORDSHK_CHARS
U+5360	占	セン,しめる,うらなう	sen,shimeru,uranau	0,0,0	0,0,0	KANJIDIC,PYPINYIN,UNIHAN,WORDSHK_CHARS
U+5361	卡	サ,カ,ソウ	sa,ka,sou	0,0,0	0,0,0	KANJIDIC,PYPINYIN,UNIHAN,WORDSHK_CHARS
U+5363	卣	ユウ,ユ,さけつぼ	yuu,yu,saketsubo	0,0,0	0,0,0	KANJIDIC,PYPINYIN,UNIHAN
U+5365	卥	セイ	sei	0	0	KANJIDIC,PYPINYIN,UNIHAN
U+5366	卦	カ,カイ,ケ,うらかた	ka,kai,ke,urakata	0,0,0,0	0,0,0,0	KANJIDIC,PYPINYIN,UNIHAN,WORDSHK_CHARS
U+5369	卩	セツ,わりふ	setsu,warifu	0,0	0,0	KANJIDIC,PYPINYIN,UNIHAN
U+536C	卬	キョウ,ゴウ,のぞむ,なす,たかぶる	kyou,gou,nozomu,nasu,takaburu	0,0,0,0,0	0,0,0,0,0	KANJIDIC,PYPINYIN,UNIHAN
U+536D	卭	キョウ	kyou	0	0	KANJIDIC,PYPINYIN,UNIHAN
U+536E	卮	シ,さかずき	shi,sakazuki	0,0	0,0	KANJIDIC,PYPINYIN,UNIHAN
U+536F	卯	ボウ,モウ,う	bou,mou,u	0,0,0	0,0,0	KANJIDIC,PYPINYIN,UNIHAN,WORDSHK_CHARS
U+5370	印	イン,しるし,じるし,しるす	in,shirushi,jirushi,shirusu	0,0,0,0	0,0,0,0	KANJIDIC,PYPINYIN,UNIHAN,WORDSHK_CHARS
U+5371	危	キ,あぶない,あやうい,あやぶむ	ki,abunai,ayaui,ayabumu	0,0,0,0	0,0,0,0	KANJIDIC,PYPINYIN,UNIHAN,WORDSHK_CHARS
U+5372	卲	ショウ,たかい	shou,takai	0,0	0,0	KANJIDIC,PYPINYIN,UNIHAN
U+5373	即	ソク,つく,つける,すなわち	soku,tsuku,tsukeru,sunawachi	0,0,0,0	0,0,0,0	KANJIDIC,PYPINYIN,UNIHAN,WORDSHK_CHARS
U+5374	却	キャク,かえって,しりぞく,しりぞける	kyaku,kaette,shirizoku,shirizokeru	0,0,0,0	0,0,0,0	KANJIDIC,PYPINYIN,UNIHAN
U+5375	卵	ラン,たまご	ran,tamago	0,0	0,0	KANJIDIC,PYPINYIN,UNIHAN,WORDSHK_CHARS
U+5377	卷	カン,ケン,まく,まき	kan,ken,maku,maki	0,0,0,0	0,0,0,0	KANJIDIC,PYPINYIN,UNIHAN,WORDSHK_CHARS
U+5378	卸	シャ,おろす,おろし	sha,orosu,oroshi	0,0,0	0,0,0	KANJIDIC,PYPINYIN,UNIHAN,WORDSHK_CHARS
U+5379	卹	シュツ,シュチ,ソツ,ソチ,うれえる	shutsu,shuchi,sotsu,sochi,ureeru	0,0,0,0,0	0,0,0,0,0	KANJIDIC,PYPINYIN,UNIHAN
U+537A	卺	キン,さかずき	kin,sakazuki	0,0	0,0	KANJIDIC,PYPINYIN,UNIHAN
U+537B	卻	キャク,かえって,しりぞく,しりぞける	kyaku,kaette,shirizoku,shirizokeru	0,0,0,0	0,0,0,0	KANJIDIC,PYPINYIN,UNIHAN,WORDSHK_CHARS
U+537D	卽	ソク,ショク,つく,すなわち,もし	soku,shoku,tsuku,sunawachi,moshi	0,0,0,0,0	0,0,0,0,0	KANJIDIC,PYPINYIN,UNIHAN
U+537E	卾	ガク,うわあご	gaku,uwaago	0,0	0,0	KANJIDIC,PYPINYIN,UNIHAN
U+537F	卿	ケイ,キョウ,きみ	kei,kyou,kimi	0,0,0	0,0,0	KANJIDIC,PYPINYIN,UNIHAN,WORDSHK_CHARS
U+5382	厂	カン,かりがね	kan,karigane	0,0	0,0	KANJIDIC,PYPINYIN,UNIHAN
U+5383	厃	セン,ギ,エン,あおぐ,たるき,のき	sen,gi,en,aogu,taruki,noki	0,0,0,0,0,0	0,0,0,0,0,0	KANJIDIC,PYPINYIN,UNIHAN
U+5384	厄	ヤク	yaku	0	0	KANJIDIC,PYPINYIN,UNIHAN,WORDSHK_CHARS
U+5387	厇	タク,チャク,さく,はりつけ,ひらく	taku,chaku,saku,haritsuke,hiraku	0,0,0,0,0	0,0,0,0,0	KANJIDIC,PYPINYIN,UNIHAN
U+5388	厈	カン,かりがね,がんだれ	kan,karigane,gandare	0,0,0	0,0,0	KANJIDIC,PYPINYIN,UNIHAN
U+538E	厎	シ,テイ,キイ,チ,とぐ,といし,みがく,たいらにする	shi,tei,kii,chi,togu,toishi,migaku,tairanisuru	0,0,0,0,0,0,0,0	0,0,0,0,0,0,0,0	KANJIDIC,PYPINYIN,UNIHAN
U+5393	厓	ガイ,ゲ,ギ,がけ,きし,かたえ,はて	gai,ge,gi,gake,kishi,katae,hate	0,0,0,0,0,0,0	0,0,0,0,0,0,0	KANJIDIC,PYPINYIN,UNIHAN
U+5394	厔	シツ,シチ,ささえられる,とまる	shitsu,shichi,sasaerareru,tomaru	0,0,0,0	0,0,0,0	KANJIDIC,PYPINYIN,UNIHAN
U+5396	厖	ボウ,おおきい	bou,ookii	0,0	0,0	KANJIDIC,PYPINYIN,UNIHAN
U+5398	厘	リン	rin	0	0	KANJIDIC,PYPINYIN,UNIHAN,WORDSHK_CHARS
U+5399	厙	シャ	sha	0	0	KANJIDIC,PYPINYIN,UNIHAN
U+539A	厚	コウ,あつい,あか	kou,atsui,aka	0,0,0	0,0,0	KANJIDIC,PYPINYIN,UNIHAN,WORDSHK_CHARS
U+539D	厝	サク,ソ,セキ,ジャク,といし,まじる,おく	saku,so,seki,jaku,toishi,majiru,oku	0,0,0,0,0,0,0	0,0,0,0,0,0,0	KANJIDIC,PYPINYIN,UNIHAN
U+539F	原	ゲン,はら	gen,hara	0,0	0,0	KANJIDIC,PYPINYIN,UNIHAN,WORDSHK_CHARS
U+53A0	厠	シ,ショク,かわや	shi,shoku,kawaya	0,0,0	0,0,0	KANJIDIC,PYPINYIN,UNIHAN
U+53A1	厡	ゲン,はら,もと,たずねる,ゆるす,もとより	gen,hara,moto,tazuneru,yurusu,motoyori	0,0,0,0,0,0	0,0,0,0,0,0	KANJIDIC,PYPINYIN,UNIHAN
U+53A4	厤	レキ,リャク,おさめる	reki,ryaku,osameru	0,0,0	0,0,0	KANJIDIC,PYPINYIN,UNIHAN
U+53A5	厥	ケツ,クツ,その,それ	ketsu,kutsu,sono,sore	0,0,0,0	0,0,0,0	KANJIDIC,PYPINYIN,UNIHAN,WORDSHK_CHARS
U+53A6	厦	カ,サ,いえ	ka,sa,ie	0,0,0	0,0,0	KANJIDIC,PYPINYIN,UNIHAN
U+53A8	厨	シュウ,ズ,チュ,チュウ,くりや	shuu,zu,chu,chuu,kuriya	0,0,0,0,0	0,0,0,0,0	KANJIDIC,PYPINYIN,UNIHAN
U+53A9	厩	キュウ,うまや	kyuu,umaya	0,0	0,0	KANJIDIC,PYPINYIN,UNIHAN
U+53AA	厪	キン,ゴン,こや	kin,gon,koya	0,0,0	0,0,0	KANJIDIC,PYPINYIN,UNIHAN
U+53AB	厫	ゴウ,くら	gou,kura	0,0	0,0	KANJIDIC,PYPINYIN,UNIHAN
U+53AD	厭	エン,オン,アン,オウ,ユウ,ヨウ,いや,あきる,いとう,おさえる	en,on,an,ou,yuu,you,iya,akiru,itou,osaeru	0,0,0,0,0,0,0,0,0,0	0,0,0,0,0,0,0,0,0,0	KANJIDIC,PYPINYIN,UNIHAN,WORDSHK_CHARS
U+53AE	厮	シ,こもの	shi,komono	0,0	0,0	KANJIDIC,PYPINYIN,UNIHAN
U+53AF	厯	レキ,こよみ	reki,koyomi	0,0	0,0	KANJIDIC,PYPINYIN,UNIHAN
U+53B0	厰	ショウ	shou	0	0	KANJIDIC,PYPINYIN,UNIHAN
U+53B2	厲	レイ,ライ,レツ,レチ,といし,とぐ,こする	rei,rai,retsu,rechi,toishi,togu,kosuru	0,0,0,0,0,0,0	0,0,0,0,0,0,0	KANJIDIC,PYPINYIN,UNIHAN,WORDSHK_CHARS
U+53B3	厳	ゲン,ゴン,おごそか,きびしい,いかめしい,いつくし	gen,gon,ogosoka,kibishii,ikameshii,itsukushi	0,0,0,0,0,0	0,0,0,0,0,0	KANJIDIC,PYPINYIN,UNIHAN
U+53B4	厴	エン	en	0	0	KANJIDIC,PYPINYIN,UNIHAN,WORDSHK_CHARS
U+53B5	厵	ゲン,みなもと	gen,minamoto	0,0	0,0	KANJIDIC,PYPINYIN,UNIHAN
U+53B6	厶	シ,ボウ,ム,わたくし,ござる	shi,bou,mu,watakushi,gozaru	0,0,0,0,0	0,0,0,0,0	KANJIDIC,PYPINYIN,UNIHAN
U+53B7	厷	コウ,かいな,ひじ,まるい	kou,kaina,hiji,marui	0,0,0,0	0,0,0,0	KANJIDIC,PYPINYIN,UNIHAN
U+53B8	厸	リン,となる,となり	rin,tonaru,tonari	0,0,0	0,0,0	KANJIDIC,PYPINYIN,UNIHAN
U+53BA	厺	キョ,コ,さる	kyo,ko,saru	0,0,0	0,0,0	KANJIDIC,PYPINYIN,UNIHAN
U+53BB	去	キョ,コ,さる	kyo,ko,saru	0,0,0	0,0,0	KANJIDIC,PYPINYIN,UNIHAN,WORDSHK_CHARS
U+53BD	厽	ルイ,サン,かべ	rui,san,kabe	0,0,0	0,0,0	KANJIDIC,PYPINYIN,UNIHAN
U+53C0	叀	セン,つつしむ,かける	sen,tsutsushimu,kakeru	0,0,0	0,0,0	KANJIDIC,PYPINYIN,UNIHAN
U+53C2	参	サン,シン,まいる,まい,まじわる,みつ	san,shin,mairu,mai,majiwaru,mitsu	0,0,0,0,0,0	0,0,0,0,0,0	KANJIDIC,PYPINYIN,UNIHAN
U+53C3	參	サン,シン,まいる,まじわる,みつ	san,shin,mairu,majiwaru,mitsu	0,0,0,0,0	0,0,0,0,0	KANJIDIC,PYPINYIN,UNIHAN,WORDSHK_CHARS
U+53C5	叅	サン,シン,まいる,まじわる,みつ	san,shin,mairu,majiwaru,mitsu	0,0,0,0,0	0,0,0,0,0	KANJIDIC,PYPINYIN,UNIHAN
U+53C8	又	ユウ,また,またの	yuu,mata,matano	0,0,0	0,0,0	KANJIDIC,PYPINYIN,UNIHAN,WORDSHK_CHARS
U+53C9	叉	サ,シャ,サイ,また	sa,sha,sai,mata	0,0,0,0	0,0,0,0	KANJIDIC,PYPINYIN,UNIHAN,WORDSHK_CHARS
U+53CA	及	キュウ,およぶ,および,およぼす	kyuu,oyobu,oyobi,oyobosu	0,0,0,0	0,0,0,0	KANJIDIC,PYPINYIN,UNIHAN,WORDSHK_CHARS
U+53CB	友	ユウ,とも	yuu,tomo	0,0	0,0	KANJIDIC,PYPINYIN,UNIHAN,WORDSHK_CHARS
U+53CC	双	ソウ,ふた,たぐい,ならぶ,ふたつ	sou,futa,tagui,narabu,futatsu	0,0,0,0,0	0,0,0,0,0	KANJIDIC,PYPINYIN,UNIHAN
U+53CD	反	ハン,ホン,タン,ホ,そる,そらす,かえす,かえる	han,hon,tan,ho,soru,sorasu,kaesu,kaeru	0,0,0,0,0,0,0,0	0,0,0,0,0,0,0,0	KANJIDIC,PYPINYIN,UNIHAN,WORDSHK_CHARS
U+53CE	収	シュウ,おさめる,おさまる	shuu,osameru,osamaru	0,0,0	0,0,0	KANJIDIC,PYPINYIN,UNIHAN
U+53CF	叏	カイ,ケツ,ケチ,わける	kai,ketsu,kechi,wakeru	0,0,0,0	0,0,0,0	KANJIDIC,PYPINYIN,UNIHAN
U+53D2	叒	ニャク,シャク,したがう	nyaku,shaku,shitagau	0,0,0	0,0,0	KANJIDIC,PYPINYIN,UNIHAN
U+53D3	叓	シ,ズ,こと,つかう,つかえる	shi,zu,koto,tsukau,tsukaeru	0,0,0,0,0	0,0,0,0,0	KANJIDIC,PYPINYIN,UNIHAN
U+53D4	叔	シュク	shuku	0	0	KANJIDIC,PYPINYIN,UNIHAN,WORDSHK_CHARS
U+53D5	叕	テイ,テツ,テチ,ゲツ,イ,とじる,つづる,すみやか	tei,tetsu,techi,getsu,i,tojiru,tsuzuru,sumiyaka	0,0,0,0,0,0,0,0	0,0,0,0,0,0,0,0	KANJIDIC,PYPINYIN,UNIHAN
U+53D6	取	シュ,とる,とり,どり	shu,toru,tori,dori	0,0,0,0	0,0,0,0	KANJIDIC,PYPINYIN,UNIHAN,WORDSHK_CHARS
U+53D7	受	ジュ,うける,うけ,うかる	ju,ukeru,uke,ukaru	0,0,0,0	0,0,0,0	KANJIDIC,PYPINYIN,UNIHAN,WORDSHK_CHARS
U+53D9	叙	ジョ,ついず,ついで	jo,tsuizu,tsuide	0,0,0	0,0,0	KANJIDIC,PYPINYIN,UNIHAN
U+53DA	叚	カ,ケ,かりる,かす	ka,ke,kariru,kasu	0,0,0,0	0,0,0,0	KANJIDIC,PYPINYIN,UNIHAN
U+53DB	叛	ハン,ホン,そむく	han,hon,somuku	0,0,0	0,0,0	KANJIDIC,PYPINYIN,UNIHAN,WORDSHK_CHARS
U+53DD	叝	コウ	kou	0	0	KANJIDIC,PYPINYIN,UNIHAN
U+53DE	叞	イ,じょう	i,jou	0,0	0,0	KANJIDIC,PYPINYIN,UNIHAN
U+53DF	叟	ソウ,シュウ,おきな	sou,shuu,okina	0,0,0	0,0,0	KANJIDIC,PYPINYIN,UNIHAN
U+53E0	叠	ジョウ,チョウ,たたむ,たたみ,かさなる	jou,chou,tatamu,tatami,kasanaru	0,0,0,0,0	0,0,0,0,0	KANJIDIC,PYPINYIN,UNIHAN,WORDSHK_CHARS
U+53E1	叡	エイ,あきらか	ei,akiraka	0,0	0,0	KANJIDIC,PYPINYIN,UNIHAN
U+53E2	叢	ソウ,ス,くさむら,むらがる,むら	sou,su,kusamura,muragaru,mura	0,0,0,0,0	0,0,0,0,0	KANJIDIC,PYPINYIN,UNIHAN,WORDSHK_CHARS
U+53E3	口	コウ,ク,くち	kou,ku,kuchi	0,0,0	0,0,0	KANJIDIC,PYPINYIN,UNIHAN,WORDSHK_CHARS
U+53E4	古	コ,ふるい,ふる,ふるす	ko,furui,furu,furusu	0,0,0,0	0,0,0,0	KANJIDIC,PYPINYIN,UNIHAN,WORDSHK_CHARS
U+53E5	句	ク	ku	0	0	KANJIDIC,PYPINYIN,UNIHAN,WORDSHK_CHARS
U+53E6	另	レイ,リョウ,わかれる,さく,べつの,べつに	rei,ryou,wakareru,saku,betsuno,betsuni	0,0,0,0,0,0	0,0,0,0,0,0	KANJIDIC,PYPINYIN,UNIHAN,WORDSHK_CHARS
U+53E7	叧	カ,ケ,わける,さく	ka,ke,wakeru,saku	0,0,0,0	0,0,0,0	KANJIDIC,PYPINYIN,UNIHAN
U+53E8	叨	トウ,みだりに	tou,midarini	0,0	0,0	KANJIDIC,PYPINYIN,UNIHAN,WORDSHK_CHARS
U+53E9	叩	コウ,たたく,はたく,すぎ	kou,tataku,hataku,sugi	0,0,0,0	0,0,0,0	KANJIDIC,PYPINYIN,UNIHAN,WORDSHK_CHARS
U+53EA	只	シ,ただ	shi,tada	0,0	0,0	KANJIDIC,PYPINYIN,UNIHAN,WORDSHK_CHARS
U+53EB	叫	キョウ,さけぶ	kyou,sakebu	0,0	0,0	KANJIDIC,PYPINYIN,UNIHAN,WORDSHK_CHARS
U+53EC	召	ショウ,めす	shou,mesu	0,0	0,0	KANJIDIC,PYPINYIN,UNIHAN,WORDSHK_CHARS
U+53ED	叭	ハツ	hatsu	0	0	KANJIDIC,PYPINYIN,UNIHAN,WORDSHK_CHARS
U+53EE	叮	テイ	tei	0	0	KANJIDIC,PYPINYIN,UNIHAN,WORDSHK_CHARS
U+53EF	可	カ,コク,べき,べし	ka,koku,beki,beshi	0,0,0,0	0,0,0,0	KANJIDIC,PYPINYIN,UNIHAN,WORDSHK_CHARS
U+53F0	台	ダイ,タイ,うてな,われ,つかさ	dai,tai,utena,ware,tsukasa	0,0,0,0,0	0,0,0,0,0	KANJIDIC,PYPINYIN,UNIHAN,WORDSHK_CHARS
U+53F1	叱	シツ,シチ,カ,しかる	shitsu,shichi,ka,shikaru	0,0,0,0	0,0,0,0	KANJIDIC,PYPINYIN,UNIHAN,WORDSHK_CHARS
U+53F2	史	シ	shi	0	0	KANJIDIC,PYPINYIN,UNIHAN,WORDSHK_CHARS
U+53F3	右	ウ,ユウ,みぎ	u,yuu,migi	0,0,0	0,0,0	KANJIDIC,PYPINYIN,UNIHAN,WORDSHK_CHARS
U+53F5	叵	ハ,できない,すこぶる,ついに	ha,dekinai,sukoburu,tsuini	0,0,0,0	0,0,0,0	KANJIDIC,PYPINYIN,UNIHAN,WORDSHK_CHARS
U+53F6	叶	キョウ,かなえる,かなう	kyou,kanaeru,kanau	0,0,0	0,0,0	KANJIDIC,PYPINYIN,UNIHAN,WORDSHK_CHARS
U+53F7	号	ゴウ,さけぶ,よびな	gou,sakebu,yobina	0,0,0	0,0,0	KANJIDIC,PYPINYIN,UNIHAN
U+53F8	司	シ,つかさどる	shi,tsukasadoru	0,0	0,0	KANJIDIC,PYPINYIN,UNIHAN,WORDSHK_CHARS
U+53FA	叺	かます	kamasu	0	0	KANJIDIC,PYPINYIN,UNIHAN
U+5401	吁	ク,ウ,ああ	ku,u,aa	0,0,0	0,0,0	KANJIDIC,PYPINYIN,UNIHAN
U+5402	吂	ボウ,モウ,おいぼれる	bou,mou,oiboreru	0,0,0	0,0,0	KANJIDIC,PYPINYIN,UNIHAN
U+5403	吃	キツ,どもる	kitsu,domoru	0,0	0,0	KANJIDIC,PYPINYIN,UNIHAN,WORDSHK_CHARS
U+5404	各	カク,おのおの	kaku,onoono	0,0	0,0	KANJIDIC,PYPINYIN,UNIHAN,WORDSHK_CHARS
U+5408	合	ゴウ,ガッ,カッ,あう,あい,あわす,あわせる	gou,ga,ka,au,ai,awasu,awaseru	0,0,0,0,0,0,0	0,0,0,0,0,0,0	KANJIDIC,PYPINYIN,UNIHAN,WORDSHK_CHARS
U+5409	吉	キチ,キツ,よし	kichi,kitsu,yoshi	0,0,0	0,0,0	KANJIDIC,PYPINYIN,UNIHAN,WORDSHK_CHARS
U+540A	吊	チョウ,つる,つるす	chou,tsuru,tsurusu	0,0,0	0,0,0	KANJIDIC,PYPINYIN,UNIHAN,WORDSHK_CHARS
U+540B	吋	トウ,ドウ,スン,インチ	tou,dou,sun,inchi	0,0,0,0	0,0,0,0	KANJIDIC,PYPINYIN,UNIHAN,WORDSHK_CHARS
U+540C	同	ドウ,おなじ	dou,onaji	0,0	0,0	KANJIDIC,PYPINYIN,UNIHAN,WORDSHK_CHARS
U+540D	名	メイ,ミョウ,な	mei,myou,na	0,0,0	0,0,0	KANJIDIC,PYPINYIN,UNIHAN,WORDSHK_CHARS
U+540E	后	コウ,ゴ,きさき	kou,go,kisaki	0,0,0	0,0,0	KANJIDIC,PYPINYIN,UNIHAN,WORDSHK_CHARS
U+540F	吏	リ	ri	0	0	KANJIDIC,PYPINYIN,UNIHAN,WORDSHK_CHARS
U+5410	吐	ト,はく,つく	to,haku,tsuku	0,0,0	0,0,0	KANJIDIC,PYPINYIN,UNIHAN,WORDSHK_CHARS
U+5411	向	コウ,むく,むい,むき,むける,むけ,むかう,むかい,むこう,むこ	kou,muku,mui,muki,mukeru,muke,mukau,mukai,mukou,muko	0,0,0,0,0,0,0,0,0,0	0,0,0,0,0,0,0,0,0,0	KANJIDIC,PYPINYIN,UNIHAN,WORDSHK_CHARS
U+5412	吒	タ	ta	0	0	KANJIDIC,PYPINYIN,UNIHAN,WORDSHK_CHARS
U+5413	吓	カ,おどす	ka,odosu	0,0	0,0	KANJIDIC,PYPINYIN,UNIHAN,WORDSHK_CHARS
U+541A	吚	イ,キ,うめく	i,ki,umeku	0,0,0	0,0,0	KANJIDIC,PYPINYIN,UNIHAN
U+541B	君	クン,きみ,ぎみ	kun,kimi,gimi	0,0,0	0,0,0	KANJIDIC,PYPINYIN,UNIHAN,WORDSHK_CHARS
U+541D	吝	リン,しわい,やぶさか,おしむ	rin,shiwai,yabusaka,oshimu	0,0,0,0	0,0,0,0	KANJIDIC,PYPINYIN,UNIHAN,WORDSHK_CHARS
U+541E	吞	ドン,トン,テン,のむ	don,ton,ten,nomu	0,0,0,0	0,0,0,0	KANJIDIC,PYPINYIN,UNIHAN,WORDSHK_CHARS
U+541F	吟	ギン	gin	0	0	KANJIDIC,PYPINYIN,UNIHAN,WORDSHK_CHARS
U+5420	吠	ハイ,ベイ,ほえる	hai,bei,hoeru	0,0,0	0,0,0	KANJIDIC,PYPINYIN,UNIHAN,WORDSHK_CHARS
U+5421	吡	ヒツ,ビチ,ヒ,そしる	hitsu,bichi,hi,soshiru	0,0,0,0	0,0,0,0	KANJIDIC,PYPINYIN,UNIHAN,WORDSHK_CHARS
U+5424	吤	カイ,ケ,カ,こえ	kai,ke,ka,koe	0,0,0,0	0,0,0,0	KANJIDIC,PYPINYIN,UNIHAN
U+5426	否	ヒ,いな,いや	hi,ina,iya	0,0,0	0,0,0	KANJIDIC,PYPINYIN,UNIHAN,WORDSHK_CHARS
U+5427	吧	ハ,ヘ	ha,he	0,0	0,0	KANJIDIC,PYPINYIN,UNIHAN,WORDSHK_CHARS
U+5428	吨	トン	ton	0	0	KANJIDIC,PYPINYIN,UNIHAN
U+5429	吩	フン,ふく	fun,fuku	0,0	0,0	KANJIDIC,PYPINYIN,UNIHAN,WORDSHK_CHARS
U+542A	吪	グウ,ゲ,カ,うごく,かえる,かわる	guu,ge,ka,ugoku,kaeru,kawaru	0,0,0,0,0,0	0,0,0,0,0,0	KANJIDIC,PYPINYIN,UNIHAN
U+542B	含	ガン,ふくむ,ふくめる	gan,fukumu,fukumeru	0,0,0	0,0,0	KANJIDIC,PYPINYIN,UNIHAN,WORDSHK_CHARS
U+542C	听	キン,ポンド,わらう	kin,pondo,warau	0,0,0	0,0,0	KANJIDIC,PYPINYIN,UNIHAN
U+542D	吭	コウ,のど	kou,nodo	0,0	0,0	KANJIDIC,PYPINYIN,UNIHAN
U+542E	吮	セン,シュン,すう	sen,shun,suu	0,0,0	0,0,0	KANJIDIC,PYPINYIN,UNIHAN,WORDSHK_CHARS
U+542F	启	ケイ,ひらく	kei,hiraku	0,0	0,0	KANJIDIC,PYPINYIN,UNIHAN
U+5431	吱	シ,キ	shi,ki	0,0	0,0	KANJIDIC,PYPINYIN,UNIHAN,WORDSHK_CHARS
U+5434	吴	ゴ,くれる,くれ	go,kureru,kure	0,0,0	0,0,0	KANJIDIC,PYPINYIN,UNIHAN
U+5435	吵	ビョウ,ミョウ,ソウ,ショウ,さえずる,こえ	byou,myou,sou,shou,saezuru,koe	0,0,0,0,0,0	0,0,0,0,0,0	KANJIDIC,PYPINYIN,UNIHAN,WORDSHK_CHARS
U+5436	吶	トツ,どもる	totsu,domoru	0,0	0,0	KANJIDIC,PYPINYIN,UNIHAN,WORDSHK_CHARS
U+5438	吸	キュウ,すう	kyuu,suu	0,0	0,0	KANJIDIC,PYPINYIN,UNIHAN,WORDSHK_CHARS
U+5439	吹	スイ,ふく	sui,fuku	0,0	0,0	KANJIDIC,PYPINYIN,UNIHAN,WORDSHK_CHARS
U+543B	吻	フン,ブン,くちわき,くちさき	fun,bun,kuchiwaki,kuchisaki	0,0,0,0	0,0,0,0	KANJIDIC,PYPINYIN,UNIHAN,WORDSHK_CHARS
U+543C	吼	コウ,ク,ほえる	kou,ku,hoeru	0,0,0	0,0,0	KANJIDIC,PYPINYIN,UNIHAN,WORDSHK_CHARS
U+543D	吽	コウ,ウン,イン,オン,グ,ほえる	kou,un,in,on,gu,hoeru	0,0,0,0,0,0	0,0,0,0,0,0	KANJIDIC,PYPINYIN,UNIHAN,WORDSHK_CHARS
U+543E	吾	ゴ,われ,わが,あ	go,ware,waga,a	0,0,0,0	0,0,0,0	KANJIDIC,PYPINYIN,UNIHAN,WORDSHK_CHARS
U+5440	呀	ガ,カ,あ	ga,ka,a	0,0,0	0,0,0	KANJIDIC,PYPINYIN,UNIHAN,WORDSHK_CHARS
U+5442	呂	ロ,リョ,せぼね	ro,ryo,sebone	0,0,0	0,0,0	KANJIDIC,PYPINYIN,UNIHAN,WORDSHK_CHARS
U+5443	呃	アク,アイ,なく	aku,ai,naku	0,0,0	0,0,0	KANJIDIC,PYPINYIN,UNIHAN,WORDSHK_CHARS
U+5444	呄	コク	koku	0	0	KANJIDIC,PYPINYIN,UNIHAN
U+5446	呆	ホウ,ほける,ぼける,あきれる,おろか	hou,hokeru,bokeru,akireru,oroka	0,0,0,0,0	0,0,0,0,0	KANJIDIC,PYPINYIN,UNIHAN,WORDSHK_CHARS
U+5447	呇	ケイ	kei	0	0	KANJIDIC,PYPINYIN,UNIHAN
U+5448	呈	テイ	tei	0	0	KANJIDIC,PYPINYIN,UNIHAN,WORDSHK_CHARS
U+5449	呉	ゴ,くれる,くれ	go,kureru,kure	0,0,0	0,0,0	KANJIDIC,PYPINYIN,UNIHAN
U+544A	告	コク,つげる	koku,tsugeru	0,0	0,0	KANJIDIC,PYPINYIN,UNIHAN,WORDSHK_CHARS
U+544D	呍	コウ,ウン,イン,オン,グ,ほえる	kou,un,in,on,gu,hoeru	0,0,0,0,0,0	0,0,0,0,0,0	KANJIDIC,PYPINYIN,UNIHAN,WORDSHK_CHARS
U+544E	呎	シャク,ふいいと	shaku,fuiito	0,0	0,0	KANJIDIC,PYPINYIN,UNIHAN,WORDSHK_CHARS
U+544F	呏	ショウ,がろん,くおおと	shou,garon,kuooto	0,0,0	0,0,0	KANJIDIC,PYPINYIN,UNIHAN
U+5451	呑	トン,ドン,のむ	ton,don,nomu	0,0,0	0,0,0	KANJIDIC,PYPINYIN,UNIHAN
U+545E	呞	シ,チ,かみかえす	shi,chi,kamikaesu	0,0,0	0,0,0	KANJIDIC,PYPINYIN,UNIHAN
U+545F	呟	ゲン,つぶやく	gen,tsubuyaku	0,0	0,0	KANJIDIC,PYPINYIN,UNIHAN
U+5462	呢	ジ,ニ	ji,ni	0,0	0,0	KANJIDIC,PYPINYIN,UNIHAN,WORDSHK_CHARS
U+5464	呤	レイ,リョウ,ささやき	rei,ryou,sasayaki	0,0,0	0,0,0	KANJIDIC,PYPINYIN,UNIHAN,WORDSHK_CHARS
U+5466	呦	ユ,オウ,ユウ,ヨウ,むせぶ,さけぶ	yu,ou,yuu,you,musebu,sakebu	0,0,0,0,0,0	0,0,0,0,0,0	KANJIDIC,PYPINYIN,UNIHAN
U+5467	呧	テイ,タイ,そしる,しかる	tei,tai,soshiru,shikaru	0,0,0,0	0,0,0,0	KANJIDIC,PYPINYIN,UNIHAN
U+5468	周	シュウ,まわり	shuu,mawari	0,0	0,0	KANJIDIC,PYPINYIN,UNIHAN,WORDSHK_CHARS
U+5469	呩	シ,たしなむ,このむ	shi,tashinamu,konomu	0,0,0	0,0,0	KANJIDIC,PYPINYIN,UNIHAN
U+546A	呪	ジュ,シュ,シュウ,ズ,まじなう,のろい,まじない,のろう	ju,shu,shuu,zu,majinau,noroi,majinai,norou	0,0,0,0,0,0,0,0	0,0,0,0,0,0,0,0	KANJIDIC,PYPINYIN,UNIHAN
U+546B	呫	チョウ,ショウ,テン,なめる,ささやく,しゃべる	chou,shou,ten,nameru,sasayaku,shaberu	0,0,0,0,0,0	0,0,0,0,0,0	KANJIDIC,PYPINYIN,UNIHAN
U+546C	呬	キ,チ,レイ,リョウ,いき,いこう	ki,chi,rei,ryou,iki,ikou	0,0,0,0,0,0	0,0,0,0,0,0	KANJIDIC,PYPINYIN,UNIHAN
U+546D	呭	エイ,セツ,セチ,しゃべる,たのしむ	ei,setsu,sechi,shaberu,tanoshimu	0,0,0,0,0	0,0,0,0,0	KANJIDIC,PYPINYIN,UNIHAN
U+546E	呮	キ,こしかける	ki,koshikakeru	0,0	0,0	KANJIDIC,PYPINYIN,UNIHAN
U+5470	呰	シ,サ	shi,sa	0,0	0,0	KANJIDIC,PYPINYIN,UNIHAN
U+5471	呱	コ	ko	0	0	KANJIDIC,PYPINYIN,UNIHAN,WORDSHK_CHARS
U+5473	味	ミ,あじ,あじわう	mi,aji,ajiwau	0,0,0	0,0,0	KANJIDIC,PYPINYIN,UNIHAN,WORDSHK_CHARS
U+5474	呴	ク,コウ	ku,kou	0,0	0,0	KANJIDIC,PYPINYIN,UNIHAN
U+5475	呵	カ,かす,しかる,わらう	ka,kasu,shikaru,warau	0,0,0,0	0,0,0,0	KANJIDIC,PYPINYIN,UNIHAN,WORDSHK_CHARS
U+5476	呶	ド,ドウ,かまびすしい	do,dou,kamabisushii	0,0,0	0,0,0	KANJIDIC,PYPINYIN,UNIHAN
U+5477	呷	コウ,あおる,すう	kou,aoru,suu	0,0,0	0,0,0	KANJIDIC,PYPINYIN,UNIHAN,WORDSHK_CHARS
U+547B	呻	シン,うめく,うめき	shin,umeku,umeki	0,0,0	0,0,0	KANJIDIC,PYPINYIN,UNIHAN,WORDSHK_CHARS
U+547C	呼	コ,よぶ	ko,yobu	0,0	0,0	KANJIDIC,PYPINYIN,UNIHAN,WORDSHK_CHARS
U+547D	命	メイ,ミョウ,いのち	mei,myou,inochi	0,0,0	0,0,0	KANJIDIC,PYPINYIN,UNIHAN,WORDSHK_CHARS
U+547F	呿	カ,キョ,コ,キョウ,コウ,ひらく,あくびする	ka,kyo,ko,kyou,kou,hiraku,akubisuru	0,0,0,0,0,0,0	0,0,0,0,0,0,0	KANJIDIC,PYPINYIN,UNIHAN
U+5480	咀	ソ,ショ,かむ	so,sho,kamu	0,0,0	0,0,0	KANJIDIC,PYPINYIN,UNIHAN,WORDSHK_CHARS
U+5481	咁	カン,ふくむ	kan,fukumu	0,0	0,0	KANJIDIC,PYPINYIN,UNIHAN,WORDSHK_CHARS
U+5483	咃	タ	ta	0	0	KANJIDIC,PYPINYIN,UNIHAN
U+5484	咄	トツ,はなし,しかる	totsu,hanashi,shikaru	0,0,0	0,0,0	KANJIDIC,PYPINYIN,UNIHAN,WORDSHK_CHARS
U+5485	咅	トウ	tou	0	0	KANJIDIC,PYPINYIN,UNIHAN
U+5486	咆	ホウ,ほえる	hou,hoeru	0,0	0,0	KANJIDIC,PYPINYIN,UNIHAN,WORDSHK_CHARS
U+5488	咈	フツ,ブチ,ヒツ,ビチ,たがう,いな	futsu,buchi,hitsu,bichi,tagau,ina	0,0,0,0,0,0	0,0,0,0,0,0	KANJIDIC,PYPINYIN,UNIHAN
U+5489	咉	オウ,ふさがる	ou,fusagaru	0,0	0,0	KANJIDIC,PYPINYIN,UNIHAN
U+548A	咊	ワ	wa	0	0	KANJIDIC,PYPINYIN,UNIHAN
U+548B	咋	サク,サ,かむ,くう,くらう	saku,sa,kamu,kuu,kurau	0,0,0,0,0	0,0,0,0,0	KANJIDIC,PYPINYIN,UNIHAN,WORDSHK_CHARS
U+548C	和	ワ,オ,カ,やわらぐ,やわらげる,なごむ,なごやか,あえる	wa,o,ka,yawaragu,yawarageru,nagomu,nagoyaka,aeru	0,0,0,0,0,0,0,0	0,0,0,0,0,0,0,0	KANJIDIC,PYPINYIN,UNIHAN,WORDSHK_CHARS
U+548D	咍	カイ,タイ,わらう,よろこぶ	kai,tai,warau,yorokobu	0,0,0,0	0,0,0,0	KANJIDIC,PYPINYIN,UNIHAN
U+548E	咎	キュウ,コウ,とがめる,とが	kyuu,kou,togameru,toga	0,0,0,0	0,0,0,0	KANJIDIC,PYPINYIN,UNIHAN,WORDSHK_CHARS
U+548F	咏	エイ,よむ,うたう	ei,yomu,utau	0,0,0	0,0,0	KANJIDIC,PYPINYIN,UNIHAN
U+5490	咐	フ,ホ	fu,ho	0,0	0,0	KANJIDIC,PYPINYIN,UNIHAN,WORDSHK_CHARS
U+5491	咑	ダ	da	0	0	KANJIDIC,PYPINYIN,UNIHAN,WORDSHK_CHARS
U+5492	咒	ジュ,シュ,シュウ,まじなう,のろい,まじない,のろう	ju,shu,shuu,majinau,noroi,majinai,norou	0,0,0,0,0,0,0	0,0,0,0,0,0,0	KANJIDIC,PYPINYIN,UNIHAN,WORDSHK_CHARS
U+5495	咕	コ,ぶつぶついう	ko,butsubutsuiu	0,0	0,0	KANJIDIC,PYPINYIN,UNIHAN,WORDSHK_CHARS
U+5496	咖	カ	ka	0	0	KANJIDIC,PYPINYIN,UNIHAN,WORDSHK_CHARS
U+549C	咜	タ,ト,しかる	ta,to,shikaru	0,0,0	0,0,0	KANJIDIC,PYPINYIN,UNIHAN
U+549F	咟	カク	kaku	0	0	KANJIDIC,PYPINYIN,UNIHAN
U+54A0	咠	シュウ,ユウ,ささやく,そしる	shuu,yuu,sasayaku,soshiru	0,0,0,0	0,0,0,0	KANJIDIC,PYPINYIN,UNIHAN
U+54A1	咡	ジ,ニ,くちもと,くち	ji,ni,kuchimoto,kuchi	0,0,0,0	0,0,0,0	KANJIDIC,PYPINYIN,UNIHAN
U+54A2	咢	ガク,おどろく	gaku,odoroku	0,0	0,0	KANJIDIC,PYPINYIN,UNIHAN
U+54A4	咤	タ,ト,しかる	ta,to,shikaru	0,0,0	0,0,0	KANJIDIC,PYPINYIN,UNIHAN,WORDSHK_CHARS
U+54A5	咥	テツ,キ,かむ,くわえる	tetsu,ki,kamu,kuwaeru	0,0,0,0	0,0,0,0	KANJIDIC,PYPINYIN,UNIHAN
U+54A6	咦	イ,キ,タイ,といき	i,ki,tai,toiki	0,0,0,0	0,0,0,0	KANJIDIC,PYPINYIN,UNIHAN,WORDSHK_CHARS
U+54A7	咧	レツ,レチ	retsu,rechi	0,0	0,0	KANJIDIC,PYPINYIN,UNIHAN,WORDSHK_CHARS
U+54A8	咨	シ,ああ,はかる	shi,aa,hakaru	0,0,0	0,0,0	KANJIDIC,PYPINYIN,UNIHAN,WORDSHK_CHARS
U+54A9	咩	ビ,ミ	bi,mi	0,0	0,0	KANJIDIC,PYPINYIN,UNIHAN,WORDSHK_CHARS
U+54AA	咪	ビ,ベイ,めえとる	bi,bei,meetoru	0,0,0	0,0,0	KANJIDIC,PYPINYIN,UNIHAN,WORDSHK_CHARS
U+54AB	咫	シ,た	shi,ta	0,0	0,0	KANJIDIC,PYPINYIN,UNIHAN,WORDSHK_CHARS
U+54AC	咬	コウ,ヨウ,かむ	kou,you,kamu	0,0,0	0,0,0	KANJIDIC,PYPINYIN,UNIHAN,WORDSHK_CHARS
U+54AD	咭	キツ,ギチ,カツ,ケチ	kitsu,gichi,katsu,kechi	0,0,0,0	0,0,0,0	KANJIDIC,PYPINYIN,UNIHAN,WORDSHK_CHARS
U+54AE	咮	トウ,ツ,チュウ,シュウ,くちばし	tou,tsu,chuu,shuu,kuchibashi	0,0,0,0,0	0,0,0,0,0	KANJIDIC,PYPINYIN,UNIHAN
U+54AF	咯	カク,はく	kaku,haku	0,0	0,0	KANJIDIC,PYPINYIN,UNIHAN,WORDSHK_CHARS
U+54B1	咱	サツ,サチ,サ,シャ,われ	satsu,sachi,sa,sha,ware	0,0,0,0,0	0,0,0,0,0	KANJIDIC,PYPINYIN,UNIHAN,WORDSHK_CHARS
U+54B2	咲	ショウ,さく,ざき	shou,saku,zaki	0,0,0	0,0,0	KANJIDIC,PYPINYIN,UNIHAN
U+54B3	咳	カイ,ガイ,せく,しわぶく,せき,しわぶき	kai,gai,seku,shiwabuku,seki,shiwabuki	0,0,0,0,0,0	0,0,0,0,0,0	KANJIDIC,PYPINYIN,UNIHAN,WORDSHK_CHARS
U+54B7	咷	ドウ,チュウ,テキ,ジャク,なく	dou,chuu,teki,jaku,naku	0,0,0,0,0	0,0,0,0,0	KANJIDIC,PYPINYIN,UNIHAN
U+54B8	咸	カン,ゲン	kan,gen	0,0	0,0	KANJIDIC,PYPINYIN,UNIHAN,WORDSHK_CHARS
U+54B9	咹	アツ,アチ,アン,どもる,ささやく,やむ	atsu,achi,an,domoru,sasayaku,yamu	0,0,0,0,0,0	0,0,0,0,0,0	KANJIDIC,PYPINYIN,UNIHAN,WORDSHK_CHARS
U+54BA	咺	ケン,クン,おそれる	ken,kun,osoreru	0,0,0	0,0,0	KANJIDIC,PYPINYIN,UNIHAN
U+54BB	咻	ク,キョウ,コウ	ku,kyou,kou	0,0,0	0,0,0	KANJIDIC,PYPINYIN,UNIHAN,WORDSHK_CHARS
U+54BC	咼	カイ,ケ,クウ,カ,よこしま,くちがゆがむ,ゆがむ	kai,ke,kuu,ka,yokoshima,kuchigayugamu,yugamu	0,0,0,0,0,0,0	0,0,0,0,0,0,0	KANJIDIC,PYPINYIN,UNIHAN
U+54BD	咽	イン,エン,エツ,むせぶ,むせる,のど,のむ	in,en,etsu,musebu,museru,nodo,nomu	0,0,0,0,0,0,0	0,0,0,0,0,0,0	KANJIDIC,PYPINYIN,UNIHAN,WORDSHK_CHARS
U+54BE	咾	ロウ	rou	0	0	KANJIDIC,PYPINYIN,UNIHAN
U+54BF	咿	イ,つくりわらい	i,tsukuriwarai	0,0	0,0	KANJIDIC,PYPINYIN,UNIHAN,WORDSHK_CHARS
U+54C0	哀	アイ,あわれ,あわれむ,かなしい	ai,aware,awaremu,kanashii	0,0,0,0	0,0,0,0	KANJIDIC,PYPINYIN,UNIHAN,WORDSHK_CHARS
U+54C1	品	ヒン,ホン,しな	hin,hon,shina	0,0,0	0,0,0	KANJIDIC,PYPINYIN,UNIHAN,WORDSHK_CHARS
U+54C2	哂	シン,わらう	shin,warau	0,0	0,0	KANJIDIC,PYPINYIN,UNIHAN,WORDSHK_CHARS
U+54C3	哃	トウ,ズ	tou,zu	0,0	0,0	KANJIDIC,PYPINYIN,UNIHAN
U+54C4	哄	コウ	kou	0	0	KANJIDIC,PYPINYIN,UNIHAN,WORDSHK_CHARS
U+54C6	哆	シ,タ,シャ,おおきい,おおくち	shi,ta,sha,ookii,ookuchi	0,0,0,0,0	0,0,0,0,0	KANJIDIC,PYPINYIN,UNIHAN,WORDSHK_CHARS
U+54C7	哇	ア,アイ,エ,ワ,かい,けい	a,ai,e,wa,kai,kei	0,0,0,0,0,0	0,0,0,0,0,0	KANJIDIC,PYPINYIN,UNIHAN,WORDSHK_CHARS
U+54C8	哈	ゴウ,ハ,ソウ	gou,ha,sou	0,0,0	0,0,0	KANJIDIC,PYPINYIN,UNIHAN,WORDSHK_CHARS
U+54C9	哉	サイ,かな,や	sai,kana,ya	0,0,0	0,0,0	KANJIDIC,PYPINYIN,UNIHAN,WORDSHK_CHARS
U+54CA	哊	イク,はく	iku,haku	0,0	0,0	KANJIDIC,PYPINYIN,UNIHAN
U+54CD	响	キョウ,ひびく	kyou,hibiku	0,0	0,0	KANJIDIC,PYPINYIN,UNIHAN,WORDSHK_CHARS
U+54CE	哎	ガイ	gai	0	0	KANJIDIC,PYPINYIN,UNIHAN,WORDSHK_CHARS
U+54D8	哘	さそう	sasou	0	0	KANJIDIC,PYPINYIN,UNIHAN
U+54E0	哠	コウ,しゃべる	kou,shaberu	0,0	0,0	KANJIDIC,PYPINYIN,UNIHAN
U+54E1	員	イン	in	0	0	KANJIDIC,PYPINYIN,UNIHAN,WORDSHK_CHARS
U+54E2	哢	ロウ,さえずる	rou,saezuru	0,0	0,0	KANJIDIC,PYPINYIN,UNIHAN
U+54E5	哥	カ,コ,あに,うた	ka,ko,ani,uta	0,0,0,0	0,0,0,0	KANJIDIC,PYPINYIN,UNIHAN,WORDSHK_CHARS
U+54E6	哦	ガ	ga	0	0	KANJIDIC,PYPINYIN,UNIHAN,WORDSHK_CHARS
U+54E8	哨	ショウ,みはり	shou,mihari	0,0	0,0	KANJIDIC,PYPINYIN,UNIHAN,WORDSHK_CHARS
U+54E9	哩	リ,まいる	ri,mairu	0,0	0,0	KANJIDIC,PYPINYIN,UNIHAN,WORDSHK_CHARS
U+54EA	哪	ダ,ナ	da,na	0,0	0,0	KANJIDIC,PYPINYIN,UNIHAN,WORDSHK_CHARS
U+54EC	哬	カ,しかる,せめる	ka,shikaru,semeru	0,0,0	0,0,0	KANJIDIC,PYPINYIN,UNIHAN,WORDSHK_CHARS
U+54ED	哭	コク,なげく,なく	koku,nageku,naku	0,0,0	0,0,0	KANJIDIC,PYPINYIN,UNIHAN,WORDSHK_CHARS
U+54EE	哮	コウ,たける,ほえる	kou,takeru,hoeru	0,0,0	0,0,0	KANJIDIC,PYPINYIN,UNIHAN,WORDSHK_CHARS
U+54EF	哯	ケン,はく	ken,haku	0,0	0,0	KANJIDIC,PYPINYIN,UNIHAN
U+54F1	哱	ホツ,ホチ,ハイ,ヘ,こえ,みだれる	hotsu,hochi,hai,he,koe,midareru	0,0,0,0,0,0	0,0,0,0,0,0	KANJIDIC,PYPINYIN,UNIHAN
U+54F2	哲	テツ,さとい,あきらか	tetsu,satoi,akiraka	0,0,0	0,0,0	KANJIDIC,PYPINYIN,UNIHAN,WORDSHK_CHARS
U+54F3	哳	タツ,テチ	tatsu,techi	0,0	0,0	KANJIDIC,PYPINYIN,UNIHAN
U+54F6	哶	バ,メ,マ,ビ,ミ	ba,me,ma,bi,mi	0,0,0,0,0	0,0,0,0,0	KANJIDIC,PYPINYIN,UNIHAN
U+54FA	哺	ホ,はぐくむ,ふくむ	ho,hagukumu,fukumu	0,0,0	0,0,0	KANJIDIC,PYPINYIN,UNIHAN,WORDSHK_CHARS
U+54FC	哼	コウ,キョウ,おびえる	kou,kyou,obieru	0,0,0	0,0,0	KANJIDIC,PYPINYIN,UNIHAN,WORDSHK_CHARS
U+54FD	哽	コウ,むせぶ	kou,musebu	0,0	0,0	KANJIDIC,PYPINYIN,UNIHAN,WORDSHK_CHARS
U+54FE	哾	セツ,ヤツ,ヤチ,なめる	setsu,yatsu,yachi,nameru	0,0,0,0	0,0,0,0	KANJIDIC,PYPINYIN,UNIHAN
U+54FF	哿	カ,よい	ka,yoi	0,0	0,0	KANJIDIC,PYPINYIN,UNIHAN,WORDSHK_CHARS
U+5500	唀	ユウ,シュウ,さそう,いざなう	yuu,shuu,sasou,izanau	0,0,0,0	0,0,0,0	KANJIDIC,PYPINYIN,UNIHAN
U+5501	唁	ゲン,ゴン,とむらう	gen,gon,tomurau	0,0,0	0,0,0	KANJIDIC,PYPINYIN,UNIHAN,WORDSHK_CHARS
U+5504	唄	バイ,うた,うたう	bai,uta,utau	0,0,0	0,0,0	KANJIDIC,PYPINYIN,UNIHAN
U+5505	唅	カン,コン,ふくむ	kan,kon,fukumu	0,0,0	0,0,0	KANJIDIC,PYPINYIN,UNIHAN,WORDSHK_CHARS
U+5506	唆	サ,そそる,そそのかす	sa,sosoru,sosonokasu	0,0,0	0,0,0	KANJIDIC,PYPINYIN,UNIHAN,WORDSHK_CHARS
U+5507	唇	シン,くちびる	shin,kuchibiru	0,0	0,0	KANJIDIC,PYPINYIN,UNIHAN,WORDSHK_CHARS
U+5508	唈	オウ,ユウ,なげく,むせぶ	ou,yuu,nageku,musebu	0,0,0,0	0,0,0,0	KANJIDIC,PYPINYIN,UNIHAN
U+5509	唉	カイ,キ,アイ,イ,ああ,あお,いやいやこたえる	kai,ki,ai,i,aa,ao,iyaiyakotaeru	0,0,0,0,0,0,0	0,0,0,0,0,0,0	KANJIDIC,PYPINYIN,UNIHAN,WORDSHK_CHARS
U+550C	唌	セン,タン,エン,なげく	sen,tan,en,nageku	0,0,0,0	0,0,0,0	KANJIDIC,PYPINYIN,UNIHAN
U+550D	唍	カン,ゲン,ほほえむ	kan,gen,hohoemu	0,0,0	0,0,0	KANJIDIC,PYPINYIN,UNIHAN
U+550E	唎	リ,こえ	ri,koe	0,0	0,0	KANJIDIC,PYPINYIN,UNIHAN,WORDSHK_CHARS
U+550F	唏	キ,なげく	ki,nageku	0,0	0,0	KANJIDIC,PYPINYIN,UNIHAN,WORDSHK_CHARS
U+5510	唐	トウ,から	tou,kara	0,0	0,0	KANJIDIC,PYPINYIN,UNIHAN,WORDSHK_CHARS
U+5514	唔	ゴ	go	0	0	KANJIDIC,PYPINYIN,UNIHAN,WORDSHK_CHARS
U+5515	唕	ソウ,さわがしい	sou,sawagashii	0,0	0,0	KANJIDIC,PYPINYIN,UNIHAN
U+5516	唖	ア,アク,おし	a,aku,oshi	0,0,0	0,0,0	KANJIDIC,PYPINYIN,UNIHAN
U+552A	唪	ホウ,ホ,ブ,おおごえ	hou,ho,bu,oogoe	0,0,0,0	0,0,0,0	KANJIDIC,PYPINYIN,UNIHAN,WORDSHK_CHARS
U+552B	唫	ゴン,キン,どもる,うたうたう	gon,kin,domoru,utautau	0,0,0,0	0,0,0,0	KANJIDIC,PYPINYIN,UNIHAN
U+552E	售	シュウ,うる	shuu,uru	0,0	0,0	KANJIDIC,PYPINYIN,UNIHAN,WORDSHK_CHARS
U+552F	唯	ユイ,イ,ただ	yui,i,tada	0,0,0	0,0,0	KANJIDIC,PYPINYIN,UNIHAN,WORDSHK_CHARS
U+5531	唱	ショウ,となえる	shou,tonaeru	0,0	0,0	KANJIDIC,PYPINYIN,UNIHAN,WORDSHK_CHARS
U+5532	唲	ジ,ニ,アイ,へつらう,かたこと	ji,ni,ai,hetsurau,katakoto	0,0,0,0,0	0,0,0,0,0	KANJIDIC,PYPINYIN,UNIHAN
U+5533	唳	レイ,れつ	rei,retsu	0,0	0,0	KANJIDIC,PYPINYIN,UNIHAN,WORDSHK_CHARS
U+5535	唵	アン,オン,ふくむ	an,on,fukumu	0,0,0	0,0,0	KANJIDIC,PYPINYIN,UNIHAN,WORDSHK_CHARS
U+5536	唶	シャ,セキ,シャク,サク,なく	sha,seki,shaku,saku,naku	0,0,0,0,0	0,0,0,0,0	KANJIDIC,PYPINYIN,UNIHAN,WORDSHK_CHARS
U+5538	唸	テン,うなる,うなり	ten,unaru,unari	0,0,0	0,0,0	KANJIDIC,PYPINYIN,UNIHAN,WORDSHK_CHARS
U+5539	唹	オ	o	0	0	KANJIDIC,PYPINYIN,UNIHAN
U+553B	唻	ライ,うたう	rai,utau	0,0	0,0	KANJIDIC,PYPINYIN,UNIHAN
U+553C	唼	ショウ,ソウ,くらう,すする,ついばむ,ふむ	shou,sou,kurau,susuru,tsuibamu,fumu	0,0,0,0,0,0	0,0,0,0,0,0	KANJIDIC,PYPINYIN,UNIHAN
U+553D	唽	セキ,シャク	seki,shaku	0,0	0,0	KANJIDIC,PYPINYIN,UNIHAN
U+553E	唾	ダ,タ,つば,つばき	da,ta,tsuba,tsubaki	0,0,0,0	0,0,0,0	KANJIDIC,PYPINYIN,UNIHAN,WORDSHK_CHARS
U+5540	啀	ガイ,いがむ	gai,igamu	0,0	0,0	KANJIDIC,PYPINYIN,UNIHAN
U+5541	啁	トウ,チョウ,チュウ,シュウ,たわむれる	tou,chou,chuu,shuu,tawamureru	0,0,0,0,0	0,0,0,0,0	KANJIDIC,PYPINYIN,UNIHAN
U+5544	啄	タク,ツク,トク,ついばむ,つつく	taku,tsuku,toku,tsuibamu,tsutsuku	0,0,0,0,0	0,0,0,0,0	KANJIDIC,PYPINYIN,UNIHAN,WORDSHK_CHARS
U+5545	啅	タク,トウ	taku,tou	0,0	0,0	KANJIDIC,PYPINYIN,UNIHAN,WORDSHK_CHARS
U+5546	商	ショウ,あきなう	shou,akinau	0,0	0,0	KANJIDIC,PYPINYIN,UNIHAN,WORDSHK_CHARS
U+5547	啇	テキ,チャク,セキ,もと,ねもと,やわらぐ	teki,chaku,seki,moto,nemoto,yawaragu	0,0,0,0,0,0	0,0,0,0,0,0	KANJIDIC,PYPINYIN,UNIHAN
U+5549	啉	ラン,かまびすしい,むさぼる	ran,kamabisushii,musaboru	0,0,0	0,0,0	KANJIDIC,PYPINYIN,UNIHAN
U+554A	啊	ア,こえ	a,koe	0,0	0,0	KANJIDIC,PYPINYIN,UNIHAN,WORDSHK_CHARS
U+554C	啌	クウ,コウ	kuu,kou	0,0	0,0	KANJIDIC,PYPINYIN,UNIHAN
U+554D	啍	トン,シュン,タイ,テ,キョウ,コウ,いき	ton,shun,tai,te,kyou,kou,iki	0,0,0,0,0,0,0	0,0,0,0,0,0,0	KANJIDIC,PYPINYIN,UNIHAN
U+554F	問	モン,とう,とい,とん	mon,tou,toi,ton	0,0,0,0	0,0,0,0	KANJIDIC,PYPINYIN,UNIHAN,WORDSHK_CHARS
U+5550	啐	サイ,セ,サ,シュツ,シュチ,カツ,カチ,おどろく,よぶ,さけぶ,しかる	sai,se,sa,shutsu,shuchi,katsu,kachi,odoroku,yobu,sakebu,shikaru	0,0,0,0,0,0,0,0,0,0,0	0,0,0,0,0,0,0,0,0,0,0	KANJIDIC,PYPINYIN,UNIHAN
U+5551	啑	ソウ,ショウ	sou,shou	0,0	0,0	KANJIDIC,PYPINYIN,UNIHAN
U+5553	啓	ケイ,ひらく,さとす	kei,hiraku,satosu	0,0,0	0,0,0	KANJIDIC,PYPINYIN,UNIHAN,WORDSHK_CHARS
U+5556	啖	タン,くう,くらわす	tan,kuu,kurawasu	0,0,0	0,0,0	KANJIDIC,PYPINYIN,UNIHAN,WORDSHK_CHARS
U+5557	啗	タン,くらわす,くう,くらう	tan,kurawasu,kuu,kurau	0,0,0,0	0,0,0,0	KANJIDIC,PYPINYIN,UNIHAN
U+5558	啘	エン,セツ,エツ	en,setsu,etsu	0,0,0	0,0,0	KANJIDIC,PYPINYIN,UNIHAN
U+555A	啚	ヒ,ト,おしむ	hi,to,oshimu	0,0,0	0,0,0	KANJIDIC,PYPINYIN,UNIHAN
U+555B	啛	サイ,セ,なめる	sai,se,nameru	0,0,0	0,0,0	KANJIDIC,PYPINYIN,UNIHAN
U+555C	啜	セツ,テツ,すする	setsu,tetsu,susuru	0,0,0	0,0,0	KANJIDIC,PYPINYIN,UNIHAN,WORDSHK_CHARS
U+555D	啝	ワ,したがう	wa,shitagau	0,0	0,0	KANJIDIC,PYPINYIN,UNIHAN,WORDSHK_CHARS
U+555E	啞	ア,おし	a,oshi	0,0	0,0	KANJIDIC,PYPINYIN,UNIHAN,WORDSHK_CHARS
U+5560	啠	テツ,さとい,あきらか,しる,さばく	tetsu,satoi,akiraka,shiru,sabaku	0,0,0,0,0	0,0,0,0,0	KANJIDIC,PYPINYIN,UNIHAN
U+5561	啡	ハイ,ヘ,ヒ,いびき,つば	hai,he,hi,ibiki,tsuba	0,0,0,0,0	0,0,0,0,0	KANJIDIC,PYPINYIN,UNIHAN,WORDSHK_CHARS
U+5563	啣	カン,くわえる,くつわ	kan,kuwaeru,kutsuwa	0,0,0	0,0,0	KANJIDIC,PYPINYIN,UNIHAN,WORDSHK_CHARS
U+5564	啤	ヒ	hi	0	0	KANJIDIC,PYPINYIN,UNIHAN,WORDSHK_CHARS
U+5566	啦	ロウ	rou	0	0	KANJIDIC,PYPINYIN,UNIHAN,WORDSHK_CHARS
U+557B	啻	シ,ただならぬ,ただに	shi,tadanaranu,tadani	0,0,0	0,0,0	KANJIDIC,PYPINYIN,UNIHAN
U+557C	啼	テイ,なく	tei,naku	0,0	0,0	KANJIDIC,PYPINYIN,UNIHAN,WORDSHK_CHARS
U+557D	啽	ガン,ゴン,いびき,とじる	gan,gon,ibiki,tojiru	0,0,0,0	0,0,0,0	KANJIDIC,PYPINYIN,UNIHAN
U+557E	啾	シュウ,なく	shuu,naku	0,0	0,0	KANJIDIC,PYPINYIN,UNIHAN
U+557F	啿	タン,ドン,ゆたか	tan,don,yutaka	0,0,0	0,0,0	KANJIDIC,PYPINYIN,UNIHAN
U+5580	喀	カク,はく	kaku,haku	0,0	0,0	KANJIDIC,PYPINYIN,UNIHAN,WORDSHK_CHARS
U+5581	喁	グ,ゴウ,キョウ,あぎとう	gu,gou,kyou,agitou	0,0,0,0	0,0,0,0	KANJIDIC,PYPINYIN,UNIHAN
U+5582	喂	イ,キ,カイ,なげく	i,ki,kai,nageku	0,0,0,0	0,0,0,0	KANJIDIC,PYPINYIN,UNIHAN,WORDSHK_CHARS
U+5583	喃	ナン,のう	nan,nou	0,0	0,0	KANJIDIC,PYPINYIN,UNIHAN,WORDSHK_CHARS
U+5584	善	ゼン,よい,いい,よく,よしとする	zen,yoi,ii,yoku,yoshitosuru	0,0,0,0,0	0,0,0,0,0	KANJIDIC,PYPINYIN,UNIHAN,WORDSHK_CHARS
U+5586	喆	テツ	tetsu	0	0	KANJIDIC,PYPINYIN,UNIHAN
U+5587	喇	ラツ,ラ	ratsu,ra	0,0	0,0	KANJIDIC,PYPINYIN,UNIHAN,WORDSHK_CHARS
U+5588	喈	カイ	kai	0	0	KANJIDIC,PYPINYIN,UNIHAN
U+5589	喉	コウ,のど	kou,nodo	0,0	0,0	KANJIDIC,PYPINYIN,UNIHAN,WORDSHK_CHARS
U+558A	喊	カン,ヤク,さけぶ	kan,yaku,sakebu	0,0,0	0,0,0	KANJIDIC,PYPINYIN,UNIHAN,WORDSHK_CHARS
U+558B	喋	チョウ,トウ,しゃべる,ついばむ	chou,tou,shaberu,tsuibamu	0,0,0,0	0,0,0,0	KANJIDIC,PYPINYIN,UNIHAN,WORDSHK_CHARS
U+558E	喎	カイ,ケ,クウ,カ,よこしま,くちがゆがむ,ゆがむ	kai,ke,kuu,ka,yokoshima,kuchigayugamu,yugamu	0,0,0,0,0,0,0	0,0,0,0,0,0,0	KANJIDIC,PYPINYIN,UNIHAN,WORDSHK_CHARS
U+558F	喏	シャ,ニャ,ジャク,ニャク,ダク,はい	sha,nya,jaku,nyaku,daku,hai	0,0,0,0,0,0	0,0,0,0,0,0	KANJIDIC,PYPINYIN,UNIHAN
U+5591	喑	イン,オン,アン,おし,さけぶ	in,on,an,oshi,sakebu	0,0,0,0,0	0,0,0,0,0	KANJIDIC,PYPINYIN,UNIHAN,WORDSHK_CHARS
U+5592	喒	サン,われ	san,ware	0,0	0,0	KANJIDIC,PYPINYIN,UNIHAN
U+5593	喓	ヨウ,こえ	you,koe	0,0	0,0	KANJIDIC,PYPINYIN,UNIHAN
U+5594	喔	アク,ラク,オク	aku,raku,oku	0,0,0	0,0,0	KANJIDIC,PYPINYIN,UNIHAN,WORDSHK_CHARS
U+5597	喗	ギン,ゴン,グン	gin,gon,gun	0,0,0	0,0,0	KANJIDIC,PYPINYIN,UNIHAN
U+5598	喘	ゼン,セン,あえぐ,せき	zen,sen,aegu,seki	0,0,0,0	0,0,0,0	KANJIDIC,PYPINYIN,UNIHAN,WORDSHK_CHARS
U+5599	喙	カイ,がい,くちばし	kai,gai,kuchibashi	0,0,0	0,0,0	KANJIDIC,PYPINYIN,UNIHAN,WORDSHK_CHARS
U+559A	喚	カン,わめく	kan,wameku	0,0	0,0	KANJIDIC,PYPINYIN,UNIHAN,WORDSHK_CHARS
U+559C	喜	キ,よろこぶ,よろこばす	ki,yorokobu,yorokobasu	0,0,0	0,0,0	KANJIDIC,PYPINYIN,UNIHAN,WORDSHK_CHARS
U+559D	喝	カツ	katsu	0	0	KANJIDIC,PYPINYIN,UNIHAN,WORDSHK_CHARS
U+559E	喞	ショク,ソク,かこつ	shoku,soku,kakotsu	0,0,0	0,0,0	KANJIDIC,PYPINYIN,UNIHAN
U+559F	喟	キ,カイ,なげく	ki,kai,nageku	0,0,0	0,0,0	KANJIDIC,PYPINYIN,UNIHAN
U+55A3	喣	ク,いろ,あらわししめす	ku,iro,arawashishimesu	0,0,0	0,0,0	KANJIDIC,PYPINYIN,UNIHAN
U+55A4	喤	コウ,オウ,キョウ,なきごえ	kou,ou,kyou,nakigoe	0,0,0,0	0,0,0,0	KANJIDIC,PYPINYIN,UNIHAN
U+55A7	喧	ケン,やかましい,かまびすしい	ken,yakamashii,kamabisushii	0,0,0	0,0,0	KANJIDIC,PYPINYIN,UNIHAN,WORDSHK_CHARS
U+55A8	喨	リョウ,ロウ	ryou,rou	0,0	0,0	KANJIDIC,PYPINYIN,UNIHAN
U+55A9	喩	ユ,たとえる,さとす	yu,tatoeru,satosu	0,0,0	0,0,0	KANJIDIC,PYPINYIN,UNIHAN
U+55AA	喪	ソウ,も	sou,mo	0,0	0,0	KANJIDIC,PYPINYIN,UNIHAN,WORDSHK_CHARS
U+55AB	喫	キツ,のむ	kitsu,nomu	0,0	0,0	KANJIDIC,PYPINYIN,UNIHAN,WORDSHK_CHARS
U+55AC	喬	キョウ,たかい	kyou,takai	0,0	0,0	KANJIDIC,PYPINYIN,UNIHAN,WORDSHK_CHARS
U+55AD	喭	ゲン,ガン,とむらう,とりみだす	gen,gan,tomurau,torimidasu	0,0,0,0	0,0,0,0	KANJIDIC,PYPINYIN,UNIHAN,WORDSHK_CHARS
U+55AE	單	タン,ひとえ	tan,hitoe	0,0	0,0	KANJIDIC,PYPINYIN,UNIHAN,WORDSHK_CHARS
U+55B0	喰	くう,くらう	kuu,kurau	0,0	0,0	KANJIDIC,PYPINYIN,UNIHAN
U+55B2	喲	ヤク	yaku	0	0	KANJIDIC,PYPINYIN,UNIHAN,WORDSHK_CHARS
U+55B6	営	エイ,いとなむ,いとなみ	ei,itonamu,itonami	0,0,0	0,0,0	KANJIDIC,PYPINYIN,UNIHAN
U+55BF	喿	ソウ,ショウ,さわぐ,かしましい,すき	sou,shou,sawagu,kashimashii,suki	0,0,0,0,0	0,0,0,0,0	KANJIDIC,PYPINYIN,UNIHAN
U+55C1	嗁	テイ,ダイ,なく	tei,dai,naku	0,0,0	0,0,0	KANJIDIC,PYPINYIN,UNIHAN
U+55C3	嗃	コウ,キョウ,きびしい,こえ,せめる	kou,kyou,kibishii,koe,semeru	0,0,0,0,0	0,0,0,0,0	KANJIDIC,PYPINYIN,UNIHAN
U+55C4	嗄	サ,からす,かれる,しゃがれる	sa,karasu,kareru,shagareru	0,0,0,0	0,0,0,0	KANJIDIC,PYPINYIN,UNIHAN,WORDSHK_CHARS
U+55C5	嗅	キュウ,かぐ	kyuu,kagu	0,0	0,0	KANJIDIC,PYPINYIN,UNIHAN,WORDSHK_CHARS
U+55C6	嗆	ショウ,ソウ,ついばむ,むせる,つまる	shou,sou,tsuibamu,museru,tsumaru	0,0,0,0,0	0,0,0,0,0	KANJIDIC,PYPINYIN,UNIHAN
U+55C7	嗇	ショク,やぶさか,おしむ	shoku,yabusaka,oshimu	0,0,0	0,0,0	KANJIDIC,PYPINYIN,UNIHAN,WORDSHK_CHARS
U+55C9	嗉	ソ	so	0	0	KANJIDIC,PYPINYIN,UNIHAN
U+55CB	嗋	キョウ,コウ,おどす	kyou,kou,odosu	0,0,0	0,0,0	KANJIDIC,PYPINYIN,UNIHAN
U+55CC	嗌	エキ,ヤク,アク,アイ,エイ,のど	eki,yaku,aku,ai,ei,nodo	0,0,0,0,0,0	0,0,0,0,0,0	KANJIDIC,PYPINYIN,UNIHAN,WORDSHK_CHARS
U+55CE	嗎	バ,ののしる	ba,nonoshiru	0,0	0,0	KANJIDIC,PYPINYIN,UNIHAN,WORDSHK_CHARS
U+55D1	嗑	コウ,おしゃべり,あう,のむ,かたる	kou,oshaberi,au,nomu,kataru	0,0,0,0,0	0,0,0,0,0	KANJIDIC,PYPINYIN,UNIHAN,WORDSHK_CHARS
U+55D2	嗒	トウ,なめる	tou,nameru	0,0	0,0	KANJIDIC,PYPINYIN,UNIHAN,WORDSHK_CHARS
U+55D3	嗓	ソウ,のど	sou,nodo	0,0	0,0	KANJIDIC,PYPINYIN,UNIHAN,WORDSHK_CHARS
U+55D4	嗔	シン,いかる	shin,ikaru	0,0	0,0	KANJIDIC,PYPINYIN,UNIHAN
U+55D7	嗗	アツ,エチ	atsu,echi	0,0	0,0	KANJIDIC,PYPINYIN,UNIHAN,WORDSHK_CHARS
U+55D8	嗘	ケイ,こえ	kei,koe	0,0	0,0	KANJIDIC,PYPINYIN,UNIHAN
U+55DA	嗚	ウ,オ,ああ	u,o,aa	0,0,0	0,0,0	KANJIDIC,PYPINYIN,UNIHAN,WORDSHK_CHARS
U+55DB	嗛	ケン,カン,キョウ,ふくむ,うらむ,へりくだる	ken,kan,kyou,fukumu,uramu,herikudaru	0,0,0,0,0,0	0,0,0,0,0,0	KANJIDIC,PYPINYIN,UNIHAN
U+55DC	嗜	シ,たしなむ,たしなみ,このむ,このみ	shi,tashinamu,tashinami,konomu,konomi	0,0,0,0,0	0,0,0,0,0	KANJIDIC,PYPINYIN,UNIHAN,WORDSHK_CHARS
U+55DD	嗝	カク,キャク,しゃくり	kaku,kyaku,shakuri	0,0,0	0,0,0	KANJIDIC,PYPINYIN,UNIHAN,WORDSHK_CHARS
U+55DE	嗞	シ,なげく,わらう	shi,nageku,warau	0,0,0	0,0,0	KANJIDIC,PYPINYIN,UNIHAN
U+55DF	嗟	サ,シャ,あ,ああ,なげく	sa,sha,a,aa,nageku	0,0,0,0,0	0,0,0,0,0	KANJIDIC,PYPINYIN,UNIHAN
U+55E2	嗢	オツ,ラツ,ラチ,アツ,エチ,むせぶ,のむ	otsu,ratsu,rachi,atsu,echi,musebu,nomu	0,0,0,0,0,0,0	0,0,0,0,0,0,0	KANJIDIC,PYPINYIN,UNIHAN
U+55E3	嗣	シ	shi	0	0	KANJIDIC,PYPINYIN,UNIHAN,WORDSHK_CHARS
U+55E4	嗤	シ,わらう	shi,warau	0,0	0,0	KANJIDIC,PYPINYIN,UNIHAN,WORDSHK_CHARS
U+55E9	嗩	サ	sa	0	0	KANJIDIC,PYPINYIN,UNIHAN,WORDSHK_CHARS
U+55F6	嗶	ヒツ,ヒチ	hitsu,hichi	0,0	0,0	KANJIDIC,PYPINYIN,UNIHAN,WORDSHK_CHARS
U+55F7	嗷	ゴウ,かまびすしい	gou,kamabisushii	0,0	0,0	KANJIDIC,PYPINYIN,UNIHAN,WORDSHK_CHARS
U+55F9	嗹	レン,おしゃべり	ren,oshaberi	0,0	0,0	KANJIDIC,PYPINYIN,UNIHAN
U+55FD	嗽	ソウ,シュウ,ソク,すすぐ,ゆすぐ,くちすすぐ,うがい	sou,shuu,soku,susugu,yusugu,kuchisusugu,ugai	0,0,0,0,0,0,0	0,0,0,0,0,0,0	KANJIDIC,PYPINYIN,UNIHAN,WORDSHK_CHARS
U+55FE	嗾	ゾク,ソク,ソウ,けしかける,そそのかす	zoku,soku,sou,keshikakeru,sosonokasu	0,0,0,0,0	0,0,0,0,0	KANJIDIC,PYPINYIN,UNIHAN
U+55FF	嗿	タン,トン,こえ	tan,ton,koe	0,0,0	0,0,0	KANJIDIC,PYPINYIN,UNIHAN
U+5605	嘅	カイ,なげく	kai,nageku	0,0	0,0	KANJIDIC,PYPINYIN,UNIHAN,WORDSHK_CHARS
U+5606	嘆	タン,なげく,なげかわしい	tan,nageku,nagekawashii	0,0,0	0,0,0	KANJIDIC,PYPINYIN,UNIHAN,WORDSHK_CHARS
U+5608	嘈	ソウ,ショウ,かまびすしい	sou,shou,kamabisushii	0,0,0	0,0,0	KANJIDIC,PYPINYIN,UNIHAN,WORDSHK_CHARS
U+5609	嘉	カ,よみする,よい	ka,yomisuru,yoi	0,0,0	0,0,0	KANJIDIC,PYPINYIN,UNIHAN,WORDSHK_CHARS
U+560A	嘊	ガイ,いがむ	gai,igamu	0,0	0,0	KANJIDIC,PYPINYIN,UNIHAN
U+560D	嘍	ロウ,ル,うるさい,みだれる	rou,ru,urusai,midareru	0,0,0,0	0,0,0,0	KANJIDIC,PYPINYIN,UNIHAN,WORDSHK_CHARS
U+560E	嘎	カツ,ケチ	katsu,kechi	0,0	0,0	KANJIDIC,PYPINYIN,UNIHAN,WORDSHK_CHARS
U+560F	嘏	カ,ケ,さいわい	ka,ke,saiwai	0,0,0	0,0,0	KANJIDIC,PYPINYIN,UNIHAN
U+5610	嘐	ホウ,ロウロウ,ヒョウ,ビュウ,ミョウ,コウ	hou,rourou,hyou,byuu,myou,kou	0,0,0,0,0,0	0,0,0,0,0,0	KANJIDIC,PYPINYIN,UNIHAN
U+5611	嘑	コ,ク,さけぶ,なく,よぶ	ko,ku,sakebu,naku,yobu	0,0,0,0,0	0,0,0,0,0	KANJIDIC,PYPINYIN,UNIHAN
U+5612	嘒	ケイ,ケ	kei,ke	0,0	0,0	KANJIDIC,PYPINYIN,UNIHAN
U+5614	嘔	オウ,ク,はく,むかつく,うたう	ou,ku,haku,mukatsuku,utau	0,0,0,0,0	0,0,0,0,0	KANJIDIC,PYPINYIN,UNIHAN,WORDSHK_CHARS
U+5616	嘖	サク,さいなむ,さけぶ	saku,sainamu,sakebu	0,0,0	0,0,0	KANJIDIC,PYPINYIN,UNIHAN,WORDSHK_CHARS
U+5617	嘗	ショウ,ジョウ,かつて,こころみる,なめる	shou,jou,katsute,kokoromiru,nameru	0,0,0,0,0	0,0,0,0,0	KANJIDIC,PYPINYIN,UNIHAN,WORDSHK_CHARS
U+5618	嘘	キョ,コ,うそ,ふく	kyo,ko,uso,fuku	0,0,0,0	0,0,0,0	KANJIDIC,PYPINYIN,UNIHAN
U+5619	嘙	ハ	ha	0	0	KANJIDIC,PYPINYIN,UNIHAN
U+561B	嘛	マ	ma	0	0	KANJIDIC,PYPINYIN,UNIHAN,WORDSHK_CHARS
U+5628	嘨	ショウ,シツ,シュウ,うそぶく,もぐぶく	shou,shitsu,shuu,usobuku,mogubuku	0,0,0,0,0	0,0,0,0,0	KANJIDIC,PYPINYIN,UNIHAN
U+5629	嘩	カ,ケ,かまびすしい	ka,ke,kamabisushii	0,0,0	0,0,0	KANJIDIC,PYPINYIN,UNIHAN,WORDSHK_CHARS
U+562C	嘬	サイ,セ,セイ,かむ,むさぼる	sai,se,sei,kamu,musaboru	0,0,0,0,0	0,0,0,0,0	KANJIDIC,PYPINYIN,UNIHAN
U+562F	嘯	ショウ,シツ,うそぶく	shou,shitsu,usobuku	0,0,0	0,0,0	KANJIDIC,PYPINYIN,UNIHAN,WORDSHK_CHARS
U+5630	嘰	キ,ケ	ki,ke	0,0	0,0	KANJIDIC,PYPINYIN,UNIHAN,WORDSHK_CHARS
U+5631	嘱	ショク,しょくする,たのむ	shoku,shokusuru,tanomu	0,0,0	0,0,0	KANJIDIC,PYPINYIN,UNIHAN
U+5632	嘲	チョウ,トウ,あざける	chou,tou,azakeru	0,0,0	0,0,0	KANJIDIC,PYPINYIN,UNIHAN,WORDSHK_CHARS
U+5633	嘳	カイ,キ,ケ,あわれむ,そしる,ためいきする	kai,ki,ke,awaremu,soshiru,tameikisuru	0,0,0,0,0,0	0,0,0,0,0,0	KANJIDIC,PYPINYIN,UNIHAN
U+5634	嘴	シ,くちばし,はし	shi,kuchibashi,hashi	0,0,0	0,0,0	KANJIDIC,PYPINYIN,UNIHAN,WORDSHK_CHARS
U+5635	嘵	キョウ,おそれる	kyou,osoreru	0,0	0,0	KANJIDIC,PYPINYIN,UNIHAN,WORDSHK_CHARS
U+5636	嘶	セイ,いななく	sei,inanaku	0,0	0,0	KANJIDIC,PYPINYIN,UNIHAN,WORDSHK_CHARS
U+5637	嘷	コウ,ほえる,さけぶ	kou,hoeru,sakebu	0,0,0	0,0,0	KANJIDIC,PYPINYIN,UNIHAN
U+5638	嘸	ブ,ム,さぞ,さぞや,さぞかし	bu,mu,sazo,sazoya,sazokashi	0,0,0,0,0	0,0,0,0,0	KANJIDIC,PYPINYIN,UNIHAN,WORDSHK_CHARS
U+5639	嘹	リョウ	ryou	0	0	KANJIDIC,PYPINYIN,UNIHAN,WORDSHK_CHARS
U+563B	嘻	キ,イ,いましめ,やわらぐ,ああ,わらう	ki,i,imashime,yawaragu,aa,warau	0,0,0,0,0,0	0,0,0,0,0,0	KANJIDIC,PYPINYIN,UNIHAN,WORDSHK_CHARS
U+563C	嘼	キュウ,ク,チュウ,やしなう	kyuu,ku,chuu,yashinau	0,0,0,0	0,0,0,0	KANJIDIC,PYPINYIN,UNIHAN
U+563D	嘽	タン,セン,タ,あえぐ,よろこぶ,おおい,さかん	tan,sen,ta,aegu,yorokobu,ooi,sakan	0,0,0,0,0,0,0	0,0,0,0,0,0,0	KANJIDIC,PYPINYIN,UNIHAN
U+563F	嘿	ボク,モク,コク,しずか,だまる,あざむく	boku,moku,koku,shizuka,damaru,azamuku	0,0,0,0,0,0	0,0,0,0,0,0	KANJIDIC,PYPINYIN,UNIHAN,WORDSHK_CHARS
U+5640	噀	ソン	son	0	0	KANJIDIC,PYPINYIN,UNIHAN
U+5641	噁	オ,ウ,アク,おこる	o,u,aku,okoru	0,0,0,0	0,0,0,0	KANJIDIC,PYPINYIN,UNIHAN,WORDSHK_CHARS
U+5642	噂	ソン,うわさ	son,uwasa	0,0	0,0	KANJIDIC,PYPINYIN,UNIHAN
U+5643	噃	ハン,ボン,こえ	han,bon,koe	0,0,0	0,0,0	KANJIDIC,PYPINYIN,UNIHAN,WORDSHK_CHARS
U+5644	噄	キツ	kitsu	0	0	KANJIDIC,PYPINYIN,UNIHAN
U+5646	噆	ソウ,サン,ふくむ,かむ	sou,san,fukumu,kamu	0,0,0,0	0,0,0,0	KANJIDIC,PYPINYIN,UNIHAN,WORDSHK_CHARS
U+5647	噇	トウ,たべる	tou,taberu	0,0	0,0	KANJIDIC,PYPINYIN,UNIHAN
U+5649	噉	タン,くらわす,くう,くらう	tan,kurawasu,kuu,kurau	0,0,0,0	0,0,0,0	KANJIDIC,PYPINYIN,UNIHAN,WORDSHK_CHARS
U+564B	噋	トン,カク,たたく	ton,kaku,tataku	0,0,0	0,0,0	KANJIDIC,PYPINYIN,UNIHAN
U+564C	噌	ソウ,ショウ,ソ,かまびすしい	sou,shou,so,kamabisushii	0,0,0,0	0,0,0,0	KANJIDIC,PYPINYIN,UNIHAN,WORDSHK_CHARS
U+564D	噍	ショウ,シュウ,シュ,シャク,ザク,かむ	shou,shuu,shu,shaku,zaku,kamu	0,0,0,0,0,0	0,0,0,0,0,0	KANJIDIC,PYPINYIN,UNIHAN,WORDSHK_CHARS
U+564E	噎	イツ,エツ,むせる,むせぶ	itsu,etsu,museru,musebu	0,0,0,0	0,0,0,0	KANJIDIC,PYPINYIN,UNIHAN,WORDSHK_CHARS
U+564F	噏	キュウ,すう	kyuu,suu	0,0	0,0	KANJIDIC,PYPINYIN,UNIHAN,WORDSHK_CHARS
U+5650	噐	キ,うつわ	ki,utsuwa	0,0	0,0	KANJIDIC,PYPINYIN,UNIHAN
U+5653	噓	キョ,ふく,うそ	kyo,fuku,uso	0,0,0	0,0,0	KANJIDIC,PYPINYIN,UNIHAN,WORDSHK_CHARS
U+5654	噔	トウ	tou	0	0	KANJIDIC,PYPINYIN,UNIHAN
U+565B	噛	コウ,ゴウ,かむ,かじる	kou,gou,kamu,kajiru	0,0,0,0	0,0,0,0	KANJIDIC,PYPINYIN,UNIHAN
U+565E	噞	ゲン,あぎとう,はげしい	gen,agitou,hageshii	0,0,0	0,0,0	KANJIDIC,PYPINYIN,UNIHAN
U+5660	噠	タツ,タチ	tatsu,tachi	0,0	0,0	KANJIDIC,PYPINYIN,UNIHAN
U+5661	噡	トウ,セン,タン,うわごと,たわごと,うるさくしゃべる	tou,sen,tan,uwagoto,tawagoto,urusakushaberu	0,0,0,0,0,0	0,0,0,0,0,0	KANJIDIC,PYPINYIN,UNIHAN
U+5662	噢	ユウ,イク,ウ,ク,うめく	yuu,iku,u,ku,umeku	0,0,0,0,0	0,0,0,0,0	KANJIDIC,PYPINYIN,UNIHAN,WORDSHK_CHARS
U+5663	噣	チュ,チュウ,トウ,ツ,ショク,ソク,くちばし,ついばむ	chu,chuu,tou,tsu,shoku,soku,kuchibashi,tsuibamu	0,0,0,0,0,0,0,0	0,0,0,0,0,0,0,0	KANJIDIC,PYPINYIN,UNIHAN
U+5664	噤	キン,つぐむ	kin,tsugumu	0,0	0,0	KANJIDIC,PYPINYIN,UNIHAN,WORDSHK_CHARS
U+5666	噦	エツ,オチ,エチ,キ,ケ,ケイ,カイ,しゃっくり,あかるい	etsu,ochi,echi,ki,ke,kei,kai,shakkuri,akarui	0,0,0,0,0,0,0,0,0	0,0,0,0,0,0,0,0,0	KANJIDIC,PYPINYIN,UNIHAN
U+5668	器	キ,うつわ	ki,utsuwa	0,0	0,0	KANJIDIC,PYPINYIN,UNIHAN,WORDSHK_CHARS
U+5669	噩	ガク,カク,おごそか,おどろく	gaku,kaku,ogosoka,odoroku	0,0,0,0	0,0,0,0	KANJIDIC,PYPINYIN,UNIHAN,WORDSHK_CHARS
U+566A	噪	ソウ,さわぐ	sou,sawagu	0,0	0,0	KANJIDIC,PYPINYIN,UNIHAN,WORDSHK_CHARS
U+566B	噫	イ,アイ,オク,ああ,おくび	i,ai,oku,aa,okubi	0,0,0,0,0	0,0,0,0,0	KANJIDIC,PYPINYIN,UNIHAN,WORDSHK_CHARS
U+566C	噬	ゼイ,かむ	zei,kamu	0,0	0,0	KANJIDIC,PYPINYIN,UNIHAN,WORDSHK_CHARS
U+566D	噭	キョウ,ケキ,キャク,ほえる,さけぶ,よぶ,なく	kyou,keki,kyaku,hoeru,sakebu,yobu,naku	0,0,0,0,0,0,0	0,0,0,0,0,0,0	KANJIDIC,PYPINYIN,UNIHAN
U+566F	噯	アイ,ガイ,いき	ai,gai,iki	0,0,0	0,0,0	KANJIDIC,PYPINYIN,UNIHAN
U+5671	噱	キャク,ガク	kyaku,gaku	0,0	0,0	KANJIDIC,PYPINYIN,UNIHAN,WORDSHK_CHARS
U+5672	噲	カイ,ケ,ワイ,エ,カツ,カチ,のど,すする,こころよい,あかるい	kai,ke,wai,e,katsu,kachi,nodo,susuru,kokoroyoi,akarui	0,0,0,0,0,0,0,0,0,0	0,0,0,0,0,0,0,0,0,0	KANJIDIC,PYPINYIN,UNIHAN
U+5674	噴	フン,ふく	fun,fuku	0,0	0,0	KANJIDIC,PYPINYIN,UNIHAN,WORDSHK_CHARS
U+5675	噵	トウ,みち	tou,michi	0,0	0,0	KANJIDIC,PYPINYIN,UNIHAN
U+5676	噶	カツ,カチ	katsu,kachi	0,0	0,0	KANJIDIC,PYPINYIN,UNIHAN,WORDSHK_CHARS
U+5678	噸	トン	ton	0	0	KANJIDIC,PYPINYIN,UNIHAN,WORDSHK_CHARS
U+567A	噺	はなし	hanashi	0	0	KANJIDIC,PYPINYIN,UNIHAN
U+5680	嚀	ネイ,ニョウ	nei,nyou	0,0	0,0	KANJIDIC,PYPINYIN,UNIHAN
U+5684	嚄	カク,ワク,わめく,ああ	kaku,waku,wameku,aa	0,0,0,0	0,0,0,0	KANJIDIC,PYPINYIN,UNIHAN
U+5685	嚅	ジュ,ニュ,やかましい	ju,nyu,yakamashii	0,0,0	0,0,0	KANJIDIC,PYPINYIN,UNIHAN
U+5686	嚆	コウ,さけぶ	kou,sakebu	0,0	0,0	KANJIDIC,PYPINYIN,UNIHAN
U+5687	嚇	カク,おどす	kaku,odosu	0,0	0,0	KANJIDIC,PYPINYIN,UNIHAN,WORDSHK_CHARS
U+5688	嚈	ヨウ,エン	you,en	0,0	0,0	KANJIDIC,PYPINYIN,UNIHAN
U+568A	嚊	ヒ,かかめ,かかあ,はないき	hi,kakame,kakaa,hanaiki	0,0,0,0	0,0,0,0	KANJIDIC,PYPINYIN,UNIHAN
U+568B	嚋	チュウ,チュ,たれる,のろう	chuu,chu,tareru,norou	0,0,0,0	0,0,0,0	KANJIDIC,PYPINYIN,UNIHAN
U+568C	嚌	セイ,カイ,サイ,なめる	sei,kai,sai,nameru	0,0,0,0	0,0,0,0	KANJIDIC,PYPINYIN,UNIHAN
U+568F	嚏	テイ,くしゃみ,くさめ,くさみ,はなひる,ひる	tei,kushami,kusame,kusami,hanahiru,hiru	0,0,0,0,0,0	0,0,0,0,0,0	KANJIDIC,PYPINYIN,UNIHAN,WORDSHK_CHARS
U+5694	嚔	テイ,くしゃみ,くさめ,くさみ,はなひる,ひる	tei,kushami,kusame,kusami,hanahiru,hiru	0,0,0,0,0,0	0,0,0,0,0,0	KANJIDIC,PYPINYIN,UNIHAN
U+5695	嚕	ロ,かたる,へつらう	ro,kataru,hetsurau	0,0,0	0,0,0	KANJIDIC,PYPINYIN,UNIHAN,WORDSHK_CHARS
U+5699	嚙	コウ,ゴウ,かむ,かじる	kou,gou,kamu,kajiru	0,0,0,0	0,0,0,0	KANJIDIC,PYPINYIN,UNIHAN,WORDSHK_CHARS
U+569A	嚚	ギン,ゴン,ガン,ゲン,わるい,おろか,つれない	gin,gon,gan,gen,warui,oroka,tsurenai	0,0,0,0,0,0,0	0,0,0,0,0,0,0	KANJIDIC,PYPINYIN,UNIHAN
U+569D	嚝	カク,コウ,さけぶ	kaku,kou,sakebu	0,0,0	0,0,0	KANJIDIC,PYPINYIN,UNIHAN
U+569E	嚞	テツ	tetsu	0	0	KANJIDIC,PYPINYIN,UNIHAN
U+569F	嚟	リ	ri	0	0	KANJIDIC,PYPINYIN,UNIHAN,WORDSHK_CHARS
U+56A0	嚠	リュウ,ル	ryuu,ru	0,0	0,0	KANJIDIC,PYPINYIN,UNIHAN
U+56A2	嚢	ノウ,ドウ,ふくろ	nou,dou,fukuro	0,0,0	0,0,0	KANJIDIC,PYPINYIN,UNIHAN
U+56A5	嚥	エン,のむ	en,nomu	0,0	0,0	KANJIDIC,PYPINYIN,UNIHAN,WORDSHK_CHARS
U+56A6	嚦	レキ,リャク	reki,ryaku	0,0	0,0	KANJIDIC,PYPINYIN,UNIHAN
U+56A7	嚧	ロ	ro	0	0	KANJIDIC,PYPINYIN,UNIHAN
U+56A8	嚨	ロウ,ル,のど	rou,ru,nodo	0,0,0	0,0,0	KANJIDIC,PYPINYIN,UNIHAN,WORDSHK_CHARS
U+56A9	嚩	ハク,バ,のろい	haku,ba,noroi	0,0,0	0,0,0	KANJIDIC,PYPINYIN,UNIHAN
U+56AB	嚫	シン,ほどこす	shin,hodokosu	0,0	0,0	KANJIDIC,PYPINYIN,UNIHAN
U+56AC	嚬	ヒン,ひそめる	hin,hisomeru	0,0	0,0	KANJIDIC,PYPINYIN,UNIHAN
U+56AD	嚭	ヒ,おおきい	hi,ookii	0,0	0,0	KANJIDIC,PYPINYIN,UNIHAN
U+56AE	嚮	コウ,キョウ,さきに,むかう	kou,kyou,sakini,mukau	0,0,0,0	0,0,0,0	KANJIDIC,PYPINYIN,UNIHAN,WORDSHK_CHARS
U+56B1	嚱	キ,こえ,ああ	ki,koe,aa	0,0,0	0,0,0	KANJIDIC,PYPINYIN,UNIHAN,WORDSHK_CHARS
U+56B2	嚲	タ	ta	0	0	KANJIDIC,PYPINYIN,UNIHAN
U+56B3	嚳	コク,つげる	koku,tsugeru	0,0	0,0	KANJIDIC,PYPINYIN,UNIHAN
U+56B4	嚴	ゲン,ゴン,おごそか,きびしい,いかめしい,いつくし	gen,gon,ogosoka,kibishii,ikameshii,itsukushi	0,0,0,0,0,0	0,0,0,0,0,0	KANJIDIC,PYPINYIN,UNIHAN,WORDSHK_CHARS
U+56B6	嚶	オウ,なく	ou,naku	0,0	0,0	KANJIDIC,PYPINYIN,UNIHAN
U+56B7	嚷	ジョウ,わめく,どなる	jou,wameku,donaru	0,0,0	0,0,0	KANJIDIC,PYPINYIN,UNIHAN,WORDSHK_CHARS
U+56BC	嚼	シャク,かむ	shaku,kamu	0,0	0,0	KANJIDIC,PYPINYIN,UNIHAN,WORDSHK_CHARS
U+56BE	嚾	カン,タン,よぶ,わめく,かまびすしい	kan,tan,yobu,wameku,kamabisushii	0,0,0,0,0	0,0,0,0,0	KANJIDIC,PYPINYIN,UNIHAN
U+56C0	囀	テン,さえずる	ten,saezuru	0,0	0,0	KANJIDIC,PYPINYIN,UNIHAN
U+56C1	囁	ショウ,ささやく	shou,sasayaku	0,0	0,0	KANJIDIC,PYPINYIN,UNIHAN
U+56C2	囂	ゴウ,キョウ,かしましい,かまびすしい	gou,kyou,kashimashii,kamabisushii	0,0,0,0	0,0,0,0	KANJIDIC,PYPINYIN,UNIHAN,WORDSHK_CHARS
U+56C3	囃	サツ,ソウ,はやす,はやし	satsu,sou,hayasu,hayashi	0,0,0,0	0,0,0,0	KANJIDIC,PYPINYIN,UNIHAN
U+56C5	囅	テン,テツ,テチ	ten,tetsu,techi	0,0,0	0,0,0	KANJIDIC,PYPINYIN,UNIHAN
U+56C8	囈	ゲイ	gei	0	0	KANJIDIC,PYPINYIN,UNIHAN,WORDSHK_CHARS
U+56C9	囉	ラ,こえ	ra,koe	0,0	0,0	KANJIDIC,PYPINYIN,UNIHAN,WORDSHK_CHARS
U+56CA	囊	ノウ,ドウ,ふくろ	nou,dou,fukuro	0,0,0	0,0,0	KANJIDIC,PYPINYIN,UNIHAN,WORDSHK_CHARS
U+56CB	囋	サツ,ザチ,サン,こえ	satsu,zachi,san,koe	0,0,0,0	0,0,0,0	KANJIDIC,PYPINYIN,UNIHAN
U+56CC	囌	ソ,よくしゃべる	so,yokushaberu	0,0	0,0	KANJIDIC,PYPINYIN,UNIHAN,WORDSHK_CHARS
U+56CE	囎	ソ,しょう	so,shou	0,0	0,0	KANJIDIC,PYPINYIN,UNIHAN
U+56CF	囏	カン,ケン,なやむ,かたい,なやみ,も	kan,ken,nayamu,katai,nayami,mo	0,0,0,0,0,0	0,0,0,0,0,0	KANJIDIC,PYPINYIN,UNIHAN
U+56D0	囐	サツ,ザチ,ガツ,ガチ,こえ,ただす	satsu,zachi,gatsu,gachi,koe,tadasu	0,0,0,0,0,0	0,0,0,0,0,0	KANJIDIC,PYPINYIN,UNIHAN
U+56D1	囑	ショク,しょくする,たのむ	shoku,shokusuru,tanomu	0,0,0	0,0,0	KANJIDIC,PYPINYIN,UNIHAN,WORDSHK_CHARS
U+56D3	囓	ゲツ,ケツ,かじる,かむ	getsu,ketsu,kajiru,kamu	0,0,0,0	0,0,0,0	KANJIDIC,PYPINYIN,UNIHAN
U+56D7	囗	イ,コク	i,koku	0,0	0,0	KANJIDIC,PYPINYIN,UNIHAN,WORDSHK_CHARS
U+56D8	囘	カイ,エ,まわる,まわす,もとおる,かえる	kai,e,mawaru,mawasu,motooru,kaeru	0,0,0,0,0,0	0,0,0,0,0,0	KANJIDIC,PYPINYIN,UNIHAN
U+56D9	囙	イン,よる,ちなむ	in,yoru,chinamu	0,0,0	0,0,0	KANJIDIC,PYPINYIN,UNIHAN
U+56DA	囚	シュウ,とらわれる	shuu,torawareru	0,0	0,0	KANJIDIC,PYPINYIN,UNIHAN,WORDSHK_CHARS
U+56DB	四	シ,よ,よつ,よっつ,よん	shi,yo,yotsu,yottsu,yon	0,0,0,0,0	0,0,0,0,0	KANJIDIC,PYPINYIN,UNIHAN,WORDSHK_CHARS
U+56DC	囜	ジン,ニン,かしこい	jin,nin,kashikoi	0,0,0	0,0,0	KANJIDIC,PYPINYIN,UNIHAN
U+56DD	囝	ケン,ガチ,こども	ken,gachi,kodomo	0,0,0	0,0,0	KANJIDIC,PYPINYIN,UNIHAN,WORDSHK_CHARS
U+56DE	回	カイ,エ,まわる,まわり,まわす,まわし,もとおる,かえる	kai,e,mawaru,mawari,mawasu,mawashi,motooru,kaeru	0,0,0,0,0,0,0,0	0,0,0,0,0,0,0,0	KANJIDIC,PYPINYIN,UNIHAN,WORDSHK_CHARS
U+56DF	囟	シン,シ,ひよめき	shin,shi,hiyomeki	0,0,0	0,0,0	KANJIDIC,PYPINYIN,UNIHAN,WORDSHK_CHARS
U+56E0	因	イン,よる,ちなむ	in,yoru,chinamu	0,0,0	0,0,0	KANJIDIC,PYPINYIN,UNIHAN,WORDSHK_CHARS
U+56E1	囡	ジュウ,ノウ,ナン	juu,nou,nan	0,0,0	0,0,0	KANJIDIC,PYPINYIN,UNIHAN,WORDSHK_CHARS
U+56E3	団	ダン,トン,かたまり,まるい	dan,ton,katamari,marui	0,0,0,0	0,0,0,0	KANJIDIC,PYPINYIN,UNIHAN
U+56E4	囤	トン,ざる	ton,zaru	0,0	0,0	KANJIDIC,PYPINYIN,UNIHAN,WORDSHK_CHARS
U+56E5	囥	コウ,くら	kou,kura	0,0	0,0	KANJIDIC,PYPINYIN,UNIHAN
U+56E6	囦	エン,カク,コウ,ふち,かたい,はなわ	en,kaku,kou,fuchi,katai,hanawa	0,0,0,0,0,0	0,0,0,0,0,0	KANJIDIC,PYPINYIN,UNIHAN
U+56E7	囧	ケイ,キョウ,ソウ,あきらか	kei,kyou,sou,akiraka	0,0,0,0	0,0,0,0	KANJIDIC,PYPINYIN,UNIHAN
U+56E8	囨	ヘン	hen	0	0	KANJIDIC,PYPINYIN,UNIHAN
U+56EB	囫	コツ,コチ,まったし,はっきりしない	kotsu,kochi,mattashi,hakkirishinai	0,0,0,0	0,0,0,0	KANJIDIC,PYPINYIN,UNIHAN
U+56ED	园	バン,ガン,タン,エン	ban,gan,tan,en	0,0,0,0	0,0,0,0	KANJIDIC,PYPINYIN,UNIHAN
U+56EE	囮	カ,ユウ,おとり	ka,yuu,otori	0,0,0	0,0,0	KANJIDIC,PYPINYIN,UNIHAN
U+56F0	困	コン,こまる	kon,komaru	0,0	0,0	KANJIDIC,PYPINYIN,UNIHAN,WORDSHK_CHARS
U+56F1	囱	ソウ,ス,まど,てんまど,けむだし	sou,su,mado,tenmado,kemudashi	0,0,0,0,0	0,0,0,0,0	KANJIDIC,PYPINYIN,UNIHAN,WORDSHK_CHARS
U+56F2	囲	イ,かこむ,かこう,かこい	i,kakomu,kakou,kakoi	0,0,0,0	0,0,0,0	KANJIDIC,PYPINYIN,UNIHAN
U+56F3	図	ズ,ト,え,はかる	zu,to,e,hakaru	0,0,0,0	0,0,0,0	KANJIDIC,PYPINYIN,UNIHAN
U+56F6	囶	コク,くに	koku,kuni	0,0	0,0	KANJIDIC,PYPINYIN,UNIHAN
U+56F7	囷	キン,コン,くら	kin,kon,kura	0,0,0	0,0,0	KANJIDIC,PYPINYIN,UNIHAN
U+56F9	囹	レイ	rei	0	0	KANJIDIC,PYPINYIN,UNIHAN,WORDSHK_CHARS
U+56FA	固	コ,かためる,かたまる,かたまり,かたい	ko,katameru,katamaru,katamari,katai	0,0,0,0,0	0,0,0,0,0	KANJIDIC,PYPINYIN,UNIHAN,WORDSHK_CHARS
U+56FD	国	コク,くに	koku,kuni	0,0	0,0	KANJIDIC,PYPINYIN,UNIHAN
U+56FF	囿	ユウ,その	yuu,sono	0,0	0,0	KANJIDIC,PYPINYIN,UNIHAN,WORDSHK_CHARS
U+5700	圀	コク,くに	koku,kuni	0,0	0,0	KANJIDIC,PYPINYIN,UNIHAN
U+5701	圁	ギン,ゴン,ガン,ゲン	gin,gon,gan,gen	0,0,0,0	0,0,0,0	KANJIDIC,PYPINYIN,UNIHAN
U+5702	圂	コン,カン,ダン,かわや,わずらわす	kon,kan,dan,kawaya,wazurawasu	0,0,0,0,0	0,0,0,0,0	KANJIDIC,PYPINYIN,UNIHAN
U+5703	圃	ホ,フ,はたけ,にわ	ho,fu,hatake,niwa	0,0,0,0	0,0,0,0	KANJIDIC,PYPINYIN,UNIHAN,WORDSHK_CHARS
U+5704	圄	ゴ,ギョ,ひとや	go,gyo,hitoya	0,0,0	0,0,0	KANJIDIC,PYPINYIN,UNIHAN,WORDSHK_CHARS
U+5707	圇	リン	rin	0	0	KANJIDIC,PYPINYIN,UNIHAN
U+5708	圈	ケン,かこい	ken,kakoi	0,0	0,0	KANJIDIC,PYPINYIN,UNIHAN,WORDSHK_CHARS
U+5709	圉	ギョ,ゴ,うまかい,ひとや	gyo,go,umakai,hitoya	0,0,0,0	0,0,0,0	KANJIDIC,PYPINYIN,UNIHAN
U+570A	圊	セイ,ショウ,かわや	sei,shou,kawaya	0,0,0	0,0,0	KANJIDIC,PYPINYIN,UNIHAN
U+570B	國	コク,くに	koku,kuni	0,0	0,0	KANJIDIC,PYPINYIN,UNIHAN,WORDSHK_CHARS
U+570C	圌	セン,スイ,まるい,かご	sen,sui,marui,kago	0,0,0,0	0,0,0,0	KANJIDIC,PYPINYIN,UNIHAN
U+570D	圍	イ,かこむ,かこう,かこい	i,kakomu,kakou,kakoi	0,0,0,0	0,0,0,0	KANJIDIC,PYPINYIN,UNIHAN,WORDSHK_CHARS
U+570F	圏	ケン,かこい	ken,kakoi	0,0	0,0	KANJIDIC,PYPINYIN,UNIHAN
U+5711	圑	ホ,フ,はたけ,にわ	ho,fu,hatake,niwa	0,0,0,0	0,0,0,0	KANJIDIC,PYPINYIN,UNIHAN
U+5712	園	エン,その	en,sono	0,0	0,0	KANJIDIC,PYPINYIN,UNIHAN,WORDSHK_CHARS
U+5713	圓	エン,まるい,まる,まど,まどか,まろやか	en,marui,maru,mado,madoka,maroyaka	0,0,0,0,0,0	0,0,0,0,0,0	KANJIDIC,PYPINYIN,UNIHAN,WORDSHK_CHARS
U+5715	圕	ショ,としょかん	sho,toshokan	0,0	0,0	KANJIDIC,PYPINYIN,UNIHAN
U+5716	圖	ズ,ト,え,はかる	zu,to,e,hakaru	0,0,0,0	0,0,0,0	KANJIDIC,PYPINYIN,UNIHAN,WORDSHK_CHARS
U+5718	團	ダン,トン,かたまり,まるい	dan,ton,katamari,marui	0,0,0,0	0,0,0,0	KANJIDIC,PYPINYIN,UNIHAN,WORDSHK_CHARS
U+571A	圚	カイ,エ,もん	kai,e,mon	0,0,0	0,0,0	KANJIDIC,PYPINYIN,UNIHAN
U+571B	圛	エキ,ヤク,めぐりゆく	eki,yaku,meguriyuku	0,0,0	0,0,0	KANJIDIC,PYPINYIN,UNIHAN
U+571C	圜	カン,エン,まるい,めぐる	kan,en,marui,meguru	0,0,0,0	0,0,0,0	KANJIDIC,PYPINYIN,UNIHAN,WORDSHK_CHARS
U+571D	圝	ラン,おうち,ひじき,まどか,まるい	ran,ouchi,hijiki,madoka,marui	0,0,0,0,0	0,0,0,0,0	KANJIDIC,PYPINYIN,UNIHAN
U+571F	土	ド,ト,つち	do,to,tsuchi	0,0,0	0,0,0	KANJIDIC,PYPINYIN,UNIHAN,WORDSHK_CHARS
U+5720	圠	アツ,エチ,かすか	atsu,echi,kasuka	0,0,0	0,0,0	KANJIDIC,PYPINYIN,UNIHAN
U+5722	圢	テイ,チョウ,テン,たいらか	tei,chou,ten,tairaka	0,0,0,0	0,0,0,0	KANJIDIC,PYPINYIN,UNIHAN
U+5723	圣	コツ,クツ,コチ,セイ,たがやす	kotsu,kutsu,kochi,sei,tagayasu	0,0,0,0,0	0,0,0,0,0	KANJIDIC,PYPINYIN,UNIHAN
U+5724	圤	ハク,ホク,つちくれ	haku,hoku,tsuchikure	0,0,0	0,0,0	KANJIDIC,PYPINYIN,UNIHAN
U+5725	圥	ロク,きのこ	roku,kinoko	0,0	0,0	KANJIDIC,PYPINYIN,UNIHAN
U+5726	圦	いり	iri	0	0	KANJIDIC,PYPINYIN,UNIHAN
U+5727	圧	アツ,エン,オウ,おす,へす,おさえる	atsu,en,ou,osu,hesu,osaeru	0,0,0,0,0,0	0,0,0,0,0,0	KANJIDIC,PYPINYIN,UNIHAN
U+5728	在	ザイ,ある	zai,aru	0,0	0,0	KANJIDIC,PYPINYIN,UNIHAN,WORDSHK_CHARS
U+5729	圩	ウ,オ,イ,キョ,つつみ,きし,くぼむ	u,o,i,kyo,tsutsumi,kishi,kubomu	0,0,0,0,0,0,0	0,0,0,0,0,0,0	KANJIDIC,PYPINYIN,UNIHAN
U+572A	圪	ギツ,ギチ,ゴチ,イツ,オチ	gitsu,gichi,gochi,itsu,ochi	0,0,0,0,0	0,0,0,0,0	KANJIDIC,PYPINYIN,UNIHAN
U+572C	圬	オ,ウ,コ,こて,ぬる	o,u,ko,kote,nuru	0,0,0,0,0	0,0,0,0,0	KANJIDIC,PYPINYIN,UNIHAN
U+572D	圭	ケイ,ケ	kei,ke	0,0	0,0	KANJIDIC,PYPINYIN,UNIHAN,WORDSHK_CHARS
U+572E	圮	ヒ,やぶる,やぶれる,くつがえす,くつがえる	hi,yaburu,yabureru,kutsugaesu,kutsugaeru	0,0,0,0,0	0,0,0,0,0	KANJIDIC,PYPINYIN,UNIHAN,WORDSHK_CHARS
U+572F	圯	イ,シ	i,shi	0,0	0,0	KANJIDIC,PYPINYIN,UNIHAN
U+5730	地	チ,ジ	chi,ji	0,0	0,0	KANJIDIC,PYPINYIN,UNIHAN,WORDSHK_CHARS
U+5733	圳	ショウ,シュ,シン,ソン,シュン,みぞ	shou,shu,shin,son,shun,mizo	0,0,0,0,0,0	0,0,0,0,0,0	KANJIDIC,PYPINYIN,UNIHAN,WORDSHK_CHARS
U+5734	圴	シャク,サク,ショウ,あと	shaku,saku,shou,ato	0,0,0,0	0,0,0,0	KANJIDIC,PYPINYIN,UNIHAN
U+5737	圷	あくつ	akutsu	0	0	KANJIDIC,PYPINYIN,UNIHAN
U+5738	圸	まま	mama	0	0	KANJIDIC,PYPINYIN,UNIHAN
U+573B	圻	キ,ギン,さかい	ki,gin,sakai	0,0,0	0,0,0	KANJIDIC,PYPINYIN,UNIHAN
U+573D	圽	ボツ,モチ,うめる	botsu,mochi,umeru	0,0,0	0,0,0	KANJIDIC,PYPINYIN,UNIHAN
U+573E	圾	ギュウ,ゴウ,ショク,セイ,あやうい	gyuu,gou,shoku,sei,ayaui	0,0,0,0,0	0,0,0,0,0	KANJIDIC,PYPINYIN,UNIHAN,WORDSHK_CHARS
U+573F	圿	カツ,ケチ,あか,ちり	katsu,kechi,aka,chiri	0,0,0,0	0,0,0,0	KANJIDIC,PYPINYIN,UNIHAN
U+5740	址	シ,あと	shi,ato	0,0	0,0	KANJIDIC,PYPINYIN,UNIHAN,WORDSHK_CHARS
U+5742	坂	ハン,さか	han,saka	0,0	0,0	KANJIDIC,PYPINYIN,UNIHAN,WORDSHK_CHARS
U+5745	坅	キン,コン,サン,あな	kin,kon,san,ana	0,0,0,0	0,0,0,0	KANJIDIC,PYPINYIN,UNIHAN
U+5746	坆	バイ,フン,はか	bai,fun,haka	0,0,0	0,0,0	KANJIDIC,PYPINYIN,UNIHAN
U+5747	均	キン,ならす	kin,narasu	0,0	0,0	KANJIDIC,PYPINYIN,UNIHAN,WORDSHK_CHARS
U+574A	坊	ボウ,ボッ	bou,bo	0,0	0,0	KANJIDIC,PYPINYIN,UNIHAN,WORDSHK_CHARS
U+574C	坌	ホン,フン,ちり,ならぶ,あつまる,わく	hon,fun,chiri,narabu,atsumaru,waku	0,0,0,0,0,0	0,0,0,0,0,0	KANJIDIC,PYPINYIN,UNIHAN
U+574D	坍	タン,トン	tan,ton	0,0	0,0	KANJIDIC,PYPINYIN,UNIHAN
U+574E	坎	カン,あな	kan,ana	0,0	0,0	KANJIDIC,PYPINYIN,UNIHAN,WORDSHK_CHARS
U+574F	坏	ハイ,つき,おか	hai,tsuki,oka	0,0,0	0,0,0	KANJIDIC,PYPINYIN,UNIHAN
U+5750	坐	ザ,サ,すわる,おわす,そぞろに,まします	za,sa,suwaru,owasu,sozoroni,mashimasu	0,0,0,0,0,0	0,0,0,0,0,0	KANJIDIC,PYPINYIN,UNIHAN,WORDSHK_CHARS
U+5751	坑	コウ	kou	0	0	KANJIDIC,PYPINYIN,UNIHAN,WORDSHK_CHARS
U+5752	坒	ヒ,きざはし	hi,kizahashi	0,0	0,0	KANJIDIC,PYPINYIN,UNIHAN
U+5761	坡	ハ,ヒ,つつみ	ha,hi,tsutsumi	0,0,0	0,0,0	KANJIDIC,PYPINYIN,UNIHAN,WORDSHK_CHARS
U+5762	坢	ハン,たいらか,ちり	han,tairaka,chiri	0,0,0	0,0,0	KANJIDIC,PYPINYIN,UNIHAN
U+5764	坤	コン,つち,ひつじさる	kon,tsuchi,hitsujisaru	0,0,0	0,0,0	KANJIDIC,PYPINYIN,UNIHAN,WORDSHK_CHARS
U+5765	坥	ショ,つつみ	sho,tsutsumi	0,0	0,0	KANJIDIC,PYPINYIN,UNIHAN
U+5766	坦	タン,たいら	tan,taira	0,0	0,0	KANJIDIC,PYPINYIN,UNIHAN,WORDSHK_CHARS
U+5767	坧	シャク,セキ,どだい	shaku,seki,dodai	0,0,0	0,0,0	KANJIDIC,PYPINYIN,UNIHAN
U+5768	坨	タ,イ,チ,ジ,けわしい,ななめ	ta,i,chi,ji,kewashii,naname	0,0,0,0,0,0	0,0,0,0,0,0	KANJIDIC,PYPINYIN,UNIHAN
U+5769	坩	カン,つぼ	kan,tsubo	0,0	0,0	KANJIDIC,PYPINYIN,UNIHAN
U+576A	坪	ヘイ,つぼ	hei,tsubo	0,0	0,0	KANJIDIC,PYPINYIN,UNIHAN,WORDSHK_CHARS
U+576B	坫	テン,チン,さかい	ten,chin,sakai	0,0,0	0,0,0	KANJIDIC,PYPINYIN,UNIHAN
U+576D	坭	デイ,ナイ,デ,ニ,どろ	dei,nai,de,ni,doro	0,0,0,0,0	0,0,0,0,0	KANJIDIC,PYPINYIN,UNIHAN
U+576E	坮	タイ,うてな,われ,つかさ	tai,utena,ware,tsukasa	0,0,0,0	0,0,0,0	KANJIDIC,PYPINYIN,UNIHAN
U+576F	坯	ヒ,ハイ,ヘ,おか	hi,hai,he,oka	0,0,0,0	0,0,0,0	KANJIDIC,PYPINYIN,UNIHAN
U+5770	坰	ケイ,キョウ	kei,kyou	0,0	0,0	KANJIDIC,PYPINYIN,UNIHAN
U+5771	坱	オウ,ちり	ou,chiri	0,0	0,0	KANJIDIC,PYPINYIN,UNIHAN
U+5773	坳	オウ,くぼみ	ou,kubomi	0,0	0,0	KANJIDIC,PYPINYIN,UNIHAN,WORDSHK_CHARS
U+5774	坴	リク,ロク	riku,roku	0,0	0,0	KANJIDIC,PYPINYIN,UNIHAN
U+5775	坵	キュウ,おか	kyuu,oka	0,0	0,0	KANJIDIC,PYPINYIN,UNIHAN
U+5777	坷	カ	ka	0	0	KANJIDIC,PYPINYIN,UNIHAN,WORDSHK_CHARS
U+5779	坹	ケツ,ゲチ	ketsu,gechi	0,0	0,0	KANJIDIC,PYPINYIN,UNIHAN
U+577A	坺	ハツ,ハチ,ボチ	hatsu,hachi,bochi	0,0,0	0,0,0	KANJIDIC,PYPINYIN,UNIHAN
U+577B	坻	チ,シ,テイ,タイ,なぎさ,さか,にわ,とまる	chi,shi,tei,tai,nagisa,saka,niwa,tomaru	0,0,0,0,0,0,0,0	0,0,0,0,0,0,0,0	KANJIDIC,PYPINYIN,UNIHAN
U+577C	坼	タク,チャク,さける,わかれる,ひらく,さけめ	taku,chaku,sakeru,wakareru,hiraku,sakeme	0,0,0,0,0,0	0,0,0,0,0,0	KANJIDIC,PYPINYIN,UNIHAN,WORDSHK_CHARS
U+577E	坾	チョ,ジョ	cho,jo	0,0	0,0	KANJIDIC,PYPINYIN,UNIHAN
U+577F	坿	フ	fu	0	0	KANJIDIC,PYPINYIN,UNIHAN
U+5781	垁	チ,ジ	chi,ji	0,0	0,0	KANJIDIC,PYPINYIN,UNIHAN
U+5782	垂	スイ,たれる,たらす,たれ,なんなんとす	sui,tareru,tarasu,tare,nannantosu	0,0,0,0,0	0,0,0,0,0	KANJIDIC,PYPINYIN,UNIHAN,WORDSHK_CHARS
U+5783	垃	ラツ	ratsu	0	0	KANJIDIC,PYPINYIN,UNIHAN,WORDSHK_CHARS
U+5788	垈	タイ,ダイ,ぬた	tai,dai,nuta	0,0,0	0,0,0	KANJIDIC,PYPINYIN,UNIHAN
U+5789	垉	ホウ	hou	0	0	KANJIDIC,PYPINYIN,UNIHAN
U+578B	型	ケイ,かた,がた	kei,kata,gata	0,0,0	0,0,0	KANJIDIC,PYPINYIN,UNIHAN,WORDSHK_CHARS
U+578C	垌	トウ,ツ,つぼ	tou,tsu,tsubo	0,0,0	0,0,0	KANJIDIC,PYPINYIN,UNIHAN
U+5793	垓	ガイ,カイ,はて	gai,kai,hate	0,0,0	0,0,0	KANJIDIC,PYPINYIN,UNIHAN
U+5794	垔	シュ,ショウ,トウ,ズ,ふさぐ	shu,shou,tou,zu,fusagu	0,0,0,0,0	0,0,0,0,0	KANJIDIC,PYPINYIN,UNIHAN
U+5795	垕	コウ,あつい,あか	kou,atsui,aka	0,0,0	0,0,0	KANJIDIC,PYPINYIN,UNIHAN
U+5797	垗	チョウ,トウ,はふりどころ	chou,tou,hafuridokoro	0,0,0	0,0,0	KANJIDIC,PYPINYIN,UNIHAN
U+5799	垙	コウ,クウ,ちまた	kou,kuu,chimata	0,0,0	0,0,0	KANJIDIC,PYPINYIN,UNIHAN
U+579A	垚	ギョウ	gyou	0	0	KANJIDIC,PYPINYIN,UNIHAN
U+579C	垜	ダ,つみかさねる	da,tsumikasaneru	0,0	0,0	KANJIDIC,PYPINYIN,UNIHAN
U+579D	垝	キ,やぶれる,だい	ki,yabureru,dai	0,0,0	0,0,0	KANJIDIC,PYPINYIN,UNIHAN
U+579E	垞	タ	ta	0	0	KANJIDIC,PYPINYIN,UNIHAN
U+579F	垟	ヨウ	you	0	0	KANJIDIC,PYPINYIN,UNIHAN
U+57A0	垠	ギン,ゴン,きし,さかい	gin,gon,kishi,sakai	0,0,0,0	0,0,0,0	KANJIDIC,PYPINYIN,UNIHAN
U+57A1	垡	ハツ,ボチ,たがやす	hatsu,bochi,tagayasu	0,0,0	0,0,0	KANJIDIC,PYPINYIN,UNIHAN
U+57A2	垢	コウ,ク,あか,はじ	kou,ku,aka,haji	0,0,0,0	0,0,0,0	KANJIDIC,PYPINYIN,UNIHAN,WORDSHK_CHARS
U+57A3	垣	エン,かき	en,kaki	0,0	0,0	KANJIDIC,PYPINYIN,UNIHAN,WORDSHK_CHARS
U+57A4	垤	テツ,ありづか	tetsu,arizuka	0,0	0,0	KANJIDIC,PYPINYIN,UNIHAN
U+57A7	垧	ケイ,キョウ	kei,kyou	0,0	0,0	KANJIDIC,PYPINYIN,UNIHAN
U+57A8	垨	シュ,ス,まもる,もり,かみ	shu,su,mamoru,mori,kami	0,0,0,0,0	0,0,0,0,0	KANJIDIC,PYPINYIN,UNIHAN
U+57A9	垩	セイ,ショウ,ひじり	sei,shou,hijiri	0,0,0	0,0,0	KANJIDIC,PYPINYIN,UNIHAN
U+57AA	垪	ハ	ha	0	0	KANJIDIC,PYPINYIN,UNIHAN
U+57AC	垬	コウ,キョウ,ぬかる	kou,kyou,nukaru	0,0,0	0,0,0	KANJIDIC,PYPINYIN,UNIHAN
U+57B0	垰	たわ,とうげ,たお,あくつ	tawa,touge,tao,akutsu	0,0,0,0	0,0,0,0	KANJIDIC,PYPINYIN,UNIHAN
U+57B3	垳	がけ,いげ,いけ	gake,ige,ike	0,0,0	0,0,0	KANJIDIC,PYPINYIN,UNIHAN
U+57B8	垸	カン,まろぶ	kan,marobu	0,0	0,0	KANJIDIC,PYPINYIN,UNIHAN
U+57BD	垽	ギン,ゴン,おり,めぐる	gin,gon,ori,meguru	0,0,0,0	0,0,0,0	KANJIDIC,PYPINYIN,UNIHAN,WORDSHK_CHARS
U+57C0	埀	スイ,たれる,たらす,なんなんとす	sui,tareru,tarasu,nannantosu	0,0,0,0	0,0,0,0	KANJIDIC,PYPINYIN,UNIHAN
U+57C3	埃	アイ,ほこり,ちり	ai,hokori,chiri	0,0,0	0,0,0	KANJIDIC,PYPINYIN,UNIHAN,WORDSHK_CHARS
U+57C6	埆	カク,きそう	kaku,kisou	0,0	0,0	KANJIDIC,PYPINYIN,UNIHAN
U+57C7	埇	ヨウ,ユ,おきつち	you,yu,okitsuchi	0,0,0	0,0,0	KANJIDIC,PYPINYIN,UNIHAN
U+57C8	埈	シュン,カイ,そばだつ	shun,kai,sobadatsu	0,0,0	0,0,0	KANJIDIC,PYPINYIN,UNIHAN
U+57CB	埋	マイ,うめる,うまる,うもれる,うずめる,うずまる,いける	mai,umeru,umaru,umoreru,uzumeru,uzumaru,ikeru	0,0,0,0,0,0,0	0,0,0,0,0,0,0	KANJIDIC,PYPINYIN,UNIHAN,WORDSHK_CHARS
U+57CC	埌	ロウ,つか	rou,tsuka	0,0	0,0	KANJIDIC,PYPINYIN,UNIHAN
U+57CE	城	ジョウ,セイ,しろ	jou,sei,shiro	0,0,0	0,0,0	KANJIDIC,PYPINYIN,UNIHAN,WORDSHK_CHARS
U+57CF	埏	セン,エン,はかみち,のぼる,やわらげる,こねる	sen,en,hakamichi,noboru,yawarageru,koneru	0,0,0,0,0,0	0,0,0,0,0,0	KANJIDIC,PYPINYIN,UNIHAN
U+57D2	埒	レツ,ラツ,ラチ,らちがあく,かこい	retsu,ratsu,rachi,rachigaaku,kakoi	0,0,0,0,0	0,0,0,0,0	KANJIDIC,PYPINYIN,UNIHAN
U+57D3	埓	レツ,ラツ,ラチ,らちがあく,かこい	retsu,ratsu,rachi,rachigaaku,kakoi	0,0,0,0,0	0,0,0,0,0	KANJIDIC,PYPINYIN,UNIHAN
U+57D4	埔	ホ	ho	0	0	KANJIDIC,PYPINYIN,UNIHAN,WORDSHK_CHARS
U+57D5	埕	テイ,びん	tei,bin	0,0	0,0	KANJIDIC,PYPINYIN,UNIHAN,WORDSHK_CHARS
U+57D6	埖	ごみ	gomi	0	0	KANJIDIC,PYPINYIN,UNIHAN
U+57DC	埜	ヤ,ショ,の	ya,sho,no	0,0,0	0,0,0	KANJIDIC,PYPINYIN,UNIHAN
U+57DD	埝	テン,ドウ,ニョウ,ネン,した,ます,おちる	ten,dou,nyou,nen,shita,masu,ochiru	0,0,0,0,0,0,0	0,0,0,0,0,0,0	KANJIDIC,PYPINYIN,UNIHAN
U+57DE	埞	テイ,つつみ	tei,tsutsumi	0,0	0,0	KANJIDIC,PYPINYIN,UNIHAN,WORDSHK_CHARS
U+57DF	域	イキ	iki	0	0	KANJIDIC,PYPINYIN,UNIHAN,WORDSHK_CHARS
U+57E0	埠	フ,ホ,つか,はとば	fu,ho,tsuka,hatoba	0,0,0,0	0,0,0,0	KANJIDIC,PYPINYIN,UNIHAN,WORDSHK_CHARS
U+57E1	埡	オ,ウ,さと	o,u,sato	0,0,0	0,0,0	KANJIDIC,PYPINYIN,UNIHAN
U+57E3	埣	ソツ	sotsu	0	0	KANJIDIC,PYPINYIN,UNIHAN
U+57E4	埤	ヒ,ヘイ,ます,あたえる,たすける,ひくいひめがき	hi,hei,masu,ataeru,tasukeru,hikuihimegaki	0,0,0,0,0,0	0,0,0,0,0,0	KANJIDIC,PYPINYIN,UNIHAN
U+57E6	埦	ワン,こばち	wan,kobachi	0,0	0,0	KANJIDIC,PYPINYIN,UNIHAN
U+57E7	埧	ク,つつみ	ku,tsutsumi	0,0	0,0	KANJIDIC,PYPINYIN,UNIHAN
U+57E9	埩	ショウ,ソウ,たがやす	shou,sou,tagayasu	0,0,0	0,0,0	KANJIDIC,PYPINYIN,UNIHAN
U+57ED	埭	タイ,せき	tai,seki	0,0	0,0	KANJIDIC,PYPINYIN,UNIHAN
U+57F0	埰	サイ,つか	sai,tsuka	0,0	0,0	KANJIDIC,PYPINYIN,UNIHAN
U+57F4	埴	ショク,はに,へな	shoku,hani,hena	0,0,0	0,0,0	KANJIDIC,PYPINYIN,UNIHAN
U+57F5	埵	タ	ta	0	0	KANJIDIC,PYPINYIN,UNIHAN
U+57F6	埶	ゲイ,セイ,うえる,わざ,いきほい	gei,sei,ueru,waza,ikihoi	0,0,0,0,0	0,0,0,0,0	KANJIDIC,PYPINYIN,UNIHAN
U+57F7	執	シツ,シュウ,とる	shitsu,shuu,toru	0,0,0	0,0,0	KANJIDIC,PYPINYIN,UNIHAN,WORDSHK_CHARS
U+57F8	埸	エキ,ヤク,さかい,あぜ	eki,yaku,sakai,aze	0,0,0,0	0,0,0,0	KANJIDIC,PYPINYIN,UNIHAN
U+57F9	培	バイ,つちかう	bai,tsuchikau	0,0	0,0	KANJIDIC,PYPINYIN,UNIHAN,WORDSHK_CHARS
U+57FA	基	キ,もと,もとい	ki,moto,motoi	0,0,0	0,0,0	KANJIDIC,PYPINYIN,UNIHAN,WORDSHK_CHARS
U+57FB	埻	シュン,タ,ダ,タイ,テ,コウ,ジュク,まと,のり,あずち	shun,ta,da,tai,te,kou,juku,mato,nori,azuchi	0,0,0,0,0,0,0,0,0,0	0,0,0,0,0,0,0,0,0,0	KANJIDIC,PYPINYIN,UNIHAN
U+57FC	埼	キ,さき,さい,みさき	ki,saki,sai,misaki	0,0,0,0	0,0,0,0	KANJIDIC,PYPINYIN,UNIHAN
U+57FD	埽	ソウ,シュ,はく	sou,shu,haku	0,0,0	0,0,0	KANJIDIC,PYPINYIN,UNIHAN
U+57FE	埾	キョ,シュ	kyo,shu	0,0	0,0	KANJIDIC,PYPINYIN,UNIHAN
U+57FF	埿	デイ,ナイ,ハン,ぬる,こて,ぬかるみ	dei,nai,han,nuru,kote,nukarumi	0,0,0,0,0,0	0,0,0,0,0,0	KANJIDIC,PYPINYIN,UNIHAN
U+5800	堀	クツ,ほり	kutsu,hori	0,0	0,0	KANJIDIC,PYPINYIN,UNIHAN
U+5802	堂	ドウ	dou	0	0	KANJIDIC,PYPINYIN,UNIHAN,WORDSHK_CHARS
U+5803	堃	コン,つち,ひつじさる	kon,tsuchi,hitsujisaru	0,0,0	0,0,0	KANJIDIC,PYPINYIN,UNIHAN
U+5804	堄	ゲイ,ゲン,ひめがき	gei,gen,himegaki	0,0,0	0,0,0	KANJIDIC,PYPINYIN,UNIHAN
U+5805	堅	ケン,かたい,がたい	ken,katai,gatai	0,0,0	0,0,0	KANJIDIC,PYPINYIN,UNIHAN,WORDSHK_CHARS
U+5806	堆	タイ,ツイ,うずたかい	tai,tsui,uzutakai	0,0,0	0,0,0	KANJIDIC,PYPINYIN,UNIHAN,WORDSHK_CHARS
U+5808	堈	コウ,かめ,おか	kou,kame,oka	0,0,0	0,0,0	KANJIDIC,PYPINYIN,UNIHAN
U+5809	堉	イク	iku	0	0	KANJIDIC,PYPINYIN,UNIHAN
U+580A	堊	アク,ア,オ,いろつち,しろつち	aku,a,o,irotsuchi,shirotsuchi	0,0,0,0,0	0,0,0,0,0	KANJIDIC,PYPINYIN,UNIHAN
U+580B	堋	ホウ	hou	0	0	KANJIDIC,PYPINYIN,UNIHAN
U+580C	堌	コ,ク,つつみ,つか	ko,ku,tsutsumi,tsuka	0,0,0,0	0,0,0,0	KANJIDIC,PYPINYIN,UNIHAN
U+580D	堍	ト	to	0	0	KANJIDIC,PYPINYIN,UNIHAN
U+5815	堕	ダ,おちる,くずす,くずれる	da,ochiru,kuzusu,kuzureru	0,0,0,0	0,0,0,0	KANJIDIC,PYPINYIN,UNIHAN
U+5819	堙	イン,ふさぐ	in,fusagu	0,0	0,0	KANJIDIC,PYPINYIN,UNIHAN
U+581B	堛	ヒョク,ヒキ,キョク,つちくれ	hyoku,hiki,kyoku,tsuchikure	0,0,0,0	0,0,0,0	KANJIDIC,PYPINYIN,UNIHAN
U+581D	堝	カ,るつぼ	ka,rutsubo	0,0	0,0	KANJIDIC,PYPINYIN,UNIHAN
U+581E	堞	チョウ,チュウ,ひめがき	chou,chuu,himegaki	0,0,0	0,0,0	KANJIDIC,PYPINYIN,UNIHAN
U+581F	堟	テン,うね	ten,une	0,0	0,0	KANJIDIC,PYPINYIN,UNIHAN
U+5820	堠	コウ,ク,ものみ	kou,ku,monomi	0,0,0	0,0,0	KANJIDIC,PYPINYIN,UNIHAN
U+5821	堡	ホ,ホウ,とりで	ho,hou,toride	0,0,0	0,0,0	KANJIDIC,PYPINYIN,UNIHAN,WORDSHK_CHARS
U+5824	堤	テイ,つつみ	tei,tsutsumi	0,0	0,0	KANJIDIC,PYPINYIN,UNIHAN,WORDSHK_CHARS
U+5826	堦	カイ	kai	0	0	KANJIDIC,PYPINYIN,UNIHAN
U+5827	堧	ゼン,ネン,ダ,ナ,ダン,ナン,すなつち	zen,nen,da,na,dan,nan,sunatsuchi	0,0,0,0,0,0,0	0,0,0,0,0,0,0	KANJIDIC,PYPINYIN,UNIHAN
U+582A	堪	カン,タン,たえる,たまる,こらえる,こたえる	kan,tan,taeru,tamaru,koraeru,kotaeru	0,0,0,0,0,0	0,0,0,0,0,0	KANJIDIC,PYPINYIN,UNIHAN,WORDSHK_CHARS
U+582D	堭	オウ,コウ,そとぼり	ou,kou,sotobori	0,0,0	0,0,0	KANJIDIC,PYPINYIN,UNIHAN
U+582F	堯	ギョウ,たかい	gyou,takai	0,0	0,0	KANJIDIC,PYPINYIN,UNIHAN,WORDSHK_CHARS
U+5830	堰	エン,せき,せく	en,seki,seku	0,0,0	0,0,0	KANJIDIC,PYPINYIN,UNIHAN
U+5831	報	ホウ,むくいる	hou,mukuiru	0,0	0,0	KANJIDIC,PYPINYIN,UNIHAN,WORDSHK_CHARS
U+5832	堲	シツ,シチ,ショク,シキ,シ,やきつち,もえさし,にくむ,ふさぐ	shitsu,shichi,shoku,shiki,shi,yakitsuchi,moesashi,nikumu,fusagu	0,0,0,0,0,0,0,0,0	0,0,0,0,0,0,0,0,0	KANJIDIC,PYPINYIN,UNIHAN
U+5834	場	ジョウ,チョウ,ば	jou,chou,ba	0,0,0	0,0,0	KANJIDIC,PYPINYIN,UNIHAN,WORDSHK_CHARS
U+5835	堵	ト,かき	to,kaki	0,0	0,0	KANJIDIC,PYPINYIN,UNIHAN,WORDSHK_CHARS
U+5839	堹	チョウ,ショウ,シュ,つつみ,くろ,あぜ	chou,shou,shu,tsutsumi,kuro,aze	0,0,0,0,0,0	0,0,0,0,0,0	KANJIDIC,PYPINYIN,UNIHAN
U+583A	堺	カイ,さかい	kai,sakai	0,0	0,0	KANJIDIC,PYPINYIN,UNIHAN
U+583D	堽	コウ	kou	0	0	KANJIDIC,PYPINYIN,UNIHAN
U+583F	堿	カン,コン	kan,kon	0,0	0,0	KANJIDIC,PYPINYIN,UNIHAN
U+5840	塀	ヘイ,ベイ	hei,bei	0,0	0,0	KANJIDIC,PYPINYIN,UNIHAN
U+5841	塁	ルイ,ライ,スイ,とりで	rui,rai,sui,toride	0,0,0,0	0,0,0,0	KANJIDIC,PYPINYIN,UNIHAN
U+5849	塉	セキ,シャク,やせつち	seki,shaku,yasetsuchi	0,0,0	0,0,0	KANJIDIC,PYPINYIN,UNIHAN
U+584A	塊	カイ,ケ,かたまり,つちくれ	kai,ke,katamari,tsuchikure	0,0,0,0	0,0,0,0	KANJIDIC,PYPINYIN,UNIHAN,WORDSHK_CHARS
U+584B	塋	エイ,はか	ei,haka	0,0	0,0	KANJIDIC,PYPINYIN,UNIHAN
U+584C	塌	トウ	tou	0	0	KANJIDIC,PYPINYIN,UNIHAN,WORDSHK_CHARS
U+584D	塍	ショウ,あぜ,くろ,つつみ	shou,aze,kuro,tsutsumi	0,0,0,0	0,0,0,0	KANJIDIC,PYPINYIN,UNIHAN
U+584F	塏	カイ	kai	0	0	KANJIDIC,PYPINYIN,UNIHAN
U+5850	塐	ソ,でく	so,deku	0,0	0,0	KANJIDIC,PYPINYIN,UNIHAN
U+5851	塑	ソ,でく	so,deku	0,0	0,0	KANJIDIC,PYPINYIN,UNIHAN,WORDSHK_CHARS
U+5852	塒	シ,ジ,ねぐら,とや,とぐろ	shi,ji,negura,toya,toguro	0,0,0,0,0	0,0,0,0,0	KANJIDIC,PYPINYIN,UNIHAN,WORDSHK_CHARS
U+5854	塔	トウ	tou	0	0	KANJIDIC,PYPINYIN,UNIHAN,WORDSHK_CHARS
U+5855	塕	オウ,オ,ちり	ou,o,chiri	0,0,0	0,0,0	KANJIDIC,PYPINYIN,UNIHAN
U+5857	塗	ト,ぬる,ぬり,まみれる	to,nuru,nuri,mamireru	0,0,0,0	0,0,0,0	KANJIDIC,PYPINYIN,UNIHAN,WORDSHK_CHARS
U+5858	塘	トウ,つつみ	tou,tsutsumi	0,0	0,0	KANJIDIC,PYPINYIN,UNIHAN,WORDSHK_CHARS
U+5859	塙	カク,コウ,はなわ,かたい	kaku,kou,hanawa,katai	0,0,0,0	0,0,0,0	KANJIDIC,PYPINYIN,UNIHAN
U+585A	塚	チョウ,つか,づか	chou,tsuka,zuka	0,0,0	0,0,0	KANJIDIC,PYPINYIN,UNIHAN,WORDSHK_CHARS
U+585E	塞	ソク,サイ,ふさぐ,とりで,みちる	soku,sai,fusagu,toride,michiru	0,0,0,0,0	0,0,0,0,0	KANJIDIC,PYPINYIN,UNIHAN,WORDSHK_CHARS
U+585F	塟	ソウ,ほうむる	sou,houmuru	0,0	0,0	KANJIDIC,PYPINYIN,UNIHAN
U+5861	塡	テン,チン,はまる,うずめる,はめる,ふさぐ	ten,chin,hamaru,uzumeru,hameru,fusagu	0,0,0,0,0,0	0,0,0,0,0,0	KANJIDIC,PYPINYIN,UNIHAN
U+5862	塢	オ,ウ	o,u	0,0	0,0	KANJIDIC,PYPINYIN,UNIHAN,WORDSHK_CHARS
U+5864	塤	ケン,クン,つちぶえ,はち,わん	ken,kun,tsuchibue,hachi,wan	0,0,0,0,0	0,0,0,0,0	KANJIDIC,PYPINYIN,UNIHAN
U+5867	塧	アイ,エ,けわしい	ai,e,kewashii	0,0,0	0,0,0	KANJIDIC,PYPINYIN,UNIHAN
U+5868	塨	キョウ	kyou	0	0	KANJIDIC,PYPINYIN,UNIHAN
U+5869	塩	エン,しお	en,shio	0,0	0,0	KANJIDIC,PYPINYIN,UNIHAN
U+586B	填	テン,チン,はまる,はめる,うずめる,しずめる,ふさぐ	ten,chin,hamaru,hameru,uzumeru,shizumeru,fusagu	0,0,0,0,0,0,0	0,0,0,0,0,0,0	KANJIDIC,PYPINYIN,UNIHAN,WORDSHK_CHARS
U+5870	塰	あま	ama	0	0	KANJIDIC,PYPINYIN,UNIHAN
U+5872	塲	ジョウ,チョウ,ば	jou,chou,ba	0,0,0	0,0,0	KANJIDIC,PYPINYIN,UNIHAN
U+5875	塵	チン,ジン,ちり,ごみ	chin,jin,chiri,gomi	0,0,0,0	0,0,0,0	KANJIDIC,PYPINYIN,UNIHAN,WORDSHK_CHARS
U+5878	塸	オウ,オ,はか	ou,o,haka	0,0,0	0,0,0	KANJIDIC,PYPINYIN,UNIHAN
U+5879	塹	ザン,セン,ほり,あな	zan,sen,hori,ana	0,0,0,0	0,0,0,0	KANJIDIC,PYPINYIN,UNIHAN,WORDSHK_CHARS
U+587C	塼	セン,タン,かわら	sen,tan,kawara	0,0,0	0,0,0	KANJIDIC,PYPINYIN,UNIHAN
U+587E	塾	ジュク	juku	0	0	KANJIDIC,PYPINYIN,UNIHAN,WORDSHK_CHARS
U+587F	塿	ロウ,ル,つち,つか	rou,ru,tsuchi,tsuka	0,0,0,0	0,0,0,0	KANJIDIC,PYPINYIN,UNIHAN
U+5880	墀	チ,ジ,す	chi,ji,su	0,0,0	0,0,0	KANJIDIC,PYPINYIN,UNIHAN
U+5881	墁	バン,マン,こて	ban,man,kote	0,0,0	0,0,0	KANJIDIC,PYPINYIN,UNIHAN
U+5883	境	キョウ,ケイ,さかい	kyou,kei,sakai	0,0,0	0,0,0	KANJIDIC,PYPINYIN,UNIHAN,WORDSHK_CHARS
U+5885	墅	ショ,ヤ,しもやしき	sho,ya,shimoyashiki	0,0,0	0,0,0	KANJIDIC,PYPINYIN,UNIHAN,WORDSHK_CHARS
U+5887	墇	ショウ,ふせぐ	shou,fusegu	0,0	0,0	KANJIDIC,PYPINYIN,UNIHAN
U+5888	墈	カン,コン,さかい	kan,kon,sakai	0,0,0	0,0,0	KANJIDIC,PYPINYIN,UNIHAN,WORDSHK_CHARS
U+5889	墉	ヨウ,ユ,かき,かべ	you,yu,kaki,kabe	0,0,0,0	0,0,0,0	KANJIDIC,PYPINYIN,UNIHAN
U+588A	墊	テン,チョウ,おちいる,おぼれる,なやむ	ten,chou,ochiiru,oboreru,nayamu	0,0,0,0,0	0,0,0,0,0	KANJIDIC,PYPINYIN,UNIHAN,WORDSHK_CHARS
U+588B	墋	シン,つち,すなじ,にごる	shin,tsuchi,sunaji,nigoru	0,0,0,0	0,0,0,0	KANJIDIC,PYPINYIN,UNIHAN
U+588C	墌	シャク,セキ,どだい	shaku,seki,dodai	0,0,0	0,0,0	KANJIDIC,PYPINYIN,UNIHAN
U+588D	墍	キ,ケ,カイ,ぬる,かざる,とる,いこう	ki,ke,kai,nuru,kazaru,toru,ikou	0,0,0,0,0,0,0	0,0,0,0,0,0,0	KANJIDIC,PYPINYIN,UNIHAN
U+588F	墏	ショウ,ソウ,もとる	shou,sou,motoru	0,0,0	0,0,0	KANJIDIC,PYPINYIN,UNIHAN
U+5890	墐	キン,ゴン,ぬる,ねばつち	kin,gon,nuru,nebatsuchi	0,0,0,0	0,0,0,0	KANJIDIC,PYPINYIN,UNIHAN
U+5893	墓	ボ,はか	bo,haka	0,0	0,0	KANJIDIC,PYPINYIN,UNIHAN,WORDSHK_CHARS
U+5894	墔	サイ,ゼ	sai,ze	0,0	0,0	KANJIDIC,PYPINYIN,UNIHAN
U+5896	墖	トウ	tou	0	0	KANJIDIC,PYPINYIN,UNIHAN
U+5897	増	ゾウ,ます,まし,ふえる,ふやす	zou,masu,mashi,fueru,fuyasu	0,0,0,0,0	0,0,0,0,0	KANJIDIC,PYPINYIN,UNIHAN
U+589C	墜	ツイ,おちる,おつ	tsui,ochiru,otsu	0,0,0	0,0,0	KANJIDIC,PYPINYIN,UNIHAN,WORDSHK_CHARS
U+589D	墝	コウ,キョウ,ギョウ	kou,kyou,gyou	0,0,0	0,0,0	KANJIDIC,PYPINYIN,UNIHAN
U+589E	增	ゾウ,ソウ,ます,ふえる,ふやす	zou,sou,masu,fueru,fuyasu	0,0,0,0,0	0,0,0,0,0	KANJIDIC,PYPINYIN,UNIHAN,WORDSHK_CHARS
U+589F	墟	キョ,あと	kyo,ato	0,0	0,0	KANJIDIC,PYPINYIN,UNIHAN,WORDSHK_CHARS
U+58A0	墠	セン,タン	sen,tan	0,0	0,0	KANJIDIC,PYPINYIN,UNIHAN
U+58A1	墡	セン,しろつち	sen,shirotsuchi	0,0	0,0	KANJIDIC,PYPINYIN,UNIHAN
U+58A2	墢	ハツ,ハイ	hatsu,hai	0,0	0,0	KANJIDIC,PYPINYIN,UNIHAN
U+58A6	墦	ハン,ホン,つか	han,hon,tsuka	0,0,0	0,0,0	KANJIDIC,PYPINYIN,UNIHAN
U+58A8	墨	ボク,すみ	boku,sumi	0,0	0,0	KANJIDIC,PYPINYIN,UNIHAN,WORDSHK_CHARS
U+58A9	墩	トン	ton	0	0	KANJIDIC,PYPINYIN,UNIHAN,WORDSHK_CHARS
U+58AB	墫	シュン	shun	0	0	KANJIDIC,PYPINYIN,UNIHAN
U+58AE	墮	ダ,おちる,くずす,くずれる	da,ochiru,kuzusu,kuzureru	0,0,0,0	0,0,0,0	KANJIDIC,PYPINYIN,UNIHAN,WORDSHK_CHARS
U+58B1	墱	トウ,きだ	tou,kida	0,0	0,0	KANJIDIC,PYPINYIN,UNIHAN
U+58B2	墲	ボ,モ,ブ,ム	bo,mo,bu,mu	0,0,0,0	0,0,0,0	KANJIDIC,PYPINYIN,UNIHAN
U+58B3	墳	フン	fun	0	0	KANJIDIC,PYPINYIN,UNIHAN,WORDSHK_CHARS
U+58B8	墸	チョ	cho	0	0	KANJIDIC,PYPINYIN,UNIHAN
U+58B9	墹	まま	mama	0	0	KANJIDIC,PYPINYIN,UNIHAN
U+58BA	墺	オウ,イク,きし	ou,iku,kishi	0,0,0	0,0,0	KANJIDIC,PYPINYIN,UNIHAN
U+58BB	墻	ショウ,かき	shou,kaki	0,0	0,0	KANJIDIC,PYPINYIN,UNIHAN
U+58BC	墼	ゲキ,キャク	geki,kyaku	0,0	0,0	KANJIDIC,PYPINYIN,UNIHAN
U+58BE	墾	コン,はる,ひらく	kon,haru,hiraku	0,0,0	0,0,0	KANJIDIC,PYPINYIN,UNIHAN,WORDSHK_CHARS
U+58C1	壁	ヘキ,かべ	heki,kabe	0,0	0,0	KANJIDIC,PYPINYIN,UNIHAN,WORDSHK_CHARS
U+58C2	壂	テン,かす,おり,との,たち,やかた	ten,kasu,ori,tono,tachi,yakata	0,0,0,0,0,0	0,0,0,0,0,0	KANJIDIC,PYPINYIN,UNIHAN
U+58C4	壄	ヤ,ショ,の	ya,sho,no	0,0,0	0,0,0	KANJIDIC,PYPINYIN,UNIHAN
U+58C5	壅	ヨウ,ふさぐ	you,fusagu	0,0	0,0	KANJIDIC,PYPINYIN,UNIHAN,WORDSHK_CHARS
U+58C7	壇	ダン,タン	dan,tan	0,0	0,0	KANJIDIC,PYPINYIN,UNIHAN,WORDSHK_CHARS
U+58C8	壈	オン,ラン	on,ran	0,0	0,0	KANJIDIC,PYPINYIN,UNIHAN
U+58CA	壊	カイ,エ,こわす,こわれる,やぶる	kai,e,kowasu,kowareru,yaburu	0,0,0,0,0	0,0,0,0,0	KANJIDIC,PYPINYIN,UNIHAN
U+58CC	壌	ジョウ,つち	jou,tsuchi	0,0	0,0	KANJIDIC,PYPINYIN,UNIHAN
U+58CD	壍	ザン,セン,ほり,あな	zan,sen,hori,ana	0,0,0,0	0,0,0,0	KANJIDIC,PYPINYIN,UNIHAN
U+58CE	壎	ケン,クン,つちぶえ,はち,わん	ken,kun,tsuchibue,hachi,wan	0,0,0,0,0	0,0,0,0,0	KANJIDIC,PYPINYIN,UNIHAN
U+58D0	壐	ジ	ji	0	0	KANJIDIC,PYPINYIN,UNIHAN
U+58D1	壑	ガク,カク,たに	gaku,kaku,tani	0,0,0	0,0,0	KANJIDIC,PYPINYIN,UNIHAN
U+58D2	壒	アイ,カイ,つちけむり	ai,kai,tsuchikemuri	0,0,0	0,0,0	KANJIDIC,PYPINYIN,UNIHAN
U+58D3	壓	アツ,エン,オウ,おす,へす,おさえる	atsu,en,ou,osu,hesu,osaeru	0,0,0,0,0,0	0,0,0,0,0,0	KANJIDIC,PYPINYIN,UNIHAN,WORDSHK_CHARS
U+58D4	壔	トウ,とりで,つか,おか,つつみ	tou,toride,tsuka,oka,tsutsumi	0,0,0,0,0	0,0,0,0,0	KANJIDIC,PYPINYIN,UNIHAN
U+58D5	壕	コウ,ゴウ,ほり	kou,gou,hori	0,0,0	0,0,0	KANJIDIC,PYPINYIN,UNIHAN
U+58D6	壖	ゼン,ネン,あきち	zen,nen,akichi	0,0,0	0,0,0	KANJIDIC,PYPINYIN,UNIHAN
U+58D7	壗	まま	mama	0	0	KANJIDIC,PYPINYIN,UNIHAN
U+58D8	壘	ルイ,ライ,スイ,とりで	rui,rai,sui,toride	0,0,0,0	0,0,0,0	KANJIDIC,PYPINYIN,UNIHAN,WORDSHK_CHARS
U+58D9	壙	コウ,あな	kou,ana	0,0	0,0	KANJIDIC,PYPINYIN,UNIHAN
U+58DA	壚	ロ,リョ,いろり	ro,ryo,irori	0,0,0	0,0,0	KANJIDIC,PYPINYIN,UNIHAN
U+58DC	壜	ドン,タン,びん	don,tan,bin	0,0,0	0,0,0	KANJIDIC,PYPINYIN,UNIHAN
U+58DD	壝	イ,タ,だん,らち	i,ta,dan,rachi	0,0,0,0	0,0,0,0	KANJIDIC,PYPINYIN,UNIHAN
U+58DE	壞	カイ,エ,こわす,こわれる,やぶる	kai,e,kowasu,kowareru,yaburu	0,0,0,0,0	0,0,0,0,0	KANJIDIC,PYPINYIN,UNIHAN,WORDSHK_CHARS
U+58DF	壟	ロウ,リョウ,おか,うね,つか	rou,ryou,oka,une,tsuka	0,0,0,0,0	0,0,0,0,0	KANJIDIC,PYPINYIN,UNIHAN,WORDSHK_CHARS
U+58E0	壠	ロウ	rou	0	0	KANJIDIC,PYPINYIN,UNIHAN
U+58E1	壡	エイ,あきらか	ei,akiraka	0,0	0,0	KANJIDIC,PYPINYIN,UNIHAN
U+58E2	壢	レキ,リャク,あな	reki,ryaku,ana	0,0,0	0,0,0	KANJIDIC,PYPINYIN,UNIHAN,WORDSHK_CHARS
U+58E4	壤	ジョウ,つち	jou,tsuchi	0,0	0,0	KANJIDIC,PYPINYIN,UNIHAN,WORDSHK_CHARS
U+58E5	壥	テン	ten	0	0	KANJIDIC,PYPINYIN,UNIHAN
U+58E9	壩	ハ,ヘ,せき	ha,he,seki	0,0,0	0,0,0	KANJIDIC,PYPINYIN,UNIHAN,WORDSHK_CHARS
U+58EB	士	シ,さむらい	shi,samurai	0,0	0,0	KANJIDIC,PYPINYIN,UNIHAN,WORDSHK_CHARS
U+58EC	壬	ニン,ジン,イ,みずのえ	nin,jin,i,mizunoe	0,0,0,0	0,0,0,0	KANJIDIC,PYPINYIN,UNIHAN,WORDSHK_CHARS
U+58EE	壮	ソウ,さかん	sou,sakan	0,0	0,0	KANJIDIC,PYPINYIN,UNIHAN
U+58EF	壯	ソウ,さかん	sou,sakan	0,0	0,0	KANJIDIC,PYPINYIN,UNIHAN,WORDSHK_CHARS
U+58F0	声	セイ,ショウ,こえ,こわ	sei,shou,koe,kowa	0,0,0,0	0,0,0,0	KANJIDIC,PYPINYIN,UNIHAN
U+58F1	壱	イチ,イツ,ひとつ	ichi,itsu,hitotsu	0,0,0	0,0,0	KANJIDIC,PYPINYIN,UNIHAN
U+58F2	売	バイ,うる,うれる	bai,uru,ureru	0,0,0	0,0,0	KANJIDIC,PYPINYIN,UNIHAN
U+58F3	壳	カク,コク,バイ,から	kaku,koku,bai,kara	0,0,0,0	0,0,0,0	KANJIDIC,PYPINYIN,UNIHAN
U+58F4	壴	シュ,チュ,たてる	shu,chu,tateru	0,0,0	0,0,0	KANJIDIC,PYPINYIN,UNIHAN
U+58F7	壷	コ,つぼ	ko,tsubo	0,0	0,0	KANJIDIC,PYPINYIN,UNIHAN
U+58F9	壹	イチ,イツ,ひとつ	ichi,itsu,hitotsu	0,0,0	0,0,0	KANJIDIC,PYPINYIN,UNIHAN,WORDSHK_CHARS
U+58FA	壺	コ,つぼ	ko,tsubo	0,0	0,0	KANJIDIC,PYPINYIN,UNIHAN,WORDSHK_CHARS
U+58FB	壻	セイ,むこ	sei,muko	0,0	0,0	KANJIDIC,PYPINYIN,UNIHAN
U+58FC	壼	コン	kon	0	0	KANJIDIC,PYPINYIN,UNIHAN
U+58FD	壽	ジュ,ス,シュウ,ことぶき,ことぶく,ことほぐ	ju,su,shuu,kotobuki,kotobuku,kotohogu	0,0,0,0,0,0	0,0,0,0,0,0	KANJIDIC,PYPINYIN,UNIHAN,WORDSHK_CHARS
U+5902	夂	チ,しゅう	chi,shuu	0,0	0,0	KANJIDIC,PYPINYIN,UNIHAN
U+5905	夅	コウ,ゴ,おりる,おろす,ふる,くだる,くだす	kou,go,oriru,orosu,furu,kudaru,kudasu	0,0,0,0,0,0,0	0,0,0,0,0,0,0	KANJIDIC,PYPINYIN,UNIHAN
U+5906	夆	ホウ,フ,バ,さからう,ひく,あう,あつい	hou,fu,ba,sakarau,hiku,au,atsui	0,0,0,0,0,0,0	0,0,0,0,0,0,0	KANJIDIC,PYPINYIN,UNIHAN
U+5909	変	ヘン,かわる,かわり,かえる	hen,kawaru,kawari,kaeru	0,0,0,0	0,0,0,0	KANJIDIC,PYPINYIN,UNIHAN
U+590A	夊	スイ,ゆき	sui,yuki	0,0	0,0	KANJIDIC,PYPINYIN,UNIHAN
U+590B	夋	シュン,うずくまる	shun,uzukumaru	0,0	0,0	KANJIDIC,PYPINYIN,UNIHAN
U+590C	夌	リョウ,しのぐ,すたれる	ryou,shinogu,sutareru	0,0,0	0,0,0	KANJIDIC,PYPINYIN,UNIHAN
U+590F	夏	カ,ガ,ゲ,なつ	ka,ga,ge,natsu	0,0,0,0	0,0,0,0	KANJIDIC,PYPINYIN,UNIHAN,WORDSHK_CHARS
U+5910	夐	ケイ,ケン,はるか	kei,ken,haruka	0,0,0	0,0,0	KANJIDIC,PYPINYIN,UNIHAN
U+5912	夒	ドウ,ノウ,めざる	dou,nou,mezaru	0,0,0	0,0,0	KANJIDIC,PYPINYIN,UNIHAN
U+5913	夓	カ,ゲ,なつ	ka,ge,natsu	0,0,0	0,0,0	KANJIDIC,PYPINYIN,UNIHAN
U+5914	夔	キ	ki	0	0	KANJIDIC,PYPINYIN,UNIHAN,WORDSHK_CHARS
U+5915	夕	セキ,ゆう	seki,yuu	0,0	0,0	KANJIDIC,PYPINYIN,UNIHAN,WORDSHK_CHARS
U+5916	外	ガイ,ゲ,そと,ほか,はずす,はずれる,と	gai,ge,soto,hoka,hazusu,hazureru,to	0,0,0,0,0,0,0	0,0,0,0,0,0,0	KANJIDIC,PYPINYIN,UNIHAN,WORDSHK_CHARS
U+5918	夘	ボウ,モウ,う	bou,mou,u	0,0,0	0,0,0	KANJIDIC,PYPINYIN,UNIHAN
U+5919	夙	シュク,つとに,はやい	shuku,tsutoni,hayai	0,0,0	0,0,0	KANJIDIC,PYPINYIN,UNIHAN,WORDSHK_CHARS
U+591A	多	タ,おおい,まさに,まさる	ta,ooi,masani,masaru	0,0,0,0	0,0,0,0	KANJIDIC,PYPINYIN,UNIHAN,WORDSHK_CHARS
U+591B	夛	タ,おおい,まさに,まさる	ta,ooi,masani,masaru	0,0,0,0	0,0,0,0	KANJIDIC,PYPINYIN,UNIHAN
U+591C	夜	ヤ,よ,よる	ya,yo,yoru	0,0,0	0,0,0	KANJIDIC,PYPINYIN,UNIHAN,WORDSHK_CHARS
U+591D	夝	セイ,ソウ,ショウ,はれる	sei,sou,shou,hareru	0,0,0,0	0,0,0,0	KANJIDIC,PYPINYIN,UNIHAN
U+5921	夡	キ,おおい	ki,ooi	0,0	0,0	KANJIDIC,PYPINYIN,UNIHAN
U+5922	夢	ム,ボウ,ゆめ,ゆめみる,くらい	mu,bou,yume,yumemiru,kurai	0,0,0,0,0	0,0,0,0,0	KANJIDIC,PYPINYIN,UNIHAN,WORDSHK_CHARS
U+5923	夣	ム,ボウ,ゆめ,ゆめみる,くらい	mu,bou,yume,yumemiru,kurai	0,0,0,0,0	0,0,0,0,0	KANJIDIC,PYPINYIN,UNIHAN
U+5924	夤	イン,イ,つつしみおそれる,おおきい,のびる	in,i,tsutsushimiosoreru,ookii,nobiru	0,0,0,0,0	0,0,0,0,0	KANJIDIC,PYPINYIN,UNIHAN,WORDSHK_CHARS
U+5925	夥	カ,ワ,おびただしい	ka,wa,obitadashii	0,0,0	0,0,0	KANJIDIC,PYPINYIN,UNIHAN,WORDSHK_CHARS
U+5927	大	ダイ,タイ,おお,おおきい,おおいに	dai,tai,oo,ookii,ooini	0,0,0,0,0	0,0,0,0,0	KANJIDIC,PYPINYIN,UNIHAN,WORDSHK_CHARS
U+5928	夨	ショク,シキ,レツ,レチ,かたむける	shoku,shiki,retsu,rechi,katamukeru	0,0,0,0,0	0,0,0,0,0	KANJIDIC,PYPINYIN,UNIHAN
U+5929	天	テン,あまつ,あめ,あま	ten,amatsu,ame,ama	0,0,0,0	0,0,0,0	KANJIDIC,PYPINYIN,UNIHAN,WORDSHK_CHARS
U+592A	太	タイ,タ,ふとい,ふとる	tai,ta,futoi,futoru	0,0,0,0	0,0,0,0	KANJIDIC,PYPINYIN,UNIHAN,WORDSHK_CHARS
U+592B	夫	フ,フウ,ブ,おっと,それ	fu,fuu,bu,otto,sore	0,0,0,0,0	0,0,0,0,0	KANJIDIC,PYPINYIN,UNIHAN,WORDSHK_CHARS
U+592C	夬	カイ,ケツ,ケチ,わける	kai,ketsu,kechi,wakeru	0,0,0,0	0,0,0,0	KANJIDIC,PYPINYIN,UNIHAN
U+592D	夭	ヨウ,オウ,カ,わかい,わかじに,わざわい	you,ou,ka,wakai,wakajini,wazawai	0,0,0,0,0,0	0,0,0,0,0,0	KANJIDIC,PYPINYIN,UNIHAN,WORDSHK_CHARS
U+592E	央	オウ	ou	0	0	KANJIDIC,PYPINYIN,UNIHAN,WORDSHK_CHARS
U+592F	夯	コウ,かつぐ,になう	kou,katsugu,ninau	0,0,0	0,0,0	KANJIDIC,PYPINYIN,UNIHAN
U+5930	夰	コウ,はなつ	kou,hanatsu	0,0	0,0	KANJIDIC,PYPINYIN,UNIHAN
U+5931	失	シツ,うしなう,うせる	shitsu,ushinau,useru	0,0,0	0,0,0	KANJIDIC,PYPINYIN,UNIHAN,WORDSHK_CHARS
U+5932	夲	ホン,もと	hon,moto	0,0	0,0	KANJIDIC,PYPINYIN,UNIHAN
U+5933	夳	タイ	tai	0	0	KANJIDIC,PYPINYIN,UNIHAN
U+5935	夵	エン,トウ,すすむ	en,tou,susumu	0,0,0	0,0,0	KANJIDIC,PYPINYIN,UNIHAN
U+5936	夶	ヒ,くらべる	hi,kuraberu	0,0	0,0	KANJIDIC,PYPINYIN,UNIHAN
U+5937	夷	イ,えびす,えみし,ころす,たいらげる	i,ebisu,emishi,korosu,tairageru	0,0,0,0,0	0,0,0,0,0	KANJIDIC,PYPINYIN,UNIHAN,WORDSHK_CHARS
U+5938	夸	コ,カ,ほごる	ko,ka,hogoru	0,0,0	0,0,0	KANJIDIC,PYPINYIN,UNIHAN
U+593E	夾	キョウ,コウ,はさむ	kyou,kou,hasamu	0,0,0	0,0,0	KANJIDIC,PYPINYIN,UNIHAN,WORDSHK_CHARS
U+593F	夿	ハ,ヘ,おおきい	ha,he,ookii	0,0,0	0,0,0	KANJIDIC,PYPINYIN,UNIHAN
U+5943	奃	テイ,タイ,おおきい	tei,tai,ookii	0,0,0	0,0,0	KANJIDIC,PYPINYIN,UNIHAN
U+5944	奄	エン,おおう,たちまち	en,oou,tachimachi	0,0,0	0,0,0	KANJIDIC,PYPINYIN,UNIHAN,WORDSHK_CHARS
U+5946	奆	ケン,ガン,おおきい	ken,gan,ookii	0,0,0	0,0,0	KANJIDIC,PYPINYIN,UNIHAN
U+5947	奇	キ,くしき,あやしい,くし,めずらしい	ki,kushiki,ayashii,kushi,mezurashii	0,0,0,0,0	0,0,0,0,0	KANJIDIC,PYPINYIN,UNIHAN,WORDSHK_CHARS
U+5948	奈	ナ,ナイ,ダイ,いかん,からなし	na,nai,dai,ikan,karanashi	0,0,0,0,0	0,0,0,0,0	KANJIDIC,PYPINYIN,UNIHAN,WORDSHK_CHARS
U+5949	奉	ホウ,ブ,たてまつる,まつる,ほうずる	hou,bu,tatematsuru,matsuru,houzuru	0,0,0,0,0	0,0,0,0,0	KANJIDIC,PYPINYIN,UNIHAN,WORDSHK_CHARS
U+594E	奎	ケイ,キ	kei,ki	0,0	0,0	KANJIDIC,PYPINYIN,UNIHAN,WORDSHK_CHARS
U+594F	奏	ソウ,かなでる	sou,kanaderu	0,0	0,0	KANJIDIC,PYPINYIN,UNIHAN,WORDSHK_CHARS
U+5950	奐	カン,あきらか	kan,akiraka	0,0	0,0	KANJIDIC,PYPINYIN,UNIHAN,WORDSHK_CHARS
U+5951	契	ケイ,ちぎる	kei,chigiru	0,0	0,0	KANJIDIC,PYPINYIN,UNIHAN,WORDSHK_CHARS
U+5952	奒	ガイ,ホウ,ブ,たてまつる,まつる	gai,hou,bu,tatematsuru,matsuru	0,0,0,0,0	0,0,0,0,0	KANJIDIC,PYPINYIN,UNIHAN
U+5953	奓	タ,シャ,シ,はる,おごる,あける	ta,sha,shi,haru,ogoru,akeru	0,0,0,0,0,0	0,0,0,0,0,0	KANJIDIC,PYPINYIN,UNIHAN,WORDSHK_CHARS
U+5954	奔	ホン,はしる	hon,hashiru	0,0	0,0	KANJIDIC,PYPINYIN,UNIHAN,WORDSHK_CHARS
U+5955	奕	エキ,ヤク	eki,yaku	0,0	0,0	KANJIDIC,PYPINYIN,UNIHAN
U+5957	套	トウ,かさねる	tou,kasaneru	0,0	0,0	KANJIDIC,PYPINYIN,UNIHAN,WORDSHK_CHARS
U+5958	奘	ジョウ,ソウ,さかん	jou,sou,sakan	0,0,0	0,0,0	KANJIDIC,PYPINYIN,UNIHAN
U+5959	奙	ホン	hon	0	0	KANJIDIC,PYPINYIN,UNIHAN
U+595A	奚	ケイ,なんぞ	kei,nanzo	0,0	0,0	KANJIDIC,PYPINYIN,UNIHAN,WORDSHK_CHARS
U+595B	奛	コウ,あきらか	kou,akiraka	0,0	0,0	KANJIDIC,PYPINYIN,UNIHAN
U+595D	奝	チョウ,おおきい	chou,ookii	0,0	0,0	KANJIDIC,PYPINYIN,UNIHAN
U+595E	奞	シュン,スイ,ヨウ,はばたく	shun,sui,you,habataku	0,0,0,0	0,0,0,0	KANJIDIC,PYPINYIN,UNIHAN
U+595F	奟	コウ,ホウ,ヒョウ	kou,hou,hyou	0,0,0	0,0,0	KANJIDIC,PYPINYIN,UNIHAN
U+5960	奠	テン,デン,テイ,さだめる,まつる	ten,den,tei,sadameru,matsuru	0,0,0,0,0	0,0,0,0,0	KANJIDIC,PYPINYIN,UNIHAN,WORDSHK_CHARS
U+5961	奡	ゴウ,あなどる,つよい	gou,anadoru,tsuyoi	0,0,0	0,0,0	KANJIDIC,PYPINYIN,UNIHAN
U+5962	奢	シャ,おごる,おごり	sha,ogoru,ogori	0,0,0	0,0,0	KANJIDIC,PYPINYIN,UNIHAN,WORDSHK_CHARS
U+5963	奣	オウ,ワン,コウ,あきらか	ou,wan,kou,akiraka	0,0,0,0	0,0,0,0	KANJIDIC,PYPINYIN,UNIHAN
U+5965	奥	オウ,おく,おくまる,くま	ou,oku,okumaru,kuma	0,0,0,0	0,0,0,0	KANJIDIC,PYPINYIN,UNIHAN
U+5967	奧	オウ,オク,おくまる,くま	ou,oku,okumaru,kuma	0,0,0,0	0,0,0,0	KANJIDIC,PYPINYIN,UNIHAN,WORDSHK_CHARS
U+5968	奨	ショウ,ソウ,すすめる	shou,sou,susumeru	0,0,0	0,0,0	KANJIDIC,PYPINYIN,UNIHAN
U+5969	奩	レン,くしげ,はこ	ren,kushige,hako	0,0,0	0,0,0	KANJIDIC,PYPINYIN,UNIHAN
U+596A	奪	ダツ,うばう	datsu,ubau	0,0	0,0	KANJIDIC,PYPINYIN,UNIHAN,WORDSHK_CHARS
U+596B	奫	イン,いずみ	in,izumi	0,0	0,0	KANJIDIC,PYPINYIN,UNIHAN
U+596C	奬	ショウ,ソウ,すすめる	shou,sou,susumeru	0,0,0	0,0,0	KANJIDIC,PYPINYIN,UNIHAN
U+596D	奭	セキ,シャク,カク,キャク,さかん,いかる	seki,shaku,kaku,kyaku,sakan,ikaru	0,0,0,0,0,0	0,0,0,0,0,0	KANJIDIC,PYPINYIN,UNIHAN
U+596E	奮	フン,ふるう	fun,furuu	0,0	0,0	KANJIDIC,PYPINYIN,UNIHAN,WORDSHK_CHARS
U+596F	奯	カツ,カチ,おおきい,ひろびろと	katsu,kachi,ookii,hirobiroto	0,0,0,0	0,0,0,0	KANJIDIC,PYPINYIN,UNIHAN
U+5972	奲	シャ,セン,タ,おおきい,ゆるやかで	sha,sen,ta,ookii,yuruyakade	0,0,0,0,0	0,0,0,0,0	KANJIDIC,PYPINYIN,UNIHAN
U+5973	女	ジョ,ニョ,ニョウ,おんな,め	jo,nyo,nyou,onna,me	0,0,0,0,0	0,0,0,0,0	KANJIDIC,PYPINYIN,UNIHAN,WORDSHK_CHARS
U+5974	奴	ド,やつ,やっこ	do,yatsu,yakko	0,0,0	0,0,0	KANJIDIC,PYPINYIN,UNIHAN,WORDSHK_CHARS
U+5975	奵	テイ,チョウ,テン	tei,chou,ten	0,0,0	0,0,0	KANJIDIC,PYPINYIN,UNIHAN
U+5976	奶	ダイ,ネ,ナイ,ちち,はぐくむ	dai,ne,nai,chichi,hagukumu	0,0,0,0,0	0,0,0,0,0	KANJIDIC,PYPINYIN,UNIHAN,WORDSHK_CHARS
U+5978	奸	カン,おかす	kan,okasu	0,0	0,0	KANJIDIC,PYPINYIN,UNIHAN,WORDSHK_CHARS
U+5979	她	チ,ジ,シャ,タ,イ,あざる	chi,ji,sha,ta,i,azaru	0,0,0,0,0,0	0,0,0,0,0,0	KANJIDIC,PYPINYIN,UNIHAN,WORDSHK_CHARS
U+597B	奻	ダン,ナン,いいあらそう	dan,nan,iiarasou	0,0,0	0,0,0	KANJIDIC,PYPINYIN,UNIHAN
U+597C	奼	タ,ト,ツ,おとめ,ほこる	ta,to,tsu,otome,hokoru	0,0,0,0,0	0,0,0,0,0	KANJIDIC,PYPINYIN,UNIHAN,WORDSHK_CHARS
U+597D	好	コウ,このむ,すく,よい,いい	kou,konomu,suku,yoi,ii	0,0,0,0,0	0,0,0,0,0	KANJIDIC,PYPINYIN,UNIHAN,WORDSHK_CHARS
U+5981	妁	シャク,なこうど	shaku,nakoudo	0,0	0,0	KANJIDIC,PYPINYIN,UNIHAN
U+5982	如	ジョ,ニョ,ごとし	jo,nyo,gotoshi	0,0,0	0,0,0	KANJIDIC,PYPINYIN,UNIHAN,WORDSHK_CHARS
U+5983	妃	ヒ,きさき	hi,kisaki	0,0	0,0	KANJIDIC,PYPINYIN,UNIHAN,WORDSHK_CHARS
U+5984	妄	モウ,ボウ,みだりに	mou,bou,midarini	0,0,0	0,0,0	KANJIDIC,PYPINYIN,UNIHAN,WORDSHK_CHARS
U+598A	妊	ニン,ジン,はらむ,みごもる	nin,jin,haramu,migomoru	0,0,0,0	0,0,0,0	KANJIDIC,PYPINYIN,UNIHAN
U+598B	妋	フ,ヨウ,ウ,ユウ,むさぼる,せ,せうと,なせ,みょうと	fu,you,u,yuu,musaboru,se,seuto,nase,myouto	0,0,0,0,0,0,0,0,0	0,0,0,0,0,0,0,0,0	KANJIDIC,PYPINYIN,UNIHAN
U+598C	妌	セイ,ジョウ,しずか,いさぎよい	sei,jou,shizuka,isagiyoi	0,0,0,0	0,0,0,0	KANJIDIC,PYPINYIN,UNIHAN
U+598D	妍	ケン,うつくしい	ken,utsukushii	0,0	0,0	KANJIDIC,PYPINYIN,UNIHAN,WORDSHK_CHARS
U+598E	妎	カイ,ケイ,ねたむ,わずらわしい,おおう,きる	kai,kei,netamu,wazurawashii,oou,kiru	0,0,0,0,0,0	0,0,0,0,0,0	KANJIDIC,PYPINYIN,UNIHAN
U+5992	妒	ト,ツ,ねたむ,そねむ,つもる,ふさぐ	to,tsu,netamu,sonemu,tsumoru,fusagu	0,0,0,0,0,0	0,0,0,0,0,0	KANJIDIC,PYPINYIN,UNIHAN,WORDSHK_CHARS
U+5993	妓	ギ,キ,わざおぎ,うたいめ	gi,ki,wazaogi,utaime	0,0,0,0	0,0,0,0	KANJIDIC,PYPINYIN,UNIHAN,WORDSHK_CHARS
U+5995	妕	チュウ,チュ,あざな	chuu,chu,azana	0,0,0	0,0,0	KANJIDIC,PYPINYIN,UNIHAN
U+5996	妖	ヨウ,あやしい,なまめく,わざわい	you,ayashii,namameku,wazawai	0,0,0,0	0,0,0,0	KANJIDIC,PYPINYIN,UNIHAN,WORDSHK_CHARS
U+5997	妗	セン,ケン,カン,キン,ゴン,うつくしい,よろこぶ	sen,ken,kan,kin,gon,utsukushii,yorokobu	0,0,0,0,0,0,0	0,0,0,0,0,0,0	KANJIDIC,PYPINYIN,UNIHAN,WORDSHK_CHARS
U+5999	妙	ミョウ,ビョウ,たえ	myou,byou,tae	0,0,0	0,0,0	KANJIDIC,PYPINYIN,UNIHAN,WORDSHK_CHARS
U+599B	妛	シ,あなどる,おろか,みにくい,みだる	shi,anadoru,oroka,minikui,midaru	0,0,0,0,0	0,0,0,0,0	KANJIDIC,PYPINYIN,UNIHAN
U+599D	妝	ソウ,ショウ,よそおう	sou,shou,yosoou	0,0,0	0,0,0	KANJIDIC,PYPINYIN,UNIHAN,WORDSHK_CHARS
U+599F	妟	アン,エン,やすらか,やすめる	an,en,yasuraka,yasumeru	0,0,0,0	0,0,0,0	KANJIDIC,PYPINYIN,UNIHAN
U+59A3	妣	ヒ,なきはは	hi,nakihaha	0,0	0,0	KANJIDIC,PYPINYIN,UNIHAN
U+59A4	妤	ヨ	yo	0	0	KANJIDIC,PYPINYIN,UNIHAN
U+59A5	妥	ダ	da	0	0	KANJIDIC,PYPINYIN,UNIHAN,WORDSHK_CHARS
U+59A7	妧	ゲン,ガン,みめよい	gen,gan,mimeyoi	0,0,0	0,0,0	KANJIDIC,PYPINYIN,UNIHAN
U+59A8	妨	ボウ,さまたげる	bou,samatageru	0,0	0,0	KANJIDIC,PYPINYIN,UNIHAN,WORDSHK_CHARS
U+59AC	妬	ト,ツ,ねたむ,そねむ,つもる,ふさぐ	to,tsu,netamu,sonemu,tsumoru,fusagu	0,0,0,0,0,0	0,0,0,0,0,0	KANJIDIC,PYPINYIN,UNIHAN
U+59AD	妭	ハツ,バチ,みめよい,つま	hatsu,bachi,mimeyoi,tsuma	0,0,0,0	0,0,0,0	KANJIDIC,PYPINYIN,UNIHAN
U+59AE	妮	ジ,ニ,はしため,やわらかくまつはる	ji,ni,hashitame,yawarakakumatsuharu	0,0,0,0	0,0,0,0	KANJIDIC,PYPINYIN,UNIHAN
U+59AF	妯	チュウ,ジク,ロク,トク,あいよめ,うごく,さわぐ,いたむ	chuu,jiku,roku,toku,aiyome,ugoku,sawagu,itamu	0,0,0,0,0,0,0,0	0,0,0,0,0,0,0,0	KANJIDIC,PYPINYIN,UNIHAN,WORDSHK_CHARS
U+59B0	妰	チャク,しずか	chaku,shizuka	0,0	0,0	KANJIDIC,PYPINYIN,UNIHAN
U+59B2	妲	ダツ	datsu	0	0	KANJIDIC,PYPINYIN,UNIHAN
U+59B3	妳	ダイ,ナイ,デイ,ジ,ネ,ニ,はは,はぐくむ,あね	dai,nai,dei,ji,ne,ni,haha,hagukumu,ane	0,0,0,0,0,0,0,0,0	0,0,0,0,0,0,0,0,0	KANJIDIC,PYPINYIN,UNIHAN,WORDSHK_CHARS
U+59B7	妷	テツ,チツ,ジチ,イツ,イチ,めい,おい	tetsu,chitsu,jichi,itsu,ichi,mei,oi	0,0,0,0,0,0,0	0,0,0,0,0,0,0	KANJIDIC,PYPINYIN,UNIHAN
U+59B9	妹	マイ,いもうと	mai,imouto	0,0	0,0	KANJIDIC,PYPINYIN,UNIHAN,WORDSHK_CHARS
U+59BA	妺	バイ,バツ,マチ,マツ,あざな	bai,batsu,machi,matsu,azana	0,0,0,0,0	0,0,0,0,0	KANJIDIC,PYPINYIN,UNIHAN
U+59BB	妻	サイ,つま	sai,tsuma	0,0	0,0	KANJIDIC,PYPINYIN,UNIHAN,WORDSHK_CHARS
U+59BC	妼	ヒ,ヒツ,ビチ,こしもと	hi,hitsu,bichi,koshimoto	0,0,0,0	0,0,0,0	KANJIDIC,PYPINYIN,UNIHAN
U+59BE	妾	ショウ,めかけ,そばめ,わらわ	shou,mekake,sobame,warawa	0,0,0,0	0,0,0,0	KANJIDIC,PYPINYIN,UNIHAN,WORDSHK_CHARS
U+59C1	姁	ク,はは,たのしむ,つま,うつくしい	ku,haha,tanoshimu,tsuma,utsukushii	0,0,0,0,0	0,0,0,0,0	KANJIDIC,PYPINYIN,UNIHAN
U+59C3	姃	セイ,ショウ,あざな	sei,shou,azana	0,0,0	0,0,0	KANJIDIC,PYPINYIN,UNIHAN
U+59C4	姄	ビン,ミン	bin,min	0,0	0,0	KANJIDIC,PYPINYIN,UNIHAN
U+59C6	姆	ボ,モ,うば	bo,mo,uba	0,0,0	0,0,0	KANJIDIC,PYPINYIN,UNIHAN,WORDSHK_CHARS
U+59C8	姈	レイ,リョウ,あざな	rei,ryou,azana	0,0,0	0,0,0	KANJIDIC,PYPINYIN,UNIHAN
U+59C9	姉	シ,あね,はは	shi,ane,haha	0,0,0	0,0,0	KANJIDIC,PYPINYIN,UNIHAN
U+59CA	姊	シ,あね,はは	shi,ane,haha	0,0,0	0,0,0	KANJIDIC,PYPINYIN,UNIHAN,WORDSHK_CHARS
U+59CB	始	シ,はじめる,はじまる	shi,hajimeru,hajimaru	0,0,0	0,0,0	KANJIDIC,PYPINYIN,UNIHAN,WORDSHK_CHARS
U+59CD	姍	サン,セン,ハン,サツ,サチ,みめよい,そしる,みにくい	san,sen,han,satsu,sachi,mimeyoi,soshiru,minikui	0,0,0,0,0,0,0,0	0,0,0,0,0,0,0,0	KANJIDIC,PYPINYIN,UNIHAN,WORDSHK_CHARS
U+59D0	姐	ソ,シャ,あね,ねえさん	so,sha,ane,neesan	0,0,0,0	0,0,0,0	KANJIDIC,PYPINYIN,UNIHAN,WORDSHK_CHARS
U+59D1	姑	コ,しゅうとめ,しゅうと,おば,しばらく	ko,shuutome,shuuto,oba,shibaraku	0,0,0,0,0	0,0,0,0,0	KANJIDIC,PYPINYIN,UNIHAN,WORDSHK_CHARS
U+59D2	姒	シ,あね	shi,ane	0,0	0,0	KANJIDIC,PYPINYIN,UNIHAN
U+59D3	姓	セイ,ショウ	sei,shou	0,0	0,0	KANJIDIC,PYPINYIN,UNIHAN,WORDSHK_CHARS
U+59D4	委	イ,ゆだねる	i,yudaneru	0,0	0,0	KANJIDIC,PYPINYIN,UNIHAN,WORDSHK_CHARS
U+59D9	姙	ニン,ジン,はらむ,みごもる	nin,jin,haramu,migomoru	0,0,0,0	0,0,0,0	KANJIDIC,PYPINYIN,UNIHAN
U+59DA	姚	ヨウ,チョウ,うつくしい	you,chou,utsukushii	0,0,0	0,0,0	KANJIDIC,PYPINYIN,UNIHAN,WORDSHK_CHARS
U+59DC	姜	キョウ,ガ,こう	kyou,ga,kou	0,0,0	0,0,0	KANJIDIC,PYPINYIN,UNIHAN,WORDSHK_CHARS
U+59DD	姝	ス,シュ,うつくしい	su,shu,utsukushii	0,0,0	0,0,0	KANJIDIC,PYPINYIN,UNIHAN
U+59DE	姞	キツ,キチ,つつしむ	kitsu,kichi,tsutsushimu	0,0,0	0,0,0	KANJIDIC,PYPINYIN,UNIHAN
U+59DF	姟	ガイ	gai	0	0	KANJIDIC,PYPINYIN,UNIHAN
U+59E3	姣	コウ,キョウ,みめよい,うつくしい,いさぎよい	kou,kyou,mimeyoi,utsukushii,isagiyoi	0,0,0,0,0	0,0,0,0,0	KANJIDIC,PYPINYIN,UNIHAN,WORDSHK_CHARS
U+59E4	姤	コウ,ク,あう,みめよい,みにくい	kou,ku,au,mimeyoi,minikui	0,0,0,0,0	0,0,0,0,0	KANJIDIC,PYPINYIN,UNIHAN
U+59E5	姥	ボ,モ,うば	bo,mo,uba	0,0,0	0,0,0	KANJIDIC,PYPINYIN,UNIHAN,WORDSHK_CHARS
U+59E6	姦	カン,ケン,かんする,かしましい,みだら	kan,ken,kansuru,kashimashii,midara	0,0,0,0,0	0,0,0,0,0	KANJIDIC,PYPINYIN,UNIHAN,WORDSHK_CHARS
U+59E7	姧	カン,ケン,かしましい,みだら,よこしま	kan,ken,kashimashii,midara,yokoshima	0,0,0,0,0	0,0,0,0,0	KANJIDIC,PYPINYIN,UNIHAN
U+59E8	姨	テイ,イ,いもと,いもうと,おば	tei,i,imoto,imouto,oba	0,0,0,0,0	0,0,0,0,0	KANJIDIC,PYPINYIN,UNIHAN,WORDSHK_CHARS
U+59EA	姪	テツ,チツ,ジチ,イツ,イチ,めい,おい	tetsu,chitsu,jichi,itsu,ichi,mei,oi	0,0,0,0,0,0,0	0,0,0,0,0,0,0	KANJIDIC,PYPINYIN,UNIHAN,WORDSHK_CHARS
U+59EB	姫	キ,ひめ	ki,hime	0,0	0,0	KANJIDIC,PYPINYIN,UNIHAN
U+59EE	姮	コウ,ジョウ	kou,jou	0,0	0,0	KANJIDIC,PYPINYIN,UNIHAN,WORDSHK_CHARS
U+59EF	姯	コウ,みめよい	kou,mimeyoi	0,0	0,0	KANJIDIC,PYPINYIN,UNIHAN
U+59F1	姱	カ,ケ,コ,ク,おごる,みめよい,うつくしい	ka,ke,ko,ku,ogoru,mimeyoi,utsukushii	0,0,0,0,0,0,0	0,0,0,0,0,0,0	KANJIDIC,PYPINYIN,UNIHAN
U+59F2	姲	アン,エン,あざな	an,en,azana	0,0,0	0,0,0	KANJIDIC,PYPINYIN,UNIHAN
U+59F4	姴	レツ,レチ,うつくしい	retsu,rechi,utsukushii	0,0,0	0,0,0	KANJIDIC,PYPINYIN,UNIHAN
U+59F6	姶	オウ,アイ	ou,ai	0,0	0,0	KANJIDIC,PYPINYIN,UNIHAN
U+59F7	姷	ユウ,ウ,たぐう,ならぶ	yuu,u,taguu,narabu	0,0,0,0	0,0,0,0	KANJIDIC,PYPINYIN,UNIHAN
U+59F8	姸	ケン,ゲン,うつくしい	ken,gen,utsukushii	0,0,0	0,0,0	KANJIDIC,PYPINYIN,UNIHAN
U+59FB	姻	イン	in	0	0	KANJIDIC,PYPINYIN,UNIHAN,WORDSHK_CHARS
U+59FF	姿	シ,すがた	shi,sugata	0,0	0,0	KANJIDIC,PYPINYIN,UNIHAN,WORDSHK_CHARS
U+5A00	娀	シュウ,シュ	shuu,shu	0,0	0,0	KANJIDIC,PYPINYIN,UNIHAN
U+5A01	威	イ,おどす,おどし,おどかす	i,odosu,odoshi,odokasu	0,0,0,0	0,0,0,0	KANJIDIC,PYPINYIN,UNIHAN,WORDSHK_CHARS
U+5A03	娃	ア,アイ,ワ,うつくしい	a,ai,wa,utsukushii	0,0,0,0	0,0,0,0	KANJIDIC,PYPINYIN,UNIHAN,WORDSHK_CHARS
U+5A04	娄	ル,ロウ,つなぐ,ひく	ru,rou,tsunagu,hiku	0,0,0,0	0,0,0,0	KANJIDIC,PYPINYIN,UNIHAN
U+5A09	娉	ヘイ,ホウ,ほ	hei,hou,ho	0,0,0	0,0,0	KANJIDIC,PYPINYIN,UNIHAN,WORDSHK_CHARS
U+5A0C	娌	リ,あによめ	ri,aniyome	0,0	0,0	KANJIDIC,PYPINYIN,UNIHAN,WORDSHK_CHARS
U+5A0D	娍	セイ,ジョウ,すらりとしてみめよい	sei,jou,suraritoshitemimeyoi	0,0,0	0,0,0	KANJIDIC,PYPINYIN,UNIHAN
U+5A0E	娎	ケツ,ケチ,キョウ,ここちよい,よろこぶ	ketsu,kechi,kyou,kokochiyoi,yorokobu	0,0,0,0,0	0,0,0,0,0	KANJIDIC,PYPINYIN,UNIHAN
U+5A11	娑	シャ,サ	sha,sa	0,0	0,0	KANJIDIC,PYPINYIN,UNIHAN
U+5A12	娒	ボ,モ,うば	bo,mo,uba	0,0,0	0,0,0	KANJIDIC,PYPINYIN,UNIHAN
U+5A13	娓	ビ,ミ,キ,すなお,したがう,うつくしい	bi,mi,ki,sunao,shitagau,utsukushii	0,0,0,0,0,0	0,0,0,0,0,0	KANJIDIC,PYPINYIN,UNIHAN,WORDSHK_CHARS
U+5A17	娗	テイ,ジョウ,テン,すらりとしてみめよい	tei,jou,ten,suraritoshitemimeyoi	0,0,0,0	0,0,0,0	KANJIDIC,PYPINYIN,UNIHAN
U+5A18	娘	ジョウ,むすめ,こ	jou,musume,ko	0,0,0	0,0,0	KANJIDIC,PYPINYIN,UNIHAN,WORDSHK_CHARS
U+5A1A	娚	ナン,ノウ,ドウ,めおと,たわむれる	nan,nou,dou,meoto,tawamureru	0,0,0,0,0	0,0,0,0,0	KANJIDIC,PYPINYIN,UNIHAN
U+5A1C	娜	ダ,ナ	da,na	0,0	0,0	KANJIDIC,PYPINYIN,UNIHAN,WORDSHK_CHARS
U+5A1E	娞	ダイ,ネ,スイ,あでやか,やすらか	dai,ne,sui,adeyaka,yasuraka	0,0,0,0,0	0,0,0,0,0	KANJIDIC,PYPINYIN,UNIHAN
U+5A1F	娟	エン,ケン	en,ken	0,0	0,0	KANJIDIC,PYPINYIN,UNIHAN,WORDSHK_CHARS
U+5A20	娠	シン	shin	0	0	KANJIDIC,PYPINYIN,UNIHAN,WORDSHK_CHARS
U+5A23	娣	テイ,ダイ,いもうと,おば	tei,dai,imouto,oba	0,0,0,0	0,0,0,0	KANJIDIC,PYPINYIN,UNIHAN
U+5A24	娤	ソウ,ショウ,よそおう	sou,shou,yosoou	0,0,0	0,0,0	KANJIDIC,PYPINYIN,UNIHAN
U+5A25	娥	ガ,みめよい	ga,mimeyoi	0,0	0,0	KANJIDIC,PYPINYIN,UNIHAN,WORDSHK_CHARS
U+5A27	娧	タイ,テ,エツ,エチ,みめよい,よろこぶ,いとしい	tai,te,etsu,echi,mimeyoi,yorokobu,itoshii	0,0,0,0,0,0,0	0,0,0,0,0,0,0	KANJIDIC,PYPINYIN,UNIHAN
U+5A28	娨	バン,マン,カン,ゲン,ごうまん	ban,man,kan,gen,gouman	0,0,0,0,0	0,0,0,0,0	KANJIDIC,PYPINYIN,UNIHAN
U+5A29	娩	ベン	ben	0	0	KANJIDIC,PYPINYIN,UNIHAN,WORDSHK_CHARS
U+5A2A	娪	ゴ,ギョ,おんな	go,gyo,onna	0,0,0	0,0,0	KANJIDIC,PYPINYIN,UNIHAN
U+5A2D	娭	キ,アイ,たわむれる,はしため	ki,ai,tawamureru,hashitame	0,0,0,0	0,0,0,0	KANJIDIC,PYPINYIN,UNIHAN
U+5A2F	娯	ゴ	go	0	0	KANJIDIC,PYPINYIN,UNIHAN
U+5A30	娰	シ,あね	shi,ane	0,0	0,0	KANJIDIC,PYPINYIN,UNIHAN
U+5A35	娵	シュ,シュウ,ス,ソウ,よめ	shu,shuu,su,sou,yome	0,0,0,0,0	0,0,0,0,0	KANJIDIC,PYPINYIN,UNIHAN
U+5A36	娶	シュ,めとる,めあわせる	shu,metoru,meawaseru	0,0,0	0,0,0	KANJIDIC,PYPINYIN,UNIHAN,WORDSHK_CHARS
U+5A3C	娼	ショウ,あそびめ	shou,asobime	0,0	0,0	KANJIDIC,PYPINYIN,UNIHAN,WORDSHK_CHARS
U+5A40	婀	ア,あだ,あだっぽい,たおやか	a,ada,adappoi,taoyaka	0,0,0,0	0,0,0,0	KANJIDIC,PYPINYIN,UNIHAN,WORDSHK_CHARS
U+5A41	婁	ル,ロウ,つなぐ,ひく	ru,rou,tsunagu,hiku	0,0,0,0	0,0,0,0	KANJIDIC,PYPINYIN,UNIHAN
U+5A44	婄	ホウ,ブ,バイ,おろか,みにくい	hou,bu,bai,oroka,minikui	0,0,0,0,0	0,0,0,0,0	KANJIDIC,PYPINYIN,UNIHAN,WORDSHK_CHARS
U+5A45	婅	キク,コク,あざな	kiku,koku,azana	0,0,0	0,0,0	KANJIDIC,PYPINYIN,UNIHAN
U+5A46	婆	バ,ばば,ばあ	ba,baba,baa	0,0,0	0,0,0	KANJIDIC,PYPINYIN,UNIHAN,WORDSHK_CHARS
U+5A47	婇	サイ,うねめ	sai,uneme	0,0	0,0	KANJIDIC,PYPINYIN,UNIHAN
U+5A48	婈	リョウ,あざな	ryou,azana	0,0	0,0	KANJIDIC,PYPINYIN,UNIHAN
U+5A49	婉	エン,うつくしい,したがう	en,utsukushii,shitagau	0,0,0	0,0,0	KANJIDIC,PYPINYIN,UNIHAN,WORDSHK_CHARS
U+5A4C	婌	シュク	shuku	0	0	KANJIDIC,PYPINYIN,UNIHAN
U+5A50	婐	ワ,カ,たおやか,はべる	wa,ka,taoyaka,haberu	0,0,0,0	0,0,0,0	KANJIDIC,PYPINYIN,UNIHAN
U+5A55	婕	ショウ,みめよい	shou,mimeyoi	0,0	0,0	KANJIDIC,PYPINYIN,UNIHAN
U+5A5A	婚	コン	kon	0	0	KANJIDIC,PYPINYIN,UNIHAN,WORDSHK_CHARS
U+5A5E	婞	ケイ,ギョウ,コウ,もとる,まっすぐ	kei,gyou,kou,motoru,massugu	0,0,0,0,0	0,0,0,0,0	KANJIDIC,PYPINYIN,UNIHAN
U+5A62	婢	ヒ,はしため	hi,hashitame	0,0	0,0	KANJIDIC,PYPINYIN,UNIHAN,WORDSHK_CHARS
U+5A63	婣	イン	in	0	0	KANJIDIC,PYPINYIN,UNIHAN
U+5A65	婥	ドウ,ニョウ,テキ,シャク,みめよい	dou,nyou,teki,shaku,mimeyoi	0,0,0,0,0	0,0,0,0,0	KANJIDIC,PYPINYIN,UNIHAN
U+5A66	婦	フ,よめ	fu,yome	0,0	0,0	KANJIDIC,PYPINYIN,UNIHAN,WORDSHK_CHARS
U+5A67	婧	セイ,ショウ,ジュウ,あてやか,しなやか	sei,shou,juu,ateyaka,shinayaka	0,0,0,0,0	0,0,0,0,0	KANJIDIC,PYPINYIN,UNIHAN
U+5A6A	婪	ラン,むさぼる	ran,musaboru	0,0	0,0	KANJIDIC,PYPINYIN,UNIHAN,WORDSHK_CHARS
U+5A6C	婬	イン,みだれ,ひたす,ほしいまま,みだら,みだれる	in,midare,hitasu,hoshiimama,midara,midareru	0,0,0,0,0,0	0,0,0,0,0,0	KANJIDIC,PYPINYIN,UNIHAN
U+5A6D	婭	ア,あいむこ,こしもと	a,aimuko,koshimoto	0,0,0	0,0,0	KANJIDIC,PYPINYIN,UNIHAN
U+5A77	婷	テイ,チョウ,うつくしい	tei,chou,utsukushii	0,0,0	0,0,0	KANJIDIC,PYPINYIN,UNIHAN,WORDSHK_CHARS
U+5A7A	婺	ブ,ム,ボウ,ボク,モク	bu,mu,bou,boku,moku	0,0,0,0,0	0,0,0,0,0	KANJIDIC,PYPINYIN,UNIHAN
U+5A7B	婻	ダン,ナン,うつくしい	dan,nan,utsukushii	0,0,0	0,0,0	KANJIDIC,PYPINYIN,UNIHAN
U+5A7E	婾	トウ,ツ,ユ,わるがしこい,ぬすむ,ごまかす	tou,tsu,yu,warugashikoi,nusumu,gomakasu	0,0,0,0,0,0	0,0,0,0,0,0	KANJIDIC,PYPINYIN,UNIHAN
U+5A7F	婿	セイ,むこ	sei,muko	0,0	0,0	KANJIDIC,PYPINYIN,UNIHAN,WORDSHK_CHARS
U+5A84	媄	ビ,ミ,みめよい	bi,mi,mimeyoi	0,0,0	0,0,0	KANJIDIC,PYPINYIN,UNIHAN
U+5A8B	媋	シュン,うつくしい	shun,utsukushii	0,0	0,0	KANJIDIC,PYPINYIN,UNIHAN
U+5A90	媐	キ,イ,つま,たのしむ	ki,i,tsuma,tanoshimu	0,0,0,0	0,0,0,0	KANJIDIC,PYPINYIN,UNIHAN
U+5A92	媒	バイ,なこうど	bai,nakoudo	0,0	0,0	KANJIDIC,PYPINYIN,UNIHAN,WORDSHK_CHARS
U+5A93	媓	コウ,オウ,はは	kou,ou,haha	0,0,0	0,0,0	KANJIDIC,PYPINYIN,UNIHAN
U+5A96	媖	エイ,ユウ	ei,yuu	0,0	0,0	KANJIDIC,PYPINYIN,UNIHAN
U+5A99	媙	イ,うつくしい	i,utsukushii	0,0	0,0	KANJIDIC,PYPINYIN,UNIHAN
U+5A9A	媚	ビ,こびる	bi,kobiru	0,0	0,0	KANJIDIC,PYPINYIN,UNIHAN,WORDSHK_CHARS
U+5A9B	媛	エン,ひめ	en,hime	0,0	0,0	KANJIDIC,PYPINYIN,UNIHAN,WORDSHK_CHARS
U+5A9C	媜	テイ,チョウ,あざな	tei,chou,azana	0,0,0	0,0,0	KANJIDIC,PYPINYIN,UNIHAN
U+5A9E	媞	シ,テイ,タイ,タ,つまびらか,わるがしこい,はは	shi,tei,tai,ta,tsumabiraka,warugashikoi,haha	0,0,0,0,0,0,0	0,0,0,0,0,0,0	KANJIDIC,PYPINYIN,UNIHAN
U+5A9F	媟	セツ,セチ,けがす,けがれる,なれる,あなどる	setsu,sechi,kegasu,kegareru,nareru,anadoru	0,0,0,0,0,0	0,0,0,0,0,0	KANJIDIC,PYPINYIN,UNIHAN
U+5AA0	媠	タ,ナ,ラ,みめよい,おこたる	ta,na,ra,mimeyoi,okotaru	0,0,0,0,0	0,0,0,0,0	KANJIDIC,PYPINYIN,UNIHAN
U+5AA2	媢	ボウ,モウ,ボク,モク,バイ,メ,ねたむ,にらむ	bou,mou,boku,moku,bai,me,netamu,niramu	0,0,0,0,0,0,0,0	0,0,0,0,0,0,0,0	KANJIDIC,PYPINYIN,UNIHAN
U+5AA7	媧	カイ,ケ,カ	kai,ke,ka	0,0,0	0,0,0	KANJIDIC,PYPINYIN,UNIHAN
U+5AAC	媬	ホ	ho	0	0	KANJIDIC,PYPINYIN,UNIHAN
U+5AB1	媱	ヨウ,みめよい,たわむれる	you,mimeyoi,tawamureru	0,0,0	0,0,0	KANJIDIC,PYPINYIN,UNIHAN
U+5AB2	媲	ヘイ,ヒ,つれあい	hei,hi,tsureai	0,0,0	0,0,0	KANJIDIC,PYPINYIN,UNIHAN,WORDSHK_CHARS
U+5AB3	媳	セキ,シャク,よめ	seki,shaku,yome	0,0,0	0,0,0	KANJIDIC,PYPINYIN,UNIHAN,WORDSHK_CHARS
U+5AB5	媵	ヨウ,おくる,つきそい,おくりめ,おくりびと	you,okuru,tsukisoi,okurime,okuribito	0,0,0,0,0	0,0,0,0,0	KANJIDIC,PYPINYIN,UNIHAN
U+5AB8	媸	シ,あなどる,おろか,みにくい,みだる	shi,anadoru,oroka,minikui,midaru	0,0,0,0,0	0,0,0,0,0	KANJIDIC,PYPINYIN,UNIHAN
U+5ABA	媺	ビ,ミ,よい,うつくしい	bi,mi,yoi,utsukushii	0,0,0,0	0,0,0,0	KANJIDIC,PYPINYIN,UNIHAN
U+5ABB	媻	ハン,ハ,おごる,めかけ,よろめく	han,ha,ogoru,mekake,yoromeku	0,0,0,0,0	0,0,0,0,0	KANJIDIC,PYPINYIN,UNIHAN
U+5ABC	媼	オウ,おうな	ou,ouna	0,0	0,0	KANJIDIC,PYPINYIN,UNIHAN
U+5ABD	媽	ボ,モ,はは	bo,mo,haha	0,0,0	0,0,0	KANJIDIC,PYPINYIN,UNIHAN,WORDSHK_CHARS
U+5ABE	媾	コウ,よしみ	kou,yoshimi	0,0	0,0	KANJIDIC,PYPINYIN,UNIHAN,WORDSHK_CHARS
U+5ABF	媿	キ,はじる,はじらう,はずかしめる,とがめる	ki,hajiru,hajirau,hazukashimeru,togameru	0,0,0,0,0	0,0,0,0,0	KANJIDIC,PYPINYIN,UNIHAN
U+5AC1	嫁	カ,よめ,とつぐ,いく,ゆく	ka,yome,totsugu,iku,yuku	0,0,0,0,0	0,0,0,0,0	KANJIDIC,PYPINYIN,UNIHAN,WORDSHK_CHARS
U+5AC2	嫂	ソウ,あによめ	sou,aniyome	0,0	0,0	KANJIDIC,PYPINYIN,UNIHAN,WORDSHK_CHARS
U+5AC4	嫄	ゲン,ガン	gen,gan	0,0	0,0	KANJIDIC,PYPINYIN,UNIHAN
U+5AC6	嫆	ヨウ,ユ,あざな	you,yu,azana	0,0,0	0,0,0	KANJIDIC,PYPINYIN,UNIHAN
U+5AC8	嫈	ショウ,オウ,ギョウ,エイ,ケイ,みめよい,みにくい	shou,ou,gyou,ei,kei,mimeyoi,minikui	0,0,0,0,0,0,0	0,0,0,0,0,0,0	KANJIDIC,PYPINYIN,UNIHAN
U+5AC9	嫉	シツ,そねむ,ねたむ,にくむ	shitsu,sonemu,netamu,nikumu	0,0,0,0	0,0,0,0	KANJIDIC,PYPINYIN,UNIHAN,WORDSHK_CHARS
U+5ACB	嫋	ジョウ,ジャク,デキ,なよやかな,しなやか,たおやか	jou,jaku,deki,nayoyakana,shinayaka,taoyaka	0,0,0,0,0,0	0,0,0,0,0,0	KANJIDIC,PYPINYIN,UNIHAN,WORDSHK_CHARS
U+5ACC	嫌	ケン,ゲン,きらう,きらい,いや	ken,gen,kirau,kirai,iya	0,0,0,0,0	0,0,0,0,0	KANJIDIC,PYPINYIN,UNIHAN,WORDSHK_CHARS
U+5ACF	嫏	ロウ	rou	0	0	KANJIDIC,PYPINYIN,UNIHAN
U+5AD0	嫐	ドウ,ジョウ,なぶる	dou,jou,naburu	0,0,0	0,0,0	KANJIDIC,PYPINYIN,UNIHAN
U+5AD6	嫖	ヒョウ,かるい	hyou,karui	0,0	0,0	KANJIDIC,PYPINYIN,UNIHAN,WORDSHK_CHARS
U+5AD7	嫗	ウ,オウ,あたためる,おうな	u,ou,atatameru,ouna	0,0,0,0	0,0,0,0	KANJIDIC,PYPINYIN,UNIHAN,WORDSHK_CHARS
U+5ADA	嫚	バン,マン,ベン,メン,エン,あなどる,けがす,おこたる,おごる	ban,man,ben,men,en,anadoru,kegasu,okotaru,ogoru	0,0,0,0,0,0,0,0,0	0,0,0,0,0,0,0,0,0	KANJIDIC,PYPINYIN,UNIHAN
U+5ADC	嫜	ショウ,しうと,しうとめ	shou,shiuto,shiutome	0,0,0	0,0,0	KANJIDIC,PYPINYIN,UNIHAN
U+5AE0	嫠	リ,やもめ	ri,yamome	0,0	0,0	KANJIDIC,PYPINYIN,UNIHAN
U+5AE1	嫡	チャク,テキ	chaku,teki	0,0	0,0	KANJIDIC,PYPINYIN,UNIHAN,WORDSHK_CHARS
U+5AE3	嫣	エン	en	0	0	KANJIDIC,PYPINYIN,UNIHAN,WORDSHK_CHARS
U+5AE5	嫥	セン,タン,もっぱら,ととのえる	sen,tan,moppara,totonoeru	0,0,0,0	0,0,0,0	KANJIDIC,PYPINYIN,UNIHAN
U+5AE6	嫦	コウ,ジョウ	kou,jou	0,0	0,0	KANJIDIC,PYPINYIN,UNIHAN,WORDSHK_CHARS
U+5AE9	嫩	ドン,ノン,わかい	don,non,wakai	0,0,0	0,0,0	KANJIDIC,PYPINYIN,UNIHAN,WORDSHK_CHARS
U+5AEA	嫪	ロウ,こいしたう,なやむ	rou,koishitau,nayamu	0,0,0	0,0,0	KANJIDIC,PYPINYIN,UNIHAN,WORDSHK_CHARS
U+5AEE	嫮	コ,おとめ,みめよい,ほこる	ko,otome,mimeyoi,hokoru	0,0,0,0	0,0,0,0	KANJIDIC,PYPINYIN,UNIHAN
U+5AF5	嫵	ブ,ム,こびる,みめよい	bu,mu,kobiru,mimeyoi	0,0,0,0	0,0,0,0	KANJIDIC,PYPINYIN,UNIHAN,WORDSHK_CHARS
U+5AF6	嫶	ショウ,ソウ,やつれる,やせる	shou,sou,yatsureru,yaseru	0,0,0,0	0,0,0,0	KANJIDIC,PYPINYIN,UNIHAN
U+5AFA	嫺	カン,ならう,みやびやか	kan,narau,miyabiyaka	0,0,0	0,0,0	KANJIDIC,PYPINYIN,UNIHAN,WORDSHK_CHARS
U+5AFB	嫻	カン,ならう,みやびやか	kan,narau,miyabiyaka	0,0,0	0,0,0	KANJIDIC,PYPINYIN,UNIHAN,WORDSHK_CHARS
U+5AFD	嫽	ロウ,リョウ,たわむれる,みめよい,みだれる,さとい	rou,ryou,tawamureru,mimeyoi,midareru,satoi	0,0,0,0,0,0	0,0,0,0,0,0	KANJIDIC,PYPINYIN,UNIHAN
U+5B00	嬀	キ,わるがしこい	ki,warugashikoi	0,0	0,0	KANJIDIC,PYPINYIN,UNIHAN
U+5B01	嬁	トウ,うつくしい	tou,utsukushii	0,0	0,0	KANJIDIC,PYPINYIN,UNIHAN
U+5B08	嬈	ニョウ,ドウ,キョウ,ジョウ,ヨウ,わずらわしい,なやむ	nyou,dou,kyou,jou,you,wazurawashii,nayamu	0,0,0,0,0,0,0	0,0,0,0,0,0,0	KANJIDIC,PYPINYIN,UNIHAN
U+5B09	嬉	キ,うれしい,たのしむ	ki,ureshii,tanoshimu	0,0,0	0,0,0	KANJIDIC,PYPINYIN,UNIHAN,WORDSHK_CHARS
U+5B0B	嬋	セン	sen	0	0	KANJIDIC,PYPINYIN,UNIHAN,WORDSHK_CHARS
U+5B0C	嬌	キョウ,なまめかしい	kyou,namamekashii	0,0	0,0	KANJIDIC,PYPINYIN,UNIHAN,WORDSHK_CHARS
U+5B16	嬖	ヘイ,きにいり	hei,kiniiri	0,0	0,0	KANJIDIC,PYPINYIN,UNIHAN
U+5B17	嬗	セン,タン,ゆるい	sen,tan,yurui	0,0,0	0,0,0	KANJIDIC,PYPINYIN,UNIHAN
U+5B19	嬙	ショウ,ゾウ,ショク,シキ,そばめ	shou,zou,shoku,shiki,sobame	0,0,0,0,0	0,0,0,0,0	KANJIDIC,PYPINYIN,UNIHAN
U+5B1B	嬛	ケン,ケイ,ギョウ,かたい	ken,kei,gyou,katai	0,0,0,0	0,0,0,0	KANJIDIC,PYPINYIN,UNIHAN
U+5B1D	嬝	ジョウ,ジャク,デキ,なよやかな,しなやか,たおやか	jou,jaku,deki,nayoyakana,shinayaka,taoyaka	0,0,0,0,0,0	0,0,0,0,0,0	KANJIDIC,PYPINYIN,UNIHAN
U+5B21	嬡	アイ	ai	0	0	KANJIDIC,PYPINYIN,UNIHAN,WORDSHK_CHARS
U+5B22	嬢	ジョウ,むすめ	jou,musume	0,0	0,0	KANJIDIC,PYPINYIN,UNIHAN
U+5B25	嬥	チョウ,ジョウ,タク,テキ,チャク,よい,あでやか,とりかえる	chou,jou,taku,teki,chaku,yoi,adeyaka,torikaeru	0,0,0,0,0,0,0,0	0,0,0,0,0,0,0,0	KANJIDIC,PYPINYIN,UNIHAN
U+5B2A	嬪	ヒン,ひめ	hin,hime	0,0	0,0	KANJIDIC,PYPINYIN,UNIHAN,WORDSHK_CHARS
U+5B2C	嬬	ジュ,よわい	ju,yowai	0,0	0,0	KANJIDIC,PYPINYIN,UNIHAN
U+5B2D	嬭	ダイ,ナイ,デイ,ジ,ネ,ニ,はは,はぐくむ,あね	dai,nai,dei,ji,ne,ni,haha,hagukumu,ane	0,0,0,0,0,0,0,0,0	0,0,0,0,0,0,0,0,0	KANJIDIC,PYPINYIN,UNIHAN
U+5B30	嬰	エイ,ふれる,みどりご,あかご	ei,fureru,midorigo,akago	0,0,0,0	0,0,0,0	KANJIDIC,PYPINYIN,UNIHAN,WORDSHK_CHARS
U+5B32	嬲	ドウ,ジョウ,なぶる	dou,jou,naburu	0,0,0	0,0,0	KANJIDIC,PYPINYIN,UNIHAN,WORDSHK_CHARS
U+5B34	嬴	エイ	ei	0	0	KANJIDIC,PYPINYIN,UNIHAN
U+5B36	嬶	かか,かかあ	kaka,kakaa	0,0	0,0	KANJIDIC,PYPINYIN,UNIHAN
U+5B38	嬸	シン	shin	0	0	KANJIDIC,PYPINYIN,UNIHAN,WORDSHK_CHARS
U+5B3E	嬾	ラン,おこたる,ものうい	ran,okotaru,monoui	0,0,0	0,0,0	KANJIDIC,PYPINYIN,UNIHAN
U+5B40	孀	ソウ,やもめ	sou,yamome	0,0	0,0	KANJIDIC,PYPINYIN,UNIHAN,WORDSHK_CHARS
U+5B41	孁	レイ,リョウ,おんなのあざな,め	rei,ryou,onnanoazana,me	0,0,0,0	0,0,0,0	KANJIDIC,PYPINYIN,UNIHAN
U+5B43	孃	ジョウ,むすめ	jou,musume	0,0	0,0	KANJIDIC,PYPINYIN,UNIHAN,WORDSHK_CHARS
U+5B45	孅	セン,かよわい	sen,kayowai	0,0	0,0	KANJIDIC,PYPINYIN,UNIHAN
U+5B4B	孋	リ,レイ,ライ,また,あざな	ri,rei,rai,mata,azana	0,0,0,0,0	0,0,0,0,0	KANJIDIC,PYPINYIN,UNIHAN
U+5B4C	孌	レン,ラン,バン,マン,したう,すなお,みめよい	ren,ran,ban,man,shitau,sunao,mimeyoi	0,0,0,0,0,0,0	0,0,0,0,0,0,0	KANJIDIC,PYPINYIN,UNIHAN,WORDSHK_CHARS
U+5B50	子	シ,ス,ツ,こ,ね	shi,su,tsu,ko,ne	0,0,0,0,0	0,0,0,0,0	KANJIDIC,PYPINYIN,UNIHAN,WORDSHK_CHARS
U+5B51	孑	ケツ,ひとり	ketsu,hitori	0,0	0,0	KANJIDIC,PYPINYIN,UNIHAN,WORDSHK_CHARS
U+5B52	孒	ケツ,カチ,キョウ,ク,クツ,ひだりのうでがない,みじかい	ketsu,kachi,kyou,ku,kutsu,hidarinoudeganai,mijikai	0,0,0,0,0,0,0	0,0,0,0,0,0,0	KANJIDIC,PYPINYIN,UNIHAN
U+5B54	孔	コウ,ク,あな	kou,ku,ana	0,0,0	0,0,0	KANJIDIC,PYPINYIN,UNIHAN,WORDSHK_CHARS
U+5B55	孕	ヨウ,はらむ	you,haramu	0,0	0,0	KANJIDIC,PYPINYIN,UNIHAN,WORDSHK_CHARS
U+5B56	孖	シ,ふたご	shi,futago	0,0	0,0	KANJIDIC,PYPINYIN,UNIHAN,WORDSHK_CHARS
U+5B57	字	ジ,あざ,あざな,な	ji,aza,azana,na	0,0,0,0	0,0,0,0	KANJIDIC,PYPINYIN,UNIHAN,WORDSHK_CHARS
U+5B58	存	ソン,ゾン,ながらえる,ある,たもつ,とう	son,zon,nagaraeru,aru,tamotsu,tou	0,0,0,0,0,0	0,0,0,0,0,0	KANJIDIC,PYPINYIN,UNIHAN,WORDSHK_CHARS
U+5B5A	孚	フ,たまご,はぐくむ	fu,tamago,hagukumu	0,0,0	0,0,0	KANJIDIC,PYPINYIN,UNIHAN,WORDSHK_CHARS
U+5B5B	孛	ハイ,ブツ,ボツ	hai,butsu,botsu	0,0,0	0,0,0	KANJIDIC,PYPINYIN,UNIHAN
U+5B5C	孜	シ,つとめる	shi,tsutomeru	0,0	0,0	KANJIDIC,PYPINYIN,UNIHAN,WORDSHK_CHARS
U+5B5D	孝	コウ,キョウ	kou,kyou	0,0	0,0	KANJIDIC,PYPINYIN,UNIHAN,WORDSHK_CHARS
U+5B5E	孞	シン	shin	0	0	KANJIDIC,PYPINYIN,UNIHAN
U+5B5F	孟	モウ,ボウ,ミョウ,かしら	mou,bou,myou,kashira	0,0,0,0	0,0,0,0	KANJIDIC,PYPINYIN,UNIHAN,WORDSHK_CHARS
U+5B63	季	キ	ki	0	0	KANJIDIC,PYPINYIN,UNIHAN,WORDSHK_CHARS
U+5B64	孤	コ	ko	0	0	KANJIDIC,PYPINYIN,UNIHAN,WORDSHK_CHARS
U+5B65	孥	ド,ヌ,つまこ	do,nu,tsumako	0,0,0	0,0,0	KANJIDIC,PYPINYIN,UNIHAN
U+5B66	学	ガク,まなぶ	gaku,manabu	0,0	0,0	KANJIDIC,PYPINYIN,UNIHAN
U+5B68	孨	セン,ジュウ,ニュウ,つつしむ,よわい,みなしご	sen,juu,nyuu,tsutsushimu,yowai,minashigo	0,0,0,0,0,0	0,0,0,0,0,0	KANJIDIC,PYPINYIN,UNIHAN
U+5B69	孩	ガイ,カイ,ちのみご	gai,kai,chinomigo	0,0,0	0,0,0	KANJIDIC,PYPINYIN,UNIHAN,WORDSHK_CHARS
U+5B6B	孫	ソン,まご	son,mago	0,0	0,0	KANJIDIC,PYPINYIN,UNIHAN,WORDSHK_CHARS
U+5B6E	孮	ソウ,ズ	sou,zu	0,0	0,0	KANJIDIC,PYPINYIN,UNIHAN
U+5B6F	孯	カン,ケン,かたい	kan,ken,katai	0,0,0	0,0,0	KANJIDIC,PYPINYIN,UNIHAN
U+5B70	孰	ジュク,いずれ,たれ	juku,izure,tare	0,0,0	0,0,0	KANJIDIC,PYPINYIN,UNIHAN,WORDSHK_CHARS
U+5B71	孱	セン,サン,よわい	sen,san,yowai	0,0,0	0,0,0	KANJIDIC,PYPINYIN,UNIHAN,WORDSHK_CHARS
U+5B73	孳	ジ,シ,うむ,しげる	ji,shi,umu,shigeru	0,0,0,0	0,0,0,0	KANJIDIC,PYPINYIN,UNIHAN,WORDSHK_CHARS
U+5B75	孵	フ,かえす	fu,kaesu	0,0	0,0	KANJIDIC,PYPINYIN,UNIHAN,WORDSHK_CHARS
U+5B78	學	ガク,まなぶ	gaku,manabu	0,0	0,0	KANJIDIC,PYPINYIN,UNIHAN,WORDSHK_CHARS
U+5B7A	孺	ジュ,おさない,ちのみご	ju,osanai,chinomigo	0,0,0	0,0,0	KANJIDIC,PYPINYIN,UNIHAN,WORDSHK_CHARS
U+5B7C	孼	ゲツ,ゲチ,わきばら,ひこばえ,わざわい	getsu,gechi,wakibara,hikobae,wazawai	0,0,0,0,0	0,0,0,0,0	KANJIDIC,PYPINYIN,UNIHAN
U+5B7D	孽	ゲツ,ゲチ,わきばら,ひこばえ,わざわい	getsu,gechi,wakibara,hikobae,wazawai	0,0,0,0,0	0,0,0,0,0	KANJIDIC,PYPINYIN,UNIHAN,WORDSHK_CHARS
U+5B7E	孾	エイ,みどりご	ei,midorigo	0,0	0,0	KANJIDIC,PYPINYIN,UNIHAN
U+5B7F	孿	サン,セン,レン,ふたご	san,sen,ren,futago	0,0,0,0	0,0,0,0	KANJIDIC,PYPINYIN,UNIHAN,WORDSHK_CHARS
U+5B80	宀	ベン,メン	ben,men	0,0	0,0	KANJIDIC,PYPINYIN,UNIHAN,WORDSHK_CHARS
U+5B81	宁	チョ,たくわえる,たたずむ	cho,takuwaeru,tatazumu	0,0,0	0,0,0	KANJIDIC,PYPINYIN,UNIHAN
U+5B83	它	タ,へび	ta,hebi	0,0	0,0	KANJIDIC,PYPINYIN,UNIHAN,WORDSHK_CHARS
U+5B84	宄	キ,みだれ,よこしま	ki,midare,yokoshima	0,0,0	0,0,0	KANJIDIC,PYPINYIN,UNIHAN
U+5B85	宅	タク	taku	0	0	KANJIDIC,PYPINYIN,UNIHAN,WORDSHK_CHARS
U+5B86	宆	キュウ,キョウ,あめ,そら	kyuu,kyou,ame,sora	0,0,0,0	0,0,0,0	KANJIDIC,PYPINYIN,UNIHAN
U+5B87	宇	ウ	u	0	0	KANJIDIC,PYPINYIN,UNIHAN,WORDSHK_CHARS
U+5B88	守	シュ,ス,まもる,まもり,もり,かみ	shu,su,mamoru,mamori,mori,kami	0,0,0,0,0,0	0,0,0,0,0,0	KANJIDIC,PYPINYIN,UNIHAN,WORDSHK_CHARS
U+5B89	安	アン,やすい,やすまる,やす,やすらか	an,yasui,yasumaru,yasu,yasuraka	0,0,0,0,0	0,0,0,0,0	KANJIDIC,PYPINYIN,UNIHAN,WORDSHK_CHARS
U+5B8A	宊	トツ,カ,つく	totsu,ka,tsuku	0,0,0	0,0,0	KANJIDIC,PYPINYIN,UNIHAN
U+5B8B	宋	ソウ	sou	0	0	KANJIDIC,PYPINYIN,UNIHAN,WORDSHK_CHARS
U+5B8C	完	カン	kan	0	0	KANJIDIC,PYPINYIN,UNIHAN,WORDSHK_CHARS
U+5B8D	宍	ニク,ジク,しし	niku,jiku,shishi	0,0,0	0,0,0	KANJIDIC,PYPINYIN,UNIHAN
U+5B8E	宎	ヨウ	you	0	0	KANJIDIC,PYPINYIN,UNIHAN
U+5B8F	宏	コウ,ひろい	kou,hiroi	0,0	0,0	KANJIDIC,PYPINYIN,UNIHAN,WORDSHK_CHARS
U+5B90	宐	ギ,よろしい,よろしく	gi,yoroshii,yoroshiku	0,0,0	0,0,0	KANJIDIC,PYPINYIN,UNIHAN
U+5B91	宑	セイ,ショウ,うちいど	sei,shou,uchiido	0,0,0	0,0,0	KANJIDIC,PYPINYIN,UNIHAN
U+5B93	宓	ミチ,フク,ヒツ,やすらか	michi,fuku,hitsu,yasuraka	0,0,0,0	0,0,0,0	KANJIDIC,PYPINYIN,UNIHAN
U+5B94	宔	シュ	shu	0	0	KANJIDIC,PYPINYIN,UNIHAN
U+5B95	宕	トウ,すぎる	tou,sugiru	0,0	0,0	KANJIDIC,PYPINYIN,UNIHAN
U+5B96	宖	コウ,やすらか	kou,yasuraka	0,0	0,0	KANJIDIC,PYPINYIN,UNIHAN
U+5B97	宗	シュウ,ソウ,むね	shuu,sou,mune	0,0,0	0,0,0	KANJIDIC,PYPINYIN,UNIHAN,WORDSHK_CHARS
U+5B98	官	カン	kan	0	0	KANJIDIC,PYPINYIN,UNIHAN,WORDSHK_CHARS
U+5B99	宙	チュウ	chuu	0	0	KANJIDIC,PYPINYIN,UNIHAN,WORDSHK_CHARS
U+5B9A	定	テイ,ジョウ,さだめる,さだまる,さだか	tei,jou,sadameru,sadamaru,sadaka	0,0,0,0,0	0,0,0,0,0	KANJIDIC,PYPINYIN,UNIHAN,WORDSHK_CHARS
U+5B9B	宛	エン,あてる,あて,づつ,あたかも	en,ateru,ate,zutsu,atakamo	0,0,0,0,0	0,0,0,0,0	KANJIDIC,PYPINYIN,UNIHAN,WORDSHK_CHARS
U+5B9C	宜	ギ,よろしい,よろしく	gi,yoroshii,yoroshiku	0,0,0	0,0,0	KANJIDIC,PYPINYIN,UNIHAN,WORDSHK_CHARS
U+5B9D	宝	ホウ,たから	hou,takara	0,0	0,0	KANJIDIC,PYPINYIN,UNIHAN
U+5B9F	実	ジツ,シツ,み,みのる,まこと,みの,みちる	jitsu,shitsu,mi,minoru,makoto,mino,michiru	0,0,0,0,0,0,0	0,0,0,0,0,0,0	KANJIDIC,PYPINYIN,UNIHAN
U+5BA2	客	キャク,カク	kyaku,kaku	0,0	0,0	KANJIDIC,PYPINYIN,UNIHAN,WORDSHK_CHARS
U+5BA3	宣	セン,のたまう	sen,notamau	0,0	0,0	KANJIDIC,PYPINYIN,UNIHAN,WORDSHK_CHARS
U+5BA4	室	シツ,むろ	shitsu,muro	0,0	0,0	KANJIDIC,PYPINYIN,UNIHAN,WORDSHK_CHARS
U+5BA5	宥	ユウ,なだめる,ゆるす	yuu,nadameru,yurusu	0,0,0	0,0,0	KANJIDIC,PYPINYIN,UNIHAN
U+5BA6	宦	カン,つかさ	kan,tsukasa	0,0	0,0	KANJIDIC,PYPINYIN,UNIHAN,WORDSHK_CHARS
U+5BA8	宨	チョウ,テワ,ほしいまま	chou,tewa,hoshiimama	0,0,0	0,0,0	KANJIDIC,PYPINYIN,UNIHAN
U+5BA9	宩	シ	shi	0	0	KANJIDIC,PYPINYIN,UNIHAN
U+5BAC	宬	セイ,ジョウ,くら	sei,jou,kura	0,0,0	0,0,0	KANJIDIC,PYPINYIN,UNIHAN
U+5BAD	宭	クン,むれいる	kun,mureiru	0,0	0,0	KANJIDIC,PYPINYIN,UNIHAN
U+5BAE	宮	キュウ,グウ,ク,クウ,みや	kyuu,guu,ku,kuu,miya	0,0,0,0,0	0,0,0,0,0	KANJIDIC,PYPINYIN,UNIHAN,WORDSHK_CHARS
U+5BAF	宯	コウ,キョウ,きがあがりむす	kou,kyou,kigaagarimusu	0,0,0	0,0,0	KANJIDIC,PYPINYIN,UNIHAN
U+5BB0	宰	サイ	sai	0	0	KANJIDIC,PYPINYIN,UNIHAN,WORDSHK_CHARS
U+5BB1	宱	サ,ジャ,ひろい	sa,ja,hiroi	0,0,0	0,0,0	KANJIDIC,PYPINYIN,UNIHAN
U+5BB2	宲	ホウ,しまいこむ	hou,shimaikomu	0,0	0,0	KANJIDIC,PYPINYIN,UNIHAN
U+5BB3	害	ガイ	gai	0	0	KANJIDIC,PYPINYIN,UNIHAN,WORDSHK_CHARS
U+5BB4	宴	エン,うたげ	en,utage	0,0	0,0	KANJIDIC,PYPINYIN,UNIHAN,WORDSHK_CHARS
U+5BB5	宵	ショウ,よい	shou,yoi	0,0	0,0	KANJIDIC,PYPINYIN,UNIHAN,WORDSHK_CHARS
U+5BB6	家	カ,ケ,いえ,や,うち	ka,ke,ie,ya,uchi	0,0,0,0,0	0,0,0,0,0	KANJIDIC,PYPINYIN,UNIHAN,WORDSHK_CHARS
U+5BB7	宷	シン,つまびらか,つぶさに	shin,tsumabiraka,tsubusani	0,0,0	0,0,0	KANJIDIC,PYPINYIN,UNIHAN
U+5BB8	宸	シン,のき	shin,noki	0,0	0,0	KANJIDIC,PYPINYIN,UNIHAN
U+5BB9	容	ヨウ,いれる	you,ireru	0,0	0,0	KANJIDIC,PYPINYIN,UNIHAN,WORDSHK_CHARS
U+5BBA	宺	コウ,ひろい	kou,hiroi	0,0	0,0	KANJIDIC,PYPINYIN,UNIHAN
U+5BBC	宼	コウ,あだする	kou,adasuru	0,0	0,0	KANJIDIC,PYPINYIN,UNIHAN
U+5BBF	宿	シュク,やど,やどる,やどす	shuku,yado,yadoru,yadosu	0,0,0,0	0,0,0,0	KANJIDIC,PYPINYIN,UNIHAN,WORDSHK_CHARS
U+5BC0	寀	サイ,ちぎょうしょ,つかさ	sai,chigyousho,tsukasa	0,0,0	0,0,0	KANJIDIC,PYPINYIN,UNIHAN
U+5BC1	寁	サン,ショウ,すみやか	san,shou,sumiyaka	0,0,0	0,0,0	KANJIDIC,PYPINYIN,UNIHAN
U+5BC2	寂	ジャク,セキ,さび,さびしい,さびれる,さみしい	jaku,seki,sabi,sabishii,sabireru,samishii	0,0,0,0,0,0	0,0,0,0,0,0	KANJIDIC,PYPINYIN,UNIHAN,WORDSHK_CHARS
U+5BC3	寃	エン	en	0	0	KANJIDIC,PYPINYIN,UNIHAN
U+5BC4	寄	キ,よる,より,よせる	ki,yoru,yori,yoseru	0,0,0,0	0,0,0,0	KANJIDIC,PYPINYIN,UNIHAN,WORDSHK_CHARS
U+5BC5	寅	イン,とら	in,tora	0,0	0,0	KANJIDIC,PYPINYIN,UNIHAN,WORDSHK_CHARS
U+5BC6	密	ミツ,ひそか	mitsu,hisoka	0,0	0,0	KANJIDIC,PYPINYIN,UNIHAN,WORDSHK_CHARS
U+5BC7	寇	コウ,あだする	kou,adasuru	0,0	0,0	KANJIDIC,PYPINYIN,UNIHAN,WORDSHK_CHARS
U+5BC9	寉	つる	tsuru	0	0	KANJIDIC,PYPINYIN,UNIHAN
U+5BCC	富	フ,フウ,とむ,とみ	fu,fuu,tomu,tomi	0,0,0,0	0,0,0,0	KANJIDIC,PYPINYIN,UNIHAN,WORDSHK_CHARS
U+5BCD	寍	ネイ,むしろ	nei,mushiro	0,0	0,0	KANJIDIC,PYPINYIN,UNIHAN
U+5BCE	寎	ヘイ,ケイ,おびえる,おそわれる,ねいる	hei,kei,obieru,osowareru,neiru	0,0,0,0,0	0,0,0,0,0	KANJIDIC,PYPINYIN,UNIHAN
U+5BCF	寏	カン,ぐるりとめぐらしたかき	kan,gururitomegurashitakaki	0,0	0,0	KANJIDIC,PYPINYIN,UNIHAN
U+5BD0	寐	ビ,ねる	bi,neru	0,0	0,0	KANJIDIC,PYPINYIN,UNIHAN,WORDSHK_CHARS
U+5BD2	寒	カン,さむい	kan,samui	0,0	0,0	KANJIDIC,PYPINYIN,UNIHAN,WORDSHK_CHARS
U+5BD3	寓	グウ,グ,ドウ,ぐうする,かこつける,よせる,よる,かりずまい	guu,gu,dou,guusuru,kakotsukeru,yoseru,yoru,karizumai	0,0,0,0,0,0,0,0	0,0,0,0,0,0,0,0	KANJIDIC,PYPINYIN,UNIHAN,WORDSHK_CHARS
U+5BD4	寔	ショク,これ,じき,まことに	shoku,kore,jiki,makotoni	0,0,0,0	0,0,0,0	KANJIDIC,PYPINYIN,UNIHAN
U+5BD6	寖	シン,ひたす,そそぐ,つむ,つもる	shin,hitasu,sosogu,tsumu,tsumoru	0,0,0,0,0	0,0,0,0,0	KANJIDIC,PYPINYIN,UNIHAN
U+5BD7	寗	ネイ,ニュウ,デイ,ニョウ,ねがい	nei,nyuu,dei,nyou,negai	0,0,0,0,0	0,0,0,0,0	KANJIDIC,PYPINYIN,UNIHAN
U+5BD8	寘	シ,おく,いれる,とめる	shi,oku,ireru,tomeru	0,0,0,0	0,0,0,0	KANJIDIC,PYPINYIN,UNIHAN
U+5BD9	寙	ユ,ものうい,うむ,なまける,おこたる	yu,monoui,umu,namakeru,okotaru	0,0,0,0,0	0,0,0,0,0	KANJIDIC,PYPINYIN,UNIHAN
U+5BDA	寚	ホウ,たから	hou,takara	0,0	0,0	KANJIDIC,PYPINYIN,UNIHAN
U+5BDB	寛	カン,くつろぐ,ひろい,ゆるやか	kan,kutsurogu,hiroi,yuruyaka	0,0,0,0	0,0,0,0	KANJIDIC,PYPINYIN,UNIHAN
U+5BDD	寝	シン,ねる,ねかす,いぬ,みたまや,やめる	shin,neru,nekasu,inu,mitamaya,yameru	0,0,0,0,0,0	0,0,0,0,0,0	KANJIDIC,PYPINYIN,UNIHAN
U+5BDE	寞	バク,マク,さびしい	baku,maku,sabishii	0,0,0	0,0,0	KANJIDIC,PYPINYIN,UNIHAN,WORDSHK_CHARS
U+5BDF	察	サツ	satsu	0	0	KANJIDIC,PYPINYIN,UNIHAN,WORDSHK_CHARS
U+5BE0	寠	ク,ル,ロウ,まずしい,やつれる,ちいさい	ku,ru,rou,mazushii,yatsureru,chiisai	0,0,0,0,0,0	0,0,0,0,0,0	KANJIDIC,PYPINYIN,UNIHAN
U+5BE1	寡	カ	ka	0	0	KANJIDIC,PYPINYIN,UNIHAN,WORDSHK_CHARS
U+5BE2	寢	シン,ねる,ねかす,いぬ,みたまや,やめる	shin,neru,nekasu,inu,mitamaya,yameru	0,0,0,0,0,0	0,0,0,0,0,0	KANJIDIC,PYPINYIN,UNIHAN,WORDSHK_CHARS
U+5BE4	寤	ゴ,さめる	go,sameru	0,0	0,0	KANJIDIC,PYPINYIN,UNIHAN
U+5BE5	寥	リョウ,さびしい	ryou,sabishii	0,0	0,0	KANJIDIC,PYPINYIN,UNIHAN,WORDSHK_CHARS
U+5BE6	實	ジツ,シツ,み,みのる,まことに,みのり,みちる	jitsu,shitsu,mi,minoru,makotoni,minori,michiru	0,0,0,0,0,0,0	0,0,0,0,0,0,0	KANJIDIC,PYPINYIN,UNIHAN,WORDSHK_CHARS
U+5BE7	寧	ネイ,むしろ	nei,mushiro	0,0	0,0	KANJIDIC,PYPINYIN,UNIHAN,WORDSHK_CHARS
U+5BE8	寨	サイ,とりで	sai,toride	0,0	0,0	KANJIDIC,PYPINYIN,UNIHAN,WORDSHK_CHARS
U+5BE9	審	シン,つまびらか,つぶさに	shin,tsumabiraka,tsubusani	0,0,0	0,0,0	KANJIDIC,PYPINYIN,UNIHAN,WORDSHK_CHARS
U+5BEB	寫	シャ,うつす,うつる	sha,utsusu,utsuru	0,0,0	0,0,0	KANJIDIC,PYPINYIN,UNIHAN,WORDSHK_CHARS
U+5BEC	寬	カン,ひろい,ゆるやか,くつろぐ	kan,hiroi,yuruyaka,kutsurogu	0,0,0,0	0,0,0,0	KANJIDIC,PYPINYIN,UNIHAN,WORDSHK_CHARS
U+5BEE	寮	リョウ	ryou	0	0	KANJIDIC,PYPINYIN,UNIHAN,WORDSHK_CHARS
U+5BEF	寯	シュン,あつめる,あつまる,すぐれる	shun,atsumeru,atsumaru,sugureru	0,0,0,0	0,0,0,0	KANJIDIC,PYPINYIN,UNIHAN
U+5BF0	寰	カン	kan	0	0	KANJIDIC,PYPINYIN,UNIHAN,WORDSHK_CHARS
U+5BF1	寱	ゲイ,ねごと,おどろく	gei,negoto,odoroku	0,0,0	0,0,0	KANJIDIC,PYPINYIN,UNIHAN
U+5BF3	寳	ホウ,たから	hou,takara	0,0	0,0	KANJIDIC,PYPINYIN,UNIHAN
U+5BF4	寴	シン,したしい,したしく	shin,shitashii,shitashiku	0,0,0	0,0,0	KANJIDIC,PYPINYIN,UNIHAN
U+5BF5	寵	チョウ,めぐみ,めぐむ	chou,megumi,megumu	0,0,0	0,0,0	KANJIDIC,PYPINYIN,UNIHAN,WORDSHK_CHARS
U+5BF6	寶	ホウ,たから	hou,takara	0,0	0,0	KANJIDIC,PYPINYIN,UNIHAN,WORDSHK_CHARS
U+5BF8	寸	スン	sun	0	0	KANJIDIC,PYPINYIN,UNIHAN,WORDSHK_CHARS
U+5BFA	寺	ジ,てら	ji,tera	0,0	0,0	KANJIDIC,PYPINYIN,UNIHAN,WORDSHK_CHARS
U+5BFD	寽	リン,リチ,リツ,とる,つまむ	rin,richi,ritsu,toru,tsumamu	0,0,0,0,0	0,0,0,0,0	KANJIDIC,PYPINYIN,UNIHAN
U+5BFE	対	タイ,ツイ,あいて,こたえる,そろい,つれあい,ならぶ,むかう	tai,tsui,aite,kotaeru,soroi,tsureai,narabu,mukau	0,0,0,0,0,0,0,0	0,0,0,0,0,0,0,0	KANJIDIC,PYPINYIN,UNIHAN
U+5BFF	寿	ジュ,ス,シュウ,ことぶき,ことぶく,ことほぐ	ju,su,shuu,kotobuki,kotobuku,kotohogu	0,0,0,0,0,0	0,0,0,0,0,0	KANJIDIC,PYPINYIN,UNIHAN
U+5C01	封	フウ,ホウ	fuu,hou	0,0	0,0	KANJIDIC,PYPINYIN,UNIHAN,WORDSHK_CHARS
U+5C02	専	セン,もっぱら	sen,moppara	0,0	0,0	KANJIDIC,PYPINYIN,UNIHAN
U+5C03	尃	フ,ホ,しく,あまねし,もと,はらう	fu,ho,shiku,amaneshi,moto,harau	0,0,0,0,0,0	0,0,0,0,0,0	KANJIDIC,PYPINYIN,UNIHAN
U+5C04	射	シャ,いる,さす,うつ	sha,iru,sasu,utsu	0,0,0,0	0,0,0,0	KANJIDIC,PYPINYIN,UNIHAN,WORDSHK_CHARS
U+5C05	尅	コク,かつ	koku,katsu	0,0	0,0	KANJIDIC,PYPINYIN,UNIHAN
U+5C06	将	ショウ,ソウ,まさに,はた,まさ,ひきいる,もって	shou,sou,masani,hata,masa,hikiiru,motte	0,0,0,0,0,0,0	0,0,0,0,0,0,0	KANJIDIC,PYPINYIN,UNIHAN
U+5C07	將	ショウ,ソウ,まさに,はた,ひきいる,もって	shou,sou,masani,hata,hikiiru,motte	0,0,0,0,0,0	0,0,0,0,0,0	KANJIDIC,PYPINYIN,UNIHAN,WORDSHK_CHARS
U+5C08	專	セン,もっぱら	sen,moppara	0,0	0,0	KANJIDIC,PYPINYIN,UNIHAN,WORDSHK_CHARS
U+5C09	尉	イ,ジョウ	i,jou	0,0	0,0	KANJIDIC,PYPINYIN,UNIHAN,WORDSHK_CHARS
U+5C0A	尊	ソン,たっとい,とうとい,たっとぶ,とうとぶ	son,tattoi,toutoi,tattobu,toutobu	0,0,0,0,0	0,0,0,0,0	KANJIDIC,PYPINYIN,UNIHAN,WORDSHK_CHARS
U+5C0B	尋	ジン,たずねる,ひろ	jin,tazuneru,hiro	0,0,0	0,0,0	KANJIDIC,PYPINYIN,UNIHAN,WORDSHK_CHARS
U+5C0C	尌	シュ,チュ,ジュウ,たてる,たつ,わらわ,しもべ	shu,chu,juu,tateru,tatsu,warawa,shimobe	0,0,0,0,0,0,0	0,0,0,0,0,0,0	KANJIDIC,PYPINYIN,UNIHAN
U+5C0D	對	タイ,ツイ,あいて,こたえる,そろい,つれあい,ならぶ,むかう	tai,tsui,aite,kotaeru,soroi,tsureai,narabu,mukau	0,0,0,0,0,0,0,0	0,0,0,0,0,0,0,0	KANJIDIC,PYPINYIN,UNIHAN,WORDSHK_CHARS
U+5C0E	導	ドウ,みちびく	dou,michibiku	0,0	0,0	KANJIDIC,PYPINYIN,UNIHAN,WORDSHK_CHARS
U+5C0F	小	ショウ,ちいさい,こ,お,さ	shou,chiisai,ko,o,sa	0,0,0,0,0	0,0,0,0,0	KANJIDIC,PYPINYIN,UNIHAN,WORDSHK_CHARS
U+5C11	少	ショウ,すくない,すこし	shou,sukunai,sukoshi	0,0,0	0,0,0	KANJIDIC,PYPINYIN,UNIHAN,WORDSHK_CHARS
U+5C12	尒	ジ,ニ,しかり,わける,なんじ,ちかい	ji,ni,shikari,wakeru,nanji,chikai	0,0,0,0,0,0	0,0,0,0,0,0	KANJIDIC,PYPINYIN,UNIHAN
U+5C13	尓	ジ,ニ,なんじ,しかり,その,のみ	ji,ni,nanji,shikari,sono,nomi	0,0,0,0,0,0	0,0,0,0,0,0	KANJIDIC,PYPINYIN,UNIHAN
U+5C16	尖	セン,とがる,さき,するどい	sen,togaru,saki,surudoi	0,0,0,0	0,0,0,0	KANJIDIC,PYPINYIN,UNIHAN,WORDSHK_CHARS
U+5C17	尗	シュク,まめ	shuku,mame	0,0	0,0	KANJIDIC,PYPINYIN,UNIHAN
U+5C1A	尚	ショウ,なお	shou,nao	0,0	0,0	KANJIDIC,PYPINYIN,UNIHAN,WORDSHK_CHARS
U+5C1E	尞	リョウ,かがりび	ryou,kagaribi	0,0	0,0	KANJIDIC,PYPINYIN,UNIHAN
U+5C1F	尟	セン,すくない	sen,sukunai	0,0	0,0	KANJIDIC,PYPINYIN,UNIHAN
U+5C20	尠	セン,セウ,すくない	sen,seu,sukunai	0,0,0	0,0,0	KANJIDIC,PYPINYIN,UNIHAN
U+5C22	尢	オウ	ou	0	0	KANJIDIC,PYPINYIN,UNIHAN
U+5C23	尣	オウ,まげあし	ou,mageashi	0,0	0,0	KANJIDIC,PYPINYIN,UNIHAN
U+5C24	尤	ユウ,もっとも,とがめる	yuu,mottomo,togameru	0,0,0	0,0,0	KANJIDIC,PYPINYIN,UNIHAN,WORDSHK_CHARS
U+5C26	尦	リョウ,ホウ,チョウ,ゆきなやむ	ryou,hou,chou,yukinayamu	0,0,0,0	0,0,0,0	KANJIDIC,PYPINYIN,UNIHAN
U+5C28	尨	ボウ,むくいぬ	bou,mukuinu	0,0	0,0	KANJIDIC,PYPINYIN,UNIHAN
U+5C29	尩	オウ,あしなえ,まがる,よわい	ou,ashinae,magaru,yowai	0,0,0,0	0,0,0,0	KANJIDIC,PYPINYIN,UNIHAN
U+5C2B	尫	オウ,あしなえ,まがる,よわい	ou,ashinae,magaru,yowai	0,0,0,0	0,0,0,0	KANJIDIC,PYPINYIN,UNIHAN
U+5C2C	尬	カイ,カツ,ケチ,あしなえ	kai,katsu,kechi,ashinae	0,0,0,0	0,0,0,0	KANJIDIC,PYPINYIN,UNIHAN,WORDSHK_CHARS
U+5C2D	尭	ギョウ,たかい	gyou,takai	0,0	0,0	KANJIDIC,PYPINYIN,UNIHAN
U+5C2E	尮	タ,あしなえ,せむし	ta,ashinae,semushi	0,0,0	0,0,0	KANJIDIC,PYPINYIN,UNIHAN
U+5C30	尰	ショウ,ジュ,シュウ	shou,ju,shuu	0,0,0	0,0,0	KANJIDIC,PYPINYIN,UNIHAN
U+5C31	就	シュウ,ジュ,つく,つける	shuu,ju,tsuku,tsukeru	0,0,0,0	0,0,0,0	KANJIDIC,PYPINYIN,UNIHAN,WORDSHK_CHARS
U+5C32	尲	カン,ケン	kan,ken	0,0	0,0	KANJIDIC,PYPINYIN,UNIHAN
U+5C35	尵	タイ,デ,うまがやむ	tai,de,umagayamu	0,0,0	0,0,0	KANJIDIC,PYPINYIN,UNIHAN
U+5C36	尶	カン,ケン	kan,ken	0,0	0,0	KANJIDIC,PYPINYIN,UNIHAN
U+5C38	尸	シ,かたしろ	shi,katashiro	0,0	0,0	KANJIDIC,PYPINYIN,UNIHAN,WORDSHK_CHARS
U+5C39	尹	イン,おさ,ただす	in,osa,tadasu	0,0,0	0,0,0	KANJIDIC,PYPINYIN,UNIHAN,WORDSHK_CHARS
U+5C3A	尺	シャク,セキ,さし	shaku,seki,sashi	0,0,0	0,0,0	KANJIDIC,PYPINYIN,UNIHAN,WORDSHK_CHARS
U+5C3B	尻	コウ,しり	kou,shiri	0,0	0,0	KANJIDIC,PYPINYIN,UNIHAN,WORDSHK_CHARS
U+5C3C	尼	ニ,あま	ni,ama	0,0	0,0	KANJIDIC,PYPINYIN,UNIHAN,WORDSHK_CHARS
U+5C3D	尽	ジン,サン,つきる,つくす,つかす,づく,ことごとく	jin,san,tsukiru,tsukusu,tsukasu,zuku,kotogotoku	0,0,0,0,0,0,0	0,0,0,0,0,0,0	KANJIDIC,PYPINYIN,UNIHAN
U+5C3E	尾	ビ,お	bi,o	0,0	0,0	KANJIDIC,PYPINYIN,UNIHAN,WORDSHK_CHARS
U+5C3F	尿	ニョウ,ゆばり,いばり,しと	nyou,yubari,ibari,shito	0,0,0,0	0,0,0,0	KANJIDIC,PYPINYIN,UNIHAN,WORDSHK_CHARS
U+5C40	局	キョク,つぼね	kyoku,tsubone	0,0	0,0	KANJIDIC,PYPINYIN,UNIHAN,WORDSHK_CHARS
U+5C41	屁	ヒ,へ	hi,he	0,0	0,0	KANJIDIC,PYPINYIN,UNIHAN,WORDSHK_CHARS
U+5C45	居	キョ,コ,いる,い,おる	kyo,ko,iru,i,oru	0,0,0,0,0	0,0,0,0,0	KANJIDIC,PYPINYIN,UNIHAN,WORDSHK_CHARS
U+5C46	屆	カイ,とどける,とどく	kai,todokeru,todoku	0,0,0	0,0,0	KANJIDIC,PYPINYIN,UNIHAN,WORDSHK_CHARS
U+5C48	屈	クツ,かがむ,かがめる	kutsu,kagamu,kagameru	0,0,0	0,0,0	KANJIDIC,PYPINYIN,UNIHAN,WORDSHK_CHARS
U+5C4A	届	カイ,とどける,とどけ,とどく	kai,todokeru,todoke,todoku	0,0,0,0	0,0,0,0	KANJIDIC,PYPINYIN,UNIHAN
U+5C4B	屋	オク,や	oku,ya	0,0	0,0	KANJIDIC,PYPINYIN,UNIHAN,WORDSHK_CHARS
U+5C4D	屍	シ,しかばね	shi,shikabane	0,0	0,0	KANJIDIC,PYPINYIN,UNIHAN,WORDSHK_CHARS
U+5C4E	屎	シ,キ,くそ	shi,ki,kuso	0,0,0	0,0,0	KANJIDIC,PYPINYIN,UNIHAN,WORDSHK_CHARS
U+5C4F	屏	ヘイ,ビョウ,おおう,しりぞく,びょうぶ	hei,byou,oou,shirizoku,byoubu	0,0,0,0,0	0,0,0,0,0	KANJIDIC,PYPINYIN,UNIHAN,WORDSHK_CHARS
U+5C50	屐	ゲキ,ケキ,はきもの	geki,keki,hakimono	0,0,0	0,0,0	KANJIDIC,PYPINYIN,UNIHAN,WORDSHK_CHARS
U+5C51	屑	セツ,くず,いさぎよい	setsu,kuzu,isagiyoi	0,0,0	0,0,0	KANJIDIC,PYPINYIN,UNIHAN,WORDSHK_CHARS
U+5C53	屓	キ	ki	0	0	KANJIDIC,PYPINYIN,UNIHAN
U+5C55	展	テン	ten	0	0	KANJIDIC,PYPINYIN,UNIHAN,WORDSHK_CHARS
U+5C59	屙	ア	a	0	0	KANJIDIC,PYPINYIN,UNIHAN,WORDSHK_CHARS
U+5C5A	屚	ロウ,ロ,もる,もれる,もらす	rou,ro,moru,moreru,morasu	0,0,0,0,0	0,0,0,0,0	KANJIDIC,PYPINYIN,UNIHAN
U+5C5B	屛	ヘイ,ビョウ,しりぞく,おおう	hei,byou,shirizoku,oou	0,0,0,0	0,0,0,0	KANJIDIC,PYPINYIN,UNIHAN
U+5C5C	屜	テイ,タイ,くつしき,しきわら	tei,tai,kutsushiki,shikiwara	0,0,0,0	0,0,0,0	KANJIDIC,PYPINYIN,UNIHAN,WORDSHK_CHARS
U+5C5E	属	ゾク,ショク,さかん,つく,やから	zoku,shoku,sakan,tsuku,yakara	0,0,0,0,0	0,0,0,0,0	KANJIDIC,PYPINYIN,UNIHAN
U+5C5F	屟	テイ,タイ,セフ	tei,tai,sefu	0,0,0	0,0,0	KANJIDIC,PYPINYIN,UNIHAN
U+5C60	屠	ト,チョ,ほふる	to,cho,hofuru	0,0,0	0,0,0	KANJIDIC,PYPINYIN,UNIHAN,WORDSHK_CHARS
U+5C61	屡	ル,しばしば	ru,shibashiba	0,0	0,0	KANJIDIC,PYPINYIN,UNIHAN
U+5C62	屢	ル,しばしば	ru,shibashiba	0,0	0,0	KANJIDIC,PYPINYIN,UNIHAN,WORDSHK_CHARS
U+5C63	屣	シ,ぞうり	shi,zouri	0,0	0,0	KANJIDIC,PYPINYIN,UNIHAN
U+5C64	層	ソウ	sou	0	0	KANJIDIC,PYPINYIN,UNIHAN,WORDSHK_CHARS
U+5C65	履	リ,はく	ri,haku	0,0	0,0	KANJIDIC,PYPINYIN,UNIHAN,WORDSHK_CHARS
U+5C67	屧	テイ,タイ,ショウ,しきわら,くつしき	tei,tai,shou,shikiwara,kutsushiki	0,0,0,0,0	0,0,0,0,0	KANJIDIC,PYPINYIN,UNIHAN
U+5C68	屨	ク,くつ	ku,kutsu	0,0	0,0	KANJIDIC,PYPINYIN,UNIHAN
U+5C69	屩	キャク,カク,キク,コク,キョウ,いとぐつ,くつしき,しきわら	kyaku,kaku,kiku,koku,kyou,itogutsu,kutsushiki,shikiwara	0,0,0,0,0,0,0,0	0,0,0,0,0,0,0,0	KANJIDIC,PYPINYIN,UNIHAN
U+5C6C	屬	ゾク,ショク,さかん,つく,やから	zoku,shoku,sakan,tsuku,yakara	0,0,0,0,0	0,0,0,0,0	KANJIDIC,PYPINYIN,UNIHAN,WORDSHK_CHARS
U+5C6D	屭	キ,さかん,きびしい	ki,sakan,kibishii	0,0,0	0,0,0	KANJIDIC,PYPINYIN,UNIHAN
U+5C6E	屮	テツ,サ,ひだりて	tetsu,sa,hidarite	0,0,0	0,0,0	KANJIDIC,PYPINYIN,UNIHAN
U+5C6F	屯	トン,たむろ	ton,tamuro	0,0	0,0	KANJIDIC,PYPINYIN,UNIHAN,WORDSHK_CHARS
U+5C70	屰	ゲキ,ギャク,ハク,ヒャク,さからう	geki,gyaku,haku,hyaku,sakarau	0,0,0,0,0	0,0,0,0,0	KANJIDIC,PYPINYIN,UNIHAN
U+5C71	山	サン,セン,やま	san,sen,yama	0,0,0	0,0,0	KANJIDIC,PYPINYIN,UNIHAN,WORDSHK_CHARS
U+5C74	屴	リョク,リキ,そびえる	ryoku,riki,sobieru	0,0,0	0,0,0	KANJIDIC,PYPINYIN,UNIHAN
U+5C75	屵	ガツ,ガチ,ゲツ,ゲチ,きしがたかい,あおご	gatsu,gachi,getsu,gechi,kishigatakai,aogo	0,0,0,0,0,0	0,0,0,0,0,0	KANJIDIC,PYPINYIN,UNIHAN
U+5C76	屶	なた,たな	nata,tana	0,0	0,0	KANJIDIC,PYPINYIN,UNIHAN
U+5C79	屹	キツ,そばだつ	kitsu,sobadatsu	0,0	0,0	KANJIDIC,PYPINYIN,UNIHAN,WORDSHK_CHARS
U+5C7A	屺	キ	ki	0	0	KANJIDIC,PYPINYIN,UNIHAN
U+5C7B	屻	ジン,ニン	jin,nin	0,0	0,0	KANJIDIC,PYPINYIN,UNIHAN
U+5C7C	屼	ゴチ,グツ,グチ,コツ	gochi,gutsu,guchi,kotsu	0,0,0,0	0,0,0,0	KANJIDIC,PYPINYIN,UNIHAN
U+5C7D	屽	カン	kan	0	0	KANJIDIC,PYPINYIN,UNIHAN
U+5C87	岇	ゴウ,やまのたかい	gou,yamanotakai	0,0	0,0	KANJIDIC,PYPINYIN,UNIHAN
U+5C88	岈	コ,カ,こだま	ko,ka,kodama	0,0,0	0,0,0	KANJIDIC,PYPINYIN,UNIHAN
U+5C8A	岊	セツ,セチ,グ	setsu,sechi,gu	0,0,0	0,0,0	KANJIDIC,PYPINYIN,UNIHAN
U+5C8C	岌	キュウ,たかい	kyuu,takai	0,0	0,0	KANJIDIC,PYPINYIN,UNIHAN,WORDSHK_CHARS
U+5C8F	岏	ガン,けわしい,たかい	gan,kewashii,takai	0,0,0	0,0,0	KANJIDIC,PYPINYIN,UNIHAN
U+5C90	岐	キ,ギ	ki,gi	0,0	0,0	KANJIDIC,PYPINYIN,UNIHAN
U+5C91	岑	シン,ギン,みね	shin,gin,mine	0,0,0	0,0,0	KANJIDIC,PYPINYIN,UNIHAN,WORDSHK_CHARS
U+5C92	岒	ケン,ゲン	ken,gen	0,0	0,0	KANJIDIC,PYPINYIN,UNIHAN
U+5C94	岔	タ	ta	0	0	KANJIDIC,PYPINYIN,UNIHAN,WORDSHK_CHARS
U+5C9D	岝	サク,シャク	saku,shaku	0,0	0,0	KANJIDIC,PYPINYIN,UNIHAN
U+5C9F	岟	ヨウ,オウ,ふもと	you,ou,fumoto	0,0,0	0,0,0	KANJIDIC,PYPINYIN,UNIHAN
U+5CA0	岠	キョ,ゴ	kyo,go	0,0	0,0	KANJIDIC,PYPINYIN,UNIHAN
U+5CA1	岡	コウ,おか	kou,oka	0,0	0,0	KANJIDIC,PYPINYIN,UNIHAN,WORDSHK_CHARS
U+5CA2	岢	カ	ka	0	0	KANJIDIC,PYPINYIN,UNIHAN
U+5CA3	岣	コウ,ク,いただき	kou,ku,itadaki	0,0,0	0,0,0	KANJIDIC,PYPINYIN,UNIHAN
U+5CA6	岦	リョウ,リュウ	ryou,ryuu	0,0	0,0	KANJIDIC,PYPINYIN,UNIHAN
U+5CA7	岧	テウ,デウ	teu,deu	0,0	0,0	KANJIDIC,PYPINYIN,UNIHAN
U+5CA8	岨	ソ,ショ,いしやま,そば	so,sho,ishiyama,soba	0,0,0,0	0,0,0,0	KANJIDIC,PYPINYIN,UNIHAN
U+5CA9	岩	ガン,いわ	gan,iwa	0,0	0,0	KANJIDIC,PYPINYIN,UNIHAN,WORDSHK_CHARS
U+5CAA	岪	フツ,ブチ,やまみち	futsu,buchi,yamamichi	0,0,0	0,0,0	KANJIDIC,PYPINYIN,UNIHAN
U+5CAB	岫	コウ,シュウ,ユウ,みさき,くき,みね	kou,shuu,yuu,misaki,kuki,mine	0,0,0,0,0,0	0,0,0,0,0,0	KANJIDIC,PYPINYIN,UNIHAN
U+5CAC	岬	コウ,みさき	kou,misaki	0,0	0,0	KANJIDIC,PYPINYIN,UNIHAN
U+5CAD	岭	レイ	rei	0	0	KANJIDIC,PYPINYIN,UNIHAN
U+5CB1	岱	タイ	tai	0	0	KANJIDIC,PYPINYIN,UNIHAN
U+5CB2	岲	コウ,キョウ	kou,kyou	0,0	0,0	KANJIDIC,PYPINYIN,UNIHAN
U+5CB3	岳	ガク,たけ	gaku,take	0,0	0,0	KANJIDIC,PYPINYIN,UNIHAN,WORDSHK_CHARS
U+5CB4	岴	ク,けわしい	ku,kewashii	0,0	0,0	KANJIDIC,PYPINYIN,UNIHAN
U+5CB5	岵	コ,やま	ko,yama	0,0	0,0	KANJIDIC,PYPINYIN,UNIHAN
U+5CB6	岶	ハク	haku	0	0	KANJIDIC,PYPINYIN,UNIHAN
U+5CB7	岷	ビン,ミン	bin,min	0,0	0,0	KANJIDIC,PYPINYIN,UNIHAN
U+5CB8	岸	ガン,きし	gan,kishi	0,0	0,0	KANJIDIC,PYPINYIN,UNIHAN,WORDSHK_CHARS
U+5CBA	岺	レイ	rei	0	0	KANJIDIC,PYPINYIN,UNIHAN
U+5CBB	岻	ジ,ニ	ji,ni	0,0	0,0	KANJIDIC,PYPINYIN,UNIHAN
U+5CBC	岼	ゆり	yuri	0	0	KANJIDIC,PYPINYIN,UNIHAN
U+5CBE	岾	やま,はけ	yama,hake	0,0	0,0	KANJIDIC,PYPINYIN,UNIHAN
U+5CC5	峅	くら	kura	0	0	KANJIDIC,PYPINYIN,UNIHAN
U+5CC7	峇	コウ	kou	0	0	KANJIDIC,PYPINYIN,UNIHAN,WORDSHK_CHARS
U+5CC9	峉	ガク,ギャク	gaku,gyaku	0,0	0,0	KANJIDIC,PYPINYIN,UNIHAN
U+5CCB	峋	シュン	shun	0	0	KANJIDIC,PYPINYIN,UNIHAN,WORDSHK_CHARS
U+5CD0	峐	カイ,キ	kai,ki	0,0	0,0	KANJIDIC,PYPINYIN,UNIHAN
U+5CD2	峒	トウ,ズ	tou,zu	0,0	0,0	KANJIDIC,PYPINYIN,UNIHAN,WORDSHK_CHARS
U+5CD7	峗	ガイ,ゲ,グツ,グチ,キ	gai,ge,gutsu,guchi,ki	0,0,0,0,0	0,0,0,0,0	KANJIDIC,PYPINYIN,UNIHAN
U+5CD9	峙	ジ,そばだつ	ji,sobadatsu	0,0	0,0	KANJIDIC,PYPINYIN,UNIHAN,WORDSHK_CHARS
U+5CDD	峝	トウ,ズ,えびす	tou,zu,ebisu	0,0,0	0,0,0	KANJIDIC,PYPINYIN,UNIHAN
U+5CE0	峠	とうげ	touge	0	0	KANJIDIC,PYPINYIN,UNIHAN
U+5CE1	峡	キョウ,コウ,はざま	kyou,kou,hazama	0,0,0	0,0,0	KANJIDIC,PYPINYIN,UNIHAN
U+5CE8	峨	ガ,けわしい	ga,kewashii	0,0	0,0	KANJIDIC,PYPINYIN,UNIHAN
U+5CE9	峩	ガ,けわしい	ga,kewashii	0,0	0,0	KANJIDIC,PYPINYIN,UNIHAN
U+5CEA	峪	ヨク,たに	yoku,tani	0,0	0,0	KANJIDIC,PYPINYIN,UNIHAN
U+5CED	峭	ショウ,きびしい,けわしい	shou,kibishii,kewashii	0,0,0	0,0,0	KANJIDIC,PYPINYIN,UNIHAN,WORDSHK_CHARS
U+5CEE	峮	キン,コン,クン,つらなる	kin,kon,kun,tsuranaru	0,0,0,0	0,0,0,0	KANJIDIC,PYPINYIN,UNIHAN
U+5CEF	峯	ホウ,みね,ね	hou,mine,ne	0,0,0	0,0,0	KANJIDIC,PYPINYIN,UNIHAN,WORDSHK_CHARS
U+5CF0	峰	ホウ,みね,ね	hou,mine,ne	0,0,0	0,0,0	KANJIDIC,PYPINYIN,UNIHAN,WORDSHK_CHARS
U+5CF1	峱	ドウ,ノウ	dou,nou	0,0	0,0	KANJIDIC,PYPINYIN,UNIHAN
U+5CF2	峲	リ	ri	0	0	KANJIDIC,PYPINYIN,UNIHAN
U+5CF4	峴	ケン,けわしい	ken,kewashii	0,0	0,0	KANJIDIC,PYPINYIN,UNIHAN
U+5CF6	島	トウ,しま	tou,shima	0,0	0,0	KANJIDIC,PYPINYIN,UNIHAN,WORDSHK_CHARS
U+5CFA	峺	コ	ko	0	0	KANJIDIC,PYPINYIN,UNIHAN
U+5CFB	峻	シュン,けわしい,たかい	shun,kewashii,takai	0,0,0	0,0,0	KANJIDIC,PYPINYIN,UNIHAN,WORDSHK_CHARS
U+5CFD	峽	キョウ,コウ,はざま	kyou,kou,hazama	0,0,0	0,0,0	KANJIDIC,PYPINYIN,UNIHAN,WORDSHK_CHARS
U+5D01	崁	カン,くぼみ	kan,kubomi	0,0	0,0	KANJIDIC,PYPINYIN,UNIHAN
U+5D06	崆	コウ,ク	kou,ku	0,0	0,0	KANJIDIC,PYPINYIN,UNIHAN
U+5D07	崇	スウ,あがめる	suu,agameru	0,0	0,0	KANJIDIC,PYPINYIN,UNIHAN,WORDSHK_CHARS
U+5D0B	崋	カ,ク	ka,ku	0,0	0,0	KANJIDIC,PYPINYIN,UNIHAN
U+5D0D	崍	ライ	rai	0	0	KANJIDIC,PYPINYIN,UNIHAN
U+5D0E	崎	キ,さき,さい,みさき	ki,saki,sai,misaki	0,0,0,0	0,0,0,0	KANJIDIC,PYPINYIN,UNIHAN,WORDSHK_CHARS
U+5D10	崐	コン	kon	0	0	KANJIDIC,PYPINYIN,UNIHAN
U+5D11	崑	コン	kon	0	0	KANJIDIC,PYPINYIN,UNIHAN
U+5D12	崒	シュツ,シュチ,ソツ,ゾチ,スイ,けわしい	shutsu,shuchi,sotsu,zochi,sui,kewashii	0,0,0,0,0,0	0,0,0,0,0,0	KANJIDIC,PYPINYIN,UNIHAN
U+5D14	崔	ガイ,サイ,スイ,がけ	gai,sai,sui,gake	0,0,0,0	0,0,0,0	KANJIDIC,PYPINYIN,UNIHAN,WORDSHK_CHARS
U+5D15	崕	ガイ,がけ	gai,gake	0,0	0,0	KANJIDIC,PYPINYIN,UNIHAN
U+5D16	崖	ガイ,ゲ,ギ,がけ,きし,はて	gai,ge,gi,gake,kishi,hate	0,0,0,0,0,0	0,0,0,0,0,0	KANJIDIC,PYPINYIN,UNIHAN,WORDSHK_CHARS
U+5D17	崗	コウ,おか	kou,oka	0,0	0,0	KANJIDIC,PYPINYIN,UNIHAN,WORDSHK_CHARS
U+5D18	崘	ロン	ron	0	0	KANJIDIC,PYPINYIN,UNIHAN
U+5D19	崙	ロン	ron	0	0	KANJIDIC,PYPINYIN,UNIHAN,WORDSHK_CHARS
U+5D1A	崚	リョウ	ryou	0	0	KANJIDIC,PYPINYIN,UNIHAN
U+5D1B	崛	クツ,そばだつ,たかい	kutsu,sobadatsu,takai	0,0,0	0,0,0	KANJIDIC,PYPINYIN,UNIHAN,WORDSHK_CHARS
U+5D1D	崝	ソウ,けわしい	sou,kewashii	0,0	0,0	KANJIDIC,PYPINYIN,UNIHAN
U+5D1F	崟	ギン,みね	gin,mine	0,0	0,0	KANJIDIC,PYPINYIN,UNIHAN
U+5D20	崠	トウ,ツ	tou,tsu	0,0	0,0	KANJIDIC,PYPINYIN,UNIHAN
U+5D22	崢	ソウ	sou	0	0	KANJIDIC,PYPINYIN,UNIHAN,WORDSHK_CHARS
U+5D23	崣	イ	i	0	0	KANJIDIC,PYPINYIN,UNIHAN
U+5D24	崤	コ,コウ,ギョウ	ko,kou,gyou	0,0,0	0,0,0	KANJIDIC,PYPINYIN,UNIHAN
U+5D26	崦	エン	en	0	0	KANJIDIC,PYPINYIN,UNIHAN
U+5D27	崧	シュウ,シュ,スウ,そばだつ	shuu,shu,suu,sobadatsu	0,0,0,0	0,0,0,0	KANJIDIC,PYPINYIN,UNIHAN,WORDSHK_CHARS
U+5D29	崩	ホウ,くずれる,くずれ,くずす	hou,kuzureru,kuzure,kuzusu	0,0,0,0	0,0,0,0	KANJIDIC,PYPINYIN,UNIHAN,WORDSHK_CHARS
U+5D2B	崫	クツ,そばだつ	kutsu,sobadatsu	0,0	0,0	KANJIDIC,PYPINYIN,UNIHAN
U+5D31	崱	ショク,ジキ	shoku,jiki	0,0	0,0	KANJIDIC,PYPINYIN,UNIHAN
U+5D34	崴	ワイ,エ,イ	wai,e,i	0,0,0	0,0,0	KANJIDIC,PYPINYIN,UNIHAN
U+5D39	崹	テイ,ダイ	tei,dai	0,0	0,0	KANJIDIC,PYPINYIN,UNIHAN
U+5D3D	崽	サイ,シャ,シ,こども	sai,sha,shi,kodomo	0,0,0,0	0,0,0,0	KANJIDIC,PYPINYIN,UNIHAN,WORDSHK_CHARS
U+5D3F	崿	ガク,ゴウ,がけ,きし	gaku,gou,gake,kishi	0,0,0,0	0,0,0,0	KANJIDIC,PYPINYIN,UNIHAN
U+5D42	嵂	リツ,リチ,けわしい	ritsu,richi,kewashii	0,0,0	0,0,0	KANJIDIC,PYPINYIN,UNIHAN
U+5D43	嵃	ゲン,ガン,けわしい	gen,gan,kewashii	0,0,0	0,0,0	KANJIDIC,PYPINYIN,UNIHAN
U+5D46	嵆	ケイ	kei	0	0	KANJIDIC,PYPINYIN,UNIHAN
U+5D47	嵇	ケイ,ゲイ	kei,gei	0,0	0,0	KANJIDIC,PYPINYIN,UNIHAN
U+5D48	嵈	カン	kan	0	0	KANJIDIC,PYPINYIN,UNIHAN
U+5D4A	嵊	ショウ	shou	0	0	KANJIDIC,PYPINYIN,UNIHAN
U+5D4B	嵋	ビ	bi	0	0	KANJIDIC,PYPINYIN,UNIHAN
U+5D4C	嵌	カン,はめる,はまる,あな	kan,hameru,hamaru,ana	0,0,0,0	0,0,0,0	KANJIDIC,PYPINYIN,UNIHAN,WORDSHK_CHARS
U+5D4E	嵎	グウ,グ,くま	guu,gu,kuma	0,0,0	0,0,0	KANJIDIC,PYPINYIN,UNIHAN
U+5D50	嵐	ラン,あらし	ran,arashi	0,0	0,0	KANJIDIC,PYPINYIN,UNIHAN
U+5D51	嵑	ケツ,ゲチ,カツ,カチ,そびえる,いしぶみ	ketsu,gechi,katsu,kachi,sobieru,ishibumi	0,0,0,0,0,0	0,0,0,0,0,0	KANJIDIC,PYPINYIN,UNIHAN
U+5D52	嵒	ガン,いわ,けわしい	gan,iwa,kewashii	0,0,0	0,0,0	KANJIDIC,PYPINYIN,UNIHAN
U+5D53	嵓	ガン	gan	0	0	KANJIDIC,PYPINYIN,UNIHAN
U+5D55	嵕	ソウ	sou	0	0	KANJIDIC,PYPINYIN,UNIHAN
U+5D59	嵙	カ,やましな	ka,yamashina	0,0	0,0	KANJIDIC,PYPINYIN,UNIHAN
U+5D5C	嵜	キ,さき,さい,みさき	ki,saki,sai,misaki	0,0,0,0	0,0,0,0	KANJIDIC,PYPINYIN,UNIHAN
U+5D5F	嵟	キ,テ,タイ,たかい	ki,te,tai,takai	0,0,0,0	0,0,0,0	KANJIDIC,PYPINYIN,UNIHAN
U+5D60	嵠	ケイ,たに,たにがわ	kei,tani,tanigawa	0,0,0	0,0,0	KANJIDIC,PYPINYIN,UNIHAN
U+5D61	嵡	オウ,オ	ou,o	0,0	0,0	KANJIDIC,PYPINYIN,UNIHAN
U+5D62	嵢	ソウ	sou	0	0	KANJIDIC,PYPINYIN,UNIHAN
U+5D64	嵤	ケイ,ギョウ,コウ,エイ,ヨウ	kei,gyou,kou,ei,you	0,0,0,0,0	0,0,0,0,0	KANJIDIC,PYPINYIN,UNIHAN
U+5D69	嵩	スウ,シュウ,かさ,かさむ,たかい	suu,shuu,kasa,kasamu,takai	0,0,0,0,0	0,0,0,0,0	KANJIDIC,PYPINYIN,UNIHAN,WORDSHK_CHARS
U+5D6A	嵪	コウ,キョウ,かたい,やせてかたいつち	kou,kyou,katai,yasetekataitsuchi	0,0,0,0	0,0,0,0	KANJIDIC,PYPINYIN,UNIHAN
U+5D6C	嵬	カイ,ギ	kai,gi	0,0	0,0	KANJIDIC,PYPINYIN,UNIHAN
U+5D6D	嵭	ホウ,ヒョウ,くずれる	hou,hyou,kuzureru	0,0,0	0,0,0	KANJIDIC,PYPINYIN,UNIHAN
U+5D6F	嵯	サ,シ	sa,shi	0,0	0,0	KANJIDIC,PYPINYIN,UNIHAN
U+5D70	嵰	ケン,カン	ken,kan	0,0	0,0	KANJIDIC,PYPINYIN,UNIHAN
U+5D73	嵳	サ	sa	0	0	KANJIDIC,PYPINYIN,UNIHAN
U+5D76	嵶	たおやか,たわむ	taoyaka,tawamu	0,0	0,0	KANJIDIC,PYPINYIN,UNIHAN
U+5D79	嵹	キョウ,ゴウ	kyou,gou	0,0	0,0	KANJIDIC,PYPINYIN,UNIHAN
U+5D7A	嵺	コウ,キョウ,リョウ,たかい	kou,kyou,ryou,takai	0,0,0,0	0,0,0,0	KANJIDIC,PYPINYIN,UNIHAN
U+5D7E	嵾	シン,サン,ソン	shin,san,son	0,0,0	0,0,0	KANJIDIC,PYPINYIN,UNIHAN
U+5D7F	嵿	テイ,チョウ	tei,chou	0,0	0,0	KANJIDIC,PYPINYIN,UNIHAN
U+5D81	嶁	ル,ロウ,いただき	ru,rou,itadaki	0,0,0	0,0,0	KANJIDIC,PYPINYIN,UNIHAN
U+5D82	嶂	ショウ,みね	shou,mine	0,0	0,0	KANJIDIC,PYPINYIN,UNIHAN
U+5D83	嶃	サン,セン,けわしい	san,sen,kewashii	0,0,0	0,0,0	KANJIDIC,PYPINYIN,UNIHAN
U+5D84	嶄	ザン,サン	zan,san	0,0	0,0	KANJIDIC,PYPINYIN,UNIHAN,WORDSHK_CHARS
U+5D87	嶇	ク,けわしい	ku,kewashii	0,0	0,0	KANJIDIC,PYPINYIN,UNIHAN,WORDSHK_CHARS
U+5D88	嶈	ソウ,ショウ	sou,shou	0,0	0,0	KANJIDIC,PYPINYIN,UNIHAN
U+5D8A	嶊	スイ,ツイ,サイ,セ	sui,tsui,sai,se	0,0,0,0	0,0,0,0	KANJIDIC,PYPINYIN,UNIHAN
U+5D8B	嶋	トウ,しま	tou,shima	0,0	0,0	KANJIDIC,PYPINYIN,UNIHAN
U+5D8C	嶌	トウ,しま	tou,shima	0,0	0,0	KANJIDIC,PYPINYIN,UNIHAN
U+5D90	嶐	リュ,やまのかたち	ryu,yamanokatachi	0,0	0,0	KANJIDIC,PYPINYIN,UNIHAN
U+5D92	嶒	ショウ,ゾウ	shou,zou	0,0	0,0	KANJIDIC,PYPINYIN,UNIHAN
U+5D93	嶓	ハ	ha	0	0	KANJIDIC,PYPINYIN,UNIHAN
U+5D94	嶔	キン,コン,ケン,カン,けわしい	kin,kon,ken,kan,kewashii	0,0,0,0,0	0,0,0,0,0	KANJIDIC,PYPINYIN,UNIHAN
U+5D95	嶕	ショウ	shou	0	0	KANJIDIC,PYPINYIN,UNIHAN
U+5D99	嶙	リン	rin	0	0	KANJIDIC,PYPINYIN,UNIHAN,WORDSHK_CHARS
U+5D9B	嶛	リョウ	ryou	0	0	KANJIDIC,PYPINYIN,UNIHAN
U+5D9D	嶝	トウ,さかみち	tou,sakamichi	0,0	0,0	KANJIDIC,PYPINYIN,UNIHAN
U+5D9F	嶟	ソン,シュン,そばだつ	son,shun,sobadatsu	0,0,0	0,0,0	KANJIDIC,PYPINYIN,UNIHAN
U+5DA0	嶠	キョウ	kyou	0	0	KANJIDIC,PYPINYIN,UNIHAN
U+5DA2	嶢	ギョウ,けわしい	gyou,kewashii	0,0	0,0	KANJIDIC,PYPINYIN,UNIHAN
U+5DA7	嶧	エキ,ヤク,セキ,シャク,つらなる	eki,yaku,seki,shaku,tsuranaru	0,0,0,0,0	0,0,0,0,0	KANJIDIC,PYPINYIN,UNIHAN
U+5DAB	嶫	ギョウ,たかい	gyou,takai	0,0	0,0	KANJIDIC,PYPINYIN,UNIHAN
U+5DAC	嶬	ギ	gi	0	0	KANJIDIC,PYPINYIN,UNIHAN
U+5DAE	嶮	ケン,けわしい	ken,kewashii	0,0	0,0	KANJIDIC,PYPINYIN,UNIHAN
U+5DB0	嶰	カイ,ケ,たに	kai,ke,tani	0,0,0	0,0,0	KANJIDIC,PYPINYIN,UNIHAN
U+5DB2	嶲	ケイ,エ,キ,スイ,めぐり,つばめ	kei,e,ki,sui,meguri,tsubame	0,0,0,0,0,0	0,0,0,0,0,0	KANJIDIC,PYPINYIN,UNIHAN
U+5DB4	嶴	オウ,オク,おくまる,くま	ou,oku,okumaru,kuma	0,0,0,0	0,0,0,0	KANJIDIC,PYPINYIN,UNIHAN
U+5DB7	嶷	ギョク,ギ,さとい	gyoku,gi,satoi	0,0,0	0,0,0	KANJIDIC,PYPINYIN,UNIHAN
U+5DB8	嶸	コウ,オウ,エイ,ヨウ,けわしい	kou,ou,ei,you,kewashii	0,0,0,0,0	0,0,0,0,0	KANJIDIC,PYPINYIN,UNIHAN
U+5DB9	嶹	トウ,しま	tou,shima	0,0	0,0	KANJIDIC,PYPINYIN,UNIHAN
U+5DBA	嶺	レイ,リョウ,みね	rei,ryou,mine	0,0,0	0,0,0	KANJIDIC,PYPINYIN,UNIHAN,WORDSHK_CHARS
U+5DBC	嶼	ショ,しま	sho,shima	0,0	0,0	KANJIDIC,PYPINYIN,UNIHAN,WORDSHK_CHARS
U+5DBD	嶽	ガク,たけ	gaku,take	0,0	0,0	KANJIDIC,PYPINYIN,UNIHAN,WORDSHK_CHARS
U+5DC3	巃	ロウ,ル,けわしい	rou,ru,kewashii	0,0,0	0,0,0	KANJIDIC,PYPINYIN,UNIHAN
U+5DC7	巇	キ,けわしい	ki,kewashii	0,0	0,0	KANJIDIC,PYPINYIN,UNIHAN
U+5DC9	巉	ザン,サン	zan,san	0,0	0,0	KANJIDIC,PYPINYIN,UNIHAN,WORDSHK_CHARS
U+5DCB	巋	キ,つらなる	ki,tsuranaru	0,0	0,0	KANJIDIC,PYPINYIN,UNIHAN
U+5DCC	巌	ガン,いわ,いわお,けわしい	gan,iwa,iwao,kewashii	0,0,0,0	0,0,0,0	KANJIDIC,PYPINYIN,UNIHAN
U+5DCD	巍	ギ,たかい	gi,takai	0,0	0,0	KANJIDIC,PYPINYIN,UNIHAN
U+5DCE	巎	ドウ	dou	0	0	KANJIDIC,PYPINYIN,UNIHAN
U+5DD0	巐	チョウ	chou	0	0	KANJIDIC,PYPINYIN,UNIHAN
U+5DD1	巑	サン,ザン	san,zan	0,0	0,0	KANJIDIC,PYPINYIN,UNIHAN
U+5DD2	巒	ラン,みね	ran,mine	0,0	0,0	KANJIDIC,PYPINYIN,UNIHAN,WORDSHK_CHARS
U+5DD3	巓	テン,いただき	ten,itadaki	0,0	0,0	KANJIDIC,PYPINYIN,UNIHAN
U+5DD6	巖	ガン,いわ,いわお,けわしい	gan,iwa,iwao,kewashii	0,0,0,0	0,0,0,0	KANJIDIC,PYPINYIN,UNIHAN,WORDSHK_CHARS
U+5DD8	巘	ゴン,ケン,みね	gon,ken,mine	0,0,0	0,0,0	KANJIDIC,PYPINYIN,UNIHAN
U+5DD9	巙	キ,ドウ,ノウ	ki,dou,nou	0,0,0	0,0,0	KANJIDIC,PYPINYIN,UNIHAN
U+5DDB	巛	セン,かわ	sen,kawa	0,0	0,0	KANJIDIC,PYPINYIN,UNIHAN
U+5DDD	川	セン,かわ	sen,kawa	0,0	0,0	KANJIDIC,PYPINYIN,UNIHAN,WORDSHK_CHARS
U+5DDE	州	シュウ,ス	shuu,su	0,0	0,0	KANJIDIC,PYPINYIN,UNIHAN,WORDSHK_CHARS
U+5DE0	巠	ケイ,キョウ	kei,kyou	0,0	0,0	KANJIDIC,PYPINYIN,UNIHAN
U+5DE1	巡	ジュン,めぐる,めぐり	jun,meguru,meguri	0,0,0	0,0,0	KANJIDIC,PYPINYIN,UNIHAN,WORDSHK_CHARS
U+5DE2	巢	ソウ,す,すくう	sou,su,sukuu	0,0,0	0,0,0	KANJIDIC,PYPINYIN,UNIHAN,WORDSHK_CHARS
U+5DE3	巣	ソウ,す,すくう	sou,su,sukuu	0,0,0	0,0,0	KANJIDIC,PYPINYIN,UNIHAN
U+5DE4	巤	リョウ,たてがみ,もと	ryou,tategami,moto	0,0,0	0,0,0	KANJIDIC,PYPINYIN,UNIHAN
U+5DE5	工	コウ,ク,グ	kou,ku,gu	0,0,0	0,0,0	KANJIDIC,PYPINYIN,UNIHAN,WORDSHK_CHARS
U+5DE6	左	サ,シャ,ひだり	sa,sha,hidari	0,0,0	0,0,0	KANJIDIC,PYPINYIN,UNIHAN,WORDSHK_CHARS
U+5DE7	巧	コウ,たくみ,たくむ,うまい	kou,takumi,takumu,umai	0,0,0,0	0,0,0,0	KANJIDIC,PYPINYIN,UNIHAN,WORDSHK_CHARS
U+5DE8	巨	キョ	kyo	0	0	KANJIDIC,PYPINYIN,UNIHAN,WORDSHK_CHARS
U+5DE9	巩	キョウ	kyou	0	0	KANJIDIC,PYPINYIN,UNIHAN
U+5DEB	巫	フ,みこ,かんなぎ	fu,miko,kannagi	0,0,0	0,0,0	KANJIDIC,PYPINYIN,UNIHAN,WORDSHK_CHARS
U+5DEE	差	サ,さす,さし	sa,sasu,sashi	0,0,0	0,0,0	KANJIDIC,PYPINYIN,UNIHAN,WORDSHK_CHARS
U+5DF1	己	コ,キ,おのれ,つちのと,な	ko,ki,onore,tsuchinoto,na	0,0,0,0,0	0,0,0,0,0	KANJIDIC,PYPINYIN,UNIHAN,WORDSHK_CHARS
U+5DF2	已	イ,やむ,すでに,のみ,はなはだ	i,yamu,sudeni,nomi,hanahada	0,0,0,0,0	0,0,0,0,0	KANJIDIC,PYPINYIN,UNIHAN,WORDSHK_CHARS
U+5DF3	巳	シ,み	shi,mi	0,0	0,0	KANJIDIC,PYPINYIN,UNIHAN,WORDSHK_CHARS
U+5DF4	巴	ハ,ともえ,うずまき	ha,tomoe,uzumaki	0,0,0	0,0,0	KANJIDIC,PYPINYIN,UNIHAN,WORDSHK_CHARS
U+5DF5	巵	シ,さかずき	shi,sakazuki	0,0	0,0	KANJIDIC,PYPINYIN,UNIHAN
U+5DF7	巷	コウ,ちまた	kou,chimata	0,0	0,0	KANJIDIC,PYPINYIN,UNIHAN,WORDSHK_CHARS
U+5DF8	巸	イ,キ,ひろいあご,おおきい	i,ki,hiroiago,ookii	0,0,0,0	0,0,0,0	KANJIDIC,PYPINYIN,UNIHAN
U+5DF9	巹	キン,したがう,のびる,さかずき	kin,shitagau,nobiru,sakazuki	0,0,0,0	0,0,0,0	KANJIDIC,PYPINYIN,UNIHAN
U+5DFB	巻	カン,ケン,まく,まき	kan,ken,maku,maki	0,0,0,0	0,0,0,0	KANJIDIC,PYPINYIN,UNIHAN
U+5DFD	巽	ソン,たつみ	son,tatsumi	0,0	0,0	KANJIDIC,PYPINYIN,UNIHAN
U+5DFE	巾	キン,フク,おおい,ちきり,きれ	kin,fuku,ooi,chikiri,kire	0,0,0,0,0	0,0,0,0,0	KANJIDIC,PYPINYIN,UNIHAN,WORDSHK_CHARS
U+5E00	帀	ソウ,めぐる,めぐらす	sou,meguru,megurasu	0,0,0	0,0,0	KANJIDIC,PYPINYIN,UNIHAN
U+5E02	市	シ,いち	shi,ichi	0,0	0,0	KANJIDIC,PYPINYIN,UNIHAN,WORDSHK_CHARS
U+5E03	布	フ,ホ,ぬの,しく,きれ	fu,ho,nuno,shiku,kire	0,0,0,0,0	0,0,0,0,0	KANJIDIC,PYPINYIN,UNIHAN,WORDSHK_CHARS
U+5E06	帆	ハン,ほ	han,ho	0,0	0,0	KANJIDIC,PYPINYIN,UNIHAN,WORDSHK_CHARS
U+5E07	帇	デン,ニョウ,ロウ,てわざがすばやい	den,nyou,rou,tewazagasubayai	0,0,0,0	0,0,0,0	KANJIDIC,PYPINYIN,UNIHAN
U+5E0B	帋	シ,かみ	shi,kami	0,0	0,0	KANJIDIC,PYPINYIN,UNIHAN
U+5E0C	希	キ,ケ,まれ,こいねがう	ki,ke,mare,koinegau	0,0,0,0	0,0,0,0	KANJIDIC,PYPINYIN,UNIHAN,WORDSHK_CHARS
U+5E0D	帍	コ,ひれ	ko,hire	0,0	0,0	KANJIDIC,PYPINYIN,UNIHAN
U+5E11	帑	トウ,ド,かねぐら	tou,do,kanegura	0,0,0	0,0,0	KANJIDIC,PYPINYIN,UNIHAN,WORDSHK_CHARS
U+5E12	帒	タイ,ふくろ	tai,fukuro	0,0	0,0	KANJIDIC,PYPINYIN,UNIHAN
U+5E14	帔	ヒ,ふくろ	hi,fukuro	0,0	0,0	KANJIDIC,PYPINYIN,UNIHAN
U+5E15	帕	バツ,メチ,ハ,ヘ,ハク,ミャク,ミュク,つつむ	batsu,mechi,ha,he,haku,myaku,myuku,tsutsumu	0,0,0,0,0,0,0,0	0,0,0,0,0,0,0,0	KANJIDIC,PYPINYIN,UNIHAN,WORDSHK_CHARS
U+5E16	帖	チョウ,ジョウ,かきもの	chou,jou,kakimono	0,0,0	0,0,0	KANJIDIC,PYPINYIN,UNIHAN,WORDSHK_CHARS
U+5E18	帘	レン,シン,ヨウ,さけばた	ren,shin,you,sakebata	0,0,0,0	0,0,0,0	KANJIDIC,PYPINYIN,UNIHAN
U+5E19	帙	チツ,ふまき	chitsu,fumaki	0,0	0,0	KANJIDIC,PYPINYIN,UNIHAN
U+5E1A	帚	ソウ,シュウ,ほうき	sou,shuu,houki	0,0,0	0,0,0	KANJIDIC,PYPINYIN,UNIHAN,WORDSHK_CHARS
U+5E1B	帛	ハク,きぬ	haku,kinu	0,0	0,0	KANJIDIC,PYPINYIN,UNIHAN,WORDSHK_CHARS
U+5E1D	帝	テイ,みかど	tei,mikado	0,0	0,0	KANJIDIC,PYPINYIN,UNIHAN,WORDSHK_CHARS
U+5E1F	帟	エキ,ヤク,ひらとばり	eki,yaku,hiratobari	0,0,0	0,0,0	KANJIDIC,PYPINYIN,UNIHAN
U+5E20	帠	ゲイ,のり	gei,nori	0,0	0,0	KANJIDIC,PYPINYIN,UNIHAN
U+5E25	帥	スイ	sui	0	0	KANJIDIC,PYPINYIN,UNIHAN,WORDSHK_CHARS
U+5E28	帨	セイ,サイ,エツ,エチ,スイ,てふき	sei,sai,etsu,echi,sui,tefuki	0,0,0,0,0,0	0,0,0,0,0,0	KANJIDIC,PYPINYIN,UNIHAN
U+5E2B	師	シ,いくさ	shi,ikusa	0,0	0,0	KANJIDIC,PYPINYIN,UNIHAN,WORDSHK_CHARS
U+5E2D	席	セキ,むしろ	seki,mushiro	0,0	0,0	KANJIDIC,PYPINYIN,UNIHAN,WORDSHK_CHARS
U+5E2E	帮	ホウ,たすける	hou,tasukeru	0,0	0,0	KANJIDIC,PYPINYIN,UNIHAN
U+5E2F	帯	タイ,おびる,おび	tai,obiru,obi	0,0,0	0,0,0	KANJIDIC,PYPINYIN,UNIHAN
U+5E30	帰	キ,かえる,かえす,おくる,とつぐ	ki,kaeru,kaesu,okuru,totsugu	0,0,0,0,0	0,0,0,0,0	KANJIDIC,PYPINYIN,UNIHAN
U+5E32	帲	ヘイ,ヒョウ,おおう	hei,hyou,oou	0,0,0	0,0,0	KANJIDIC,PYPINYIN,UNIHAN
U+5E33	帳	チョウ,とばり	chou,tobari	0,0	0,0	KANJIDIC,PYPINYIN,UNIHAN,WORDSHK_CHARS
U+5E35	帵	ワン,エン,オン	wan,en,on	0,0,0	0,0,0	KANJIDIC,PYPINYIN,UNIHAN
U+5E36	帶	タイ,おびる,おび	tai,obiru,obi	0,0,0	0,0,0	KANJIDIC,PYPINYIN,UNIHAN,WORDSHK_CHARS
U+5E37	帷	イ,とばり	i,tobari	0,0	0,0	KANJIDIC,PYPINYIN,UNIHAN,WORDSHK_CHARS
U+5E38	常	ジョウ,つね,とこ	jou,tsune,toko	0,0,0	0,0,0	KANJIDIC,PYPINYIN,UNIHAN,WORDSHK_CHARS
U+5E3D	帽	ボウ,モウ,ずきん,おおう	bou,mou,zukin,oou	0,0,0,0	0,0,0,0	KANJIDIC,PYPINYIN,UNIHAN,WORDSHK_CHARS
U+5E3E	帾	ト,ツ,はた,はたじるし,わたいれ	to,tsu,hata,hatajirushi,wataire	0,0,0,0,0	0,0,0,0,0	KANJIDIC,PYPINYIN,UNIHAN
U+5E40	幀	テイ,チョウ,トウ	tei,chou,tou	0,0,0	0,0,0	KANJIDIC,PYPINYIN,UNIHAN
U+5E43	幃	イ,キ,とばり	i,ki,tobari	0,0,0	0,0,0	KANJIDIC,PYPINYIN,UNIHAN
U+5E44	幄	アク,とばり	aku,tobari	0,0	0,0	KANJIDIC,PYPINYIN,UNIHAN,WORDSHK_CHARS
U+5E45	幅	フク,はば	fuku,haba	0,0	0,0	KANJIDIC,PYPINYIN,UNIHAN,WORDSHK_CHARS
U+5E47	幇	ホウ,たすける	hou,tasukeru	0,0	0,0	KANJIDIC,PYPINYIN,UNIHAN
U+5E49	幉	たづな	tazuna	0	0	KANJIDIC,PYPINYIN,UNIHAN
U+5E4B	幋	ハン,あたまのかざり	han,atamanokazari	0,0	0,0	KANJIDIC,PYPINYIN,UNIHAN
U+5E4C	幌	コウ,ほろ,とばり	kou,horo,tobari	0,0,0	0,0,0	KANJIDIC,PYPINYIN,UNIHAN,WORDSHK_CHARS
U+5E4E	幎	ベキ,とばり	beki,tobari	0,0	0,0	KANJIDIC,PYPINYIN,UNIHAN
U+5E50	幐	トウ,においぶくろ,ふくろ	tou,nioibukuro,fukuro	0,0,0	0,0,0	KANJIDIC,PYPINYIN,UNIHAN
U+5E51	幑	キ,めじるしのぬの,はた	ki,mejirushinonuno,hata	0,0,0	0,0,0	KANJIDIC,PYPINYIN,UNIHAN
U+5E54	幔	マン,バン,まく	man,ban,maku	0,0,0	0,0,0	KANJIDIC,PYPINYIN,UNIHAN
U+5E55	幕	マク,バク,とばり	maku,baku,tobari	0,0,0	0,0,0	KANJIDIC,PYPINYIN,UNIHAN,WORDSHK_CHARS
U+5E56	幖	ヒョウ,しるし,はた,のぼり	hyou,shirushi,hata,nobori	0,0,0,0	0,0,0,0	KANJIDIC,PYPINYIN,UNIHAN
U+5E57	幗	カク	kaku	0	0	KANJIDIC,PYPINYIN,UNIHAN
U+5E58	幘	サク,シャク,ずきん	saku,shaku,zukin	0,0,0	0,0,0	KANJIDIC,PYPINYIN,UNIHAN
U+5E5B	幛	ショウ,ぬの	shou,nuno	0,0	0,0	KANJIDIC,PYPINYIN,UNIHAN,WORDSHK_CHARS
U+5E5C	幜	ケイ,キョウ,きぬ,かずき	kei,kyou,kinu,kazuki	0,0,0,0	0,0,0,0	KANJIDIC,PYPINYIN,UNIHAN
U+5E5E	幞	ホク,ずきん	hoku,zukin	0,0	0,0	KANJIDIC,PYPINYIN,UNIHAN
U+5E5F	幟	シ,のぼり	shi,nobori	0,0	0,0	KANJIDIC,PYPINYIN,UNIHAN,WORDSHK_CHARS
U+5E61	幡	マン,ハン,バン,ホン,はた	man,han,ban,hon,hata	0,0,0,0,0	0,0,0,0,0	KANJIDIC,PYPINYIN,UNIHAN,WORDSHK_CHARS
U+5E62	幢	トウ,はた	tou,hata	0,0	0,0	KANJIDIC,PYPINYIN,UNIHAN,WORDSHK_CHARS
U+5E63	幣	ヘイ,ぬさ	hei,nusa	0,0	0,0	KANJIDIC,PYPINYIN,UNIHAN,WORDSHK_CHARS
U+5E64	幤	ヘイ,ぬさ	hei,nusa	0,0	0,0	KANJIDIC,PYPINYIN,UNIHAN
U+5E68	幨	セン,とばり,ほろ,たちきれる	sen,tobari,horo,tachikireru	0,0,0,0	0,0,0,0	KANJIDIC,PYPINYIN,UNIHAN
U+5E6A	幪	ボウ,ム,モウ,ふくさ	bou,mu,mou,fukusa	0,0,0,0	0,0,0,0	KANJIDIC,PYPINYIN,UNIHAN
U+5E6B	幫	ホウ,たすける	hou,tasukeru	0,0	0,0	KANJIDIC,PYPINYIN,UNIHAN,WORDSHK_CHARS
U+5E6C	幬	チュウ,ジュ,トウ,とばり	chuu,ju,tou,tobari	0,0,0,0	0,0,0,0	KANJIDIC,PYPINYIN,UNIHAN
U+5E6D	幭	ベツ,メチ,バツ,マチ,おおい	betsu,mechi,batsu,machi,ooi	0,0,0,0,0	0,0,0,0,0	KANJIDIC,PYPINYIN,UNIHAN
U+5E6E	幮	チュ,ジュ,チュウ,とばり,かや	chu,ju,chuu,tobari,kaya	0,0,0,0,0	0,0,0,0,0	KANJIDIC,PYPINYIN,UNIHAN
U+5E70	幰	ケン,コン,ほろ	ken,kon,horo	0,0,0	0,0,0	KANJIDIC,PYPINYIN,UNIHAN
U+5E72	干	カン,ほす,ほし,ぼし,ひる	kan,hosu,hoshi,boshi,hiru	0,0,0,0,0	0,0,0,0,0	KANJIDIC,PYPINYIN,UNIHAN,WORDSHK_CHARS
U+5E73	平	ヘイ,ビョウ,ヒョウ,たいら,たいらげる,ひら	hei,byou,hyou,taira,tairageru,hira	0,0,0,0,0,0	0,0,0,0,0,0	KANJIDIC,PYPINYIN,UNIHAN,WORDSHK_CHARS
U+5E74	年	ネン,とし	nen,toshi	0,0	0,0	KANJIDIC,PYPINYIN,UNIHAN,WORDSHK_CHARS
U+5E75	幵	ヘイ	hei	0	0	KANJIDIC,PYPINYIN,UNIHAN
U+5E76	并	ヘイ,ヒョウ,あわせる,ならぶ	hei,hyou,awaseru,narabu	0,0,0,0	0,0,0,0	KANJIDIC,PYPINYIN,UNIHAN,WORDSHK_CHARS
U+5E77	幷	ヘイ,ヒョウ,あわせる,ならぶ	hei,hyou,awaseru,narabu	0,0,0,0	0,0,0,0	KANJIDIC,PYPINYIN,UNIHAN
U+5E78	幸	コウ,さいわい,さち,しあわせ	kou,saiwai,sachi,shiawase	0,0,0,0	0,0,0,0	KANJIDIC,PYPINYIN,UNIHAN,WORDSHK_CHARS
U+5E79	幹	カン,みき	kan,miki	0,0	0,0	KANJIDIC,PYPINYIN,UNIHAN,WORDSHK_CHARS
U+5E7A	幺	ヨウ,ちいさい	you,chiisai	0,0	0,0	KANJIDIC,PYPINYIN,UNIHAN,WORDSHK_CHARS
U+5E7B	幻	ゲン,まぼろし	gen,maboroshi	0,0	0,0	KANJIDIC,PYPINYIN,UNIHAN,WORDSHK_CHARS
U+5E7C	幼	ヨウ,おさない	you,osanai	0,0	0,0	KANJIDIC,PYPINYIN,UNIHAN,WORDSHK_CHARS
U+5E7D	幽	ユウ,ふかい,かすか,くらい,しろい	yuu,fukai,kasuka,kurai,shiroi	0,0,0,0,0	0,0,0,0,0	KANJIDIC,PYPINYIN,UNIHAN,WORDSHK_CHARS
U+5E7E	幾	キ,いく,いくつ,いくら	ki,iku,ikutsu,ikura	0,0,0,0	0,0,0,0	KANJIDIC,PYPINYIN,UNIHAN,WORDSHK_CHARS
U+5E7F	广	ゲン	gen	0	0	KANJIDIC,PYPINYIN,UNIHAN
U+5E80	庀	ヒ,ヘイ,ハイ,おさめる	hi,hei,hai,osameru	0,0,0,0	0,0,0,0	KANJIDIC,PYPINYIN,UNIHAN
U+5E81	庁	チョウ,テイ,やくしょ	chou,tei,yakusho	0,0,0	0,0,0	KANJIDIC,PYPINYIN,UNIHAN
U+5E83	広	コウ,ひろい,ひろまる,ひろめる,ひろがる,ひろげる	kou,hiroi,hiromaru,hiromeru,hirogaru,hirogeru	0,0,0,0,0,0	0,0,0,0,0,0	KANJIDIC,PYPINYIN,UNIHAN
U+5E84	庄	ショウ,ソ,ソウ,ホウ	shou,so,sou,hou	0,0,0,0	0,0,0,0	KANJIDIC,PYPINYIN,UNIHAN
U+5E87	庇	ヒ,ひさし,おおう,かばう	hi,hisashi,oou,kabau	0,0,0,0	0,0,0,0	KANJIDIC,PYPINYIN,UNIHAN,WORDSHK_CHARS
U+5E8A	床	ショウ,とこ,ゆか	shou,toko,yuka	0,0,0	0,0,0	KANJIDIC,PYPINYIN,UNIHAN
U+5E8B	庋	キ,とだな	ki,todana	0,0	0,0	KANJIDIC,PYPINYIN,UNIHAN
U+5E8E	庎	カイ,たな,ながし	kai,tana,nagashi	0,0,0	0,0,0	KANJIDIC,PYPINYIN,UNIHAN
U+5E8F	序	ジョ,ついで	jo,tsuide	0,0	0,0	KANJIDIC,PYPINYIN,UNIHAN,WORDSHK_CHARS
U+5E95	底	テイ,そこ	tei,soko	0,0	0,0	KANJIDIC,PYPINYIN,UNIHAN,WORDSHK_CHARS
U+5E96	庖	ホウ,くりや	hou,kuriya	0,0	0,0	KANJIDIC,PYPINYIN,UNIHAN,WORDSHK_CHARS
U+5E97	店	テン,みせ,たな	ten,mise,tana	0,0,0	0,0,0	KANJIDIC,PYPINYIN,UNIHAN,WORDSHK_CHARS
U+5E9A	庚	コウ,かのえ	kou,kanoe	0,0	0,0	KANJIDIC,PYPINYIN,UNIHAN,WORDSHK_CHARS
U+5E9C	府	フ	fu	0	0	KANJIDIC,PYPINYIN,UNIHAN,WORDSHK_CHARS
U+5EA0	庠	ショウ,まなびや	shou,manabiya	0,0	0,0	KANJIDIC,PYPINYIN,UNIHAN
U+5EA2	庢	チツ,チチ,テイ,さえぎりとどめる	chitsu,chichi,tei,saegiritodomeru	0,0,0,0	0,0,0,0	KANJIDIC,PYPINYIN,UNIHAN
U+5EA4	庤	チ,ジ,たくわえる	chi,ji,takuwaeru	0,0,0	0,0,0	KANJIDIC,PYPINYIN,UNIHAN
U+5EA5	庥	キュウ,ク,かげ	kyuu,ku,kage	0,0,0	0,0,0	KANJIDIC,PYPINYIN,UNIHAN
U+5EA6	度	ド,ト,タク,たび,たい	do,to,taku,tabi,tai	0,0,0,0,0	0,0,0,0,0	KANJIDIC,PYPINYIN,UNIHAN,WORDSHK_CHARS
U+5EA7	座	ザ,すわる	za,suwaru	0,0	0,0	KANJIDIC,PYPINYIN,UNIHAN,WORDSHK_CHARS
U+5EA8	庨	コウ,キョウ	kou,kyou	0,0	0,0	KANJIDIC,PYPINYIN,UNIHAN
U+5EAA	庪	キ	ki	0	0	KANJIDIC,PYPINYIN,UNIHAN
U+5EAB	庫	コ,ク,くら	ko,ku,kura	0,0,0	0,0,0	KANJIDIC,PYPINYIN,UNIHAN,WORDSHK_CHARS
U+5EAC	庬	ボウ,モ,モウ,はっきりしない	bou,mo,mou,hakkirishinai	0,0,0,0	0,0,0,0	KANJIDIC,PYPINYIN,UNIHAN
U+5EAD	庭	テイ,にわ	tei,niwa	0,0	0,0	KANJIDIC,PYPINYIN,UNIHAN,WORDSHK_CHARS
U+5EB1	庱	チョウ,リョウ	chou,ryou	0,0	0,0	KANJIDIC,PYPINYIN,UNIHAN
U+5EB3	庳	ヒ,ひくい	hi,hikui	0,0	0,0	KANJIDIC,PYPINYIN,UNIHAN
U+5EB5	庵	アン,いおり,いお	an,iori,io	0,0,0	0,0,0	KANJIDIC,PYPINYIN,UNIHAN,WORDSHK_CHARS
U+5EB6	庶	ショ	sho	0	0	KANJIDIC,PYPINYIN,UNIHAN,WORDSHK_CHARS
U+5EB7	康	コウ	kou	0	0	KANJIDIC,PYPINYIN,UNIHAN,WORDSHK_CHARS
U+5EB8	庸	ヨウ	you	0	0	KANJIDIC,PYPINYIN,UNIHAN,WORDSHK_CHARS
U+5EBD	庽	グウ,グ,ドウ,かこつける,よせる,よる	guu,gu,dou,kakotsukeru,yoseru,yoru	0,0,0,0,0,0	0,0,0,0,0,0	KANJIDIC,PYPINYIN,UNIHAN
U+5EBE	庾	ユ,くら	yu,kura	0,0	0,0	KANJIDIC,PYPINYIN,UNIHAN
U+5EBF	庿	ビョウ,ミョウ,たまや,みたまや,やしろ	byou,myou,tamaya,mitamaya,yashiro	0,0,0,0,0	0,0,0,0,0	KANJIDIC,PYPINYIN,UNIHAN
U+5EC1	廁	シ,ショク,かわや	shi,shoku,kawaya	0,0,0	0,0,0	KANJIDIC,PYPINYIN,UNIHAN,WORDSHK_CHARS
U+5EC2	廂	ショウ,ソウ,ひさし	shou,sou,hisashi	0,0,0	0,0,0	KANJIDIC,PYPINYIN,UNIHAN,WORDSHK_CHARS
U+5EC3	廃	ハイ,すたれる,すたる	hai,sutareru,sutaru	0,0,0	0,0,0	KANJIDIC,PYPINYIN,UNIHAN
U+5EC6	廆	カイ,エ,ケ,かき	kai,e,ke,kaki	0,0,0,0	0,0,0,0	KANJIDIC,PYPINYIN,UNIHAN
U+5EC8	廈	カ,サ,いえ	ka,sa,ie	0,0,0	0,0,0	KANJIDIC,PYPINYIN,UNIHAN,WORDSHK_CHARS
U+5EC9	廉	レン	ren	0	0	KANJIDIC,PYPINYIN,UNIHAN,WORDSHK_CHARS
U+5ECA	廊	ロウ	rou	0	0	KANJIDIC,PYPINYIN,UNIHAN,WORDSHK_CHARS
U+5ECB	廋	シュウ,シュ,ソウ,ス,かくす	shuu,shu,sou,su,kakusu	0,0,0,0,0	0,0,0,0,0	KANJIDIC,PYPINYIN,UNIHAN
U+5ECC	廌	チ	chi	0	0	KANJIDIC,PYPINYIN,UNIHAN
U+5ECE	廎	ケイ,キョウ,テイ,いえのかたわら	kei,kyou,tei,ienokatawara	0,0,0,0	0,0,0,0	KANJIDIC,PYPINYIN,UNIHAN
U+5ECF	廏	キュウ,うまや	kyuu,umaya	0,0	0,0	KANJIDIC,PYPINYIN,UNIHAN
U+5ED0	廐	キュウ,うまや	kyuu,umaya	0,0	0,0	KANJIDIC,PYPINYIN,UNIHAN
U+5ED1	廑	キン,コン	kin,kon	0,0	0,0	KANJIDIC,PYPINYIN,UNIHAN
U+5ED2	廒	ゴウ	gou	0	0	KANJIDIC,PYPINYIN,UNIHAN
U+5ED3	廓	カク,くるわ,とりで	kaku,kuruwa,toride	0,0,0	0,0,0	KANJIDIC,PYPINYIN,UNIHAN,WORDSHK_CHARS
U+5ED4	廔	ロウ,ル,リュ,まど,むね,のき	rou,ru,ryu,mado,mune,noki	0,0,0,0,0,0	0,0,0,0,0,0	KANJIDIC,PYPINYIN,UNIHAN
U+5ED5	廕	イン,オン,おおう,かばう,かげ	in,on,oou,kabau,kage	0,0,0,0,0	0,0,0,0,0	KANJIDIC,PYPINYIN,UNIHAN
U+5ED6	廖	リョウ	ryou	0	0	KANJIDIC,PYPINYIN,UNIHAN,WORDSHK_CHARS
U+5ED9	廙	ヨク,ヨキ,イ,てんまく,つつしむ,ひさし	yoku,yoki,i,tenmaku,tsutsushimu,hisashi	0,0,0,0,0,0	0,0,0,0,0,0	KANJIDIC,PYPINYIN,UNIHAN
U+5EDA	廚	シュウ,ズ,チュ,チュウ,くりや	shuu,zu,chu,chuu,kuriya	0,0,0,0,0	0,0,0,0,0	KANJIDIC,PYPINYIN,UNIHAN,WORDSHK_CHARS
U+5EDB	廛	テン,みせ,やしき,たな	ten,mise,yashiki,tana	0,0,0,0	0,0,0,0	KANJIDIC,PYPINYIN,UNIHAN
U+5EDC	廜	ト,ツ,いおり	to,tsu,iori	0,0,0	0,0,0	KANJIDIC,PYPINYIN,UNIHAN
U+5EDD	廝	シ,こもの	shi,komono	0,0	0,0	KANJIDIC,PYPINYIN,UNIHAN,WORDSHK_CHARS
U+5EDE	廞	キン,コン,カン,ケン,つらねる,おこす,けわしい	kin,kon,kan,ken,tsuraneru,okosu,kewashii	0,0,0,0,0,0,0	0,0,0,0,0,0,0	KANJIDIC,PYPINYIN,UNIHAN
U+5EDF	廟	ビョウ,ミョウ,たまや,みたまや,やしろ	byou,myou,tamaya,mitamaya,yashiro	0,0,0,0,0	0,0,0,0,0	KANJIDIC,PYPINYIN,UNIHAN,WORDSHK_CHARS
U+5EE0	廠	ショウ	shou	0	0	KANJIDIC,PYPINYIN,UNIHAN,WORDSHK_CHARS
U+5EE1	廡	ブ,しげる,ひさし	bu,shigeru,hisashi	0,0,0	0,0,0	KANJIDIC,PYPINYIN,UNIHAN
U+5EE2	廢	ハイ,すたれる,すたる	hai,sutareru,sutaru	0,0,0	0,0,0	KANJIDIC,PYPINYIN,UNIHAN,WORDSHK_CHARS
U+5EE3	廣	コウ,ひろい,ひろまる,ひろめる,ひろがる,ひろげる	kou,hiroi,hiromaru,hiromeru,hirogaru,hirogeru	0,0,0,0,0,0	0,0,0,0,0,0	KANJIDIC,PYPINYIN,UNIHAN,WORDSHK_CHARS
U+5EE5	廥	カイ,ケ,まぐさぐら,くら	kai,ke,magusagura,kura	0,0,0,0	0,0,0,0	KANJIDIC,PYPINYIN,UNIHAN
U+5EE8	廨	カイ,ケ,やくしょ	kai,ke,yakusho	0,0,0	0,0,0	KANJIDIC,PYPINYIN,UNIHAN
U+5EE9	廩	リン,くら	rin,kura	0,0	0,0	KANJIDIC,PYPINYIN,UNIHAN
U+5EEB	廫	リョウ,ロウ,むなしい,うつろ	ryou,rou,munashii,utsuro	0,0,0,0	0,0,0,0	KANJIDIC,PYPINYIN,UNIHAN
U+5EEC	廬	ロ,リョ,いお,いおり,いえ	ro,ryo,io,iori,ie	0,0,0,0,0	0,0,0,0,0	KANJIDIC,PYPINYIN,UNIHAN,WORDSHK_CHARS
U+5EF0	廰	チョウ,テイ,やくしょ	chou,tei,yakusho	0,0,0	0,0,0	KANJIDIC,PYPINYIN,UNIHAN
U+5EF1	廱	ヨウ,やわらぐ	you,yawaragu	0,0	0,0	KANJIDIC,PYPINYIN,UNIHAN
U+5EF3	廳	チョウ,テイ,やくしょ	chou,tei,yakusho	0,0,0	0,0,0	KANJIDIC,PYPINYIN,UNIHAN,WORDSHK_CHARS
U+5EF4	廴	イン	in	0	0	KANJIDIC,PYPINYIN,UNIHAN
U+5EF6	延	エン,のびる,のべる,のべ,のばす	en,nobiru,noberu,nobe,nobasu	0,0,0,0,0	0,0,0,0,0	KANJIDIC,PYPINYIN,UNIHAN,WORDSHK_CHARS
U+5EF7	廷	テイ	tei	0	0	KANJIDIC,PYPINYIN,UNIHAN,WORDSHK_CHARS
U+5EF8	廸	テキ,みち,みちびく,すすむ,いたる	teki,michi,michibiku,susumu,itaru	0,0,0,0,0	0,0,0,0,0	KANJIDIC,PYPINYIN,UNIHAN
U+5EFA	建	ケン,コン,たてる,たて,だて,たつ	ken,kon,tateru,tate,date,tatsu	0,0,0,0,0,0	0,0,0,0,0,0	KANJIDIC,PYPINYIN,UNIHAN,WORDSHK_CHARS
U+5EFB	廻	カイ,エ,まわる,まわす,もとおる,めぐる,めぐらす	kai,e,mawaru,mawasu,motooru,meguru,megurasu	0,0,0,0,0,0,0	0,0,0,0,0,0,0	KANJIDIC,PYPINYIN,UNIHAN
U+5EFC	廼	ナイ,ダイ,ノ,アイ,すなわち,なんじ	nai,dai,no,ai,sunawachi,nanji	0,0,0,0,0,0	0,0,0,0,0,0	KANJIDIC,PYPINYIN,UNIHAN
U+5EFD	廽	カイ,エ,まわす,まわる,かえる,めぐる	kai,e,mawasu,mawaru,kaeru,meguru	0,0,0,0,0,0	0,0,0,0,0,0	KANJIDIC,PYPINYIN,UNIHAN
U+5EFE	廾	キョウ,ク,にじゅう	kyou,ku,nijuu	0,0,0	0,0,0	KANJIDIC,PYPINYIN,UNIHAN
U+5EFF	廿	ジュウ,ニュウ,にじゅう	juu,nyuu,nijuu	0,0,0	0,0,0	KANJIDIC,PYPINYIN,UNIHAN,WORDSHK_CHARS
U+5F01	弁	ベン,ヘン,かんむり,わきまえる,わける,はなびら,あらそう	ben,hen,kanmuri,wakimaeru,wakeru,hanabira,arasou	0,0,0,0,0,0,0	0,0,0,0,0,0,0	KANJIDIC,PYPINYIN,UNIHAN
U+5F02	异	イ,あげる	i,ageru	0,0	0,0	KANJIDIC,PYPINYIN,UNIHAN
U+5F03	弃	キ,すてる	ki,suteru	0,0	0,0	KANJIDIC,PYPINYIN,UNIHAN
U+5F04	弄	ロウ,ル,いじくる,ろうする,いじる,ひねくる,たわむれる,もてあそぶ	rou,ru,ijikuru,rousuru,ijiru,hinekuru,tawamureru,moteasobu	0,0,0,0,0,0,0,0	0,0,0,0,0,0,0,0	KANJIDIC,PYPINYIN,UNIHAN,WORDSHK_CHARS
U+5F06	弆	キョ,コ,おさめる,しまいこむ	kyo,ko,osameru,shimaikomu	0,0,0,0	0,0,0,0	KANJIDIC,PYPINYIN,UNIHAN
U+5F07	弇	エン,カン,コン,ダン,ナン,おおう	en,kan,kon,dan,nan,oou	0,0,0,0,0,0	0,0,0,0,0,0	KANJIDIC,PYPINYIN,UNIHAN
U+5F08	弈	エキ,ヤク	eki,yaku	0,0	0,0	KANJIDIC,PYPINYIN,UNIHAN,WORDSHK_CHARS
U+5F09	弉	ジョウ,ソウ,さかん	jou,sou,sakan	0,0,0	0,0,0	KANJIDIC,PYPINYIN,UNIHAN
U+5F0A	弊	ヘイ	hei	0	0	KANJIDIC,PYPINYIN,UNIHAN,WORDSHK_CHARS
U+5F0B	弋	ヨク,いぐるみ	yoku,igurumi	0,0	0,0	KANJIDIC,PYPINYIN,UNIHAN,WORDSHK_CHARS
U+5F0C	弌	イチ,イツ,ひと,ひとつ	ichi,itsu,hito,hitotsu	0,0,0,0	0,0,0,0	KANJIDIC,PYPINYIN,UNIHAN
U+5F0D	弍	ニ,ジ,ふた,ふたつ,ふたたび	ni,ji,futa,futatsu,futatabi	0,0,0,0,0	0,0,0,0,0	KANJIDIC,PYPINYIN,UNIHAN
U+5F0E	弎	サン,ゾウ,み,みつ,みっつ	san,zou,mi,mitsu,mittsu	0,0,0,0,0	0,0,0,0,0	KANJIDIC,PYPINYIN,UNIHAN
U+5F0F	式	シキ	shiki	0	0	KANJIDIC,PYPINYIN,UNIHAN,WORDSHK_CHARS
U+5F10	弐	ニ,ジ,ふたつ,そえ	ni,ji,futatsu,soe	0,0,0,0	0,0,0,0	KANJIDIC,PYPINYIN,UNIHAN
U+5F11	弑	シ,シイ,しいする	shi,shii,shiisuru	0,0,0	0,0,0	KANJIDIC,PYPINYIN,UNIHAN
U+5F13	弓	キュウ,ゆみ	kyuu,yumi	0,0	0,0	KANJIDIC,PYPINYIN,UNIHAN,WORDSHK_CHARS
U+5F14	弔	チョウ,とむらう,とぶらう	chou,tomurau,toburau	0,0,0	0,0,0	KANJIDIC,PYPINYIN,UNIHAN,WORDSHK_CHARS
U+5F15	引	イン,ひく,ひける	in,hiku,hikeru	0,0,0	0,0,0	KANJIDIC,PYPINYIN,UNIHAN,WORDSHK_CHARS
U+5F16	弖	テ	te	0	0	KANJIDIC,PYPINYIN,UNIHAN
U+5F17	弗	フツ,ホチ,どる,ず	futsu,hochi,doru,zu	0,0,0,0	0,0,0,0	KANJIDIC,PYPINYIN,UNIHAN,WORDSHK_CHARS
U+5F18	弘	コウ,グ,ひろい	kou,gu,hiroi	0,0,0	0,0,0	KANJIDIC,PYPINYIN,UNIHAN,WORDSHK_CHARS
U+5F19	弙	オ,ウ,コ,ク,もつ	o,u,ko,ku,motsu	0,0,0,0,0	0,0,0,0,0	KANJIDIC,PYPINYIN,UNIHAN
U+5F1B	弛	チ,シ,たるむ,たるめる,たゆむ,ゆるむ,ゆるみ	chi,shi,tarumu,tarumeru,tayumu,yurumu,yurumi	0,0,0,0,0,0,0	0,0,0,0,0,0,0	KANJIDIC,PYPINYIN,UNIHAN,WORDSHK_CHARS
U+5F1C	弜	キョウ,ゴウ,キ,つよい,つよいゆみ	kyou,gou,ki,tsuyoi,tsuyoiyumi	0,0,0,0,0	0,0,0,0,0	KANJIDIC,PYPINYIN,UNIHAN
U+5F1D	弝	ハ,ヘ,ゆづか,つか	ha,he,yuzuka,tsuka	0,0,0,0	0,0,0,0	KANJIDIC,PYPINYIN,UNIHAN
U+5F1F	弟	テイ,ダイ,デ,おとうと	tei,dai,de,otouto	0,0,0,0	0,0,0,0	KANJIDIC,PYPINYIN,UNIHAN,WORDSHK_CHARS
U+5F21	弡	クツ,グチ,チョウ,つよくいさましい	kutsu,guchi,chou,tsuyokuisamashii	0,0,0,0	0,0,0,0	KANJIDIC,PYPINYIN,UNIHAN
U+5F22	弢	トウ,ゆみぶくろ	tou,yumibukuro	0,0	0,0	KANJIDIC,PYPINYIN,UNIHAN
U+5F23	弣	フ,ゆづか	fu,yuzuka	0,0	0,0	KANJIDIC,PYPINYIN,UNIHAN
U+5F24	弤	テイ,タイ,チュウ	tei,tai,chuu	0,0,0	0,0,0	KANJIDIC,PYPINYIN,UNIHAN
U+5F25	弥	ミ,ビ,や,いや,いよいよ,わたる	mi,bi,ya,iya,iyoiyo,wataru	0,0,0,0,0,0	0,0,0,0,0,0	KANJIDIC,PYPINYIN,UNIHAN
U+5F26	弦	ゲン,つる	gen,tsuru	0,0	0,0	KANJIDIC,PYPINYIN,UNIHAN,WORDSHK_CHARS
U+5F27	弧	コ	ko	0	0	KANJIDIC,PYPINYIN,UNIHAN,WORDSHK_CHARS
U+5F28	弨	ショウ,そりかえる	shou,sorikaeru	0,0	0,0	KANJIDIC,PYPINYIN,UNIHAN
U+5F29	弩	ド,おおゆみ,いしゆみ	do,ooyumi,ishiyumi	0,0,0	0,0,0	KANJIDIC,PYPINYIN,UNIHAN
U+5F2B	弫	シン,ゆみがつよい	shin,yumigatsuyoi	0,0	0,0	KANJIDIC,PYPINYIN,UNIHAN
U+5F2C	弬	イ,ゆみのな	i,yuminona	0,0	0,0	KANJIDIC,PYPINYIN,UNIHAN
U+5F2D	弭	ビ,ミ,やめる,やむ,ゆはず	bi,mi,yameru,yamu,yuhazu	0,0,0,0,0	0,0,0,0,0	KANJIDIC,PYPINYIN,UNIHAN,WORDSHK_CHARS
U+5F2E	弮	ケン,いしゆみ,まがる,まき	ken,ishiyumi,magaru,maki	0,0,0,0	0,0,0,0	KANJIDIC,PYPINYIN,UNIHAN,WORDSHK_CHARS
U+5F2F	弯	ワン,ひく	wan,hiku	0,0	0,0	KANJIDIC,PYPINYIN,UNIHAN
U+5F30	弰	ソウ,ショウ,ゆはず	sou,shou,yuhazu	0,0,0	0,0,0	KANJIDIC,PYPINYIN,UNIHAN
U+5F31	弱	ジャク,よわい,よわる,よわまる,よわめる	jaku,yowai,yowaru,yowamaru,yowameru	0,0,0,0,0	0,0,0,0,0	KANJIDIC,PYPINYIN,UNIHAN,WORDSHK_CHARS
U+5F34	弴	トン,チョウ	ton,chou	0,0	0,0	KANJIDIC,PYPINYIN,UNIHAN
U+5F35	張	チョウ,はる,はり,ばり	chou,haru,hari,bari	0,0,0,0	0,0,0,0	KANJIDIC,PYPINYIN,UNIHAN,WORDSHK_CHARS
U+5F36	弶	ギョウ,キョウ,ゴウ	gyou,kyou,gou	0,0,0	0,0,0	KANJIDIC,PYPINYIN,UNIHAN,WORDSHK_CHARS
U+5F37	強	キョウ,ゴウ,つよい,つよまる,つよめる,しいる,こわい	kyou,gou,tsuyoi,tsuyomaru,tsuyomeru,shiiru,kowai	0,0,0,0,0,0,0	0,0,0,0,0,0,0	KANJIDIC,PYPINYIN,UNIHAN,WORDSHK_CHARS
U+5F38	弸	ホウ	hou	0	0	KANJIDIC,PYPINYIN,UNIHAN
U+5F3B	弻	ヒツ,たすける,ゆだめ	hitsu,tasukeru,yudame	0,0,0	0,0,0	KANJIDIC,PYPINYIN,UNIHAN
U+5F3C	弼	ヒツ,たすける,ゆだめ	hitsu,tasukeru,yudame	0,0,0	0,0,0	KANJIDIC,PYPINYIN,UNIHAN
U+5F3D	弽	ショウ,ヨウ,キョウ,ゆがけ	shou,you,kyou,yugake	0,0,0,0	0,0,0,0	KANJIDIC,PYPINYIN,UNIHAN
U+5F3E	弾	ダン,タン,ひく,ひき,はずむ,たま,はじく,はじける,ただす,はじきゆみ	dan,tan,hiku,hiki,hazumu,tama,hajiku,hajikeru,tadasu,hajikiyumi	0,0,0,0,0,0,0,0,0,0	0,0,0,0,0,0,0,0,0,0	KANJIDIC,PYPINYIN,UNIHAN
U+5F3F	弿	ケン,コン,ゆみがつよい	ken,kon,yumigatsuyoi	0,0,0	0,0,0	KANJIDIC,PYPINYIN,UNIHAN
U+5F40	彀	コウ,ク	kou,ku	0,0	0,0	KANJIDIC,PYPINYIN,UNIHAN
U+5F41	彁	カ,セイ	ka,sei	0,0	0,0	KANJIDIC,PYPINYIN,UNIHAN
U+5F44	彄	コウ,ク,ゆはず,ゆがけ	kou,ku,yuhazu,yugake	0,0,0,0	0,0,0,0	KANJIDIC,PYPINYIN,UNIHAN
U+5F45	彅	なぎ	nagi	0	0	KANJIDIC,PYPINYIN,UNIHAN
U+5F47	彇	ショウ,ヨウ,ゆはず	shou,you,yuhazu	0,0,0	0,0,0	KANJIDIC,PYPINYIN,UNIHAN
U+5F48	彈	ダン,タン,ひく,はずむ,たま,はじく,はじける,ただす	dan,tan,hiku,hazumu,tama,hajiku,hajikeru,tadasu	0,0,0,0,0,0,0,0	0,0,0,0,0,0,0,0	KANJIDIC,PYPINYIN,UNIHAN,WORDSHK_CHARS
U+5F4A	彊	キョウ,ゴウ,つよい	kyou,gou,tsuyoi	0,0,0	0,0,0	KANJIDIC,PYPINYIN,UNIHAN,WORDSHK_CHARS
U+5F4C	彌	ミ,ビ,いや,や,あまねし,いよいよ,とおい,ひさし,ひさしい,わたる	mi,bi,iya,ya,amaneshi,iyoiyo,tooi,hisashi,hisashii,wataru	0,0,0,0,0,0,0,0,0,0	0,0,0,0,0,0,0,0,0,0	KANJIDIC,PYPINYIN,UNIHAN,WORDSHK_CHARS
U+5F4D	彍	カク,はる,はしる	kaku,haru,hashiru	0,0,0	0,0,0	KANJIDIC,PYPINYIN,UNIHAN
U+5F4E	彎	ワン,ひく	wan,hiku	0,0	0,0	KANJIDIC,PYPINYIN,UNIHAN,WORDSHK_CHARS
U+5F50	彐	ケイ	kei	0	0	KANJIDIC,PYPINYIN,UNIHAN
U+5F51	彑	ケイ	kei	0	0	KANJIDIC,PYPINYIN,UNIHAN
U+5F53	当	トウ,あたる,あたり,あてる,あて,まさに,まさにべし	tou,ataru,atari,ateru,ate,masani,masanibeshi	0,0,0,0,0,0,0	0,0,0,0,0,0,0	KANJIDIC,PYPINYIN,UNIHAN
U+5F54	彔	ロク,きざむ	roku,kizamu	0,0	0,0	KANJIDIC,PYPINYIN,UNIHAN
U+5F56	彖	タン	tan	0	0	KANJIDIC,PYPINYIN,UNIHAN
U+5F57	彗	スイ,エ,ケイ,セイ,ほうき	sui,e,kei,sei,houki	0,0,0,0,0	0,0,0,0,0	KANJIDIC,PYPINYIN,UNIHAN,WORDSHK_CHARS
U+5F58	彘	テイ,エイ,エ,ぶた	tei,ei,e,buta	0,0,0,0	0,0,0,0	KANJIDIC,PYPINYIN,UNIHAN
U+5F59	彙	イ,はりねずみ	i,harinezumi	0,0	0,0	KANJIDIC,PYPINYIN,UNIHAN,WORDSHK_CHARS
U+5F5B	彛	イ,つね	i,tsune	0,0	0,0	KANJIDIC,PYPINYIN,UNIHAN
U+5F5C	彜	イ,つね	i,tsune	0,0	0,0	KANJIDIC,PYPINYIN,UNIHAN
U+5F5D	彝	イ,つね	i,tsune	0,0	0,0	KANJIDIC,PYPINYIN,UNIHAN
U+5F60	彠	ワク,カク,キャク,ヤク,はかる,ものさし,のり	waku,kaku,kyaku,yaku,hakaru,monosashi,nori	0,0,0,0,0,0,0	0,0,0,0,0,0,0	KANJIDIC,PYPINYIN,UNIHAN
U+5F61	彡	サン,セン	san,sen	0,0	0,0	KANJIDIC,PYPINYIN,UNIHAN
U+5F62	形	ケイ,ギョウ,かた,がた,かたち,なり	kei,gyou,kata,gata,katachi,nari	0,0,0,0,0,0	0,0,0,0,0,0	KANJIDIC,PYPINYIN,UNIHAN,WORDSHK_CHARS
U+5F63	彣	ブン,モン,あや	bun,mon,aya	0,0,0	0,0,0	KANJIDIC,PYPINYIN,UNIHAN
U+5F64	彤	トウ,ズ,あかい	tou,zu,akai	0,0,0	0,0,0	KANJIDIC,PYPINYIN,UNIHAN
U+5F66	彦	ゲン,ひこ	gen,hiko	0,0	0,0	KANJIDIC,PYPINYIN,UNIHAN
U+5F67	彧	イク,あや	iku,aya	0,0	0,0	KANJIDIC,PYPINYIN,UNIHAN
U+5F69	彩	サイ,いろどる	sai,irodoru	0,0	0,0	KANJIDIC,PYPINYIN,UNIHAN,WORDSHK_CHARS
U+5F6A	彪	ヒョウ,ヒュウ,あや	hyou,hyuu,aya	0,0,0	0,0,0	KANJIDIC,PYPINYIN,UNIHAN,WORDSHK_CHARS
U+5F6B	彫	チョウ,ほる,ぼり	chou,horu,bori	0,0,0	0,0,0	KANJIDIC,PYPINYIN,UNIHAN,WORDSHK_CHARS
U+5F6C	彬	ヒン,フン,うるわしい,あきらか	hin,fun,uruwashii,akiraka	0,0,0,0	0,0,0,0	KANJIDIC,PYPINYIN,UNIHAN,WORDSHK_CHARS
U+5F6D	彭	ホウ	hou	0	0	KANJIDIC,PYPINYIN,UNIHAN,WORDSHK_CHARS
U+5F6F	彯	ビョウ	byou	0	0	KANJIDIC,PYPINYIN,UNIHAN
U+5F70	彰	ショウ	shou	0	0	KANJIDIC,PYPINYIN,UNIHAN,WORDSHK_CHARS
U+5F71	影	エイ,かげ	ei,kage	0,0	0,0	KANJIDIC,PYPINYIN,UNIHAN,WORDSHK_CHARS
U+5F72	彲	チ,みずち	chi,mizuchi	0,0	0,0	KANJIDIC,PYPINYIN,UNIHAN
U+5F73	彳	テキ,たたずむ	teki,tatazumu	0,0	0,0	KANJIDIC,PYPINYIN,UNIHAN,WORDSHK_CHARS
U+5F74	彴	ハク,シャク,チャク,テキ,まるきばし	haku,shaku,chaku,teki,marukibashi	0,0,0,0,0	0,0,0,0,0	KANJIDIC,PYPINYIN,UNIHAN
U+5F75	彵	タ,しずかにゆく	ta,shizukaniyuku	0,0	0,0	KANJIDIC,PYPINYIN,UNIHAN
U+5F77	彷	ホウ,さまよう	hou,samayou	0,0	0,0	KANJIDIC,PYPINYIN,UNIHAN,WORDSHK_CHARS
U+5F78	彸	ショウ,シュ	shou,shu	0,0	0,0	KANJIDIC,PYPINYIN,UNIHAN
U+5F79	役	ヤク,エキ	yaku,eki	0,0	0,0	KANJIDIC,PYPINYIN,UNIHAN,WORDSHK_CHARS
U+5F7A	彺	オウ,いそぎゆく	ou,isogiyuku	0,0	0,0	KANJIDIC,PYPINYIN,UNIHAN
U+5F7C	彼	ヒ,かれ,かの	hi,kare,kano	0,0,0	0,0,0	KANJIDIC,PYPINYIN,UNIHAN,WORDSHK_CHARS
U+5F7D	彽	チ,ジ,テイ,タイ,デ,たちもとおる	chi,ji,tei,tai,de,tachimotooru	0,0,0,0,0,0	0,0,0,0,0,0	KANJIDIC,PYPINYIN,UNIHAN
U+5F7E	彾	レイ,リョウ	rei,ryou	0,0	0,0	KANJIDIC,PYPINYIN,UNIHAN
U+5F7F	彿	フツ	futsu	0	0	KANJIDIC,PYPINYIN,UNIHAN,WORDSHK_CHARS
U+5F80	往	オウ,いく,いにしえ,さきに,ゆく	ou,iku,inishie,sakini,yuku	0,0,0,0,0	0,0,0,0,0	KANJIDIC,PYPINYIN,UNIHAN,WORDSHK_CHARS
U+5F81	征	セイ	sei	0	0	KANJIDIC,PYPINYIN,UNIHAN,WORDSHK_CHARS
U+5F82	徂	ソ,ゆく	so,yuku	0,0	0,0	KANJIDIC,PYPINYIN,UNIHAN
U+5F83	徃	オウ,いく,いにしえ,さきに,ゆく	ou,iku,inishie,sakini,yuku	0,0,0,0,0	0,0,0,0,0	KANJIDIC,PYPINYIN,UNIHAN
U+5F84	径	ケイ,みち,こみち,さしわたし,ただちに	kei,michi,komichi,sashiwatashi,tadachini	0,0,0,0,0	0,0,0,0,0	KANJIDIC,PYPINYIN,UNIHAN
U+5F85	待	タイ,まつ,まち	tai,matsu,machi	0,0,0	0,0,0	KANJIDIC,PYPINYIN,UNIHAN,WORDSHK_CHARS
U+5F87	徇	ジュン,シュン,あまねし,したがう,となえる	jun,shun,amaneshi,shitagau,tonaeru	0,0,0,0,0	0,0,0,0,0	KANJIDIC,PYPINYIN,UNIHAN,WORDSHK_CHARS
U+5F88	很	コン,コウ,ギン,もとる	kon,kou,gin,motoru	0,0,0,0	0,0,0,0	KANJIDIC,PYPINYIN,UNIHAN,WORDSHK_CHARS
U+5F89	徉	ヨウ,さまよう	you,samayou	0,0	0,0	KANJIDIC,PYPINYIN,UNIHAN
U+5F8A	徊	カイ,クワイ,エ,さまよう	kai,kuwai,e,samayou	0,0,0,0	0,0,0,0	KANJIDIC,PYPINYIN,UNIHAN,WORDSHK_CHARS
U+5F8B	律	リツ,リチ,レツ	ritsu,richi,retsu	0,0,0	0,0,0	KANJIDIC,PYPINYIN,UNIHAN,WORDSHK_CHARS
U+5F8C	後	ゴ,コウ,のち,うしろ,あと,おくれる	go,kou,nochi,ushiro,ato,okureru	0,0,0,0,0,0	0,0,0,0,0,0	KANJIDIC,PYPINYIN,UNIHAN,WORDSHK_CHARS
U+5F8D	徍	アイ,ア,エ,ゆく	ai,a,e,yuku	0,0,0,0	0,0,0,0	KANJIDIC,PYPINYIN,UNIHAN
U+5F8F	徏	チョク,トク,すすむ,のぼる	choku,toku,susumu,noboru	0,0,0,0	0,0,0,0	KANJIDIC,PYPINYIN,UNIHAN
U+5F90	徐	ジョ,おもむろに	jo,omomuroni	0,0	0,0	KANJIDIC,PYPINYIN,UNIHAN,WORDSHK_CHARS
U+5F91	徑	ケイ,みち,こみち,さしわたし,ただちに	kei,michi,komichi,sashiwatashi,tadachini	0,0,0,0,0	0,0,0,0,0	KANJIDIC,PYPINYIN,UNIHAN,WORDSHK_CHARS
U+5F92	徒	ト,いたずら,あだ	to,itazura,ada	0,0,0	0,0,0	KANJIDIC,PYPINYIN,UNIHAN,WORDSHK_CHARS
U+5F93	従	ジュウ,ショウ,ジュ,したがう,したがえる,より	juu,shou,ju,shitagau,shitagaeru,yori	0,0,0,0,0,0	0,0,0,0,0,0	KANJIDIC,PYPINYIN,UNIHAN
U+5F96	徖	ソウ,ス,やすらか	sou,su,yasuraka	0,0,0	0,0,0	KANJIDIC,PYPINYIN,UNIHAN
U+5F97	得	トク,える,うる	toku,eru,uru	0,0,0	0,0,0	KANJIDIC,PYPINYIN,UNIHAN,WORDSHK_CHARS
U+5F98	徘	ハイ,さまよう	hai,samayou	0,0	0,0	KANJIDIC,PYPINYIN,UNIHAN,WORDSHK_CHARS
U+5F99	徙	シ,うつる,うつす	shi,utsuru,utsusu	0,0,0	0,0,0	KANJIDIC,PYPINYIN,UNIHAN,WORDSHK_CHARS
U+5F9C	徜	ショウ,さまよう	shou,samayou	0,0	0,0	KANJIDIC,PYPINYIN,UNIHAN
U+5F9D	徝	チ,チョク,チキ,ほどこす,のぼる	chi,choku,chiki,hodokosu,noboru	0,0,0,0,0	0,0,0,0,0	KANJIDIC,PYPINYIN,UNIHAN
U+5F9E	從	ジュウ,ショウ,ジュ,したがう,したがえる,より	juu,shou,ju,shitagau,shitagaeru,yori	0,0,0,0,0,0	0,0,0,0,0,0	KANJIDIC,PYPINYIN,UNIHAN,WORDSHK_CHARS
U+5FA0	徠	ライ,きたす,きたる,くる	rai,kitasu,kitaru,kuru	0,0,0,0	0,0,0,0	KANJIDIC,PYPINYIN,UNIHAN,WORDSHK_CHARS
U+5FA1	御	ギョ,ゴ,おん,お,み	gyo,go,on,o,mi	0,0,0,0,0	0,0,0,0,0	KANJIDIC,PYPINYIN,UNIHAN,WORDSHK_CHARS
U+5FA2	徢	ショウ	shou	0	0	KANJIDIC,PYPINYIN,UNIHAN
U+5FA4	徤	ケン,すこやか	ken,sukoyaka	0,0	0,0	KANJIDIC,PYPINYIN,UNIHAN
U+5FA7	徧	ヘン,あまねし,あまねく	hen,amaneshi,amaneku	0,0,0	0,0,0	KANJIDIC,PYPINYIN,UNIHAN
U+5FA8	徨	コウ,さまよう	kou,samayou	0,0	0,0	KANJIDIC,PYPINYIN,UNIHAN,WORDSHK_CHARS
U+5FA9	復	フク,また	fuku,mata	0,0	0,0	KANJIDIC,PYPINYIN,UNIHAN,WORDSHK_CHARS
U+5FAA	循	ジュン	jun	0	0	KANJIDIC,PYPINYIN,UNIHAN,WORDSHK_CHARS
U+5FAB	徫	イ,やく	i,yaku	0,0	0,0	KANJIDIC,PYPINYIN,UNIHAN
U+5FAC	徬	ホウ,つきそう	hou,tsukisou	0,0	0,0	KANJIDIC,PYPINYIN,UNIHAN,WORDSHK_CHARS
U+5FAD	徭	ヨウ,エウ,えだち,ふぞろい,つかい	you,eu,edachi,fuzoroi,tsukai	0,0,0,0,0	0,0,0,0,0	KANJIDIC,PYPINYIN,UNIHAN
U+5FAE	微	ビ,かすか	bi,kasuka	0,0	0,0	KANJIDIC,PYPINYIN,UNIHAN,WORDSHK_CHARS
U+5FAF	徯	ケイ,こみち,もつ	kei,komichi,motsu	0,0,0	0,0,0	KANJIDIC,PYPINYIN,UNIHAN
U+5FB0	徰	セイ	sei	0	0	KANJIDIC,PYPINYIN,UNIHAN
U+5FB1	徱	ヒョウ,かるい,かろんずる,すばやい	hyou,karui,karonzuru,subayai	0,0,0,0	0,0,0,0	KANJIDIC,PYPINYIN,UNIHAN
U+5FB3	徳	トク	toku	0	0	KANJIDIC,PYPINYIN,UNIHAN
U+5FB4	徴	チョウ,チ,しるし	chou,chi,shirushi	0,0,0	0,0,0	KANJIDIC,PYPINYIN,UNIHAN
U+5FB5	徵	チョウ,チ,しるし,めす	chou,chi,shirushi,mesu	0,0,0,0	0,0,0,0	KANJIDIC,PYPINYIN,UNIHAN,WORDSHK_CHARS
U+5FB7	德	トク,おしえ	toku,oshie	0,0	0,0	KANJIDIC,PYPINYIN,UNIHAN,WORDSHK_CHARS
U+5FB8	徸	ショウ,シュ,いく	shou,shu,iku	0,0,0	0,0,0	KANJIDIC,PYPINYIN,UNIHAN
U+5FB9	徹	テツ	tetsu	0	0	KANJIDIC,PYPINYIN,UNIHAN,WORDSHK_CHARS
U+5FBC	徼	キョウ,ヨウ,めぐる	kyou,you,meguru	0,0,0	0,0,0	KANJIDIC,PYPINYIN,UNIHAN
U+5FBD	徽	キ,しるし	ki,shirushi	0,0	0,0	KANJIDIC,PYPINYIN,UNIHAN,WORDSHK_CHARS
U+5FC3	心	シン,こころ,ごころ	shin,kokoro,gokoro	0,0,0	0,0,0	KANJIDIC,PYPINYIN,UNIHAN,WORDSHK_CHARS
U+5FC4	忄	シン,こころ	shin,kokoro	0,0	0,0	KANJIDIC,PYPINYIN,UNIHAN,WORDSHK_CHARS
U+5FC5	必	ヒツ,かならず	hitsu,kanarazu	0,0	0,0	KANJIDIC,PYPINYIN,UNIHAN,WORDSHK_CHARS
U+5FC7	忇	ロク,こうろうがおおきい,おもう	roku,kourougaookii,omou	0,0,0	0,0,0	KANJIDIC,PYPINYIN,UNIHAN
U+5FC8	忈	ジン,ニン,したしむ	jin,nin,shitashimu	0,0,0	0,0,0	KANJIDIC,PYPINYIN,UNIHAN
U+5FC9	忉	トウ,うれえる	tou,ureeru	0,0	0,0	KANJIDIC,PYPINYIN,UNIHAN
U+5FCB	忋	カイ,たのむ,あおぐ	kai,tanomu,aogu	0,0,0	0,0,0	KANJIDIC,PYPINYIN,UNIHAN
U+5FCC	忌	キ,いむ,いみ,いまわしい	ki,imu,imi,imawashii	0,0,0,0	0,0,0,0	KANJIDIC,PYPINYIN,UNIHAN,WORDSHK_CHARS
U+5FCD	忍	ニン,しのぶ,しのばせる	nin,shinobu,shinobaseru	0,0,0	0,0,0	KANJIDIC,PYPINYIN,UNIHAN,WORDSHK_CHARS
U+5FD0	忐	クン,コウ,キョウ,タン,むなしい	kun,kou,kyou,tan,munashii	0,0,0,0,0	0,0,0,0,0	KANJIDIC,PYPINYIN,UNIHAN,WORDSHK_CHARS
U+5FD1	忑	トク,トウ,むなしい	toku,tou,munashii	0,0,0	0,0,0	KANJIDIC,PYPINYIN,UNIHAN,WORDSHK_CHARS
U+5FD2	忒	トク,かわる	toku,kawaru	0,0	0,0	KANJIDIC,PYPINYIN,UNIHAN
U+5FD3	忓	カン,きわめる,おかす	kan,kiwameru,okasu	0,0,0	0,0,0	KANJIDIC,PYPINYIN,UNIHAN
U+5FD4	忔	キツ,ギツ,コチ,コツ,キ,よろこぶ	kitsu,gitsu,kochi,kotsu,ki,yorokobu	0,0,0,0,0,0	0,0,0,0,0,0	KANJIDIC,PYPINYIN,UNIHAN
U+5FD6	忖	ソン,はかる	son,hakaru	0,0	0,0	KANJIDIC,PYPINYIN,UNIHAN,WORDSHK_CHARS
U+5FD7	志	シ,シリング,こころざす,こころざし	shi,shiringu,kokorozasu,kokorozashi	0,0,0,0	0,0,0,0	KANJIDIC,PYPINYIN,UNIHAN,WORDSHK_CHARS
U+5FD8	忘	ボウ,わすれる	bou,wasureru	0,0	0,0	KANJIDIC,PYPINYIN,UNIHAN,WORDSHK_CHARS
U+5FD9	忙	ボウ,モウ,いそがしい,せわしい,おそれる,うれえるさま	bou,mou,isogashii,sewashii,osoreru,ureerusama	0,0,0,0,0,0	0,0,0,0,0,0	KANJIDIC,PYPINYIN,UNIHAN,WORDSHK_CHARS
U+5FDC	応	オウ,ヨウ,ノウ,あたる,まさに,こたえる	ou,you,nou,ataru,masani,kotaeru	0,0,0,0,0,0	0,0,0,0,0,0	KANJIDIC,PYPINYIN,UNIHAN
U+5FDD	忝	テン,かたじけない	ten,katajikenai	0,0	0,0	KANJIDIC,PYPINYIN,UNIHAN
U+5FDE	忞	ビン,ミン,ブン,モン,つとめる	bin,min,bun,mon,tsutomeru	0,0,0,0,0	0,0,0,0,0	KANJIDIC,PYPINYIN,UNIHAN
U+5FE0	忠	チュウ	chuu	0	0	KANJIDIC,PYPINYIN,UNIHAN,WORDSHK_CHARS
U+5FE1	忡	チュウ,チュ,シュウ,シュ,うれえる	chuu,chu,shuu,shu,ureeru	0,0,0,0,0	0,0,0,0,0	KANJIDIC,PYPINYIN,UNIHAN,WORDSHK_CHARS
U+5FE2	忢	ゴ,さとる	go,satoru	0,0	0,0	KANJIDIC,PYPINYIN,UNIHAN
U+5FE4	忤	ゴ,さからう,もとる	go,sakarau,motoru	0,0,0	0,0,0	KANJIDIC,PYPINYIN,UNIHAN,WORDSHK_CHARS
U+5FE8	忨	ガン,むさぼる	gan,musaboru	0,0	0,0	KANJIDIC,PYPINYIN,UNIHAN
U+5FE9	忩	ソウ,にわか,あわてる	sou,niwaka,awateru	0,0,0	0,0,0	KANJIDIC,PYPINYIN,UNIHAN
U+5FEA	忪	ショウ,シュ,おどろく	shou,shu,odoroku	0,0,0	0,0,0	KANJIDIC,PYPINYIN,UNIHAN,WORDSHK_CHARS
U+5FEB	快	カイ,こころよい	kai,kokoroyoi	0,0	0,0	KANJIDIC,PYPINYIN,UNIHAN,WORDSHK_CHARS
U+5FEC	忬	ヨ,ショ,あらかじめ,やすんずる	yo,sho,arakajime,yasunzuru	0,0,0,0	0,0,0,0	KANJIDIC,PYPINYIN,UNIHAN
U+5FED	忭	ヘン,たのしむ	hen,tanoshimu	0,0	0,0	KANJIDIC,PYPINYIN,UNIHAN
U+5FEE	忮	シ,キ,さからう	shi,ki,sakarau	0,0,0	0,0,0	KANJIDIC,PYPINYIN,UNIHAN
U+5FEF	忯	キ,シ,つつしむ	ki,shi,tsutsushimu	0,0,0	0,0,0	KANJIDIC,PYPINYIN,UNIHAN
U+5FF0	忰	スイ,せがれ,やつれる	sui,segare,yatsureru	0,0,0	0,0,0	KANJIDIC,PYPINYIN,UNIHAN
U+5FF1	忱	シン,まこと	shin,makoto	0,0	0,0	KANJIDIC,PYPINYIN,UNIHAN,WORDSHK_CHARS
U+5FF2	忲	タイ,ならう	tai,narau	0,0	0,0	KANJIDIC,PYPINYIN,UNIHAN
U+5FF3	忳	トン,シュン,うれえる	ton,shun,ureeru	0,0,0	0,0,0	KANJIDIC,PYPINYIN,UNIHAN,WORDSHK_CHARS
U+5FF5	念	ネン	nen	0	0	KANJIDIC,PYPINYIN,UNIHAN,WORDSHK_CHARS
U+5FF6	忶	コン,ウン,もだえる,まよう	kon,un,modaeru,mayou	0,0,0,0	0,0,0,0	KANJIDIC,PYPINYIN,UNIHAN
U+5FF8	忸	ジク,ジュウ,はじる	jiku,juu,hajiru	0,0,0	0,0,0	KANJIDIC,PYPINYIN,UNIHAN
U+5FFA	忺	ケン,コン,のぞむ	ken,kon,nozomu	0,0,0	0,0,0	KANJIDIC,PYPINYIN,UNIHAN
U+5FFB	忻	キン,よろこぶ	kin,yorokobu	0,0	0,0	KANJIDIC,PYPINYIN,UNIHAN
U+5FFC	忼	コウ,ホウ,ヒョウ,なげく,あなどる	kou,hou,hyou,nageku,anadoru	0,0,0,0,0	0,0,0,0,0	KANJIDIC,PYPINYIN,UNIHAN
U+5FFD	忽	コツ,たちまち,ゆるがせ	kotsu,tachimachi,yurugase	0,0,0	0,0,0	KANJIDIC,PYPINYIN,UNIHAN,WORDSHK_CHARS
U+5FFF	忿	フン,いかる,いかり	fun,ikaru,ikari	0,0,0	0,0,0	KANJIDIC,PYPINYIN,UNIHAN,WORDSHK_CHARS
U+6007	怇	キョ,ゴ,キョウ,あなどる	kyo,go,kyou,anadoru	0,0,0,0	0,0,0,0	KANJIDIC,PYPINYIN,UNIHAN
U+600A	怊	チョウ,ショウ,かなしむ,いたむ	chou,shou,kanashimu,itamu	0,0,0,0	0,0,0,0	KANJIDIC,PYPINYIN,UNIHAN
U+600D	怍	サク,サ,ジャ,はじる	saku,sa,ja,hajiru	0,0,0,0	0,0,0,0	KANJIDIC,PYPINYIN,UNIHAN
U+600E	怎	シン,ソ,いかで,なんぞ	shin,so,ikade,nanzo	0,0,0,0	0,0,0,0	KANJIDIC,PYPINYIN,UNIHAN,WORDSHK_CHARS
U+600F	怏	オウ,ヨウ,うらむ	ou,you,uramu	0,0,0	0,0,0	KANJIDIC,PYPINYIN,UNIHAN
U+6010	怐	ク	ku	0	0	KANJIDIC,PYPINYIN,UNIHAN
U+6012	怒	ド,ヌ,いかる,おこる	do,nu,ikaru,okoru	0,0,0,0	0,0,0,0	KANJIDIC,PYPINYIN,UNIHAN,WORDSHK_CHARS
U+6013	怓	ドウ,ニョウ,ニュ,みだれる	dou,nyou,nyu,midareru	0,0,0,0	0,0,0,0	KANJIDIC,PYPINYIN,UNIHAN
U+6014	怔	セイ,ショウ,おそれあわてる	sei,shou,osoreawateru	0,0,0	0,0,0	KANJIDIC,PYPINYIN,UNIHAN
U+6015	怕	ハク,ヒャク,ハ,おそれる	haku,hyaku,ha,osoreru	0,0,0,0	0,0,0,0	KANJIDIC,PYPINYIN,UNIHAN,WORDSHK_CHARS
U+6016	怖	フ,ホ,こわい,こわがる,おじる,おそれる	fu,ho,kowai,kowagaru,ojiru,osoreru	0,0,0,0,0,0	0,0,0,0,0,0	KANJIDIC,PYPINYIN,UNIHAN,WORDSHK_CHARS
U+6017	怗	チョウ,テン,セン,おだやか,したがう	chou,ten,sen,odayaka,shitagau	0,0,0,0,0	0,0,0,0,0	KANJIDIC,PYPINYIN,UNIHAN
U+6018	怘	コ,ク,かためる,かたく	ko,ku,katameru,kataku	0,0,0,0	0,0,0,0	KANJIDIC,PYPINYIN,UNIHAN
U+6019	怙	コ,たのむ	ko,tanomu	0,0	0,0	KANJIDIC,PYPINYIN,UNIHAN
U+601A	怚	ショ,ソ,おごる	sho,so,ogoru	0,0,0	0,0,0	KANJIDIC,PYPINYIN,UNIHAN
U+601B	怛	ダツ,タン,タツ,いたむ	datsu,tan,tatsu,itamu	0,0,0,0	0,0,0,0	KANJIDIC,PYPINYIN,UNIHAN
U+601C	怜	レイ,レン,リョウ,あわれむ,さとい	rei,ren,ryou,awaremu,satoi	0,0,0,0,0	0,0,0,0,0	KANJIDIC,PYPINYIN,UNIHAN
U+601D	思	シ,おもう,おもえらく,おぼす	shi,omou,omoeraku,obosu	0,0,0,0	0,0,0,0	KANJIDIC,PYPINYIN,UNIHAN,WORDSHK_CHARS
U+601F	怟	テイ,タイ,もだえる	tei,tai,modaeru	0,0,0	0,0,0	KANJIDIC,PYPINYIN,UNIHAN
U+6020	怠	タイ,おこたる,なまける	tai,okotaru,namakeru	0,0,0	0,0,0	KANJIDIC,PYPINYIN,UNIHAN,WORDSHK_CHARS
U+6021	怡	イ,よろこぶ	i,yorokobu	0,0	0,0	KANJIDIC,PYPINYIN,UNIHAN,WORDSHK_CHARS
U+6024	怤	フ,おもう,よろこぶ	fu,omou,yorokobu	0,0,0	0,0,0	KANJIDIC,PYPINYIN,UNIHAN
U+6025	急	キュウ,いそぐ,いそぎ,せく	kyuu,isogu,isogi,seku	0,0,0,0	0,0,0,0	KANJIDIC,PYPINYIN,UNIHAN,WORDSHK_CHARS
U+6026	怦	ホウ,ヒョウ	hou,hyou	0,0	0,0	KANJIDIC,PYPINYIN,UNIHAN,WORDSHK_CHARS
U+6027	性	セイ,ショウ,さが	sei,shou,saga	0,0,0	0,0,0	KANJIDIC,PYPINYIN,UNIHAN,WORDSHK_CHARS
U+6028	怨	エン,オン,ウン,うらむ,うらみ,うらめしい	en,on,un,uramu,urami,urameshii	0,0,0,0,0,0	0,0,0,0,0,0	KANJIDIC,PYPINYIN,UNIHAN,WORDSHK_CHARS
U+6029	怩	ジ	ji	0	0	KANJIDIC,PYPINYIN,UNIHAN
U+602A	怪	カイ,ケ,あやしい,あやしむ	kai,ke,ayashii,ayashimu	0,0,0,0	0,0,0,0	KANJIDIC,PYPINYIN,UNIHAN,WORDSHK_CHARS
U+602B	怫	フツ,ハイ,ヒ	futsu,hai,hi	0,0,0	0,0,0	KANJIDIC,PYPINYIN,UNIHAN
U+602D	怭	ヒツ,ビチ,あなどる	hitsu,bichi,anadoru	0,0,0	0,0,0	KANJIDIC,PYPINYIN,UNIHAN
U+602F	怯	キョウ,コウ,ひるむ,おびえる,おじる,おそれる	kyou,kou,hirumu,obieru,ojiru,osoreru	0,0,0,0,0,0	0,0,0,0,0,0	KANJIDIC,PYPINYIN,UNIHAN,WORDSHK_CHARS
U+6031	怱	ソウ,にわか,あわてる	sou,niwaka,awateru	0,0,0	0,0,0	KANJIDIC,PYPINYIN,UNIHAN
U+6033	怳	キョウ,チュツ,シュツ,くるう	kyou,chutsu,shutsu,kuruu	0,0,0,0	0,0,0,0	KANJIDIC,PYPINYIN,UNIHAN
U+6035	怵	チュツ,シュツ,シュチ,おそれる	chutsu,shutsu,shuchi,osoreru	0,0,0,0	0,0,0,0	KANJIDIC,PYPINYIN,UNIHAN
U+603A	怺	こらえる	koraeru	0	0	KANJIDIC,PYPINYIN,UNIHAN
U+6040	恀	シ,たのむ	shi,tanomu	0,0	0,0	KANJIDIC,PYPINYIN,UNIHAN
U+6041	恁	イン,ジン,ニン	in,jin,nin	0,0,0	0,0,0	KANJIDIC,PYPINYIN,UNIHAN
U+6042	恂	ジュン,シュン,まこと	jun,shun,makoto	0,0,0	0,0,0	KANJIDIC,PYPINYIN,UNIHAN
U+6043	恃	ジ,シ,たのむ	ji,shi,tanomu	0,0,0	0,0,0	KANJIDIC,PYPINYIN,UNIHAN,WORDSHK_CHARS
U+6046	恆	コウ,つねに	kou,tsuneni	0,0	0,0	KANJIDIC,PYPINYIN,UNIHAN,WORDSHK_CHARS
U+6047	恇	キョウ,コウ,つね	kyou,kou,tsune	0,0,0	0,0,0	KANJIDIC,PYPINYIN,UNIHAN
U+6048	恈	ボウ,ム,むさぼりおしむ	bou,mu,musaborioshimu	0,0,0	0,0,0	KANJIDIC,PYPINYIN,UNIHAN
U+6049	恉	シ,こころ	shi,kokoro	0,0	0,0	KANJIDIC,PYPINYIN,UNIHAN
U+604A	恊	キョウ,あわせる,かなう	kyou,awaseru,kanau	0,0,0	0,0,0	KANJIDIC,PYPINYIN,UNIHAN
U+604B	恋	レン,こう,こい,こいしい	ren,kou,koi,koishii	0,0,0,0	0,0,0,0	KANJIDIC,PYPINYIN,UNIHAN
U+604C	恌	チョウ,ヨウ,うすい	chou,you,usui	0,0,0	0,0,0	KANJIDIC,PYPINYIN,UNIHAN
U+604D	恍	コウ,とぼける,ほれる	kou,tobokeru,horeru	0,0,0	0,0,0	KANJIDIC,PYPINYIN,UNIHAN,WORDSHK_CHARS
U+6050	恐	キョウ,おそれる,おそる,おそろしい,こわい,こわがる	kyou,osoreru,osoru,osoroshii,kowai,kowagaru	0,0,0,0,0,0	0,0,0,0,0,0	KANJIDIC,PYPINYIN,UNIHAN,WORDSHK_CHARS
U+6051	恑	キ,かわる,あやしむ	ki,kawaru,ayashimu	0,0,0	0,0,0	KANJIDIC,PYPINYIN,UNIHAN
U+6052	恒	コウ,つね,つねに	kou,tsune,tsuneni	0,0,0	0,0,0	KANJIDIC,PYPINYIN,UNIHAN,WORDSHK_CHARS
U+6054	恔	キョウ,コウ,さとい	kyou,kou,satoi	0,0,0	0,0,0	KANJIDIC,PYPINYIN,UNIHAN
U+6055	恕	ジョ,ショ,ゆるす	jo,sho,yurusu	0,0,0	0,0,0	KANJIDIC,PYPINYIN,UNIHAN,WORDSHK_CHARS
U+6056	恖	シ,サイ,おもう,おもえらく,おぼす	shi,sai,omou,omoeraku,obosu	0,0,0,0,0	0,0,0,0,0	KANJIDIC,PYPINYIN,UNIHAN
U+6057	恗	コ,ク,カ,ケ,おそれる,うれえる,ほこる	ko,ku,ka,ke,osoreru,ureeru,hokoru	0,0,0,0,0,0,0	0,0,0,0,0,0,0	KANJIDIC,PYPINYIN,UNIHAN
U+6059	恙	ヨウ,つつがない	you,tsutsuganai	0,0	0,0	KANJIDIC,PYPINYIN,UNIHAN,WORDSHK_CHARS
U+605A	恚	イ,いかる	i,ikaru	0,0	0,0	KANJIDIC,PYPINYIN,UNIHAN
U+605D	恝	カイ,カツ,ケチ	kai,katsu,kechi	0,0,0	0,0,0	KANJIDIC,PYPINYIN,UNIHAN
U+605F	恟	キョウ,おそれる	kyou,osoreru	0,0	0,0	KANJIDIC,PYPINYIN,UNIHAN
U+6060	恠	カイ,ケ,あやしい,あやしむ	kai,ke,ayashii,ayashimu	0,0,0,0	0,0,0,0	KANJIDIC,PYPINYIN,UNIHAN
U+6061	恡	リン,ねたむ,やぶさか,おしむ	rin,netamu,yabusaka,oshimu	0,0,0,0	0,0,0,0	KANJIDIC,PYPINYIN,UNIHAN
U+6062	恢	カイ,ケ,ひろい	kai,ke,hiroi	0,0,0	0,0,0	KANJIDIC,PYPINYIN,UNIHAN,WORDSHK_CHARS
U+6063	恣	シ,ほしいまま	shi,hoshiimama	0,0	0,0	KANJIDIC,PYPINYIN,UNIHAN,WORDSHK_CHARS
U+6064	恤	ジュツ,シュツ,めぐむ,あわれむ,うれえる	jutsu,shutsu,megumu,awaremu,ureeru	0,0,0,0,0	0,0,0,0,0	KANJIDIC,PYPINYIN,UNIHAN,WORDSHK_CHARS
U+6065	恥	チ,はじる,はじ,はじらう,はずかしい	chi,hajiru,haji,hajirau,hazukashii	0,0,0,0,0	0,0,0,0,0	KANJIDIC,PYPINYIN,UNIHAN,WORDSHK_CHARS
U+6067	恧	ジク,ニク,ジョク,ニョク,はじる	jiku,niku,joku,nyoku,hajiru	0,0,0,0,0	0,0,0,0,0	KANJIDIC,PYPINYIN,UNIHAN
U+6068	恨	コン,うらむ,うらめしい	kon,uramu,urameshii	0,0,0	0,0,0	KANJIDIC,PYPINYIN,UNIHAN,WORDSHK_CHARS
U+6069	恩	オン	on	0	0	KANJIDIC,PYPINYIN,UNIHAN,WORDSHK_CHARS
U+606A	恪	カク,つつしむ	kaku,tsutsushimu	0,0	0,0	KANJIDIC,PYPINYIN,UNIHAN,WORDSHK_CHARS
U+606B	恫	ドウ,トウ,いたむ	dou,tou,itamu	0,0,0	0,0,0	KANJIDIC,PYPINYIN,UNIHAN,WORDSHK_CHARS
U+606C	恬	テン,やすらく,やすい	ten,yasuraku,yasui	0,0,0	0,0,0	KANJIDIC,PYPINYIN,UNIHAN,WORDSHK_CHARS
U+606D	恭	キョウ,うやうやしい	kyou,uyauyashii	0,0	0,0	KANJIDIC,PYPINYIN,UNIHAN,WORDSHK_CHARS
U+606F	息	ソク,いき	soku,iki	0,0	0,0	KANJIDIC,PYPINYIN,UNIHAN,WORDSHK_CHARS
U+6070	恰	コウ,カッ,チョウ,キョウ,あたかも	kou,ka,chou,kyou,atakamo	0,0,0,0,0	0,0,0,0,0	KANJIDIC,PYPINYIN,UNIHAN,WORDSHK_CHARS
U+6071	恱	エツ,エチ,よろこぶ,よろこばす	etsu,echi,yorokobu,yorokobasu	0,0,0,0	0,0,0,0	KANJIDIC,PYPINYIN,UNIHAN
U+6075	恵	ケイ,エ,めぐむ,めぐみ	kei,e,megumu,megumi	0,0,0,0	0,0,0,0	KANJIDIC,PYPINYIN,UNIHAN
U+6077	恷	キュウ,ク	kyuu,ku	0,0	0,0	KANJIDIC,PYPINYIN,UNIHAN
U+607E	恾	ボウ,モウ,いそがしい,せわしい,おそれる,うれえる	bou,mou,isogashii,sewashii,osoreru,ureeru	0,0,0,0,0,0	0,0,0,0,0,0	KANJIDIC,PYPINYIN,UNIHAN
U+607F	恿	ヨウ,ユ,トウ,ツ,いさむ	you,yu,tou,tsu,isamu	0,0,0,0,0	0,0,0,0,0	KANJIDIC,PYPINYIN,UNIHAN,WORDSHK_CHARS
U+6081	悁	エン,ケン	en,ken	0,0	0,0	KANJIDIC,PYPINYIN,UNIHAN
U+6082	悂	ヒ,ヘイ,あやまる,つつしむ	hi,hei,ayamaru,tsutsushimu	0,0,0,0	0,0,0,0	KANJIDIC,PYPINYIN,UNIHAN
U+6083	悃	コン,まごころ	kon,magokoro	0,0	0,0	KANJIDIC,PYPINYIN,UNIHAN
U+6084	悄	ショウ,うれえる	shou,ureeru	0,0	0,0	KANJIDIC,PYPINYIN,UNIHAN,WORDSHK_CHARS
U+6086	悆	ヨ,ショ,ソ,わすれる	yo,sho,so,wasureru	0,0,0,0	0,0,0,0	KANJIDIC,PYPINYIN,UNIHAN
U+6088	悈	カイ,キョク,コク,カク,ととのえる	kai,kyoku,koku,kaku,totonoeru	0,0,0,0,0	0,0,0,0,0	KANJIDIC,PYPINYIN,UNIHAN
U+6089	悉	シツ,シチ,つきる,ことごと,ことごとく,つくす,つぶさに	shitsu,shichi,tsukiru,kotogoto,kotogotoku,tsukusu,tsubusani	0,0,0,0,0,0,0	0,0,0,0,0,0,0	KANJIDIC,PYPINYIN,UNIHAN,WORDSHK_CHARS
U+608A	悊	テツ,テチ,うやまう	tetsu,techi,uyamau	0,0,0	0,0,0	KANJIDIC,PYPINYIN,UNIHAN
U+608B	悋	リン,ねたむ,やぶさか,おしむ	rin,netamu,yabusaka,oshimu	0,0,0,0	0,0,0,0	KANJIDIC,PYPINYIN,UNIHAN
U+608C	悌	テイ,ダイ	tei,dai	0,0	0,0	KANJIDIC,PYPINYIN,UNIHAN
U+608D	悍	カン,たけし,あらし	kan,takeshi,arashi	0,0,0	0,0,0	KANJIDIC,PYPINYIN,UNIHAN,WORDSHK_CHARS
U+608E	悎	コウ,コク,カク,キョウ,おそれる	kou,koku,kaku,kyou,osoreru	0,0,0,0,0	0,0,0,0,0	KANJIDIC,PYPINYIN,UNIHAN
U+6091	悑	フ,ホ,こわい,こわがる,おじる,おそれる	fu,ho,kowai,kowagaru,ojiru,osoreru	0,0,0,0,0,0	0,0,0,0,0,0	KANJIDIC,PYPINYIN,UNIHAN
U+6092	悒	ユウ,ふさぐ,うれえる	yuu,fusagu,ureeru	0,0,0	0,0,0	KANJIDIC,PYPINYIN,UNIHAN,WORDSHK_CHARS
U+6093	悓	ケン,たとえる,うかがう	ken,tatoeru,ukagau	0,0,0	0,0,0	KANJIDIC,PYPINYIN,UNIHAN
U+6094	悔	カイ,くいる,くやむ,くやしい	kai,kuiru,kuyamu,kuyashii	0,0,0,0	0,0,0,0	KANJIDIC,PYPINYIN,UNIHAN,WORDSHK_CHARS
U+6095	悕	キ,ケ,おもう,かなしむ	ki,ke,omou,kanashimu	0,0,0,0	0,0,0,0	KANJIDIC,PYPINYIN,UNIHAN
U+6096	悖	ハイ,ボツ,もとる	hai,botsu,motoru	0,0,0	0,0,0	KANJIDIC,PYPINYIN,UNIHAN,WORDSHK_CHARS
U+6097	悗	バン,マン	ban,man	0,0	0,0	KANJIDIC,PYPINYIN,UNIHAN
U+6098	悘	イ,エイ,つまびらか,うやうやしい	i,ei,tsumabiraka,uyauyashii	0,0,0,0	0,0,0,0	KANJIDIC,PYPINYIN,UNIHAN
U+609A	悚	ショウ,おそれる	shou,osoreru	0,0	0,0	KANJIDIC,PYPINYIN,UNIHAN,WORDSHK_CHARS
U+609B	悛	シュン,セン,あらためる	shun,sen,aratameru	0,0,0	0,0,0	KANJIDIC,PYPINYIN,UNIHAN
U+609D	悝	カイ,リ,たわむれる	kai,ri,tawamureru	0,0,0	0,0,0	KANJIDIC,PYPINYIN,UNIHAN
U+609E	悞	ゴ,あやまる	go,ayamaru	0,0	0,0	KANJIDIC,PYPINYIN,UNIHAN
U+609F	悟	ゴ,さとる	go,satoru	0,0	0,0	KANJIDIC,PYPINYIN,UNIHAN,WORDSHK_CHARS
U+60A0	悠	ユウ	yuu	0	0	KANJIDIC,PYPINYIN,UNIHAN,WORDSHK_CHARS
U+60A2	悢	リョウ,コウ,かなしむ	ryou,kou,kanashimu	0,0,0	0,0,0	KANJIDIC,PYPINYIN,UNIHAN
U+60A3	患	カン,わずらう	kan,wazurau	0,0	0,0	KANJIDIC,PYPINYIN,UNIHAN,WORDSHK_CHARS
U+60A4	悤	ソウ,にわか,あわてる	sou,niwaka,awateru	0,0,0	0,0,0	KANJIDIC,PYPINYIN,UNIHAN
U+60A5	悥	オク,ヨク,みちる	oku,yoku,michiru	0,0,0	0,0,0	KANJIDIC,PYPINYIN,UNIHAN
U+60A6	悦	エツ,よろこぶ,よろこばす	etsu,yorokobu,yorokobasu	0,0,0	0,0,0	KANJIDIC,PYPINYIN,UNIHAN,WORDSHK_CHARS
U+60A7	悧	リ	ri	0	0	KANJIDIC,PYPINYIN,UNIHAN
U+60A8	您	ジ,ニ,なんじ,しかり,その,のみ	ji,ni,nanji,shikari,sono,nomi	0,0,0,0,0,0	0,0,0,0,0,0	KANJIDIC,PYPINYIN,UNIHAN,WORDSHK_CHARS
U+60A9	悩	ノウ,なやむ,なやます,なやましい,なやみ	nou,nayamu,nayamasu,nayamashii,nayami	0,0,0,0,0	0,0,0,0,0	KANJIDIC,PYPINYIN,UNIHAN
U+60AA	悪	アク,オ,わるい,わる,あし,にくい,ああ,いずくに,いずくんぞ,にくむ	aku,o,warui,waru,ashi,nikui,aa,izukuni,izukunzo,nikumu	0,0,0,0,0,0,0,0,0,0	0,0,0,0,0,0,0,0,0,0	KANJIDIC,PYPINYIN,UNIHAN
U+60B0	悰	ソウ,ズ,たのしむ	sou,zu,tanoshimu	0,0,0	0,0,0	KANJIDIC,PYPINYIN,UNIHAN
U+60B1	悱	ヒ,いいなやむ	hi,iinayamu	0,0	0,0	KANJIDIC,PYPINYIN,UNIHAN,WORDSHK_CHARS
U+60B2	悲	ヒ,かなしい,かなしむ	hi,kanashii,kanashimu	0,0,0	0,0,0	KANJIDIC,PYPINYIN,UNIHAN,WORDSHK_CHARS
U+60B3	悳	トク	toku	0	0	KANJIDIC,PYPINYIN,UNIHAN
U+60B4	悴	スイ,せがれ,やつれる	sui,segare,yatsureru	0,0,0	0,0,0	KANJIDIC,PYPINYIN,UNIHAN,WORDSHK_CHARS
U+60B5	悵	チョウ,いたむ,うらむ	chou,itamu,uramu	0,0,0	0,0,0	KANJIDIC,PYPINYIN,UNIHAN,WORDSHK_CHARS
U+60B6	悶	モン,もだえる	mon,modaeru	0,0	0,0	KANJIDIC,PYPINYIN,UNIHAN,WORDSHK_CHARS
U+60B7	悷	レイ,ライ,リ,かなしむ	rei,rai,ri,kanashimu	0,0,0,0	0,0,0,0	KANJIDIC,PYPINYIN,UNIHAN
U+60B8	悸	キ	ki	0	0	KANJIDIC,PYPINYIN,UNIHAN,WORDSHK_CHARS
U+60BB	悻	ケイ,ギョウ,コウ,もとる	kei,gyou,kou,motoru	0,0,0,0	0,0,0,0	KANJIDIC,PYPINYIN,UNIHAN
U+60BC	悼	トウ,いたむ	tou,itamu	0,0	0,0	KANJIDIC,PYPINYIN,UNIHAN,WORDSHK_CHARS
U+60BD	悽	セイ,いたむ	sei,itamu	0,0	0,0	KANJIDIC,PYPINYIN,UNIHAN,WORDSHK_CHARS
U+60BE	悾	コウ,ク	kou,ku	0,0	0,0	KANJIDIC,PYPINYIN,UNIHAN
U+60C2	惂	カン,コン,うれえくるしむ	kan,kon,ureekurushimu	0,0,0	0,0,0	KANJIDIC,PYPINYIN,UNIHAN
U+60C4	惄	デキ,ひもじい	deki,himojii	0,0	0,0	KANJIDIC,PYPINYIN,UNIHAN
U+60C5	情	ジョウ,セイ,なさけ	jou,sei,nasake	0,0,0	0,0,0	KANJIDIC,PYPINYIN,UNIHAN,WORDSHK_CHARS
U+60C6	惆	チュウ,うらむ	chuu,uramu	0,0	0,0	KANJIDIC,PYPINYIN,UNIHAN,WORDSHK_CHARS
U+60C7	惇	シュン,ジュン,トン,あつい	shun,jun,ton,atsui	0,0,0,0	0,0,0,0	KANJIDIC,PYPINYIN,UNIHAN
U+60C8	惈	カ,いさましい	ka,isamashii	0,0	0,0	KANJIDIC,PYPINYIN,UNIHAN
U+60C9	惉	セン,やぶれる	sen,yabureru	0,0	0,0	KANJIDIC,PYPINYIN,UNIHAN
U+60CA	惊	リョウ,かなしむ	ryou,kanashimu	0,0	0,0	KANJIDIC,PYPINYIN,UNIHAN
U+60CB	惋	ワン,なげく	wan,nageku	0,0	0,0	KANJIDIC,PYPINYIN,UNIHAN,WORDSHK_CHARS
U+60CE	惎	キ,そこなう	ki,sokonau	0,0	0,0	KANJIDIC,PYPINYIN,UNIHAN
U+60CF	惏	ラン,リン,むさぼる	ran,rin,musaboru	0,0,0	0,0,0	KANJIDIC,PYPINYIN,UNIHAN
U+60D1	惑	ワク,まどう	waku,madou	0,0	0,0	KANJIDIC,PYPINYIN,UNIHAN,WORDSHK_CHARS
U+60D3	惓	ケン,うむ	ken,umu	0,0	0,0	KANJIDIC,PYPINYIN,UNIHAN
U+60D4	惔	タン,テン,ネン,エン,うれえる	tan,ten,nen,en,ureeru	0,0,0,0,0	0,0,0,0,0	KANJIDIC,PYPINYIN,UNIHAN
U+60D5	惕	テキ,チャク,つつしむ	teki,chaku,tsutsushimu	0,0,0	0,0,0	KANJIDIC,PYPINYIN,UNIHAN,WORDSHK_CHARS
U+60D8	惘	ボウ,モウ,あきれる	bou,mou,akireru	0,0,0	0,0,0	KANJIDIC,PYPINYIN,UNIHAN,WORDSHK_CHARS
U+60D9	惙	テツ,テチ,テイ,うれえる	tetsu,techi,tei,ureeru	0,0,0,0	0,0,0,0	KANJIDIC,PYPINYIN,UNIHAN
U+60DA	惚	コツ,ほける,ぼける,ほれる	kotsu,hokeru,bokeru,horeru	0,0,0,0	0,0,0,0	KANJIDIC,PYPINYIN,UNIHAN,WORDSHK_CHARS
U+60DB	惛	コン,ビン,ミン,おろか	kon,bin,min,oroka	0,0,0,0	0,0,0,0	KANJIDIC,PYPINYIN,UNIHAN
U+60DC	惜	セキ,おしい,おしむ	seki,oshii,oshimu	0,0,0	0,0,0	KANJIDIC,PYPINYIN,UNIHAN,WORDSHK_CHARS
U+60DD	惝	ショウ,トウ,うっとりする	shou,tou,uttorisuru	0,0,0	0,0,0	KANJIDIC,PYPINYIN,UNIHAN
U+60DE	惞	キン,コン,よろこぶ	kin,kon,yorokobu	0,0,0	0,0,0	KANJIDIC,PYPINYIN,UNIHAN
U+60DF	惟	イ,ユイ,おもんみる,これ,おもうに	i,yui,omonmiru,kore,omouni	0,0,0,0,0	0,0,0,0,0	KANJIDIC,PYPINYIN,UNIHAN,WORDSHK_CHARS
U+60E0	惠	ケイ,エ,めぐむ,めぐみ	kei,e,megumu,megumi	0,0,0,0	0,0,0,0	KANJIDIC,PYPINYIN,UNIHAN,WORDSHK_CHARS
U+60E1	惡	アク,オ,わるい,あし,にくい,ああ,いずくに,いずくんぞ,にくむ	aku,o,warui,ashi,nikui,aa,izukuni,izukunzo,nikumu	0,0,0,0,0,0,0,0,0	0,0,0,0,0,0,0,0,0	KANJIDIC,PYPINYIN,UNIHAN,WORDSHK_CHARS
U+60E2	惢	サ,スイ,ニ,うたがう	sa,sui,ni,utagau	0,0,0,0	0,0,0,0	KANJIDIC,PYPINYIN,UNIHAN
U+60E3	惣	ソウ,すべて	sou,subete	0,0	0,0	KANJIDIC,PYPINYIN,UNIHAN
U+60E5	惥	ヨウ,すすむ,すすめる	you,susumu,susumeru	0,0,0	0,0,0	KANJIDIC,PYPINYIN,UNIHAN
U+60E7	惧	ク,グ,おそれる	ku,gu,osoreru	0,0,0	0,0,0	KANJIDIC,PYPINYIN,UNIHAN
U+60E8	惨	サン,ザン,みじめ,いたむ,むごい	san,zan,mijime,itamu,mugoi	0,0,0,0,0	0,0,0,0,0	KANJIDIC,PYPINYIN,UNIHAN
U+60F0	惰	ダ	da	0	0	KANJIDIC,PYPINYIN,UNIHAN,WORDSHK_CHARS
U+60F1	惱	ノウ,なやむ,なやます,なやましい,なやみ	nou,nayamu,nayamasu,nayamashii,nayami	0,0,0,0,0	0,0,0,0,0	KANJIDIC,PYPINYIN,UNIHAN,WORDSHK_CHARS
U+60F2	惲	ウン,キン,あつい	un,kin,atsui	0,0,0	0,0,0	KANJIDIC,PYPINYIN,UNIHAN
U+60F3	想	ソウ,ソ,おもう	sou,so,omou	0,0,0	0,0,0	KANJIDIC,PYPINYIN,UNIHAN,WORDSHK_CHARS
U+60F4	惴	ズイ,スイ,おそれる	zui,sui,osoreru	0,0,0	0,0,0	KANJIDIC,PYPINYIN,UNIHAN,WORDSHK_CHARS
U+60F5	惵	チョウ,ジョウ,キョウ,やすらか	chou,jou,kyou,yasuraka	0,0,0,0	0,0,0,0	KANJIDIC,PYPINYIN,UNIHAN
U+60F6	惶	コウ,おそれる	kou,osoreru	0,0	0,0	KANJIDIC,PYPINYIN,UNIHAN,WORDSHK_CHARS
U+60F7	惷	シュン	shun	0	0	KANJIDIC,PYPINYIN,UNIHAN
U+60F8	惸	ケイ,ギョウ,うれえる	kei,gyou,ureeru	0,0,0	0,0,0	KANJIDIC,PYPINYIN,UNIHAN
U+60F9	惹	ジャク,ジャ,ひく	jaku,ja,hiku	0,0,0	0,0,0	KANJIDIC,PYPINYIN,UNIHAN,WORDSHK_CHARS
U+60FA	惺	セイ,さとる	sei,satoru	0,0	0,0	KANJIDIC,PYPINYIN,UNIHAN,WORDSHK_CHARS
U+60FB	惻	ソク,ショク,いたむ	soku,shoku,itamu	0,0,0	0,0,0	KANJIDIC,PYPINYIN,UNIHAN,WORDSHK_CHARS
U+60FC	惼	ヘン,せまい	hen,semai	0,0	0,0	KANJIDIC,PYPINYIN,UNIHAN
U+60FD	惽	コン,ビン	kon,bin	0,0	0,0	KANJIDIC,PYPINYIN,UNIHAN
U+6100	愀	シュウ,ショウ	shuu,shou	0,0	0,0	KANJIDIC,PYPINYIN,UNIHAN
U+6101	愁	シュウ,うれえる,うれい	shuu,ureeru,urei	0,0,0	0,0,0	KANJIDIC,PYPINYIN,UNIHAN,WORDSHK_CHARS
U+6102	愂	ハイ,ボツ,もとる	hai,botsu,motoru	0,0,0	0,0,0	KANJIDIC,PYPINYIN,UNIHAN
U+6103	愃	ケン,カン	ken,kan	0,0	0,0	KANJIDIC,PYPINYIN,UNIHAN
U+6106	愆	ケン,あやまる	ken,ayamaru	0,0	0,0	KANJIDIC,PYPINYIN,UNIHAN
U+6107	愇	イ,うらむ,あさい,よい	i,uramu,asai,yoi	0,0,0,0	0,0,0,0	KANJIDIC,PYPINYIN,UNIHAN
U+6108	愈	ユ,いよいよ,まさる	yu,iyoiyo,masaru	0,0,0	0,0,0	KANJIDIC,PYPINYIN,UNIHAN,WORDSHK_CHARS
U+6109	愉	ユ,たのしい,たのしむ	yu,tanoshii,tanoshimu	0,0,0	0,0,0	KANJIDIC,PYPINYIN,UNIHAN,WORDSHK_CHARS
U+610A	愊	ヒョク,ヒキ,フク,まこと	hyoku,hiki,fuku,makoto	0,0,0,0	0,0,0,0	KANJIDIC,PYPINYIN,UNIHAN
U+610C	愌	カン,はびこる	kan,habikoru	0,0	0,0	KANJIDIC,PYPINYIN,UNIHAN
U+610D	愍	ビン,ミン,あわれむ	bin,min,awaremu	0,0,0	0,0,0	KANJIDIC,PYPINYIN,UNIHAN
U+610E	愎	フク,ヒョク,もとる	fuku,hyoku,motoru	0,0,0	0,0,0	KANJIDIC,PYPINYIN,UNIHAN,WORDSHK_CHARS
U+610F	意	イ	i	0	0	KANJIDIC,PYPINYIN,UNIHAN,WORDSHK_CHARS
U+6110	愐	ベン,メン,つとめる	ben,men,tsutomeru	0,0,0	0,0,0	KANJIDIC,PYPINYIN,UNIHAN
U+6111	愑	ヨウ,ユ,みつる,いかる	you,yu,mitsuru,ikaru	0,0,0,0	0,0,0,0	KANJIDIC,PYPINYIN,UNIHAN
U+6112	愒	ケイ,ケツ,ケチ,カイ,いこう	kei,ketsu,kechi,kai,ikou	0,0,0,0,0	0,0,0,0,0	KANJIDIC,PYPINYIN,UNIHAN
U+6113	愓	トウ,ショウ,ヨウ,ほしいまま	tou,shou,you,hoshiimama	0,0,0,0	0,0,0,0	KANJIDIC,PYPINYIN,UNIHAN
U+6114	愔	イン,アン,オン,やわらぐ	in,an,on,yawaragu	0,0,0,0	0,0,0,0	KANJIDIC,PYPINYIN,UNIHAN
U+6115	愕	ガク,おどろく	gaku,odoroku	0,0	0,0	KANJIDIC,PYPINYIN,UNIHAN,WORDSHK_CHARS
U+6116	愖	シン,タン,トン,まこと,たのしむ	shin,tan,ton,makoto,tanoshimu	0,0,0,0,0	0,0,0,0,0	KANJIDIC,PYPINYIN,UNIHAN
U+6117	愗	ボウ,モ,おろか,やぶさか	bou,mo,oroka,yabusaka	0,0,0,0	0,0,0,0	KANJIDIC,PYPINYIN,UNIHAN
U+6119	愙	カク,つつしむ	kaku,tsutsushimu	0,0	0,0	KANJIDIC,PYPINYIN,UNIHAN
U+611A	愚	グ,おろか	gu,oroka	0,0	0,0	KANJIDIC,PYPINYIN,UNIHAN,WORDSHK_CHARS
U+611B	愛	アイ,いとしい,かなしい,めでる,おしむ,まな	ai,itoshii,kanashii,mederu,oshimu,mana	0,0,0,0,0,0	0,0,0,0,0,0	KANJIDIC,PYPINYIN,UNIHAN,WORDSHK_CHARS
U+611C	愜	キョウ,こころよい	kyou,kokoroyoi	0,0	0,0	KANJIDIC,PYPINYIN,UNIHAN,WORDSHK_CHARS
U+611E	愞	ゼン,ネン,タ,ナ,よわい,おそれる	zen,nen,ta,na,yowai,osoreru	0,0,0,0,0,0	0,0,0,0,0,0	KANJIDIC,PYPINYIN,UNIHAN
U+611F	感	カン	kan	0	0	KANJIDIC,PYPINYIN,UNIHAN,WORDSHK_CHARS
U+6121	愡	ソウ	sou	0	0	KANJIDIC,PYPINYIN,UNIHAN
U+6122	愢	サイ,シ,こころがたがう,せめる	sai,shi,kokorogatagau,semeru	0,0,0,0	0,0,0,0	KANJIDIC,PYPINYIN,UNIHAN
U+6127	愧	キ,はじる,はじらう,はずかしめる,とがめる	ki,hajiru,hajirau,hazukashimeru,togameru	0,0,0,0,0	0,0,0,0,0	KANJIDIC,PYPINYIN,UNIHAN,WORDSHK_CHARS
U+6128	愨	カク,つつしむ,まこと	kaku,tsutsushimu,makoto	0,0,0	0,0,0	KANJIDIC,PYPINYIN,UNIHAN
U+612A	愪	ウン,イン,うれえる,うごく	un,in,ureeru,ugoku	0,0,0,0	0,0,0,0	KANJIDIC,PYPINYIN,UNIHAN
U+612B	愫	ソ,まこと	so,makoto	0,0	0,0	KANJIDIC,PYPINYIN,UNIHAN
U+612C	愬	ソ,サク,うったえる	so,saku,uttaeru	0,0,0	0,0,0	KANJIDIC,PYPINYIN,UNIHAN
U+6130	愰	オウ,コウ,さとい	ou,kou,satoi	0,0,0	0,0,0	KANJIDIC,PYPINYIN,UNIHAN
U+6131	愱	シツ,シチ,くるしむ	shitsu,shichi,kurushimu	0,0,0	0,0,0	KANJIDIC,PYPINYIN,UNIHAN
U+6134	愴	ソウ,いたましい,いたむ	sou,itamashii,itamu	0,0,0	0,0,0	KANJIDIC,PYPINYIN,UNIHAN
U+6135	愵	デキ,ニャク,うれえる	deki,nyaku,ureeru	0,0,0	0,0,0	KANJIDIC,PYPINYIN,UNIHAN
U+6136	愶	キョウ,コウ,おびやかす	kyou,kou,obiyakasu	0,0,0	0,0,0	KANJIDIC,PYPINYIN,UNIHAN
U+6137	愷	カイ,たのしむ	kai,tanoshimu	0,0	0,0	KANJIDIC,PYPINYIN,UNIHAN
U+6139	愹	ヨウ,いかる,よろこぶ,みちる	you,ikaru,yorokobu,michiru	0,0,0,0	0,0,0,0	KANJIDIC,PYPINYIN,UNIHAN
U+613C	愼	シン,つつしむ,つつしみ	shin,tsutsushimu,tsutsushimi	0,0,0	0,0,0	KANJIDIC,PYPINYIN,UNIHAN
U+613D	愽	タン	tan	0	0	KANJIDIC,PYPINYIN,UNIHAN
U+613E	愾	ガイ,キ,ケ,キツ,ためいき	gai,ki,ke,kitsu,tameiki	0,0,0,0,0	0,0,0,0,0	KANJIDIC,PYPINYIN,UNIHAN,WORDSHK_CHARS
U+613F	愿	ゲン,つつしむ	gen,tsutsushimu	0,0	0,0	KANJIDIC,PYPINYIN,UNIHAN
U+6141	慁	コン,うれえる	kon,ureeru	0,0	0,0	KANJIDIC,PYPINYIN,UNIHAN
U+6142	慂	ヨウ,すすむ,すすめる	you,susumu,susumeru	0,0,0	0,0,0	KANJIDIC,PYPINYIN,UNIHAN
U+6144	慄	リツ,ふるえる,おそれる,おののく	ritsu,furueru,osoreru,ononoku	0,0,0,0	0,0,0,0	KANJIDIC,PYPINYIN,UNIHAN,WORDSHK_CHARS
U+6145	慅	ソウ,ショウ,うごく	sou,shou,ugoku	0,0,0	0,0,0	KANJIDIC,PYPINYIN,UNIHAN
U+6146	慆	タク,トウ,よろこぶ	taku,tou,yorokobu	0,0,0	0,0,0	KANJIDIC,PYPINYIN,UNIHAN
U+6147	慇	イン	in	0	0	KANJIDIC,PYPINYIN,UNIHAN,WORDSHK_CHARS
U+6148	慈	ジ,いつくしむ	ji,itsukushimu	0,0	0,0	KANJIDIC,PYPINYIN,UNIHAN,WORDSHK_CHARS
U+6149	慉	キク,キン,キョウ,おこす	kiku,kin,kyou,okosu	0,0,0,0	0,0,0,0	KANJIDIC,PYPINYIN,UNIHAN
U+614A	慊	ケン,キョウ,あきたりる,うらむ	ken,kyou,akitariru,uramu	0,0,0,0	0,0,0,0	KANJIDIC,PYPINYIN,UNIHAN
U+614B	態	タイ,わざと	tai,wazato	0,0	0,0	KANJIDIC,PYPINYIN,UNIHAN,WORDSHK_CHARS
U+614C	慌	コウ,あわてる,あわただしい	kou,awateru,awatadashii	0,0,0	0,0,0	KANJIDIC,PYPINYIN,UNIHAN,WORDSHK_CHARS
U+614D	慍	ウン,オン,いかる,いかり,うらむ	un,on,ikaru,ikari,uramu	0,0,0,0,0	0,0,0,0,0	KANJIDIC,PYPINYIN,UNIHAN
U+614E	慎	シン,つつしむ,つつましい,つつし,つつしみ	shin,tsutsushimu,tsutsumashii,tsutsushi,tsutsushimi	0,0,0,0,0	0,0,0,0,0	KANJIDIC,PYPINYIN,UNIHAN,WORDSHK_CHARS
U+6153	慓	ヒョウ	hyou	0	0	KANJIDIC,PYPINYIN,UNIHAN
U+6155	慕	ボ,したう	bo,shitau	0,0	0,0	KANJIDIC,PYPINYIN,UNIHAN,WORDSHK_CHARS
U+6158	慘	サン,みじめ,いたむ,むごい	san,mijime,itamu,mugoi	0,0,0,0	0,0,0,0	KANJIDIC,PYPINYIN,UNIHAN,WORDSHK_CHARS
U+6159	慙	ザン,はじ,はじる	zan,haji,hajiru	0,0,0	0,0,0	KANJIDIC,PYPINYIN,UNIHAN
U+615A	慚	ザン,はじ,はじる	zan,haji,hajiru	0,0,0	0,0,0	KANJIDIC,PYPINYIN,UNIHAN,WORDSHK_CHARS
U+615D	慝	トク,わるい	toku,warui	0,0	0,0	KANJIDIC,PYPINYIN,UNIHAN
U+615E	慞	ショウ,おそれる	shou,osoreru	0,0	0,0	KANJIDIC,PYPINYIN,UNIHAN
U+615F	慟	ドウ,トウ,なげく	dou,tou,nageku	0,0,0	0,0,0	KANJIDIC,PYPINYIN,UNIHAN,WORDSHK_CHARS
U+6160	慠	ゴウ,おごる,うれえる	gou,ogoru,ureeru	0,0,0	0,0,0	KANJIDIC,PYPINYIN,UNIHAN
U+6162	慢	マン	man	0	0	KANJIDIC,PYPINYIN,UNIHAN,WORDSHK_CHARS
U+6163	慣	カン,なれる,ならす	kan,nareru,narasu	0,0,0	0,0,0	KANJIDIC,PYPINYIN,UNIHAN,WORDSHK_CHARS
U+6165	慥	ゾウ,たしかに	zou,tashikani	0,0	0,0	KANJIDIC,PYPINYIN,UNIHAN
U+6167	慧	ケイ,エ,さとい	kei,e,satoi	0,0,0	0,0,0	KANJIDIC,PYPINYIN,UNIHAN,WORDSHK_CHARS
U+6168	慨	ガイ,なげく	gai,nageku	0,0	0,0	KANJIDIC,PYPINYIN,UNIHAN,WORDSHK_CHARS
U+616B	慫	ショウ,すすめる	shou,susumeru	0,0	0,0	KANJIDIC,PYPINYIN,UNIHAN,WORDSHK_CHARS
U+616C	慬	キン,コン,かなしむ	kin,kon,kanashimu	0,0,0	0,0,0	KANJIDIC,PYPINYIN,UNIHAN
U+616E	慮	リョ,おもんぱくる,おもんぱかる	ryo,omonpakuru,omonpakaru	0,0,0	0,0,0	KANJIDIC,PYPINYIN,UNIHAN,WORDSHK_CHARS
U+616F	慯	ショウ	shou	0	0	KANJIDIC,PYPINYIN,UNIHAN
U+6170	慰	イ,なぐさめる,なぐさむ	i,nagusameru,nagusamu	0,0,0	0,0,0	KANJIDIC,PYPINYIN,UNIHAN,WORDSHK_CHARS
U+6171	慱	タン	tan	0	0	KANJIDIC,PYPINYIN,UNIHAN
U+6172	慲	バン,マン,わすれる	ban,man,wasureru	0,0,0	0,0,0	KANJIDIC,PYPINYIN,UNIHAN
U+6173	慳	ケン,カン,おしむ	ken,kan,oshimu	0,0,0	0,0,0	KANJIDIC,PYPINYIN,UNIHAN,WORDSHK_CHARS
U+6174	慴	シュウ,ショウ,おそれる	shuu,shou,osoreru	0,0,0	0,0,0	KANJIDIC,PYPINYIN,UNIHAN
U+6175	慵	ヨウ,ショウ,ものうい	you,shou,monoui	0,0,0	0,0,0	KANJIDIC,PYPINYIN,UNIHAN
U+6176	慶	ケイ,よろこび	kei,yorokobi	0,0	0,0	KANJIDIC,PYPINYIN,UNIHAN,WORDSHK_CHARS
U+6177	慷	コウ,なげく	kou,nageku	0,0	0,0	KANJIDIC,PYPINYIN,UNIHAN,WORDSHK_CHARS
U+6178	慸	テイ,セイ,タイ,たかい,きわまる,おとる	tei,sei,tai,takai,kiwamaru,otoru	0,0,0,0,0,0	0,0,0,0,0,0	KANJIDIC,PYPINYIN,UNIHAN
U+617B	慻	ケン,かえりみる	ken,kaerimiru	0,0	0,0	KANJIDIC,PYPINYIN,UNIHAN
U+617C	慼	セキ,シャク,シュク,うれえる	seki,shaku,shuku,ureeru	0,0,0,0	0,0,0,0	KANJIDIC,PYPINYIN,UNIHAN
U+617E	慾	ヨク	yoku	0	0	KANJIDIC,PYPINYIN,UNIHAN,WORDSHK_CHARS
U+617F	慿	ヒョウ,つく,つかれる,よる,たのむ	hyou,tsuku,tsukareru,yoru,tanomu	0,0,0,0,0	0,0,0,0,0	KANJIDIC,PYPINYIN,UNIHAN
U+6180	憀	リョウ,リュウ,ル	ryou,ryuu,ru	0,0,0	0,0,0	KANJIDIC,PYPINYIN,UNIHAN
U+6181	憁	ソウ	sou	0	0	KANJIDIC,PYPINYIN,UNIHAN
U+6182	憂	ユウ,うれえる,うれい,うい,うき	yuu,ureeru,urei,ui,uki	0,0,0,0,0	0,0,0,0,0	KANJIDIC,PYPINYIN,UNIHAN,WORDSHK_CHARS
U+6183	憃	トウ,ショウ,シュ,チョウ,チュ,おろか	tou,shou,shu,chou,chu,oroka	0,0,0,0,0,0	0,0,0,0,0,0	KANJIDIC,PYPINYIN,UNIHAN
U+6184	憄	チ,ほどこす	chi,hodokosu	0,0	0,0	KANJIDIC,PYPINYIN,UNIHAN
U+6187	憇	ケイ,いこい,いこう	kei,ikoi,ikou	0,0,0	0,0,0	KANJIDIC,PYPINYIN,UNIHAN
U+618A	憊	ハイ,ヘイ,つかれる	hai,hei,tsukareru	0,0,0	0,0,0	KANJIDIC,PYPINYIN,UNIHAN,WORDSHK_CHARS
U+618B	憋	ヘツ,ヘチ,せっかち	hetsu,hechi,sekkachi	0,0,0	0,0,0	KANJIDIC,PYPINYIN,UNIHAN,WORDSHK_CHARS
U+618D	憍	キョウ,ほしいまま	kyou,hoshiimama	0,0	0,0	KANJIDIC,PYPINYIN,UNIHAN
U+618E	憎	ゾウ,にくむ,にくい,にくらしい,にくしみ	zou,nikumu,nikui,nikurashii,nikushimi	0,0,0,0,0	0,0,0,0,0	KANJIDIC,PYPINYIN,UNIHAN,WORDSHK_CHARS
U+6190	憐	レン,あわれむ,あわれ	ren,awaremu,aware	0,0,0	0,0,0	KANJIDIC,PYPINYIN,UNIHAN,WORDSHK_CHARS
U+6191	憑	ヒョウ,つく,つかれる,よる,たのむ	hyou,tsuku,tsukareru,yoru,tanomu	0,0,0,0,0	0,0,0,0,0	KANJIDIC,PYPINYIN,UNIHAN,WORDSHK_CHARS
U+6192	憒	カイ,みだれる	kai,midareru	0,0	0,0	KANJIDIC,PYPINYIN,UNIHAN
U+6193	憓	ケイ,エ,いつくしむ	kei,e,itsukushimu	0,0,0	0,0,0	KANJIDIC,PYPINYIN,UNIHAN
U+6194	憔	ショウ,セウ,ソウ,やつれる,やせる	shou,seu,sou,yatsureru,yaseru	0,0,0,0,0	0,0,0,0,0	KANJIDIC,PYPINYIN,UNIHAN,WORDSHK_CHARS
U+6196	憖	ギン,キン,なまじい	gin,kin,namajii	0,0,0	0,0,0	KANJIDIC,PYPINYIN,UNIHAN
U+6197	憗	キン,なまじい	kin,namajii	0,0	0,0	KANJIDIC,PYPINYIN,UNIHAN
U+6198	憘	キ,よろこぶ,ああ,このむ	ki,yorokobu,aa,konomu	0,0,0,0	0,0,0,0	KANJIDIC,PYPINYIN,UNIHAN
U+6199	憙	キ,よろこぶ,ああ,このむ	ki,yorokobu,aa,konomu	0,0,0,0	0,0,0,0	KANJIDIC,PYPINYIN,UNIHAN
U+619A	憚	タン,タ,はばかる	tan,ta,habakaru	0,0,0	0,0,0	KANJIDIC,PYPINYIN,UNIHAN,WORDSHK_CHARS
U+619C	憜	タ,ダ,つつしまない	ta,da,tsutsushimanai	0,0,0	0,0,0	KANJIDIC,PYPINYIN,UNIHAN
U+619D	憝	タイ,ズイ,うらむ	tai,zui,uramu	0,0,0	0,0,0	KANJIDIC,PYPINYIN,UNIHAN
U+619F	憟	ショク,ソク,へつらう	shoku,soku,hetsurau	0,0,0	0,0,0	KANJIDIC,PYPINYIN,UNIHAN
U+61A0	憠	ケツ,つよい	ketsu,tsuyoi	0,0	0,0	KANJIDIC,PYPINYIN,UNIHAN
U+61A4	憤	フン,いきどおる	fun,ikidooru	0,0	0,0	KANJIDIC,PYPINYIN,UNIHAN,WORDSHK_CHARS
U+61A5	憥	ロウ,くるしむ	rou,kurushimu	0,0	0,0	KANJIDIC,PYPINYIN,UNIHAN
U+61A7	憧	ショウ,トウ,ドウ,あこがれる	shou,tou,dou,akogareru	0,0,0,0	0,0,0,0	KANJIDIC,PYPINYIN,UNIHAN,WORDSHK_CHARS
U+61A8	憨	カン,おろか	kan,oroka	0,0	0,0	KANJIDIC,PYPINYIN,UNIHAN
U+61A9	憩	ケイ,いこい,いこう	kei,ikoi,ikou	0,0,0	0,0,0	KANJIDIC,PYPINYIN,UNIHAN,WORDSHK_CHARS
U+61AA	憪	カン,ゲン,たのしむ	kan,gen,tanoshimu	0,0,0	0,0,0	KANJIDIC,PYPINYIN,UNIHAN
U+61AB	憫	ビン,ミン,あわれむ,うれえる	bin,min,awaremu,ureeru	0,0,0,0	0,0,0,0	KANJIDIC,PYPINYIN,UNIHAN,WORDSHK_CHARS
U+61AC	憬	ケイ,あこがれる	kei,akogareru	0,0	0,0	KANJIDIC,PYPINYIN,UNIHAN,WORDSHK_CHARS
U+61AD	憭	リョウ,さとい	ryou,satoi	0,0	0,0	KANJIDIC,PYPINYIN,UNIHAN
U+61AE	憮	ブ,コ,いつくしむ	bu,ko,itsukushimu	0,0,0	0,0,0	KANJIDIC,PYPINYIN,UNIHAN,WORDSHK_CHARS
U+61B2	憲	ケン	ken	0	0	KANJIDIC,PYPINYIN,UNIHAN,WORDSHK_CHARS
U+61B6	憶	オク	oku	0	0	KANJIDIC,PYPINYIN,UNIHAN,WORDSHK_CHARS
U+61B8	憸	セン,ケン,かたよる	sen,ken,katayoru	0,0,0	0,0,0	KANJIDIC,PYPINYIN,UNIHAN
U+61B9	憹	ドウ,ヌ,ニョウ,ノウ,こころみだれる,なやむ	dou,nu,nyou,nou,kokoromidareru,nayamu	0,0,0,0,0,0	0,0,0,0,0,0	KANJIDIC,PYPINYIN,UNIHAN
U+61BA	憺	タン	tan	0	0	KANJIDIC,PYPINYIN,UNIHAN
U+61BC	憼	ケイ,キョウ,コウ,つつしむ	kei,kyou,kou,tsutsushimu	0,0,0,0	0,0,0,0	KANJIDIC,PYPINYIN,UNIHAN
U+61BE	憾	カン,うらむ	kan,uramu	0,0	0,0	KANJIDIC,PYPINYIN,UNIHAN,WORDSHK_CHARS
U+61C0	懀	ワイ,エ,ワツ,ワチ,にくむ,もだえる	wai,e,watsu,wachi,nikumu,modaeru	0,0,0,0,0,0	0,0,0,0,0,0	KANJIDIC,PYPINYIN,UNIHAN
U+61C1	懁	ケン,カン,はげしい	ken,kan,hageshii	0,0,0	0,0,0	KANJIDIC,PYPINYIN,UNIHAN
U+61C2	懂	トウ,ツ,みだれる	tou,tsu,midareru	0,0,0	0,0,0	KANJIDIC,PYPINYIN,UNIHAN,WORDSHK_CHARS
U+61C3	懃	キン,ゴン,ねんごろ	kin,gon,nengoro	0,0,0	0,0,0	KANJIDIC,PYPINYIN,UNIHAN,WORDSHK_CHARS
U+61C6	懆	ソウ	sou	0	0	KANJIDIC,PYPINYIN,UNIHAN
U+61C7	懇	コン,ねんごろ	kon,nengoro	0,0	0,0	KANJIDIC,PYPINYIN,UNIHAN,WORDSHK_CHARS
U+61C8	懈	ケ,カイ,たわい,おこたる	ke,kai,tawai,okotaru	0,0,0,0	0,0,0,0	KANJIDIC,PYPINYIN,UNIHAN,WORDSHK_CHARS
U+61C9	應	オウ,ヨウ,あたる,まさに,こたえる	ou,you,ataru,masani,kotaeru	0,0,0,0,0	0,0,0,0,0	KANJIDIC,PYPINYIN,UNIHAN,WORDSHK_CHARS
U+61CA	懊	オウ,じれったい,なやむ	ou,jirettai,nayamu	0,0,0	0,0,0	KANJIDIC,PYPINYIN,UNIHAN,WORDSHK_CHARS
U+61CB	懋	ボウ,しげる,つとめる	bou,shigeru,tsutomeru	0,0,0	0,0,0	KANJIDIC,PYPINYIN,UNIHAN
U+61CC	懌	エキ,よろこぶ	eki,yorokobu	0,0	0,0	KANJIDIC,PYPINYIN,UNIHAN
U+61CD	懍	リン,ラン	rin,ran	0,0	0,0	KANJIDIC,PYPINYIN,UNIHAN
U+61CE	懎	ショク,シキ,うらむ,かなしむ	shoku,shiki,uramu,kanashimu	0,0,0,0	0,0,0,0	KANJIDIC,PYPINYIN,UNIHAN
U+61CF	懏	シュン,さとい	shun,satoi	0,0	0,0	KANJIDIC,PYPINYIN,UNIHAN
U+61D0	懐	カイ,エ,ふところ,なつかしい,なつかしむ,なつく,なつける,なずける,いだく,おもう	kai,e,futokoro,natsukashii,natsukashimu,natsuku,natsukeru,nazukeru,idaku,omou	0,0,0,0,0,0,0,0,0,0	0,0,0,0,0,0,0,0,0,0	KANJIDIC,PYPINYIN,UNIHAN
U+61D5	懕	エン,ヨウ,やすらか,たりる,ゆるす	en,you,yasuraka,tariru,yurusu	0,0,0,0,0	0,0,0,0,0	KANJIDIC,PYPINYIN,UNIHAN
U+61DC	懜	ボウ,モウ,ム,くらい	bou,mou,mu,kurai	0,0,0,0	0,0,0,0	KANJIDIC,PYPINYIN,UNIHAN
U+61DD	懝	ガイ,ギ,ギョク,ゴキ,おろか,おそれる,はかる	gai,gi,gyoku,goki,oroka,osoreru,hakaru	0,0,0,0,0,0,0	0,0,0,0,0,0,0	KANJIDIC,PYPINYIN,UNIHAN
U+61DE	懞	ボウ,ム,あつい	bou,mu,atsui	0,0,0	0,0,0	KANJIDIC,PYPINYIN,UNIHAN,WORDSHK_CHARS
U+61DF	懟	ツイ,ズイ,タイ,うらむ	tsui,zui,tai,uramu	0,0,0,0	0,0,0,0	KANJIDIC,PYPINYIN,UNIHAN
U+61E1	懡	バ,マ	ba,ma	0,0	0,0	KANJIDIC,PYPINYIN,UNIHAN
U+61E2	懢	ラン,カン,ゲン,むさぼる,すこやか	ran,kan,gen,musaboru,sukoyaka	0,0,0,0,0	0,0,0,0,0	KANJIDIC,PYPINYIN,UNIHAN
U+61E3	懣	マン,モン,もだえる	man,mon,modaeru	0,0,0	0,0,0	KANJIDIC,PYPINYIN,UNIHAN
U+61E5	懥	チ	chi	0	0	KANJIDIC,PYPINYIN,UNIHAN
U+61E6	懦	ダ,ジュ,ゼン,よわい	da,ju,zen,yowai	0,0,0,0	0,0,0,0	KANJIDIC,PYPINYIN,UNIHAN,WORDSHK_CHARS
U+61E7	懧	ダ,ジュ,ゼン,よわい	da,ju,zen,yowai	0,0,0,0	0,0,0,0	KANJIDIC,PYPINYIN,UNIHAN
U+61E9	懩	ヨウ,ねがう	you,negau	0,0	0,0	KANJIDIC,PYPINYIN,UNIHAN
U+61EC	懬	コウ,ひろい,おおきい,むなしい,つよい	kou,hiroi,ookii,munashii,tsuyoi	0,0,0,0,0	0,0,0,0,0	KANJIDIC,PYPINYIN,UNIHAN
U+61ED	懭	コウ,うらむ	kou,uramu	0,0	0,0	KANJIDIC,PYPINYIN,UNIHAN
U+61EF	懯	フ,おもう	fu,omou	0,0	0,0	KANJIDIC,PYPINYIN,UNIHAN
U+61F2	懲	チョウ,こりる,こらす,こらしめる	chou,koriru,korasu,korashimeru	0,0,0,0	0,0,0,0	KANJIDIC,PYPINYIN,UNIHAN,WORDSHK_CHARS
U+61F4	懴	ザン,サン,くいる	zan,san,kuiru	0,0,0	0,0,0	KANJIDIC,PYPINYIN,UNIHAN
U+61F6	懶	ラン,ライ,ものうい,おこたる	ran,rai,monoui,okotaru	0,0,0,0	0,0,0,0	KANJIDIC,PYPINYIN,UNIHAN,WORDSHK_CHARS
U+61F7	懷	カイ,エ,ふところ,なつかしい,なつかしむ,なつく,なつける,いだく,おもう	kai,e,futokoro,natsukashii,natsukashimu,natsuku,natsukeru,idaku,omou	0,0,0,0,0,0,0,0,0	0,0,0,0,0,0,0,0,0	KANJIDIC,PYPINYIN,UNIHAN,WORDSHK_CHARS
U+61F8	懸	ケン,ケ,かける,かかる	ken,ke,kakeru,kakaru	0,0,0,0	0,0,0,0	KANJIDIC,PYPINYIN,UNIHAN,WORDSHK_CHARS
U+61FA	懺	ザン,サン,くいる	zan,san,kuiru	0,0,0	0,0,0	KANJIDIC,PYPINYIN,UNIHAN,WORDSHK_CHARS
U+61FC	懼	ク,おそれる	ku,osoreru	0,0	0,0	KANJIDIC,PYPINYIN,UNIHAN,WORDSHK_CHARS
U+61FD	懽	カン,よろこぶ	kan,yorokobu	0,0	0,0	KANJIDIC,PYPINYIN,UNIHAN
U+61FE	懾	ショウ,おそれる	shou,osoreru	0,0	0,0	KANJIDIC,PYPINYIN,UNIHAN,WORDSHK_CHARS
U+61FF	懿	イ,よい	i,yoi	0,0	0,0	KANJIDIC,PYPINYIN,UNIHAN
U+6200	戀	レン,こう,こい,こいしい	ren,kou,koi,koishii	0,0,0,0	0,0,0,0	KANJIDIC,PYPINYIN,UNIHAN,WORDSHK_CHARS
U+6201	戁	ダン,ネン,ゼン,つつしむ	dan,nen,zen,tsutsushimu	0,0,0,0	0,0,0,0	KANJIDIC,PYPINYIN,UNIHAN
U+6203	戃	トウ,ショウ,おどろく	tou,shou,odoroku	0,0,0	0,0,0	KANJIDIC,PYPINYIN,UNIHAN
U+6204	戄	キャク,ショウ,おどろく	kyaku,shou,odoroku	0,0,0	0,0,0	KANJIDIC,PYPINYIN,UNIHAN
U+6207	戇	トウ,チュウ,シュ,コウ,ク,おろか	tou,chuu,shu,kou,ku,oroka	0,0,0,0,0,0	0,0,0,0,0,0	KANJIDIC,PYPINYIN,UNIHAN,WORDSHK_CHARS
U+6208	戈	カ,ほこ,ほこづくり	ka,hoko,hokozukuri	0,0,0	0,0,0	KANJIDIC,PYPINYIN,UNIHAN,WORDSHK_CHARS
U+6209	戉	ジュウ,エツ,えびす,まさかり	juu,etsu,ebisu,masakari	0,0,0,0	0,0,0,0	KANJIDIC,PYPINYIN,UNIHAN
U+620A	戊	ボ,ボウ,つちのえ	bo,bou,tsuchinoe	0,0,0	0,0,0	KANJIDIC,PYPINYIN,UNIHAN,WORDSHK_CHARS
U+620C	戌	ジュツ,いぬ	jutsu,inu	0,0	0,0	KANJIDIC,PYPINYIN,UNIHAN,WORDSHK_CHARS
U+620D	戍	ジュ,シュ,まもり,まもる	ju,shu,mamori,mamoru	0,0,0,0	0,0,0,0	KANJIDIC,PYPINYIN,UNIHAN,WORDSHK_CHARS
U+620E	戎	ジュウ,えびす,つわもの	juu,ebisu,tsuwamono	0,0,0	0,0,0	KANJIDIC,PYPINYIN,UNIHAN,WORDSHK_CHARS
U+6210	成	セイ,ジョウ,なる,なす	sei,jou,naru,nasu	0,0,0,0	0,0,0,0	KANJIDIC,PYPINYIN,UNIHAN,WORDSHK_CHARS
U+6211	我	ガ,われ,わ,わが	ga,ware,wa,waga	0,0,0,0	0,0,0,0	KANJIDIC,PYPINYIN,UNIHAN,WORDSHK_CHARS
U+6212	戒	カイ,いましめる	kai,imashimeru	0,0	0,0	KANJIDIC,PYPINYIN,UNIHAN,WORDSHK_CHARS
U+6213	戓	カ	ka	0	0	KANJIDIC,PYPINYIN,UNIHAN
U+6214	戔	セン,サン	sen,san	0,0	0,0	KANJIDIC,PYPINYIN,UNIHAN
U+6215	戕	ショウ,サン,ソウ,ころす	shou,san,sou,korosu	0,0,0,0	0,0,0,0	KANJIDIC,PYPINYIN,UNIHAN,WORDSHK_CHARS
U+6216	或	ワク,コク,イキ,ある,あるい,あるいは	waku,koku,iki,aru,arui,aruiha	0,0,0,0,0,0	0,0,0,0,0,0	KANJIDIC,PYPINYIN,UNIHAN,WORDSHK_CHARS
U+621A	戚	ソク,セキ,いたむ,うれえる,みうち	soku,seki,itamu,ureeru,miuchi	0,0,0,0,0	0,0,0,0,0	KANJIDIC,PYPINYIN,UNIHAN,WORDSHK_CHARS
U+621B	戛	カツ,ほこ	katsu,hoko	0,0	0,0	KANJIDIC,PYPINYIN,UNIHAN
U+621C	戜	テツ,デチ,するどい,きる	tetsu,dechi,surudoi,kiru	0,0,0,0	0,0,0,0	KANJIDIC,PYPINYIN,UNIHAN
U+621D	戝	ザイ,サイ,ゾク	zai,sai,zoku	0,0,0	0,0,0	KANJIDIC,PYPINYIN,UNIHAN
U+621E	戞	カツ,ほこ	katsu,hoko	0,0	0,0	KANJIDIC,PYPINYIN,UNIHAN
U+621F	戟	ゲキ,ほこ	geki,hoko	0,0	0,0	KANJIDIC,PYPINYIN,UNIHAN,WORDSHK_CHARS
U+6220	戠	ショク,シキ,シ	shoku,shiki,shi	0,0,0	0,0,0	KANJIDIC,PYPINYIN,UNIHAN
U+6221	戡	カン,チン,かつ,さす	kan,chin,katsu,sasu	0,0,0,0	0,0,0,0	KANJIDIC,PYPINYIN,UNIHAN
U+6222	戢	シュウ,おさめる	shuu,osameru	0,0	0,0	KANJIDIC,PYPINYIN,UNIHAN
U+6223	戣	キ,ほこ	ki,hoko	0,0	0,0	KANJIDIC,PYPINYIN,UNIHAN
U+6226	戦	セン,いくさ,たたかう,おののく,そよぐ,わななく	sen,ikusa,tatakau,ononoku,soyogu,wananaku	0,0,0,0,0,0	0,0,0,0,0,0	KANJIDIC,PYPINYIN,UNIHAN
U+6227	戧	ソウ,ショウ,つくる,はじめる,きずつける	sou,shou,tsukuru,hajimeru,kizutsukeru	0,0,0,0,0	0,0,0,0,0	KANJIDIC,PYPINYIN,UNIHAN
U+6229	戩	セン,ほろぼす	sen,horobosu	0,0	0,0	KANJIDIC,PYPINYIN,UNIHAN
U+622A	截	セツ,サイ,きる,たつ	setsu,sai,kiru,tatsu	0,0,0,0	0,0,0,0	KANJIDIC,PYPINYIN,UNIHAN,WORDSHK_CHARS
U+622B	戫	ヨク,イキ,はやい	yoku,iki,hayai	0,0,0	0,0,0	KANJIDIC,PYPINYIN,UNIHAN
U+622E	戮	リク,リュウ,ロク,キョウ,ク,ころす,けずる	riku,ryuu,roku,kyou,ku,korosu,kezuru	0,0,0,0,0,0,0	0,0,0,0,0,0,0	KANJIDIC,PYPINYIN,UNIHAN,WORDSHK_CHARS
U+622F	戯	ギ,ゲ,たわむれる,ざれる,じゃれる	gi,ge,tawamureru,zareru,jareru	0,0,0,0,0	0,0,0,0,0	KANJIDIC,PYPINYIN,UNIHAN
U+6230	戰	セン,いくさ,たたかう,おののく,そよぐ	sen,ikusa,tatakau,ononoku,soyogu	0,0,0,0,0	0,0,0,0,0	KANJIDIC,PYPINYIN,UNIHAN,WORDSHK_CHARS
U+6232	戲	ギ,ゲ,たわむれる,たわむれ	gi,ge,tawamureru,tawamure	0,0,0,0	0,0,0,0	KANJIDIC,PYPINYIN,UNIHAN,WORDSHK_CHARS
U+6233	戳	タク	taku	0	0	KANJIDIC,PYPINYIN,UNIHAN,WORDSHK_CHARS
U+6234	戴	タイ,いただく	tai,itadaku	0,0	0,0	KANJIDIC,PYPINYIN,UNIHAN,WORDSHK_CHARS
U+6238	戸	コ,と	ko,to	0,0	0,0	KANJIDIC,PYPINYIN,UNIHAN
U+6239	戹	アク,セク,せまい	aku,seku,semai	0,0,0	0,0,0	KANJIDIC,PYPINYIN,UNIHAN
U+623B	戻	レイ,もどす,もどる	rei,modosu,modoru	0,0,0	0,0,0	KANJIDIC,PYPINYIN,UNIHAN
U+623D	戽	コ,ク,くむ,あかくみ	ko,ku,kumu,akakumi	0,0,0,0	0,0,0,0	KANJIDIC,PYPINYIN,UNIHAN,WORDSHK_CHARS
U+623E	戾	レイ,ライ,もどす,もとる,いたる	rei,rai,modosu,motoru,itaru	0,0,0,0,0	0,0,0,0,0	KANJIDIC,PYPINYIN,UNIHAN,WORDSHK_CHARS
U+623F	房	ボウ,ふさ	bou,fusa	0,0	0,0	KANJIDIC,PYPINYIN,UNIHAN,WORDSHK_CHARS
U+6240	所	ショ,ところ,どころ,とこ	sho,tokoro,dokoro,toko	0,0,0,0	0,0,0,0	KANJIDIC,PYPINYIN,UNIHAN,WORDSHK_CHARS
U+6241	扁	ヘン,ひらたい	hen,hiratai	0,0	0,0	KANJIDIC,PYPINYIN,UNIHAN,WORDSHK_CHARS
U+6242	扂	テン,かんぬき,とざし	ten,kannuki,tozashi	0,0,0	0,0,0	KANJIDIC,PYPINYIN,UNIHAN
U+6243	扃	ケイ,キョウ,ヘン,かんぬき,とびら	kei,kyou,hen,kannuki,tobira	0,0,0,0,0	0,0,0,0,0	KANJIDIC,PYPINYIN,UNIHAN
U+6244	扄	ショウ	shou	0	0	KANJIDIC,PYPINYIN,UNIHAN
U+6246	扆	イ,エ,ついたて	i,e,tsuitate	0,0,0	0,0,0	KANJIDIC,PYPINYIN,UNIHAN
U+6247	扇	セン,おうぎ	sen,ougi	0,0	0,0	KANJIDIC,PYPINYIN,UNIHAN,WORDSHK_CHARS
U+6248	扈	コ,したがう	ko,shitagau	0,0	0,0	KANJIDIC,PYPINYIN,UNIHAN,WORDSHK_CHARS
U+6249	扉	ヒ,とびら	hi,tobira	0,0	0,0	KANJIDIC,PYPINYIN,UNIHAN,WORDSHK_CHARS
U+624B	手	シュ,ズ,て,た	shu,zu,te,ta	0,0,0,0	0,0,0,0	KANJIDIC,PYPINYIN,UNIHAN,WORDSHK_CHARS
U+624C	扌	シュ	shu	0	0	KANJIDIC,PYPINYIN,UNIHAN,WORDSHK_CHARS
U+624D	才	サイ	sai	0	0	KANJIDIC,PYPINYIN,UNIHAN,WORDSHK_CHARS
U+624E	扎	サツ,アツ	satsu,atsu	0,0	0,0	KANJIDIC,PYPINYIN,UNIHAN,WORDSHK_CHARS
U+6250	扐	ロク,リョク,リキ	roku,ryoku,riki	0,0,0	0,0,0	KANJIDIC,PYPINYIN,UNIHAN,WORDSHK_CHARS
U+6251	扑	ボク,ハク,ホウ,フ,かるくうつ,むちうつ	boku,haku,hou,fu,karukuutsu,muchiutsu	0,0,0,0,0,0	0,0,0,0,0,0	KANJIDIC,PYPINYIN,UNIHAN,WORDSHK_CHARS
U+6252	扒	ハイ,ハツ,ハチ,ぬく,さばく	hai,hatsu,hachi,nuku,sabaku	0,0,0,0,0	0,0,0,0,0	KANJIDIC,PYPINYIN,UNIHAN,WORDSHK_CHARS
U+6253	打	ダ,ダース,うつ,うち,ぶつ	da,daasu,utsu,uchi,butsu	0,0,0,0,0	0,0,0,0,0	KANJIDIC,PYPINYIN,UNIHAN,WORDSHK_CHARS
U+6254	扔	ジョウ,ニョウ,よる,ふれる,すてる	jou,nyou,yoru,fureru,suteru	0,0,0,0,0	0,0,0,0,0	KANJIDIC,PYPINYIN,UNIHAN,WORDSHK_CHARS
U+6255	払	フツ,ヒツ,ホツ,はらう,はらい,ばらい	futsu,hitsu,hotsu,harau,harai,barai	0,0,0,0,0,0	0,0,0,0,0,0	KANJIDIC,PYPINYIN,UNIHAN
U+6256	扖	はめる,しぼる	hameru,shiboru	0,0	0,0	KANJIDIC,PYPINYIN,UNIHAN
U+6258	托	タク,たくする,たのむ	taku,takusuru,tanomu	0,0,0	0,0,0	KANJIDIC,PYPINYIN,UNIHAN,WORDSHK_CHARS
U+625A	扚	チョウ,テキ,チャク,シャク,はやくうつ	chou,teki,chaku,shaku,hayakuutsu	0,0,0,0,0	0,0,0,0,0	KANJIDIC,PYPINYIN,UNIHAN,WORDSHK_CHARS
U+625B	扛	コウ,あげる	kou,ageru	0,0	0,0	KANJIDIC,PYPINYIN,UNIHAN,WORDSHK_CHARS
U+625C	扜	ウ,ク,さしまねく	u,ku,sashimaneku	0,0,0	0,0,0	KANJIDIC,PYPINYIN,UNIHAN
U+625E	扞	カン,ふせぐ	kan,fusegu	0,0	0,0	KANJIDIC,PYPINYIN,UNIHAN
U+6260	扠	サ,さて,さす	sa,sate,sasu	0,0,0	0,0,0	KANJIDIC,PYPINYIN,UNIHAN,WORDSHK_CHARS
U+6263	扣	コウ,たたく,ひかえる	kou,tataku,hikaeru	0,0,0	0,0,0	KANJIDIC,PYPINYIN,UNIHAN,WORDSHK_CHARS
U+6264	扤	ゴツ,ゴチ,ゲツ,ガチ,うごく	gotsu,gochi,getsu,gachi,ugoku	0,0,0,0,0	0,0,0,0,0	KANJIDIC,PYPINYIN,UNIHAN,WORDSHK_CHARS
U+6268	扨	サ,さて,さす	sa,sate,sasu	0,0,0	0,0,0	KANJIDIC,PYPINYIN,UNIHAN
U+626D	扭	ジュウ,ニュ,チュウ,チュ,ねじまわす	juu,nyu,chuu,chu,nejimawasu	0,0,0,0,0	0,0,0,0,0	KANJIDIC,PYPINYIN,UNIHAN,WORDSHK_CHARS
U+626E	扮	フン,ハン,ヘン,ふんする,やつす,よそおう	fun,han,hen,funsuru,yatsusu,yosoou	0,0,0,0,0,0	0,0,0,0,0,0	KANJIDIC,PYPINYIN,UNIHAN,WORDSHK_CHARS
U+626F	扯	タ,シャ,ひく	ta,sha,hiku	0,0,0	0,0,0	KANJIDIC,PYPINYIN,UNIHAN,WORDSHK_CHARS
U+6271	扱	ソウ,キュウ,あつかい,あつかう,あつかる,こく	sou,kyuu,atsukai,atsukau,atsukaru,koku	0,0,0,0,0,0	0,0,0,0,0,0	KANJIDIC,PYPINYIN,UNIHAN,WORDSHK_CHARS
U+6273	扳	ハン,ひく,さく,ひきとめる	han,hiku,saku,hikitomeru	0,0,0,0	0,0,0,0	KANJIDIC,PYPINYIN,UNIHAN,WORDSHK_CHARS
U+6276	扶	フ,たすける	fu,tasukeru	0,0	0,0	KANJIDIC,PYPINYIN,UNIHAN,WORDSHK_CHARS
U+6279	批	ヒ	hi	0	0	KANJIDIC,PYPINYIN,UNIHAN,WORDSHK_CHARS
U+627A	扺	シ,テイ,あたる,あてる	shi,tei,ataru,ateru	0,0,0,0	0,0,0,0	KANJIDIC,PYPINYIN,UNIHAN
U+627C	扼	ヤク,アク,おさえる	yaku,aku,osaeru	0,0,0	0,0,0	KANJIDIC,PYPINYIN,UNIHAN,WORDSHK_CHARS
U+627D	扽	トン,ひく	ton,hiku	0,0	0,0	KANJIDIC,PYPINYIN,UNIHAN,WORDSHK_CHARS
U+627E	找	ソウ	sou	0	0	KANJIDIC,PYPINYIN,UNIHAN,WORDSHK_CHARS
U+627F	承	ショウ,ジョウ,うけたまわる,うける	shou,jou,uketamawaru,ukeru	0,0,0,0	0,0,0,0	KANJIDIC,PYPINYIN,UNIHAN,WORDSHK_CHARS
U+6280	技	ギ,わざ	gi,waza	0,0	0,0	KANJIDIC,PYPINYIN,UNIHAN,WORDSHK_CHARS
U+6282	抂	キョウ,ゴウ	kyou,gou	0,0	0,0	KANJIDIC,PYPINYIN,UNIHAN
U+6283	抃	ベン,うつ	ben,utsu	0,0	0,0	KANJIDIC,PYPINYIN,UNIHAN
U+6284	抄	ショウ	shou	0	0	KANJIDIC,PYPINYIN,UNIHAN,WORDSHK_CHARS
U+6289	抉	ケツ,えぐる,こじる,くじる	ketsu,eguru,kojiru,kujiru	0,0,0,0	0,0,0,0	KANJIDIC,PYPINYIN,UNIHAN,WORDSHK_CHARS
U+628A	把	ハ,ワ	ha,wa	0,0	0,0	KANJIDIC,PYPINYIN,UNIHAN,WORDSHK_CHARS
U+628D	抍	ショウ,あげる,ぬく,すくう,とる	shou,ageru,nuku,sukuu,toru	0,0,0,0,0	0,0,0,0,0	KANJIDIC,PYPINYIN,UNIHAN
U+628E	抎	ウン,イン,うしなう,おちる	un,in,ushinau,ochiru	0,0,0,0	0,0,0,0	KANJIDIC,PYPINYIN,UNIHAN
U+628F	抏	ガン,くじく	gan,kujiku	0,0	0,0	KANJIDIC,PYPINYIN,UNIHAN
U+6290	抐	ドツ,ナチ,ドン,ソン,ドウ,そめる,うつ,いれる,つかむ	dotsu,nachi,don,son,dou,someru,utsu,ireru,tsukamu	0,0,0,0,0,0,0,0,0	0,0,0,0,0,0,0,0,0	KANJIDIC,PYPINYIN,UNIHAN
U+6291	抑	ヨク,おさえる	yoku,osaeru	0,0	0,0	KANJIDIC,PYPINYIN,UNIHAN,WORDSHK_CHARS
U+6292	抒	ジョ,ショ,くむ,のべる	jo,sho,kumu,noberu	0,0,0,0	0,0,0,0	KANJIDIC,PYPINYIN,UNIHAN,WORDSHK_CHARS
U+6293	抓	ソウ,つねる,つめる,つまむ	sou,tsuneru,tsumeru,tsumamu	0,0,0,0	0,0,0,0	KANJIDIC,PYPINYIN,UNIHAN,WORDSHK_CHARS
U+6294	抔	ホウ,ハイ,など,すくう	hou,hai,nado,sukuu	0,0,0,0	0,0,0,0	KANJIDIC,PYPINYIN,UNIHAN
U+6295	投	トウ,なげる,なげ	tou,nageru,nage	0,0,0	0,0,0	KANJIDIC,PYPINYIN,UNIHAN,WORDSHK_CHARS
U+6296	抖	ト,トウ	to,tou	0,0	0,0	KANJIDIC,PYPINYIN,UNIHAN,WORDSHK_CHARS
U+6297	抗	コウ,あらがう	kou,aragau	0,0	0,0	KANJIDIC,PYPINYIN,UNIHAN,WORDSHK_CHARS
U+6298	折	セツ,シャク,おる,おり,おれる	setsu,shaku,oru,ori,oreru	0,0,0,0,0	0,0,0,0,0	KANJIDIC,PYPINYIN,UNIHAN,WORDSHK_CHARS
U+629B	抛	ホウ,なげうつ	hou,nageutsu	0,0	0,0	KANJIDIC,PYPINYIN,UNIHAN
U+629C	抜	バツ,ハツ,ハイ,ぬく,ぬき,ぬける,ぬかす,ぬかる	batsu,hatsu,hai,nuku,nuki,nukeru,nukasu,nukaru	0,0,0,0,0,0,0,0	0,0,0,0,0,0,0,0	KANJIDIC,PYPINYIN,UNIHAN
U+629E	択	タク,えらぶ	taku,erabu	0,0	0,0	KANJIDIC,PYPINYIN,UNIHAN
U+62A6	抦	ヘイ,ヒョウ,もつ	hei,hyou,motsu	0,0,0	0,0,0	KANJIDIC,PYPINYIN,UNIHAN,WORDSHK_CHARS
U+62A8	抨	ホウ,ヒョウ,はじく	hou,hyou,hajiku	0,0,0	0,0,0	KANJIDIC,PYPINYIN,UNIHAN,WORDSHK_CHARS
U+62AB	披	ヒ	hi	0	0	KANJIDIC,PYPINYIN,UNIHAN,WORDSHK_CHARS
U+62AC	抬	タイ,もたげる	tai,motageru	0,0	0,0	KANJIDIC,PYPINYIN,UNIHAN,WORDSHK_CHARS
U+62B1	抱	ホウ,だく,いだく,かかえる	hou,daku,idaku,kakaeru	0,0,0,0	0,0,0,0	KANJIDIC,PYPINYIN,UNIHAN,WORDSHK_CHARS
U+62B3	抳	ジ,ニ,デイ,ナイ,とまる	ji,ni,dei,nai,tomaru	0,0,0,0,0	0,0,0,0,0	KANJIDIC,PYPINYIN,UNIHAN,WORDSHK_CHARS
U+62B5	抵	テイ	tei	0	0	KANJIDIC,PYPINYIN,UNIHAN,WORDSHK_CHARS
U+62B6	抶	チツ,チチ,むちうつ	chitsu,chichi,muchiutsu	0,0,0	0,0,0	KANJIDIC,PYPINYIN,UNIHAN
U+62B7	抷	ヒ,ひらく	hi,hiraku	0,0	0,0	KANJIDIC,PYPINYIN,UNIHAN
U+62B9	抹	マツ	matsu	0	0	KANJIDIC,PYPINYIN,UNIHAN,WORDSHK_CHARS
U+62BA	抺	バイ,メ,マイ,さぐる	bai,me,mai,saguru	0,0,0,0	0,0,0,0	KANJIDIC,PYPINYIN,UNIHAN
U+62BB	抻	シン,チン	shin,chin	0,0	0,0	KANJIDIC,PYPINYIN,UNIHAN
U+62BC	押	オウ,おす,おし,おっ,おさえる	ou,osu,oshi,o,osaeru	0,0,0,0,0	0,0,0,0,0	KANJIDIC,PYPINYIN,UNIHAN,WORDSHK_CHARS
U+62BD	抽	チュウ,ひき	chuu,hiki	0,0	0,0	KANJIDIC,PYPINYIN,UNIHAN,WORDSHK_CHARS
U+62BE	抾	キョ,コ,キョウ,コウ,とる	kyo,ko,kyou,kou,toru	0,0,0,0,0	0,0,0,0,0	KANJIDIC,PYPINYIN,UNIHAN
U+62BF	抿	ビン,ミン,なでる	bin,min,naderu	0,0,0	0,0,0	KANJIDIC,PYPINYIN,UNIHAN,WORDSHK_CHARS
U+62C2	拂	ヒツ,フツ,ホツ,はらう	hitsu,futsu,hotsu,harau	0,0,0,0	0,0,0,0	KANJIDIC,PYPINYIN,UNIHAN,WORDSHK_CHARS
U+62C4	拄	チュ,あげる	chu,ageru	0,0	0,0	KANJIDIC,PYPINYIN,UNIHAN
U+62C5	担	タン,かつぐ,になう	tan,katsugu,ninau	0,0,0	0,0,0	KANJIDIC,PYPINYIN,UNIHAN
U+62C6	拆	タク,セキ,さく,ひらく	taku,seki,saku,hiraku	0,0,0,0	0,0,0,0	KANJIDIC,PYPINYIN,UNIHAN,WORDSHK_CHARS
U+62C7	拇	ボ,おやゆび	bo,oyayubi	0,0	0,0	KANJIDIC,PYPINYIN,UNIHAN,WORDSHK_CHARS
U+62C8	拈	ネン,セン,デン,ひねる	nen,sen,den,hineru	0,0,0,0	0,0,0,0	KANJIDIC,PYPINYIN,UNIHAN,WORDSHK_CHARS
U+62C9	拉	ラツ,ラ,ロウ,らっする,ひしぐ,くだく	ratsu,ra,rou,rassuru,hishigu,kudaku	0,0,0,0,0,0	0,0,0,0,0,0	KANJIDIC,PYPINYIN,UNIHAN,WORDSHK_CHARS
U+62CA	拊	フ,はる,うつ,なでる	fu,haru,utsu,naderu	0,0,0,0	0,0,0,0	KANJIDIC,PYPINYIN,UNIHAN
U+62CC	拌	ハン	han	0	0	KANJIDIC,PYPINYIN,UNIHAN,WORDSHK_CHARS
U+62CD	拍	ハク,ヒョウ	haku,hyou	0,0	0,0	KANJIDIC,PYPINYIN,UNIHAN,WORDSHK_CHARS
U+62CE	拎	レイ,リョウ,かける	rei,ryou,kakeru	0,0,0	0,0,0	KANJIDIC,PYPINYIN,UNIHAN,WORDSHK_CHARS
U+62CF	拏	ダ,ナ,つかむ,ひく	da,na,tsukamu,hiku	0,0,0,0	0,0,0,0	KANJIDIC,PYPINYIN,UNIHAN,WORDSHK_CHARS
U+62D0	拐	カイ	kai	0	0	KANJIDIC,PYPINYIN,UNIHAN,WORDSHK_CHARS
U+62D1	拑	カン,ケン,つぐむ	kan,ken,tsugumu	0,0,0	0,0,0	KANJIDIC,PYPINYIN,UNIHAN,WORDSHK_CHARS
U+62D2	拒	キョ,ゴ,こばむ	kyo,go,kobamu	0,0,0	0,0,0	KANJIDIC,PYPINYIN,UNIHAN,WORDSHK_CHARS
U+62D3	拓	タク,ひらく	taku,hiraku	0,0	0,0	KANJIDIC,PYPINYIN,UNIHAN,WORDSHK_CHARS
U+62D4	拔	バツ,ハイ,ぬく,ぬける,ぬかす,ぬかる	batsu,hai,nuku,nukeru,nukasu,nukaru	0,0,0,0,0,0	0,0,0,0,0,0	KANJIDIC,PYPINYIN,UNIHAN,WORDSHK_CHARS
U+62D5	拕	タ,イ,ひく	ta,i,hiku	0,0,0	0,0,0	KANJIDIC,PYPINYIN,UNIHAN
U+62D6	拖	タ,イ,ひく	ta,i,hiku	0,0,0	0,0,0	KANJIDIC,PYPINYIN,UNIHAN,WORDSHK_CHARS
U+62D7	拗	オウ,ヨウ,イク,ユウ,ねじれる,こじれる,すねる,ねじける	ou,you,iku,yuu,nejireru,kojireru,suneru,nejikeru	0,0,0,0,0,0,0,0	0,0,0,0,0,0,0,0	KANJIDIC,PYPINYIN,UNIHAN,WORDSHK_CHARS
U+62D8	拘	コウ,かかわる	kou,kakawaru	0,0	0,0	KANJIDIC,PYPINYIN,UNIHAN,WORDSHK_CHARS
U+62D9	拙	セツ,つたない	setsu,tsutanai	0,0	0,0	KANJIDIC,PYPINYIN,UNIHAN,WORDSHK_CHARS
U+62DA	拚	ヘン,フン	hen,fun	0,0	0,0	KANJIDIC,PYPINYIN,UNIHAN,WORDSHK_CHARS
U+62DB	招	ショウ,まねく	shou,maneku	0,0	0,0	KANJIDIC,PYPINYIN,UNIHAN,WORDSHK_CHARS
U+62DC	拜	ハイ,おがむ,おろがむ	hai,ogamu,orogamu	0,0,0	0,0,0	KANJIDIC,PYPINYIN,UNIHAN,WORDSHK_CHARS
U+62DD	拝	ハイ,おがむ,おろがむ	hai,ogamu,orogamu	0,0,0	0,0,0	KANJIDIC,PYPINYIN,UNIHAN
U+62E0	拠	キョ,コ,よる	kyo,ko,yoru	0,0,0	0,0,0	KANJIDIC,PYPINYIN,UNIHAN
U+62E1	拡	カク,コウ,ひろがる,ひろげる,ひろめる	kaku,kou,hirogaru,hirogeru,hiromeru	0,0,0,0,0	0,0,0,0,0	KANJIDIC,PYPINYIN,UNIHAN
U+62EA	拪	セン,イ,うつる	sen,i,utsuru	0,0,0	0,0,0	KANJIDIC,PYPINYIN,UNIHAN
U+62EC	括	カツ,くくる	katsu,kukuru	0,0	0,0	KANJIDIC,PYPINYIN,UNIHAN,WORDSHK_CHARS
U+62ED	拭	ショク,シキ,ぬぐう,ふく	shoku,shiki,nuguu,fuku	0,0,0,0	0,0,0,0	KANJIDIC,PYPINYIN,UNIHAN,WORDSHK_CHARS
U+62EE	拮	カツ,ケツ,キツ,はたらく	katsu,ketsu,kitsu,hataraku	0,0,0,0	0,0,0,0	KANJIDIC,PYPINYIN,UNIHAN,WORDSHK_CHARS
U+62EF	拯	ショウ,ジョウ,すくう	shou,jou,sukuu	0,0,0	0,0,0	KANJIDIC,PYPINYIN,UNIHAN,WORDSHK_CHARS
U+62F1	拱	キョウ,コウ,こまぬく,こまねく	kyou,kou,komanuku,komaneku	0,0,0,0	0,0,0,0	KANJIDIC,PYPINYIN,UNIHAN,WORDSHK_CHARS
U+62F2	拲	キョウ,ク,キョク,コク,キク,てかせ	kyou,ku,kyoku,koku,kiku,tekase	0,0,0,0,0,0	0,0,0,0,0,0	KANJIDIC,PYPINYIN,UNIHAN
U+62F3	拳	ケン,ゲン,こぶし	ken,gen,kobushi	0,0,0	0,0,0	KANJIDIC,PYPINYIN,UNIHAN,WORDSHK_CHARS
U+62F4	拴	セン,えらぶ	sen,erabu	0,0	0,0	KANJIDIC,PYPINYIN,UNIHAN
U+62F5	拵	ソン,こしらえる	son,koshiraeru	0,0	0,0	KANJIDIC,PYPINYIN,UNIHAN
U+62F6	拶	サツ,せまる	satsu,semaru	0,0	0,0	KANJIDIC,PYPINYIN,UNIHAN
U+62F7	拷	ゴウ	gou	0	0	KANJIDIC,PYPINYIN,UNIHAN,WORDSHK_CHARS
U+62FC	拼	ホウ,ヘイ,ヒョウ,したがう	hou,hei,hyou,shitagau	0,0,0,0	0,0,0,0	KANJIDIC,PYPINYIN,UNIHAN,WORDSHK_CHARS
U+62FD	拽	エイ,エツ,エチ,セイ,ひく	ei,etsu,echi,sei,hiku	0,0,0,0,0	0,0,0,0,0	KANJIDIC,PYPINYIN,UNIHAN
U+62FE	拾	シュウ,ジュウ,ひろう	shuu,juu,hirou	0,0,0	0,0,0	KANJIDIC,PYPINYIN,UNIHAN,WORDSHK_CHARS
U+62FF	拿	ダ,ナ,つかむ,ひく	da,na,tsukamu,hiku	0,0,0,0	0,0,0,0	KANJIDIC,PYPINYIN,UNIHAN,WORDSHK_CHARS
U+6301	持	ジ,もつ,もち,もてる	ji,motsu,mochi,moteru	0,0,0,0	0,0,0,0	KANJIDIC,PYPINYIN,UNIHAN,WORDSHK_CHARS
U+6302	挂	ケイ,カイ,ケ,かける	kei,kai,ke,kakeru	0,0,0,0	0,0,0,0	KANJIDIC,PYPINYIN,UNIHAN
U+6303	挃	チツ,ジチ,テツ,デチ,さす	chitsu,jichi,tetsu,dechi,sasu	0,0,0,0,0	0,0,0,0,0	KANJIDIC,PYPINYIN,UNIHAN
U+6304	挄	カク,コウ,ひろがる,ひろげる,ひろめる	kaku,kou,hirogaru,hirogeru,hiromeru	0,0,0,0,0	0,0,0,0,0	KANJIDIC,PYPINYIN,UNIHAN
U+6307	指	シ,ゆび,さす,さし	shi,yubi,sasu,sashi	0,0,0,0	0,0,0,0	KANJIDIC,PYPINYIN,UNIHAN,WORDSHK_CHARS
U+6308	挈	ケイ,ケツ,ひっさげる	kei,ketsu,hissageru	0,0,0	0,0,0	KANJIDIC,PYPINYIN,UNIHAN,WORDSHK_CHARS
U+6309	按	アン,おさえる,しらべる	an,osaeru,shiraberu	0,0,0	0,0,0	KANJIDIC,PYPINYIN,UNIHAN,WORDSHK_CHARS
U+630A	挊	ロウ,ル,いじくる,いじる,ひねくる,たわむれる,もてあそぶ	rou,ru,ijikuru,ijiru,hinekuru,tawamureru,moteasobu	0,0,0,0,0,0,0	0,0,0,0,0,0,0	KANJIDIC,PYPINYIN,UNIHAN
U+630B	挋	シン,キン,コン,たすける	shin,kin,kon,tasukeru	0,0,0,0	0,0,0,0	KANJIDIC,PYPINYIN,UNIHAN
U+630C	挌	カク,うつ	kaku,utsu	0,0	0,0	KANJIDIC,PYPINYIN,UNIHAN
U+630D	挍	コウ,キョウ,はかる	kou,kyou,hakaru	0,0,0	0,0,0	KANJIDIC,PYPINYIN,UNIHAN
U+6310	挐	ダ,ジョ,ひく	da,jo,hiku	0,0,0	0,0,0	KANJIDIC,PYPINYIN,UNIHAN,WORDSHK_CHARS
U+6311	挑	チョウ,いどむ	chou,idomu	0,0	0,0	KANJIDIC,PYPINYIN,UNIHAN,WORDSHK_CHARS
U+6313	挓	タ,ひらく	ta,hiraku	0,0	0,0	KANJIDIC,PYPINYIN,UNIHAN
U+6316	挖	アツ,アチ,あばく	atsu,achi,abaku	0,0,0	0,0,0	KANJIDIC,PYPINYIN,UNIHAN,WORDSHK_CHARS
U+6318	挘	むしる,むしりとる	mushiru,mushiritoru	0,0	0,0	KANJIDIC,PYPINYIN,UNIHAN,WORDSHK_CHARS
U+6319	挙	キョ,あげる,あがる,こぞる	kyo,ageru,agaru,kozoru	0,0,0,0	0,0,0,0	KANJIDIC,PYPINYIN,UNIHAN
U+631F	挟	キョウ,ショウ,はさむ,はさまる,わきばさむ,さしはさむ	kyou,shou,hasamu,hasamaru,wakibasamu,sashihasamu	0,0,0,0,0,0	0,0,0,0,0,0	KANJIDIC,PYPINYIN,UNIHAN
U+6327	挧	ウ,とち	u,tochi	0,0	0,0	KANJIDIC,PYPINYIN,UNIHAN
U+6328	挨	アイ,ひらく	ai,hiraku	0,0	0,0	KANJIDIC,PYPINYIN,UNIHAN,WORDSHK_CHARS
U+6329	挩	タツ,タチ,セイ,エイ,とく	tatsu,tachi,sei,ei,toku	0,0,0,0,0	0,0,0,0,0	KANJIDIC,PYPINYIN,UNIHAN
U+632A	挪	ダ,ナ,もむ	da,na,momu	0,0,0	0,0,0	KANJIDIC,PYPINYIN,UNIHAN,WORDSHK_CHARS
U+632B	挫	ザ,サ,くじく,くじける	za,sa,kujiku,kujikeru	0,0,0,0	0,0,0,0	KANJIDIC,PYPINYIN,UNIHAN,WORDSHK_CHARS
U+632D	挭	コウ,キョウ,みだす	kou,kyou,midasu	0,0,0	0,0,0	KANJIDIC,PYPINYIN,UNIHAN,WORDSHK_CHARS
U+632F	振	シン,ふる,ふれる,ふるう	shin,furu,fureru,furuu	0,0,0,0	0,0,0,0	KANJIDIC,PYPINYIN,UNIHAN,WORDSHK_CHARS
U+6335	挵	ロウ,ル,いじくる,いじる,ひねくる,たわむれる,もてあそぶ,せせる	rou,ru,ijikuru,ijiru,hinekuru,tawamureru,moteasobu,seseru	0,0,0,0,0,0,0,0	0,0,0,0,0,0,0,0	KANJIDIC,PYPINYIN,UNIHAN
U+6336	挶	キョク,コク,ささえる,もつ	kyoku,koku,sasaeru,motsu	0,0,0,0	0,0,0,0	KANJIDIC,PYPINYIN,UNIHAN
U+6339	挹	ユウ,オウ,くむ	yuu,ou,kumu	0,0,0	0,0,0	KANJIDIC,PYPINYIN,UNIHAN,WORDSHK_CHARS
U+633A	挺	チョウ,テイ,ぬく	chou,tei,nuku	0,0,0	0,0,0	KANJIDIC,PYPINYIN,UNIHAN,WORDSHK_CHARS
U+633C	挼	ダ,ナ,ダイ,ナイ,おとす	da,na,dai,nai,otosu	0,0,0,0,0	0,0,0,0,0	KANJIDIC,PYPINYIN,UNIHAN,WORDSHK_CHARS
U+633D	挽	バン,ひく	ban,hiku	0,0	0,0	KANJIDIC,PYPINYIN,UNIHAN,WORDSHK_CHARS
U+633E	挾	キョウ,ショウ,はさむ,はさまる,わきばさむ,さしはさむ	kyou,shou,hasamu,hasamaru,wakibasamu,sashihasamu	0,0,0,0,0,0	0,0,0,0,0,0	KANJIDIC,PYPINYIN,UNIHAN,WORDSHK_CHARS
U+633F	挿	ソウ,さす,はさむ	sou,sasu,hasamu	0,0,0	0,0,0	KANJIDIC,PYPINYIN,UNIHAN
U+6341	捁	カク,コウ,みだす	kaku,kou,midasu	0,0,0	0,0,0	KANJIDIC,PYPINYIN,UNIHAN
U+6342	捂	ゴ,ふれる	go,fureru	0,0	0,0	KANJIDIC,PYPINYIN,UNIHAN
U+6343	捃	クン,ひろう	kun,hirou	0,0	0,0	KANJIDIC,PYPINYIN,UNIHAN,WORDSHK_CHARS
U+6344	捄	ク,キュウ,もる	ku,kyuu,moru	0,0,0	0,0,0	KANJIDIC,PYPINYIN,UNIHAN
U+6346	捆	コン,ととのえる	kon,totonoeru	0,0	0,0	KANJIDIC,PYPINYIN,UNIHAN,WORDSHK_CHARS
U+6349	捉	ソク,サク,とらえる	soku,saku,toraeru	0,0,0	0,0,0	KANJIDIC,PYPINYIN,UNIHAN,WORDSHK_CHARS
U+634A	捊	ホウ,フウ,フ,かきあつめる	hou,fuu,fu,kakiatsumeru	0,0,0,0	0,0,0,0	KANJIDIC,PYPINYIN,UNIHAN
U+634B	捋	ラツ,ラチ,レツ,レチ,とる	ratsu,rachi,retsu,rechi,toru	0,0,0,0,0	0,0,0,0,0	KANJIDIC,PYPINYIN,UNIHAN,WORDSHK_CHARS
U+634C	捌	ハツ,ハチ,ベツ,さばく,さばける,はけ	hatsu,hachi,betsu,sabaku,sabakeru,hake	0,0,0,0,0,0	0,0,0,0,0,0	KANJIDIC,PYPINYIN,UNIHAN,WORDSHK_CHARS
U+634D	捍	カン,ふせぐ	kan,fusegu	0,0	0,0	KANJIDIC,PYPINYIN,UNIHAN,WORDSHK_CHARS
U+634E	捎	ソウ,ショウ,とる	sou,shou,toru	0,0,0	0,0,0	KANJIDIC,PYPINYIN,UNIHAN
U+634F	捏	ネツ,テツ,ネチ,こねる,ねる,つくねる	netsu,tetsu,nechi,koneru,neru,tsukuneru	0,0,0,0,0,0	0,0,0,0,0,0	KANJIDIC,PYPINYIN,UNIHAN,WORDSHK_CHARS
U+6350	捐	エン,すてる	en,suteru	0,0	0,0	KANJIDIC,PYPINYIN,UNIHAN,WORDSHK_CHARS
U+6352	捒	ショウ,シュ,ソ,ス,ショク,ソク,つつしむ,あげる	shou,shu,so,su,shoku,soku,tsutsushimu,ageru	0,0,0,0,0,0,0,0	0,0,0,0,0,0,0,0	KANJIDIC,PYPINYIN,UNIHAN
U+6353	捓	ヨ,ヤ,もてあそぶ	yo,ya,moteasobu	0,0,0	0,0,0	KANJIDIC,PYPINYIN,UNIHAN
U+6354	捔	カク,サク,とる	kaku,saku,toru	0,0,0	0,0,0	KANJIDIC,PYPINYIN,UNIHAN
U+6355	捕	ホ,とらえる,とらわれる,とる,つかまえる,つかまる	ho,toraeru,torawareru,toru,tsukamaeru,tsukamaru	0,0,0,0,0,0	0,0,0,0,0,0	KANJIDIC,PYPINYIN,UNIHAN,WORDSHK_CHARS
U+6357	捗	チョク,ホ,はかどる	choku,ho,hakadoru	0,0,0	0,0,0	KANJIDIC,PYPINYIN,UNIHAN
U+6358	捘	ソン,シュン,おす	son,shun,osu	0,0,0	0,0,0	KANJIDIC,PYPINYIN,UNIHAN
U+635B	捛	リョ,とも	ryo,tomo	0,0	0,0	KANJIDIC,PYPINYIN,UNIHAN
U+635C	捜	ソウ,シュ,シュウ,さがす	sou,shu,shuu,sagasu	0,0,0,0	0,0,0,0	KANJIDIC,PYPINYIN,UNIHAN
U+6365	捥	ワン,ウツ,ウチ,うで,もぐ,もぎる	wan,utsu,uchi,ude,mogu,mogiru	0,0,0,0,0,0	0,0,0,0,0,0	KANJIDIC,PYPINYIN,UNIHAN
U+6366	捦	キン,ゴン,かたくとる	kin,gon,katakutoru	0,0,0	0,0,0	KANJIDIC,PYPINYIN,UNIHAN
U+6367	捧	ホウ,ささげる	hou,sasageru	0,0	0,0	KANJIDIC,PYPINYIN,UNIHAN,WORDSHK_CHARS
U+6368	捨	シャ,すてる	sha,suteru	0,0	0,0	KANJIDIC,PYPINYIN,UNIHAN,WORDSHK_CHARS
U+6369	捩	レイ,レツ,よじる,ねじる,ねじれる,もじる	rei,retsu,yojiru,nejiru,nejireru,mojiru	0,0,0,0,0,0	0,0,0,0,0,0	KANJIDIC,PYPINYIN,UNIHAN,WORDSHK_CHARS
U+636B	捫	モン,なでる	mon,naderu	0,0	0,0	KANJIDIC,PYPINYIN,UNIHAN
U+636C	捬	フ,ホウ,なでる	fu,hou,naderu	0,0,0	0,0,0	KANJIDIC,PYPINYIN,UNIHAN
U+636D	捭	ハイ,ハ,ヘイ	hai,ha,hei	0,0,0	0,0,0	KANJIDIC,PYPINYIN,UNIHAN
U+636E	据	キョ,すえる,すわる	kyo,sueru,suwaru	0,0,0	0,0,0	KANJIDIC,PYPINYIN,UNIHAN,WORDSHK_CHARS
U+6371	捱	ガイ,ゲ,ふせぐ	gai,ge,fusegu	0,0,0	0,0,0	KANJIDIC,PYPINYIN,UNIHAN,WORDSHK_CHARS
U+6372	捲	ケン,まく,まくる,めくる,まくれる	ken,maku,makuru,mekuru,makureru	0,0,0,0,0	0,0,0,0,0	KANJIDIC,PYPINYIN,UNIHAN,WORDSHK_CHARS
U+6374	捴	フン,ソウ	fun,sou	0,0	0,0	KANJIDIC,PYPINYIN,UNIHAN
U+6375	捵	テン,チン,ネン,のばす	ten,chin,nen,nobasu	0,0,0,0	0,0,0,0	KANJIDIC,PYPINYIN,UNIHAN,WORDSHK_CHARS
U+6376	捶	スイ,むちうつ	sui,muchiutsu	0,0	0,0	KANJIDIC,PYPINYIN,UNIHAN,WORDSHK_CHARS
U+6377	捷	ショウ,ソウ,はやい	shou,sou,hayai	0,0,0	0,0,0	KANJIDIC,PYPINYIN,UNIHAN,WORDSHK_CHARS
U+6378	捸	トツ,トチ,なめらか	totsu,tochi,nameraka	0,0,0	0,0,0	KANJIDIC,PYPINYIN,UNIHAN
U+637A	捺	ナツ,ダツ,さす,おす	natsu,datsu,sasu,osu	0,0,0,0	0,0,0,0	KANJIDIC,PYPINYIN,UNIHAN,WORDSHK_CHARS
U+637B	捻	ネン,ジョウ,ねじる,ひねくる,ひねる	nen,jou,nejiru,hinekuru,hineru	0,0,0,0,0	0,0,0,0,0	KANJIDIC,PYPINYIN,UNIHAN,WORDSHK_CHARS
U+637C	捼	ダ,ナ,ダイ,ナイ,おす	da,na,dai,nai,osu	0,0,0,0,0	0,0,0,0,0	KANJIDIC,PYPINYIN,UNIHAN
U+637D	捽	ソツ,ソチ,チュツ,ジュチ,サイ,スイ,つかむ	sotsu,sochi,chutsu,juchi,sai,sui,tsukamu	0,0,0,0,0,0,0	0,0,0,0,0,0,0	KANJIDIC,PYPINYIN,UNIHAN,WORDSHK_CHARS
U+637F	捿	セイ,すむ	sei,sumu	0,0	0,0	KANJIDIC,PYPINYIN,UNIHAN
U+6380	掀	キン,ケン	kin,ken	0,0	0,0	KANJIDIC,PYPINYIN,UNIHAN,WORDSHK_CHARS
U+6382	掂	テン,はかる	ten,hakaru	0,0	0,0	KANJIDIC,PYPINYIN,UNIHAN,WORDSHK_CHARS
U+6383	掃	ソウ,シュ,はく	sou,shu,haku	0,0,0	0,0,0	KANJIDIC,PYPINYIN,UNIHAN,WORDSHK_CHARS
U+6384	掄	ロン,リン,えらぶ	ron,rin,erabu	0,0,0	0,0,0	KANJIDIC,PYPINYIN,UNIHAN
U+6387	掇	タツ,タチ,テツ,テチ,セツ,セチ,ひろう	tatsu,tachi,tetsu,techi,setsu,sechi,hirou	0,0,0,0,0,0,0	0,0,0,0,0,0,0	KANJIDIC,PYPINYIN,UNIHAN
U+6388	授	ジュ,さずける,さずかる	ju,sazukeru,sazukaru	0,0,0	0,0,0	KANJIDIC,PYPINYIN,UNIHAN,WORDSHK_CHARS
U+6389	掉	トウ,チョウ,ふるう	tou,chou,furuu	0,0,0	0,0,0	KANJIDIC,PYPINYIN,UNIHAN,WORDSHK_CHARS
U+638A	掊	ホウ,ブ,フウ,かく	hou,bu,fuu,kaku	0,0,0,0	0,0,0,0	KANJIDIC,PYPINYIN,UNIHAN
U+638C	掌	ショウ,てのひら,たなごころ	shou,tenohira,tanagokoro	0,0,0	0,0,0	KANJIDIC,PYPINYIN,UNIHAN,WORDSHK_CHARS
U+638E	掎	キ,ひく	ki,hiku	0,0	0,0	KANJIDIC,PYPINYIN,UNIHAN
U+638F	掏	トウ,する,えらぶ	tou,suru,erabu	0,0,0	0,0,0	KANJIDIC,PYPINYIN,UNIHAN,WORDSHK_CHARS
U+6390	掐	コウ,キョウ,つまむ	kou,kyou,tsumamu	0,0,0	0,0,0	KANJIDIC,PYPINYIN,UNIHAN,WORDSHK_CHARS
U+6392	排	ハイ	hai	0	0	KANJIDIC,PYPINYIN,UNIHAN,WORDSHK_CHARS
U+6394	掔	カン,ケン,かたい	kan,ken,katai	0,0,0	0,0,0	KANJIDIC,PYPINYIN,UNIHAN
U+6395	掕	リョウ,とめる	ryou,tomeru	0,0	0,0	KANJIDIC,PYPINYIN,UNIHAN,WORDSHK_CHARS
U+6396	掖	エキ,たすける,わきばさむ	eki,tasukeru,wakibasamu	0,0,0	0,0,0	KANJIDIC,PYPINYIN,UNIHAN,WORDSHK_CHARS
U+6398	掘	クツ,ほる	kutsu,horu	0,0	0,0	KANJIDIC,PYPINYIN,UNIHAN,WORDSHK_CHARS
U+6399	掙	ソウ,ショウ,さす	sou,shou,sasu	0,0,0	0,0,0	KANJIDIC,PYPINYIN,UNIHAN,WORDSHK_CHARS
U+639A	掚	リョウ,かざる	ryou,kazaru	0,0	0,0	KANJIDIC,PYPINYIN,UNIHAN
U+639B	掛	カイ,ケイ,かける,かけ,がけ,かかる,がかる,かかり,がかり	kai,kei,kakeru,kake,gake,kakaru,gakaru,kakari,gakari	0,0,0,0,0,0,0,0,0	0,0,0,0,0,0,0,0,0	KANJIDIC,PYPINYIN,UNIHAN,WORDSHK_CHARS
U+639E	掞	エン,セン,のべる	en,sen,noberu	0,0,0	0,0,0	KANJIDIC,PYPINYIN,UNIHAN
U+639F	掟	トウ,チョウ,ジョウ,テイ,おきて	tou,chou,jou,tei,okite	0,0,0,0,0	0,0,0,0,0	KANJIDIC,PYPINYIN,UNIHAN,WORDSHK_CHARS
U+63A0	掠	リャク,リョウ,かすめる,かする,かすれる	ryaku,ryou,kasumeru,kasuru,kasureru	0,0,0,0,0	0,0,0,0,0	KANJIDIC,PYPINYIN,UNIHAN,WORDSHK_CHARS
U+63A1	採	サイ,とる	sai,toru	0,0	0,0	KANJIDIC,PYPINYIN,UNIHAN,WORDSHK_CHARS
U+63A2	探	タン,さぐる,さがす	tan,saguru,sagasu	0,0,0	0,0,0	KANJIDIC,PYPINYIN,UNIHAN,WORDSHK_CHARS
U+63A3	掣	セイ,セツ,ひく	sei,setsu,hiku	0,0,0	0,0,0	KANJIDIC,PYPINYIN,UNIHAN,WORDSHK_CHARS
U+63A4	掤	ヒョウ,ふた	hyou,futa	0,0	0,0	KANJIDIC,PYPINYIN,UNIHAN
U+63A5	接	セツ,ショウ,つぐ	setsu,shou,tsugu	0,0,0	0,0,0	KANJIDIC,PYPINYIN,UNIHAN,WORDSHK_CHARS
U+63A6	掦	テキ,チャク,かかげる	teki,chaku,kakageru	0,0,0	0,0,0	KANJIDIC,PYPINYIN,UNIHAN
U+63A7	控	コウ,ひかえる,ひかえ	kou,hikaeru,hikae	0,0,0	0,0,0	KANJIDIC,PYPINYIN,UNIHAN,WORDSHK_CHARS
U+63A8	推	スイ,おす	sui,osu	0,0	0,0	KANJIDIC,PYPINYIN,UNIHAN,WORDSHK_CHARS
U+63A9	掩	エン,おおう	en,oou	0,0	0,0	KANJIDIC,PYPINYIN,UNIHAN,WORDSHK_CHARS
U+63AA	措	ソ,おく	so,oku	0,0	0,0	KANJIDIC,PYPINYIN,UNIHAN,WORDSHK_CHARS
U+63AB	掫	ソウ,シュウ,まもる,たきぎ,うつ	sou,shuu,mamoru,takigi,utsu	0,0,0,0,0	0,0,0,0,0	KANJIDIC,PYPINYIN,UNIHAN
U+63AC	掬	キク,コク,きくす,むすぶ,すくう,たなごころ	kiku,koku,kikusu,musubu,sukuu,tanagokoro	0,0,0,0,0,0	0,0,0,0,0,0	KANJIDIC,PYPINYIN,UNIHAN,WORDSHK_CHARS
U+63AD	掭	テン	ten	0	0	KANJIDIC,PYPINYIN,UNIHAN,WORDSHK_CHARS
U+63AE	掮	ケン,かつぐ	ken,katsugu	0,0	0,0	KANJIDIC,PYPINYIN,UNIHAN
U+63AF	掯	コウ,とどこおる	kou,todokooru	0,0	0,0	KANJIDIC,PYPINYIN,UNIHAN,WORDSHK_CHARS
U+63B2	掲	ケイ,かかげる	kei,kakageru	0,0	0,0	KANJIDIC,PYPINYIN,UNIHAN
U+63B4	掴	カク,つかむ,つかまえる,つかまる	kaku,tsukamu,tsukamaeru,tsukamaru	0,0,0,0	0,0,0,0	KANJIDIC,PYPINYIN,UNIHAN
U+63B5	掵	ハバ	haba	0	0	KANJIDIC,PYPINYIN,UNIHAN
U+63BB	掻	ソウ,かく	sou,kaku	0,0	0,0	KANJIDIC,PYPINYIN,UNIHAN
U+63BD	掽	ホウ,ヒョウ,つく,はえずみ	hou,hyou,tsuku,haezumi	0,0,0,0	0,0,0,0	KANJIDIC,PYPINYIN,UNIHAN,WORDSHK_CHARS
U+63BE	掾	エン,テン,じょう	en,ten,jou	0,0,0	0,0,0	KANJIDIC,PYPINYIN,UNIHAN
U+63C0	揀	カン,ケン,えらぶ	kan,ken,erabu	0,0,0	0,0,0	KANJIDIC,PYPINYIN,UNIHAN,WORDSHK_CHARS
U+63C1	揁	テイ,チョウ,コウ,キョウ,ひく	tei,chou,kou,kyou,hiku	0,0,0,0,0	0,0,0,0,0	KANJIDIC,PYPINYIN,UNIHAN
U+63C3	揃	セン,そろえる,そろう,そろい,きる	sen,soroeru,sorou,soroi,kiru	0,0,0,0,0	0,0,0,0,0	KANJIDIC,PYPINYIN,UNIHAN
U+63C4	揄	ヨウ,ユウ,ユ	you,yuu,yu	0,0,0	0,0,0	KANJIDIC,PYPINYIN,UNIHAN,WORDSHK_CHARS
U+63C5	揅	ケン,みがく	ken,migaku	0,0	0,0	KANJIDIC,PYPINYIN,UNIHAN
U+63C6	揆	キ,はかりごと,はかる	ki,hakarigoto,hakaru	0,0,0	0,0,0	KANJIDIC,PYPINYIN,UNIHAN,WORDSHK_CHARS
U+63C8	揈	コウ,ケン,キク,うつ	kou,ken,kiku,utsu	0,0,0,0	0,0,0,0	KANJIDIC,PYPINYIN,UNIHAN,WORDSHK_CHARS
U+63C9	揉	ジュウ,もむ,もめる	juu,momu,momeru	0,0,0	0,0,0	KANJIDIC,PYPINYIN,UNIHAN,WORDSHK_CHARS
U+63CE	揎	セン,かかげる	sen,kakageru	0,0	0,0	KANJIDIC,PYPINYIN,UNIHAN
U+63CF	描	ビョウ,えがく,かく	byou,egaku,kaku	0,0,0	0,0,0	KANJIDIC,PYPINYIN,UNIHAN,WORDSHK_CHARS
U+63D0	提	テイ,チョウ,ダイ,さげる	tei,chou,dai,sageru	0,0,0,0	0,0,0,0	KANJIDIC,PYPINYIN,UNIHAN,WORDSHK_CHARS
U+63D1	揑	ゲツ,ゲチ,ネツ,こねあわせる	getsu,gechi,netsu,koneawaseru	0,0,0,0	0,0,0,0	KANJIDIC,PYPINYIN,UNIHAN
U+63D2	插	ソウ,さす,はさむ	sou,sasu,hasamu	0,0,0	0,0,0	KANJIDIC,PYPINYIN,UNIHAN,WORDSHK_CHARS
U+63D3	揓	シ,とる	shi,toru	0,0	0,0	KANJIDIC,PYPINYIN,UNIHAN
U+63D4	揔	ソウ,ス,すべて,みな,ひきいる,すすめる	sou,su,subete,mina,hikiiru,susumeru	0,0,0,0,0,0	0,0,0,0,0,0	KANJIDIC,PYPINYIN,UNIHAN
U+63D5	揕	チン,うつ,さす	chin,utsu,sasu	0,0,0	0,0,0	KANJIDIC,PYPINYIN,UNIHAN
U+63D6	揖	イツ,ユ,シュウ,ユウ	itsu,yu,shuu,yuu	0,0,0,0	0,0,0,0	KANJIDIC,PYPINYIN,UNIHAN,WORDSHK_CHARS
U+63DA	揚	ヨウ,あげる,あげ,あがる	you,ageru,age,agaru	0,0,0,0	0,0,0,0	KANJIDIC,PYPINYIN,UNIHAN,WORDSHK_CHARS
U+63DB	換	カン,かえる,かわる	kan,kaeru,kawaru	0,0,0	0,0,0	KANJIDIC,PYPINYIN,UNIHAN,WORDSHK_CHARS
U+63DC	揜	エン,アン,オン,とる	en,an,on,toru	0,0,0,0	0,0,0,0	KANJIDIC,PYPINYIN,UNIHAN
U+63E0	揠	サツ,アツ,ぬく,ふだ	satsu,atsu,nuku,fuda	0,0,0,0	0,0,0,0	KANJIDIC,PYPINYIN,UNIHAN,WORDSHK_CHARS
U+63E1	握	アク,にぎる	aku,nigiru	0,0	0,0	KANJIDIC,PYPINYIN,UNIHAN,WORDSHK_CHARS
U+63E3	揣	シ,スイ,タン,はかる	shi,sui,tan,hakaru	0,0,0,0	0,0,0,0	KANJIDIC,PYPINYIN,UNIHAN,WORDSHK_CHARS
U+63E5	揥	テイ,タイ,テキ,チャク,こうがい	tei,tai,teki,chaku,kougai	0,0,0,0,0	0,0,0,0,0	KANJIDIC,PYPINYIN,UNIHAN
U+63E9	揩	カイ,カツ,ぬぐう	kai,katsu,nuguu	0,0,0	0,0,0	KANJIDIC,PYPINYIN,UNIHAN,WORDSHK_CHARS
U+63EA	揪	シュウ,シュ,あつめる	shuu,shu,atsumeru	0,0,0	0,0,0	KANJIDIC,PYPINYIN,UNIHAN,WORDSHK_CHARS
U+63EC	揬	トツ,ドチ,つく,こする,ふれる	totsu,dochi,tsuku,kosuru,fureru	0,0,0,0,0	0,0,0,0,0	KANJIDIC,PYPINYIN,UNIHAN
U+63ED	揭	ケイ,ケツ,かかげる	kei,ketsu,kakageru	0,0,0	0,0,0	KANJIDIC,PYPINYIN,UNIHAN,WORDSHK_CHARS
U+63EE	揮	キ,ふるう	ki,furuu	0,0	0,0	KANJIDIC,PYPINYIN,UNIHAN,WORDSHK_CHARS
U+63F2	揲	セツ,ゼチ,チョウ,ジョウ,かぞえる	setsu,zechi,chou,jou,kazoeru	0,0,0,0,0	0,0,0,0,0	KANJIDIC,PYPINYIN,UNIHAN
U+63F3	揳	セツ,セチ,ケツ,ケチ,カツ,ただしくない	setsu,sechi,ketsu,kechi,katsu,tadashikunai	0,0,0,0,0,0	0,0,0,0,0,0	KANJIDIC,PYPINYIN,UNIHAN
U+63F4	援	エン	en	0	0	KANJIDIC,PYPINYIN,UNIHAN,WORDSHK_CHARS
U+63F5	揵	ケン,ゴン,あげる	ken,gon,ageru	0,0,0	0,0,0	KANJIDIC,PYPINYIN,UNIHAN
U+63F6	揶	ヤ,からかう	ya,karakau	0,0	0,0	KANJIDIC,PYPINYIN,UNIHAN,WORDSHK_CHARS
U+63F7	揷	ソウ,さす,にない,とる	sou,sasu,ninai,toru	0,0,0,0	0,0,0,0	KANJIDIC,PYPINYIN,UNIHAN
U+63F8	揸	サ,つまむ	sa,tsumamu	0,0	0,0	KANJIDIC,PYPINYIN,UNIHAN,WORDSHK_CHARS
U+63F9	揹	ハイ,せおう	hai,seou	0,0	0,0	KANJIDIC,PYPINYIN,UNIHAN,WORDSHK_CHARS
U+63FA	揺	ヨウ,ゆれる,ゆる,ゆらぐ,ゆるぐ,ゆする,ゆさぶる,ゆすぶる,うごく	you,yureru,yuru,yuragu,yurugu,yusuru,yusaburu,yusuburu,ugoku	0,0,0,0,0,0,0,0,0	0,0,0,0,0,0,0,0,0	KANJIDIC,PYPINYIN,UNIHAN
U+6406	搆	コウ	kou	0	0	KANJIDIC,PYPINYIN,UNIHAN
U+6409	搉	カク,うつ	kaku,utsu	0,0	0,0	KANJIDIC,PYPINYIN,UNIHAN,WORDSHK_CHARS
U+640A	搊	シュウ,シュ,ス	shuu,shu,su	0,0,0	0,0,0	KANJIDIC,PYPINYIN,UNIHAN
U+640D	損	ソン,そこなう,そこねる	son,sokonau,sokoneru	0,0,0	0,0,0	KANJIDIC,PYPINYIN,UNIHAN,WORDSHK_CHARS
U+640F	搏	ハク,うつ,とる	haku,utsu,toru	0,0,0	0,0,0	KANJIDIC,PYPINYIN,UNIHAN,WORDSHK_CHARS
U+6410	搐	チク,いたむ	chiku,itamu	0,0	0,0	KANJIDIC,PYPINYIN,UNIHAN,WORDSHK_CHARS
U+6412	搒	ホウ,ヒョウ,おおう	hou,hyou,oou	0,0,0	0,0,0	KANJIDIC,PYPINYIN,UNIHAN
U+6413	搓	サ,サイ,よる	sa,sai,yoru	0,0,0	0,0,0	KANJIDIC,PYPINYIN,UNIHAN,WORDSHK_CHARS
U+6414	搔	ソウ,かく	sou,kaku	0,0	0,0	KANJIDIC,PYPINYIN,UNIHAN,WORDSHK_CHARS
U+6416	搖	ヨウ,ゆれる,ゆらぐ,ゆるぐ,ゆする,ゆさぶる,ゆすぶる,うごく	you,yureru,yuragu,yurugu,yusuru,yusaburu,yusuburu,ugoku	0,0,0,0,0,0,0,0	0,0,0,0,0,0,0,0	KANJIDIC,PYPINYIN,UNIHAN,WORDSHK_CHARS
U+6417	搗	トウ,つく,かつ	tou,tsuku,katsu	0,0,0	0,0,0	KANJIDIC,PYPINYIN,UNIHAN,WORDSHK_CHARS
U+6418	搘	シ,ささえる	shi,sasaeru	0,0	0,0	KANJIDIC,PYPINYIN,UNIHAN
U+641C	搜	ソウ,シュ,シュウ,さがす	sou,shu,shuu,sagasu	0,0,0,0	0,0,0,0	KANJIDIC,PYPINYIN,UNIHAN,WORDSHK_CHARS
U+641E	搞	コウ,キョウ,たたく	kou,kyou,tataku	0,0,0	0,0,0	KANJIDIC,PYPINYIN,UNIHAN,WORDSHK_CHARS
U+6420	搠	サク,ぬる	saku,nuru	0,0	0,0	KANJIDIC,PYPINYIN,UNIHAN
U+6422	搢	シン,セン,セイ,サイ,はさむ	shin,sen,sei,sai,hasamu	0,0,0,0,0	0,0,0,0,0	KANJIDIC,PYPINYIN,UNIHAN
U+6424	搤	アク,セク,エツ,エチ,とらえる	aku,seku,etsu,echi,toraeru	0,0,0,0,0	0,0,0,0,0	KANJIDIC,PYPINYIN,UNIHAN
U+6425	搥	タイ,ツイ,ズイ,なげうつ	tai,tsui,zui,nageutsu	0,0,0,0	0,0,0,0	KANJIDIC,PYPINYIN,UNIHAN,WORDSHK_CHARS
U+6426	搦	ジャク,ジョク,ダク,ニャク,からめる,がらみ	jaku,joku,daku,nyaku,karameru,garami	0,0,0,0,0,0	0,0,0,0,0,0	KANJIDIC,PYPINYIN,UNIHAN,WORDSHK_CHARS
U+6428	搨	トウ,うつ,する	tou,utsu,suru	0,0,0	0,0,0	KANJIDIC,PYPINYIN,UNIHAN
U+6429	搩	ケツ,ゲチ,タク,チャク,かつぐ	ketsu,gechi,taku,chaku,katsugu	0,0,0,0,0	0,0,0,0,0	KANJIDIC,PYPINYIN,UNIHAN
U+642A	搪	トウ,はる	tou,haru	0,0	0,0	KANJIDIC,PYPINYIN,UNIHAN,WORDSHK_CHARS
U+642C	搬	ハン	han	0	0	KANJIDIC,PYPINYIN,UNIHAN,WORDSHK_CHARS
U+642D	搭	トウ	tou	0	0	KANJIDIC,PYPINYIN,UNIHAN,WORDSHK_CHARS
U+642F	搯	トウ,とりだす	tou,toridasu	0,0	0,0	KANJIDIC,PYPINYIN,UNIHAN
U+6430	搰	コツ,ほる	kotsu,horu	0,0	0,0	KANJIDIC,PYPINYIN,UNIHAN,WORDSHK_CHARS
U+6434	搴	ケン,とる,ぬく	ken,toru,nuku	0,0,0	0,0,0	KANJIDIC,PYPINYIN,UNIHAN
U+6435	搵	オン,しずむ,おさえる	on,shizumu,osaeru	0,0,0	0,0,0	KANJIDIC,PYPINYIN,UNIHAN
U+6436	搶	ソウ,ショウ,つく	sou,shou,tsuku	0,0,0	0,0,0	KANJIDIC,PYPINYIN,UNIHAN,WORDSHK_CHARS
U+643A	携	ケイ,たずさえる,たずさわる	kei,tazusaeru,tazusawaru	0,0,0	0,0,0	KANJIDIC,PYPINYIN,UNIHAN
U+643D	搽	タ	ta	0	0	KANJIDIC,PYPINYIN,UNIHAN,WORDSHK_CHARS
U+643E	搾	サク,しぼる	saku,shiboru	0,0	0,0	KANJIDIC,PYPINYIN,UNIHAN,WORDSHK_CHARS
U+643F	搿	カク	kaku	0	0	KANJIDIC,PYPINYIN,UNIHAN
U+6442	摂	セツ,ショウ,おさめる,かねる,とる	setsu,shou,osameru,kaneru,toru	0,0,0,0,0	0,0,0,0,0	KANJIDIC,PYPINYIN,UNIHAN
U+644B	摋	サツ,サチ,セツ,セチ,うつ	satsu,sachi,setsu,sechi,utsu	0,0,0,0,0	0,0,0,0,0	KANJIDIC,PYPINYIN,UNIHAN
U+644E	摎	ク,キュウ	ku,kyuu	0,0	0,0	KANJIDIC,PYPINYIN,UNIHAN,WORDSHK_CHARS
U+644F	摏	ショウ,シュ,つく	shou,shu,tsuku	0,0,0	0,0,0	KANJIDIC,PYPINYIN,UNIHAN,WORDSHK_CHARS
U+6451	摑	カク,つかむ,つかまえる,つかまる	kaku,tsukamu,tsukamaeru,tsukamaru	0,0,0,0	0,0,0,0	KANJIDIC,PYPINYIN,UNIHAN,WORDSHK_CHARS
U+6452	摒	ヘイ,ヒョウ,はらう	hei,hyou,harau	0,0,0	0,0,0	KANJIDIC,PYPINYIN,UNIHAN,WORDSHK_CHARS
U+6453	摓	ホウ,ブ,フウ,ぬう	hou,bu,fuu,nuu	0,0,0,0	0,0,0,0	KANJIDIC,PYPINYIN,UNIHAN
U+6454	摔	シュツ,シュチ	shutsu,shuchi	0,0	0,0	KANJIDIC,PYPINYIN,UNIHAN,WORDSHK_CHARS
U+6458	摘	テキ,つむ	teki,tsumu	0,0	0,0	KANJIDIC,PYPINYIN,UNIHAN,WORDSHK_CHARS
U+645A	摚	トウ,チョウ,とめる	tou,chou,tomeru	0,0,0	0,0,0	KANJIDIC,PYPINYIN,UNIHAN
U+645B	摛	チ,リ,しく,のべる	chi,ri,shiku,noberu	0,0,0,0	0,0,0,0	KANJIDIC,PYPINYIN,UNIHAN
U+645C	摜	カン,ならう	kan,narau	0,0	0,0	KANJIDIC,PYPINYIN,UNIHAN,WORDSHK_CHARS
U+645D	摝	ロク,ロウ,ル,うごかす	roku,rou,ru,ugokasu	0,0,0,0	0,0,0,0	KANJIDIC,PYPINYIN,UNIHAN
U+645F	摟	ロウ,ル,ひく	rou,ru,hiku	0,0,0	0,0,0	KANJIDIC,PYPINYIN,UNIHAN,WORDSHK_CHARS
U+6460	摠	ソウ,すべる,ふさ	sou,suberu,fusa	0,0,0	0,0,0	KANJIDIC,PYPINYIN,UNIHAN
U+6461	摡	カイ,キ,ケ,あらう	kai,ki,ke,arau	0,0,0,0	0,0,0,0	KANJIDIC,PYPINYIN,UNIHAN
U+6463	摣	サ,シャ,ダ,ナ,サイ,セ,とる,つかむ	sa,sha,da,na,sai,se,toru,tsukamu	0,0,0,0,0,0,0,0	0,0,0,0,0,0,0,0	KANJIDIC,PYPINYIN,UNIHAN
U+6467	摧	サイ,サ,くだく	sai,sa,kudaku	0,0,0	0,0,0	KANJIDIC,PYPINYIN,UNIHAN,WORDSHK_CHARS
U+6469	摩	マ,まする,さする,する	ma,masuru,sasuru,suru	0,0,0,0	0,0,0,0	KANJIDIC,PYPINYIN,UNIHAN,WORDSHK_CHARS
U+646D	摭	セキ,シャク,ひろう	seki,shaku,hirou	0,0,0	0,0,0	KANJIDIC,PYPINYIN,UNIHAN
U+646F	摯	シ,いたる,つかむ,にえ	shi,itaru,tsukamu,nie	0,0,0,0	0,0,0,0	KANJIDIC,PYPINYIN,UNIHAN,WORDSHK_CHARS
U+6473	摳	コウ,ク,オウ,ウ,ひろう	kou,ku,ou,u,hirou	0,0,0,0,0	0,0,0,0,0	KANJIDIC,PYPINYIN,UNIHAN,WORDSHK_CHARS
U+6474	摴	チョ,チ,のべる	cho,chi,noberu	0,0,0	0,0,0	KANJIDIC,PYPINYIN,UNIHAN
U+6476	摶	タン,セン,まるい	tan,sen,marui	0,0,0	0,0,0	KANJIDIC,PYPINYIN,UNIHAN
U+6478	摸	モ,モウ,バク,ボ,マク	mo,mou,baku,bo,maku	0,0,0,0,0	0,0,0,0,0	KANJIDIC,PYPINYIN,UNIHAN,WORDSHK_CHARS
U+647A	摺	ショウ,シュウ,ロウ,する,ひだ	shou,shuu,rou,suru,hida	0,0,0,0,0	0,0,0,0,0	KANJIDIC,PYPINYIN,UNIHAN,WORDSHK_CHARS
U+647B	摻	サン,セン,シン,とる	san,sen,shin,toru	0,0,0,0	0,0,0,0	KANJIDIC,PYPINYIN,UNIHAN,WORDSHK_CHARS
U+647D	摽	ヒョウ,ホウ,うつ	hyou,hou,utsu	0,0,0	0,0,0	KANJIDIC,PYPINYIN,UNIHAN
U+6483	撃	ゲキ,うつ	geki,utsu	0,0	0,0	KANJIDIC,PYPINYIN,UNIHAN
U+6485	撅	ケツ,カチ,ケイ,ケ,あつめる	ketsu,kachi,kei,ke,atsumeru	0,0,0,0,0	0,0,0,0,0	KANJIDIC,PYPINYIN,UNIHAN
U+6487	撇	ヘツ,ヘチ,ヘイ,ぬぐう	hetsu,hechi,hei,nuguu	0,0,0,0	0,0,0,0	KANJIDIC,PYPINYIN,UNIHAN,WORDSHK_CHARS
U+6488	撈	ロウ,リョウ	rou,ryou	0,0	0,0	KANJIDIC,PYPINYIN,UNIHAN,WORDSHK_CHARS
U+648F	撏	サン,シン,とる	san,shin,toru	0,0,0	0,0,0	KANJIDIC,PYPINYIN,UNIHAN,WORDSHK_CHARS
U+6490	撐	チョウ,トウ,ささえる,あく	chou,tou,sasaeru,aku	0,0,0,0	0,0,0,0	KANJIDIC,PYPINYIN,UNIHAN,WORDSHK_CHARS
U+6491	撑	チョウ,トウ,ささえる,あく	chou,tou,sasaeru,aku	0,0,0,0	0,0,0,0	KANJIDIC,PYPINYIN,UNIHAN,WORDSHK_CHARS
U+6492	撒	サン,サツ,まく	san,satsu,maku	0,0,0	0,0,0	KANJIDIC,PYPINYIN,UNIHAN,WORDSHK_CHARS
U+6493	撓	トウ,キョウ,コウ,ジョウ,たわむ,しなう,しおる,たわめる,みだす,みだれる	tou,kyou,kou,jou,tawamu,shinau,shioru,tawameru,midasu,midareru	0,0,0,0,0,0,0,0,0,0	0,0,0,0,0,0,0,0,0,0	KANJIDIC,PYPINYIN,UNIHAN,WORDSHK_CHARS
U+6495	撕	セイ,シ	sei,shi	0,0	0,0	KANJIDIC,PYPINYIN,UNIHAN,WORDSHK_CHARS
U+6498	撘	トウ	tou	0	0	KANJIDIC,PYPINYIN,UNIHAN
U+6499	撙	ソン,おさえる	son,osaeru	0,0	0,0	KANJIDIC,PYPINYIN,UNIHAN
U+649A	撚	ネン,よる,よれる,より,ひねる	nen,yoru,yoreru,yori,hineru	0,0,0,0,0	0,0,0,0,0	KANJIDIC,PYPINYIN,UNIHAN,WORDSHK_CHARS
U+649B	撛	リン,たすける,ぬく	rin,tasukeru,nuku	0,0,0	0,0,0	KANJIDIC,PYPINYIN,UNIHAN
U+649D	撝	キ,イ,はなす	ki,i,hanasu	0,0,0	0,0,0	KANJIDIC,PYPINYIN,UNIHAN
U+649E	撞	ドウ,トウ,シュ,つく	dou,tou,shu,tsuku	0,0,0,0	0,0,0,0	KANJIDIC,PYPINYIN,UNIHAN,WORDSHK_CHARS
U+649F	撟	キョウ,コウ	kyou,kou	0,0	0,0	KANJIDIC,PYPINYIN,UNIHAN,WORDSHK_CHARS
U+64A1	撡	ソウ,サン,みさお,あやつる	sou,san,misao,ayatsuru	0,0,0,0	0,0,0,0	KANJIDIC,PYPINYIN,UNIHAN
U+64A3	撣	タン,セン,もつ	tan,sen,motsu	0,0,0	0,0,0	KANJIDIC,PYPINYIN,UNIHAN
U+64A4	撤	テツ	tetsu	0	0	KANJIDIC,PYPINYIN,UNIHAN,WORDSHK_CHARS
U+64A5	撥	ハツ,バチ,はねる,おさめる	hatsu,bachi,haneru,osameru	0,0,0,0	0,0,0,0	KANJIDIC,PYPINYIN,UNIHAN,WORDSHK_CHARS
U+64A6	撦	シャ,さく	sha,saku	0,0	0,0	KANJIDIC,PYPINYIN,UNIHAN,WORDSHK_CHARS
U+64A8	撨	ショウ,ソウ,ス,えらぶ,とる,ぬぐう,おす	shou,sou,su,erabu,toru,nuguu,osu	0,0,0,0,0,0,0	0,0,0,0,0,0,0	KANJIDIC,PYPINYIN,UNIHAN,WORDSHK_CHARS
U+64A9	撩	リョウ,ロウ	ryou,rou	0,0	0,0	KANJIDIC,PYPINYIN,UNIHAN,WORDSHK_CHARS
U+64AB	撫	ブ,フ,なでる	bu,fu,naderu	0,0,0	0,0,0	KANJIDIC,PYPINYIN,UNIHAN,WORDSHK_CHARS
U+64AC	撬	キョウ,あげる	kyou,ageru	0,0	0,0	KANJIDIC,PYPINYIN,UNIHAN,WORDSHK_CHARS
U+64AD	播	ハ,バン,ハン,まく	ha,ban,han,maku	0,0,0,0	0,0,0,0	KANJIDIC,PYPINYIN,UNIHAN,WORDSHK_CHARS
U+64AE	撮	サツ,とる,つまむ,どり	satsu,toru,tsumamu,dori	0,0,0,0	0,0,0,0	KANJIDIC,PYPINYIN,UNIHAN,WORDSHK_CHARS
U+64B0	撰	サン,セン,せんする,えらむ,えらぶ	san,sen,sensuru,eramu,erabu	0,0,0,0,0	0,0,0,0,0	KANJIDIC,PYPINYIN,UNIHAN,WORDSHK_CHARS
U+64B2	撲	ボク	boku	0	0	KANJIDIC,PYPINYIN,UNIHAN,WORDSHK_CHARS
U+64B3	撳	キン,おさえる	kin,osaeru	0,0	0,0	KANJIDIC,PYPINYIN,UNIHAN,WORDSHK_CHARS
U+64B9	撹	カク,コウ,みだす	kaku,kou,midasu	0,0,0	0,0,0	KANJIDIC,PYPINYIN,UNIHAN
U+64BB	撻	タツ,むちうつ	tatsu,muchiutsu	0,0	0,0	KANJIDIC,PYPINYIN,UNIHAN,WORDSHK_CHARS
U+64BC	撼	カン,うごかす	kan,ugokasu	0,0	0,0	KANJIDIC,PYPINYIN,UNIHAN,WORDSHK_CHARS
U+64BD	撽	コウ,キョウ,ケキ,キャク,たたく	kou,kyou,keki,kyaku,tataku	0,0,0,0,0	0,0,0,0,0	KANJIDIC,PYPINYIN,UNIHAN
U+64BE	撾	タ,テ,カ,うつ	ta,te,ka,utsu	0,0,0,0	0,0,0,0	KANJIDIC,PYPINYIN,UNIHAN,WORDSHK_CHARS
U+64BF	撿	レン,ケン,こまねく	ren,ken,komaneku	0,0,0	0,0,0	KANJIDIC,PYPINYIN,UNIHAN,WORDSHK_CHARS
U+64C1	擁	ヨウ	you	0	0	KANJIDIC,PYPINYIN,UNIHAN,WORDSHK_CHARS
U+64C2	擂	ライ,する	rai,suru	0,0	0,0	KANJIDIC,PYPINYIN,UNIHAN,WORDSHK_CHARS
U+64C4	擄	リョ,ロ,とりこ	ryo,ro,toriko	0,0,0	0,0,0	KANJIDIC,PYPINYIN,UNIHAN,WORDSHK_CHARS
U+64C5	擅	セン,ほしいまま	sen,hoshiimama	0,0	0,0	KANJIDIC,PYPINYIN,UNIHAN,WORDSHK_CHARS
U+64C7	擇	タク,えらぶ	taku,erabu	0,0	0,0	KANJIDIC,PYPINYIN,UNIHAN,WORDSHK_CHARS
U+64C9	擉	サク,タク,ショク,ゾク,さす	saku,taku,shoku,zoku,sasu	0,0,0,0,0	0,0,0,0,0	KANJIDIC,PYPINYIN,UNIHAN
U+64CA	擊	ゲキ,うつ	geki,utsu	0,0	0,0	KANJIDIC,PYPINYIN,UNIHAN,WORDSHK_CHARS
U+64CB	擋	トウ,さける	tou,sakeru	0,0	0,0	KANJIDIC,PYPINYIN,UNIHAN,WORDSHK_CHARS
U+64CC	擌	サク,チャク,もちざお	saku,chaku,mochizao	0,0,0	0,0,0	KANJIDIC,PYPINYIN,UNIHAN
U+64CD	操	ソウ,サン,みさお,あやつる	sou,san,misao,ayatsuru	0,0,0,0	0,0,0,0	KANJIDIC,PYPINYIN,UNIHAN,WORDSHK_CHARS
U+64CE	擎	ケイ,ギョウ,ささげる	kei,gyou,sasageru	0,0,0	0,0,0	KANJIDIC,PYPINYIN,UNIHAN,WORDSHK_CHARS
U+64D0	擐	カン,ケン,セン,つらぬく	kan,ken,sen,tsuranuku	0,0,0,0	0,0,0,0	KANJIDIC,PYPINYIN,UNIHAN
U+64D1	擑	セツ,ショウ,つぐ	setsu,shou,tsugu	0,0,0	0,0,0	KANJIDIC,PYPINYIN,UNIHAN
U+64D2	擒	キン,とらえる,とりこ	kin,toraeru,toriko	0,0,0	0,0,0	KANJIDIC,PYPINYIN,UNIHAN,WORDSHK_CHARS
U+64D4	擔	タン,かつぐ,になう	tan,katsugu,ninau	0,0,0	0,0,0	KANJIDIC,PYPINYIN,UNIHAN,WORDSHK_CHARS
U+64D5	擕	ケイ,たずさえる,たずさわる	kei,tazusaeru,tazusawaru	0,0,0	0,0,0	KANJIDIC,PYPINYIN,UNIHAN
U+64D7	擗	ヘキ,ヒャク,ハク	heki,hyaku,haku	0,0,0	0,0,0	KANJIDIC,PYPINYIN,UNIHAN,WORDSHK_CHARS
U+64D8	擘	ハク,ヒャク,ヘキ,さく	haku,hyaku,heki,saku	0,0,0,0	0,0,0,0	KANJIDIC,PYPINYIN,UNIHAN,WORDSHK_CHARS
U+64DA	據	キョ,コ,よる	kyo,ko,yoru	0,0,0	0,0,0	KANJIDIC,PYPINYIN,UNIHAN,WORDSHK_CHARS
U+64E0	擠	セイ,サイ,おす	sei,sai,osu	0,0,0	0,0,0	KANJIDIC,PYPINYIN,UNIHAN,WORDSHK_CHARS
U+64E1	擡	タイ,もたげる	tai,motageru	0,0	0,0	KANJIDIC,PYPINYIN,UNIHAN
U+64E2	擢	テキ,タク,ぬく,ぬきんでる	teki,taku,nuku,nukinderu	0,0,0,0	0,0,0,0	KANJIDIC,PYPINYIN,UNIHAN,WORDSHK_CHARS
U+64E3	擣	トウ,うつ,つく	tou,utsu,tsuku	0,0,0	0,0,0	KANJIDIC,PYPINYIN,UNIHAN
U+64E4	擤	コウ,キョウ,かむ	kou,kyou,kamu	0,0,0	0,0,0	KANJIDIC,PYPINYIN,UNIHAN,WORDSHK_CHARS
U+64E5	擥	ラン,とる	ran,toru	0,0	0,0	KANJIDIC,PYPINYIN,UNIHAN
U+64E6	擦	サツ,する,すれる,ずれ,こする,こすれる	satsu,suru,sureru,zure,kosuru,kosureru	0,0,0,0,0,0	0,0,0,0,0,0	KANJIDIC,PYPINYIN,UNIHAN,WORDSHK_CHARS
U+64E7	擧	キョ,あげる,あがる,こぞる	kyo,ageru,agaru,kozoru	0,0,0,0	0,0,0,0	KANJIDIC,PYPINYIN,UNIHAN
U+64E9	擩	ジュ,ニュ,ズイ,ニ,ひたす	ju,nyu,zui,ni,hitasu	0,0,0,0,0	0,0,0,0,0	KANJIDIC,PYPINYIN,UNIHAN
U+64EA	擪	ヨウ,チョウ,ジョウ,ニョウ,オウ,エン,おさえる,もつ	you,chou,jou,nyou,ou,en,osaeru,motsu	0,0,0,0,0,0,0,0	0,0,0,0,0,0,0,0	KANJIDIC,PYPINYIN,UNIHAN,WORDSHK_CHARS
U+64EC	擬	ギ,まがい,もどき	gi,magai,modoki	0,0,0	0,0,0	KANJIDIC,PYPINYIN,UNIHAN,WORDSHK_CHARS
U+64ED	擭	キョ,ワク,あげる,あがる	kyo,waku,ageru,agaru	0,0,0,0	0,0,0,0	KANJIDIC,PYPINYIN,UNIHAN
U+64EF	擯	ヒン,しりぞける	hin,shirizokeru	0,0	0,0	KANJIDIC,PYPINYIN,UNIHAN,WORDSHK_CHARS
U+64F0	擰	ドウ,ニョウ,みだれる	dou,nyou,midareru	0,0,0	0,0,0	KANJIDIC,PYPINYIN,UNIHAN,WORDSHK_CHARS
U+64F1	擱	カク,おく	kaku,oku	0,0	0,0	KANJIDIC,PYPINYIN,UNIHAN,WORDSHK_CHARS
U+64F2	擲	テキ,チャク,ジャク,なぐる,なげうつ	teki,chaku,jaku,naguru,nageutsu	0,0,0,0,0	0,0,0,0,0	KANJIDIC,PYPINYIN,UNIHAN,WORDSHK_CHARS
U+64F4	擴	カク,コウ,ひろがる,ひろげる,ひろめる	kaku,kou,hirogaru,hirogeru,hiromeru	0,0,0,0,0	0,0,0,0,0	KANJIDIC,PYPINYIN,UNIHAN,WORDSHK_CHARS
U+64F5	擵	マ,まする,さする,する	ma,masuru,sasuru,suru	0,0,0,0	0,0,0,0	KANJIDIC,PYPINYIN,UNIHAN
U+64F6	擶	セン,ただす	sen,tadasu	0,0	0,0	KANJIDIC,PYPINYIN,UNIHAN
U+64F7	擷	ケツ,つまばさむ,はさむ	ketsu,tsumabasamu,hasamu	0,0,0	0,0,0	KANJIDIC,PYPINYIN,UNIHAN,WORDSHK_CHARS
U+64FA	擺	ハイ,ひらく	hai,hiraku	0,0	0,0	KANJIDIC,PYPINYIN,UNIHAN,WORDSHK_CHARS
U+64FB	擻	ソウ,ス,あげる,すてる	sou,su,ageru,suteru	0,0,0,0	0,0,0,0	KANJIDIC,PYPINYIN,UNIHAN,WORDSHK_CHARS
U+64FD	擽	リャク,ラク,レキ,フキ,くすぐる,うつ	ryaku,raku,reki,fuki,kusuguru,utsu	0,0,0,0,0,0	0,0,0,0,0,0	KANJIDIC,PYPINYIN,UNIHAN
U+64FE	擾	ジョウ,みだれる,みだす,わずらわしい	jou,midareru,midasu,wazurawashii	0,0,0,0	0,0,0,0	KANJIDIC,PYPINYIN,UNIHAN,WORDSHK_CHARS
U+64FF	擿	テキ,ジャク,チャク,かく	teki,jaku,chaku,kaku	0,0,0,0	0,0,0,0	KANJIDIC,PYPINYIN,UNIHAN
U+6500	攀	ハン,よじる	han,yojiru	0,0	0,0	KANJIDIC,PYPINYIN,UNIHAN,WORDSHK_CHARS
U+6501	攁	ヨウ,ひらきうごかす	you,hirakiugokasu	0,0	0,0	KANJIDIC,PYPINYIN,UNIHAN
U+6504	攄	チョ,のべる	cho,noberu	0,0	0,0	KANJIDIC,PYPINYIN,UNIHAN
U+6505	攅	サン,あつまる	san,atsumaru	0,0	0,0	KANJIDIC,PYPINYIN,UNIHAN
U+6508	攈	クン,キン,ヒ,ひろう,とる	kun,kin,hi,hirou,toru	0,0,0,0,0	0,0,0,0,0	KANJIDIC,PYPINYIN,UNIHAN
U+6509	攉	カク	kaku	0	0	KANJIDIC,PYPINYIN,UNIHAN
U+650A	攊	リャク,ラク,レキ,くすぐる,うつ	ryaku,raku,reki,kusuguru,utsu	0,0,0,0,0	0,0,0,0,0	KANJIDIC,PYPINYIN,UNIHAN,WORDSHK_CHARS
U+650F	攏	ロウ,ル,とる	rou,ru,toru	0,0,0	0,0,0	KANJIDIC,PYPINYIN,UNIHAN,WORDSHK_CHARS
U+6513	攓	ケン,とる	ken,toru	0,0	0,0	KANJIDIC,PYPINYIN,UNIHAN
U+6514	攔	ラン,さえぎる	ran,saegiru	0,0	0,0	KANJIDIC,PYPINYIN,UNIHAN,WORDSHK_CHARS
U+6516	攖	エイ,ヨウ,せむる	ei,you,semuru	0,0,0	0,0,0	KANJIDIC,PYPINYIN,UNIHAN
U+6518	攘	ジョウ,ぬすむ,はらう	jou,nusumu,harau	0,0,0	0,0,0	KANJIDIC,PYPINYIN,UNIHAN,WORDSHK_CHARS
U+6519	攙	セン,シン,サン,さす	sen,shin,san,sasu	0,0,0,0	0,0,0,0	KANJIDIC,PYPINYIN,UNIHAN,WORDSHK_CHARS
U+651B	攛	サン,なげうつ	san,nageutsu	0,0	0,0	KANJIDIC,PYPINYIN,UNIHAN
U+651C	攜	ケイ,たずさえる,たずさわる	kei,tazusaeru,tazusawaru	0,0,0	0,0,0	KANJIDIC,PYPINYIN,UNIHAN,WORDSHK_CHARS
U+651D	攝	セツ,ショウ,おさめる,かねる,とる	setsu,shou,osameru,kaneru,toru	0,0,0,0,0	0,0,0,0,0	KANJIDIC,PYPINYIN,UNIHAN,WORDSHK_CHARS
U+651E	攞	ラ,えらぶ,さく	ra,erabu,saku	0,0,0	0,0,0	KANJIDIC,PYPINYIN,UNIHAN,WORDSHK_CHARS
U+651F	攟	クン,キン,ヒ,ひろう,とる	kun,kin,hi,hirou,toru	0,0,0,0,0	0,0,0,0,0	KANJIDIC,PYPINYIN,UNIHAN
U+6522	攢	サン,あつまる	san,atsumaru	0,0	0,0	KANJIDIC,PYPINYIN,UNIHAN,WORDSHK_CHARS
U+6523	攣	レン,つる,ひく	ren,tsuru,hiku	0,0,0	0,0,0	KANJIDIC,PYPINYIN,UNIHAN,WORDSHK_CHARS
U+6524	攤	タン,ひらく	tan,hiraku	0,0	0,0	KANJIDIC,PYPINYIN,UNIHAN,WORDSHK_CHARS
U+6526	攦	レイ,ライ,シ,リ,おる,ねじる	rei,rai,shi,ri,oru,nejiru	0,0,0,0,0,0	0,0,0,0,0,0	KANJIDIC,PYPINYIN,UNIHAN
U+6529	攩	トウ,コウ,オウ,たも,とも,たたく	tou,kou,ou,tamo,tomo,tataku	0,0,0,0,0,0	0,0,0,0,0,0	KANJIDIC,PYPINYIN,UNIHAN
U+652A	攪	カク,コウ,みだす	kaku,kou,midasu	0,0,0	0,0,0	KANJIDIC,PYPINYIN,UNIHAN,WORDSHK_CHARS
U+652B	攫	カク,さらう,つかむ	kaku,sarau,tsukamu	0,0,0	0,0,0	KANJIDIC,PYPINYIN,UNIHAN
U+652C	攬	ラン,とる	ran,toru	0,0	0,0	KANJIDIC,PYPINYIN,UNIHAN,WORDSHK_CHARS
U+652E	攮	ドウ,ヌ,おす	dou,nu,osu	0,0,0	0,0,0	KANJIDIC,PYPINYIN,UNIHAN
U+652F	支	シ,ささえる,つかえる,かう	shi,sasaeru,tsukaeru,kau	0,0,0,0	0,0,0,0	KANJIDIC,PYPINYIN,UNIHAN,WORDSHK_CHARS
U+6531	攱	キ,のせる,こしかけ,まくら	ki,noseru,koshikake,makura	0,0,0,0	0,0,0,0	KANJIDIC,PYPINYIN,UNIHAN
U+6532	攲	キ,かたむく,そばだてる,そばだつ	ki,katamuku,sobadateru,sobadatsu	0,0,0,0	0,0,0,0	KANJIDIC,PYPINYIN,UNIHAN
U+6534	攴	ホク	hoku	0	0	KANJIDIC,PYPINYIN,UNIHAN
U+6535	攵	ホク	hoku	0	0	KANJIDIC,PYPINYIN,UNIHAN,WORDSHK_CHARS
U+6536	收	シュウ,おさめる,おさまる	shuu,osameru,osamaru	0,0,0	0,0,0	KANJIDIC,PYPINYIN,UNIHAN,WORDSHK_CHARS
U+6537	攷	コウ,かんがえる	kou,kangaeru	0,0	0,0	KANJIDIC,PYPINYIN,UNIHAN
U+6538	攸	ユウ,ところ	yuu,tokoro	0,0	0,0	KANJIDIC,PYPINYIN,UNIHAN,WORDSHK_CHARS
U+6539	改	カイ,あらためる,あらたまる	kai,aratameru,aratamaru	0,0,0	0,0,0	KANJIDIC,PYPINYIN,UNIHAN,WORDSHK_CHARS
U+653A	攺	イ,シ	i,shi	0,0	0,0	KANJIDIC,PYPINYIN,UNIHAN
U+653B	攻	コウ,せめる	kou,semeru	0,0	0,0	KANJIDIC,PYPINYIN,UNIHAN,WORDSHK_CHARS
U+653C	攼	カン,もとめる,える,とめる	kan,motomeru,eru,tomeru	0,0,0,0	0,0,0,0	KANJIDIC,PYPINYIN,UNIHAN
U+653D	攽	ハン,ヒン,わける	han,hin,wakeru	0,0,0	0,0,0	KANJIDIC,PYPINYIN,UNIHAN
U+653E	放	ホウ,はなす,っぱなし,はなつ,はなれる,こく,ほうる	hou,hanasu,ppanashi,hanatsu,hanareru,koku,houru	0,0,0,0,0,0,0	0,0,0,0,0,0,0	KANJIDIC,PYPINYIN,UNIHAN,WORDSHK_CHARS
U+653F	政	セイ,ショウ,まつりごと,まん	sei,shou,matsurigoto,man	0,0,0,0	0,0,0,0	KANJIDIC,PYPINYIN,UNIHAN,WORDSHK_CHARS
U+6543	敃	ビン,ミン,フン,つとめる	bin,min,fun,tsutomeru	0,0,0,0	0,0,0,0	KANJIDIC,PYPINYIN,UNIHAN
U+6545	故	コ,ゆえ,ふるい,もと	ko,yue,furui,moto	0,0,0,0	0,0,0,0	KANJIDIC,PYPINYIN,UNIHAN,WORDSHK_CHARS
U+6547	敇	サク,シャク,むちうつ	saku,shaku,muchiutsu	0,0,0	0,0,0	KANJIDIC,PYPINYIN,UNIHAN
U+6548	效	コウ,きく,ききめ,ならう	kou,kiku,kikime,narau	0,0,0,0	0,0,0,0	KANJIDIC,PYPINYIN,UNIHAN,WORDSHK_CHARS
U+6549	敉	ミ,ヒ,なでる	mi,hi,naderu	0,0,0	0,0,0	KANJIDIC,PYPINYIN,UNIHAN
U+654D	敍	ジョ,ついず,ついで	jo,tsuizu,tsuide	0,0,0	0,0,0	KANJIDIC,PYPINYIN,UNIHAN,WORDSHK_CHARS
U+654F	敏	ビン,さとい	bin,satoi	0,0	0,0	KANJIDIC,PYPINYIN,UNIHAN,WORDSHK_CHARS
U+6550	敐	シン,ジン,よろこんでうごく	shin,jin,yorokondeugoku	0,0,0	0,0,0	KANJIDIC,PYPINYIN,UNIHAN
U+6551	救	キュウ,すくう	kyuu,sukuu	0,0	0,0	KANJIDIC,PYPINYIN,UNIHAN,WORDSHK_CHARS
U+6552	敒	チン,シン,ショウ,おさめる,のべる	chin,shin,shou,osameru,noberu	0,0,0,0,0	0,0,0,0,0	KANJIDIC,PYPINYIN,UNIHAN
U+6554	敔	ギョ,ゴ,さしとめる	gyo,go,sashitomeru	0,0,0	0,0,0	KANJIDIC,PYPINYIN,UNIHAN
U+6555	敕	チョク,いましめる,みことのり	choku,imashimeru,mikotonori	0,0,0	0,0,0	KANJIDIC,PYPINYIN,UNIHAN,WORDSHK_CHARS
U+6556	敖	ゴウ,あそぶ,おごる	gou,asobu,ogoru	0,0,0	0,0,0	KANJIDIC,PYPINYIN,UNIHAN
U+6557	敗	ハイ,やぶれる	hai,yabureru	0,0	0,0	KANJIDIC,PYPINYIN,UNIHAN,WORDSHK_CHARS
U+6558	敘	ジョ,ついず,ついで	jo,tsuizu,tsuide	0,0,0	0,0,0	KANJIDIC,PYPINYIN,UNIHAN,WORDSHK_CHARS
U+6559	教	キョウ,おしえる,おそわる	kyou,oshieru,osowaru	0,0,0	0,0,0	KANJIDIC,PYPINYIN,UNIHAN,WORDSHK_CHARS
U+655D	敝	ヘイ,やぶれる	hei,yabureru	0,0	0,0	KANJIDIC,PYPINYIN,UNIHAN,WORDSHK_CHARS
U+655E	敞	ショウ,たかい,ほがらか,ひろい	shou,takai,hogaraka,hiroi	0,0,0,0	0,0,0,0	KANJIDIC,PYPINYIN,UNIHAN,WORDSHK_CHARS
U+655F	敟	テン,つかさどる,つね	ten,tsukasadoru,tsune	0,0,0	0,0,0	KANJIDIC,PYPINYIN,UNIHAN
U+6560	敠	タツ,タチ,セツ,セチ,はかる	tatsu,tachi,setsu,sechi,hakaru	0,0,0,0,0	0,0,0,0,0	KANJIDIC,PYPINYIN,UNIHAN
U+6562	敢	カン,あえて,あえない,あえず	kan,aete,aenai,aezu	0,0,0,0	0,0,0,0	KANJIDIC,PYPINYIN,UNIHAN,WORDSHK_CHARS
U+6563	散	サン,ちる,ちらす,ちらかす,ちらかる,ちらばる,ばら,ばらける	san,chiru,chirasu,chirakasu,chirakaru,chirabaru,bara,barakeru	0,0,0,0,0,0,0,0	0,0,0,0,0,0,0,0	KANJIDIC,PYPINYIN,UNIHAN,WORDSHK_CHARS
U+6566	敦	トン,タイ,ダン,チョウ,あつい	ton,tai,dan,chou,atsui	0,0,0,0,0	0,0,0,0,0	KANJIDIC,PYPINYIN,UNIHAN,WORDSHK_CHARS
U+6567	敧	キ,はさむ	ki,hasamu	0,0	0,0	KANJIDIC,PYPINYIN,UNIHAN
U+656B	敫	セク,キョウ,ケキ,キャク,ヤク,うつる	seku,kyou,keki,kyaku,yaku,utsuru	0,0,0,0,0,0	0,0,0,0,0,0	KANJIDIC,PYPINYIN,UNIHAN
U+656C	敬	ケイ,キョウ,うやまう	kei,kyou,uyamau	0,0,0	0,0,0	KANJIDIC,PYPINYIN,UNIHAN,WORDSHK_CHARS
U+6570	数	スウ,ス,サク,ソク,シュ,かず,かぞえる,しばしば,せめる,わずらわしい	suu,su,saku,soku,shu,kazu,kazoeru,shibashiba,semeru,wazurawashii	0,0,0,0,0,0,0,0,0,0	0,0,0,0,0,0,0,0,0,0	KANJIDIC,PYPINYIN,UNIHAN
U+6572	敲	コウ,たたく	kou,tataku	0,0	0,0	KANJIDIC,PYPINYIN,UNIHAN,WORDSHK_CHARS
U+6574	整	セイ,ととのえる,ととのう	sei,totonoeru,totonou	0,0,0	0,0,0	KANJIDIC,PYPINYIN,UNIHAN,WORDSHK_CHARS
U+6575	敵	テキ,かたき,あだ,かなう	teki,kataki,ada,kanau	0,0,0,0	0,0,0,0	KANJIDIC,PYPINYIN,UNIHAN,WORDSHK_CHARS
U+6577	敷	フ,しく,しき	fu,shiku,shiki	0,0,0	0,0,0	KANJIDIC,PYPINYIN,UNIHAN,WORDSHK_CHARS
U+6578	數	スウ,ス,サク,ソク,シュ,かず,かぞえる,しばしば,せめる,わずらわしい	suu,su,saku,soku,shu,kazu,kazoeru,shibashiba,semeru,wazurawashii	0,0,0,0,0,0,0,0,0,0	0,0,0,0,0,0,0,0,0,0	KANJIDIC,PYPINYIN,UNIHAN,WORDSHK_CHARS
U+657A	敺	ク,かける,かる	ku,kakeru,karu	0,0,0	0,0,0	KANJIDIC,PYPINYIN,UNIHAN
U+657D	敽	キョウ,つなぐ	kyou,tsunagu	0,0	0,0	KANJIDIC,PYPINYIN,UNIHAN
U+6581	斁	エキ,セク,ト,ズ,いやになる	eki,seku,to,zu,iyaninaru	0,0,0,0,0	0,0,0,0,0	KANJIDIC,PYPINYIN,UNIHAN
U+6582	斂	レン,おさめる	ren,osameru	0,0	0,0	KANJIDIC,PYPINYIN,UNIHAN,WORDSHK_CHARS
U+6583	斃	ヘイ,たおれる,たおす	hei,taoreru,taosu	0,0,0	0,0,0	KANJIDIC,PYPINYIN,UNIHAN,WORDSHK_CHARS
U+6585	斅	ガク,まなぶ	gaku,manabu	0,0	0,0	KANJIDIC,PYPINYIN,UNIHAN
U+6587	文	ブン,モン,ふみ,あや	bun,mon,fumi,aya	0,0,0,0	0,0,0,0	KANJIDIC,PYPINYIN,UNIHAN,WORDSHK_CHARS
U+6588	斈	ガク,まなぶ	gaku,manabu	0,0	0,0	KANJIDIC,PYPINYIN,UNIHAN
U+6589	斉	セイ,サイ,そろう,ひとしい,ひとしく,あたる,はやい	sei,sai,sorou,hitoshii,hitoshiku,ataru,hayai	0,0,0,0,0,0,0	0,0,0,0,0,0,0	KANJIDIC,PYPINYIN,UNIHAN
U+658A	斊	セイ,サイ,そろう,ひとしい,ひとしく,あたる,はやい	sei,sai,sorou,hitoshii,hitoshiku,ataru,hayai	0,0,0,0,0,0,0	0,0,0,0,0,0,0	KANJIDIC,PYPINYIN,UNIHAN
U+658C	斌	ヒン,フン,うるわしい,あきらか	hin,fun,uruwashii,akiraka	0,0,0,0	0,0,0,0	KANJIDIC,PYPINYIN,UNIHAN
U+658E	斎	サイ,とき,つつしむ,ものいみ,いむ,いわう,いつく	sai,toki,tsutsushimu,monoimi,imu,iwau,itsuku	0,0,0,0,0,0,0	0,0,0,0,0,0,0	KANJIDIC,PYPINYIN,UNIHAN
U+6590	斐	ヒ,イ	hi,i	0,0	0,0	KANJIDIC,PYPINYIN,UNIHAN,WORDSHK_CHARS
U+6591	斑	ハン,ふ,まだら	han,fu,madara	0,0,0	0,0,0	KANJIDIC,PYPINYIN,UNIHAN,WORDSHK_CHARS
U+6592	斒	ハン,ヘン,まだら	han,hen,madara	0,0,0	0,0,0	KANJIDIC,PYPINYIN,UNIHAN
U+6595	斕	ラン,レン,あや	ran,ren,aya	0,0,0	0,0,0	KANJIDIC,PYPINYIN,UNIHAN,WORDSHK_CHARS
U+6597	斗	ト,トウ	to,tou	0,0	0,0	KANJIDIC,PYPINYIN,UNIHAN,WORDSHK_CHARS
U+6598	斘	ショク,ショウ,のぼる	shoku,shou,noboru	0,0,0	0,0,0	KANJIDIC,PYPINYIN,UNIHAN
U+6599	料	リョウ	ryou	0	0	KANJIDIC,PYPINYIN,UNIHAN,WORDSHK_CHARS
U+659B	斛	コク,と	koku,to	0,0	0,0	KANJIDIC,PYPINYIN,UNIHAN,WORDSHK_CHARS
U+659C	斜	シャ,ななめ,はす	sha,naname,hasu	0,0,0	0,0,0	KANJIDIC,PYPINYIN,UNIHAN,WORDSHK_CHARS
U+659D	斝	カ,ケ,うつわ	ka,ke,utsuwa	0,0,0	0,0,0	KANJIDIC,PYPINYIN,UNIHAN
U+659F	斟	シン,くむ	shin,kumu	0,0	0,0	KANJIDIC,PYPINYIN,UNIHAN,WORDSHK_CHARS
U+65A0	斠	カク,コウ,キョウ,はかる	kaku,kou,kyou,hakaru	0,0,0,0	0,0,0,0	KANJIDIC,PYPINYIN,UNIHAN
U+65A1	斡	アツ,カン,ワツ,めぐる,めぐらす	atsu,kan,watsu,meguru,megurasu	0,0,0,0,0	0,0,0,0,0	KANJIDIC,PYPINYIN,UNIHAN,WORDSHK_CHARS
U+65A3	斣	シュク,トウ,ツ,ショク,ソク,かえあう,くらべる,はかる	shuku,tou,tsu,shoku,soku,kaeau,kuraberu,hakaru	0,0,0,0,0,0,0,0	0,0,0,0,0,0,0,0	KANJIDIC,PYPINYIN,UNIHAN
U+65A4	斤	キン	kin	0	0	KANJIDIC,PYPINYIN,UNIHAN,WORDSHK_CHARS
U+65A5	斥	セキ,しりぞける	seki,shirizokeru	0,0	0,0	KANJIDIC,PYPINYIN,UNIHAN,WORDSHK_CHARS
U+65A6	斦	ギン,ゴン,シツ,シチ,あきらか	gin,gon,shitsu,shichi,akiraka	0,0,0,0,0	0,0,0,0,0	KANJIDIC,PYPINYIN,UNIHAN
U+65A7	斧	フ,おの	fu,ono	0,0	0,0	KANJIDIC,PYPINYIN,UNIHAN,WORDSHK_CHARS
U+65AB	斫	シャク,きる	shaku,kiru	0,0	0,0	KANJIDIC,PYPINYIN,UNIHAN,WORDSHK_CHARS
U+65AC	斬	ザン,サン,セン,ゼン,きる	zan,san,sen,zen,kiru	0,0,0,0,0	0,0,0,0,0	KANJIDIC,PYPINYIN,UNIHAN,WORDSHK_CHARS
U+65AD	断	ダン,たつ,ことわる,さだめる	dan,tatsu,kotowaru,sadameru	0,0,0,0	0,0,0,0	KANJIDIC,PYPINYIN,UNIHAN
U+65AE	斮	サク,シャク,きる	saku,shaku,kiru	0,0,0	0,0,0	KANJIDIC,PYPINYIN,UNIHAN
U+65AF	斯	シ,か,こう,かく,この,これ,ここに	shi,ka,kou,kaku,kono,kore,kokoni	0,0,0,0,0,0,0	0,0,0,0,0,0,0	KANJIDIC,PYPINYIN,UNIHAN,WORDSHK_CHARS
U+65B0	新	シン,あたらしい,あらた,あら,にい	shin,atarashii,arata,ara,nii	0,0,0,0,0	0,0,0,0,0	KANJIDIC,PYPINYIN,UNIHAN,WORDSHK_CHARS
U+65B2	斲	キュウ,タク,きる	kyuu,taku,kiru	0,0,0	0,0,0	KANJIDIC,PYPINYIN,UNIHAN,WORDSHK_CHARS
U+65B3	斳	キン,コン,せり	kin,kon,seri	0,0,0	0,0,0	KANJIDIC,PYPINYIN,UNIHAN
U+65B4	斴	リン	rin	0	0	KANJIDIC,PYPINYIN,UNIHAN
U+65B7	斷	ダン,たつ,ことわる,さだめる	dan,tatsu,kotowaru,sadameru	0,0,0,0	0,0,0,0	KANJIDIC,PYPINYIN,UNIHAN,WORDSHK_CHARS
U+65B9	方	ホウ,かた,がた	hou,kata,gata	0,0,0	0,0,0	KANJIDIC,PYPINYIN,UNIHAN,WORDSHK_CHARS
U+65BC	於	オ,ヨ,おいて,おける,ああ,より	o,yo,oite,okeru,aa,yori	0,0,0,0,0,0	0,0,0,0,0,0	KANJIDIC,PYPINYIN,UNIHAN,WORDSHK_CHARS
U+65BD	施	シ,セ,ほどこす	shi,se,hodokosu	0,0,0	0,0,0	KANJIDIC,PYPINYIN,UNIHAN,WORDSHK_CHARS
U+65BF	斿	ヨウ,ヨ,リュウ,ル,ユウ,はたあし	you,yo,ryuu,ru,yuu,hataashi	0,0,0,0,0,0	0,0,0,0,0,0	KANJIDIC,PYPINYIN,UNIHAN
U+65C1	旁	ボウ,ホウ,つくり,かたがた,かたわら	bou,hou,tsukuri,katagata,katawara	0,0,0,0,0	0,0,0,0,0	KANJIDIC,PYPINYIN,UNIHAN,WORDSHK_CHARS
U+65C2	旂	キ,ゲ,はた	ki,ge,hata	0,0,0	0,0,0	KANJIDIC,PYPINYIN,UNIHAN
U+65C3	旃	セン,はた	sen,hata	0,0	0,0	KANJIDIC,PYPINYIN,UNIHAN
U+65C4	旄	ボウ,モウ	bou,mou	0,0	0,0	KANJIDIC,PYPINYIN,UNIHAN
U+65C5	旅	リョ,たび	ryo,tabi	0,0	0,0	KANJIDIC,PYPINYIN,UNIHAN,WORDSHK_CHARS
U+65C6	旆	ハイ,はた	hai,hata	0,0	0,0	KANJIDIC,PYPINYIN,UNIHAN
U+65C8	旈	リュウ,はたあし	ryuu,hataashi	0,0	0,0	KANJIDIC,PYPINYIN,UNIHAN
U+65C9	旉	フ,しく	fu,shiku	0,0	0,0	KANJIDIC,PYPINYIN,UNIHAN
U+65CB	旋	セン,めぐる,いばり	sen,meguru,ibari	0,0,0	0,0,0	KANJIDIC,PYPINYIN,UNIHAN,WORDSHK_CHARS
U+65CC	旌	セイ,ショウ,あらわす,はた	sei,shou,arawasu,hata	0,0,0,0	0,0,0,0	KANJIDIC,PYPINYIN,UNIHAN
U+65CE	旎	ジ,ニ,ダ,たなびく	ji,ni,da,tanabiku	0,0,0,0	0,0,0,0	KANJIDIC,PYPINYIN,UNIHAN
U+65CF	族	ゾク	zoku	0	0	KANJIDIC,PYPINYIN,UNIHAN,WORDSHK_CHARS
U+65D0	旐	チョウ,ジョウ	chou,jou	0,0	0,0	KANJIDIC,PYPINYIN,UNIHAN
U+65D2	旒	リュウ,はたあし	ryuu,hataashi	0,0	0,0	KANJIDIC,PYPINYIN,UNIHAN
U+65D4	旔	ケン,コン,かつ	ken,kon,katsu	0,0,0	0,0,0	KANJIDIC,PYPINYIN,UNIHAN
U+65D6	旖	イ,なびく	i,nabiku	0,0	0,0	KANJIDIC,PYPINYIN,UNIHAN
U+65D7	旗	キ,はた	ki,hata	0,0	0,0	KANJIDIC,PYPINYIN,UNIHAN,WORDSHK_CHARS
U+65D8	旘	シ,のぼり	shi,nobori	0,0	0,0	KANJIDIC,PYPINYIN,UNIHAN
U+65D9	旙	ヘン,ハン,はた	hen,han,hata	0,0,0	0,0,0	KANJIDIC,PYPINYIN,UNIHAN
U+65DB	旛	ヘン,ハン,はた	hen,han,hata	0,0,0	0,0,0	KANJIDIC,PYPINYIN,UNIHAN
U+65DF	旟	ヨ,はた,あがる	yo,hata,agaru	0,0,0	0,0,0	KANJIDIC,PYPINYIN,UNIHAN
U+65E0	无	ブ,ム,なし,ない	bu,mu,nashi,nai	0,0,0,0	0,0,0,0	KANJIDIC,PYPINYIN,UNIHAN
U+65E1	旡	キ,ケ,む,なし	ki,ke,mu,nashi	0,0,0,0	0,0,0,0	KANJIDIC,PYPINYIN,UNIHAN
U+65E2	既	キ,すでに	ki,sudeni	0,0	0,0	KANJIDIC,PYPINYIN,UNIHAN,WORDSHK_CHARS
U+65E5	日	ニチ,ジツ,ひ,び,か	nichi,jitsu,hi,bi,ka	0,0,0,0,0	0,0,0,0,0	KANJIDIC,PYPINYIN,UNIHAN,WORDSHK_CHARS
U+65E6	旦	タン,ダン,あきらか,あきら,ただし,あさ,あした	tan,dan,akiraka,akira,tadashi,asa,ashita	0,0,0,0,0,0,0	0,0,0,0,0,0,0	KANJIDIC,PYPINYIN,UNIHAN,WORDSHK_CHARS
U+65E7	旧	キュウ,ふるい,もと	kyuu,furui,moto	0,0,0	0,0,0	KANJIDIC,PYPINYIN,UNIHAN
U+65E8	旨	シ,むね,うまい	shi,mune,umai	0,0,0	0,0,0	KANJIDIC,PYPINYIN,UNIHAN,WORDSHK_CHARS
U+65E9	早	ソウ,サッ,はやい,はや,はやまる,はやめる	sou,sa,hayai,haya,hayamaru,hayameru	0,0,0,0,0,0	0,0,0,0,0,0	KANJIDIC,PYPINYIN,UNIHAN,WORDSHK_CHARS
U+65EC	旬	ジュン,シュン	jun,shun	0,0	0,0	KANJIDIC,PYPINYIN,UNIHAN,WORDSHK_CHARS
U+65ED	旭	キョク,あさひ	kyoku,asahi	0,0	0,0	KANJIDIC,PYPINYIN,UNIHAN,WORDSHK_CHARS
U+65F0	旰	カン,くれる	kan,kureru	0,0	0,0	KANJIDIC,PYPINYIN,UNIHAN
U+65F1	旱	カン,ひでり	kan,hideri	0,0	0,0	KANJIDIC,PYPINYIN,UNIHAN,WORDSHK_CHARS
U+65F2	旲	タイ,エイ,ひかげ,おおきい	tai,ei,hikage,ookii	0,0,0,0	0,0,0,0	KANJIDIC,PYPINYIN,UNIHAN
U+65F4	旴	ク,あさ	ku,asa	0,0	0,0	KANJIDIC,PYPINYIN,UNIHAN
U+65F5	旵	タン,テン	tan,ten	0,0	0,0	KANJIDIC,PYPINYIN,UNIHAN
U+65F9	旹	ジ,とき	ji,toki	0,0	0,0	KANJIDIC,PYPINYIN,UNIHAN
U+65FA	旺	オウ,さかん	ou,sakan	0,0	0,0	KANJIDIC,PYPINYIN,UNIHAN,WORDSHK_CHARS
U+65FB	旻	ビン,ミン,あきぞら	bin,min,akizora	0,0,0	0,0,0	KANJIDIC,PYPINYIN,UNIHAN
U+65FE	旾	シュン,はる	shun,haru	0,0	0,0	KANJIDIC,PYPINYIN,UNIHAN
U+65FF	旿	ゴ,あきらか	go,akiraka	0,0	0,0	KANJIDIC,PYPINYIN,UNIHAN
U+6600	昀	イン	in	0	0	KANJIDIC,PYPINYIN,UNIHAN
U+6602	昂	コウ,ゴウ,あがる,たかい,たかぶる	kou,gou,agaru,takai,takaburu	0,0,0,0,0	0,0,0,0,0	KANJIDIC,PYPINYIN,UNIHAN,WORDSHK_CHARS
U+6603	昃	ショク,ソク,かたむく	shoku,soku,katamuku	0,0,0	0,0,0	KANJIDIC,PYPINYIN,UNIHAN
U+6604	昄	ハン,ヘン,おおきい	han,hen,ookii	0,0,0	0,0,0	KANJIDIC,PYPINYIN,UNIHAN
U+6606	昆	コン	kon	0	0	KANJIDIC,PYPINYIN,UNIHAN,WORDSHK_CHARS
U+6607	昇	ショウ,のぼる	shou,noboru	0,0	0,0	KANJIDIC,PYPINYIN,UNIHAN,WORDSHK_CHARS
U+6608	昈	コ,あきらか	ko,akiraka	0,0	0,0	KANJIDIC,PYPINYIN,UNIHAN
U+6609	昉	ホウ,あきらか	hou,akiraka	0,0	0,0	KANJIDIC,PYPINYIN,UNIHAN
U+660A	昊	コウ,そら	kou,sora	0,0	0,0	KANJIDIC,PYPINYIN,UNIHAN
U+660C	昌	ショウ,さかん	shou,sakan	0,0	0,0	KANJIDIC,PYPINYIN,UNIHAN,WORDSHK_CHARS
U+660D	昍	ケン,カン,あきらか	ken,kan,akiraka	0,0,0	0,0,0	KANJIDIC,PYPINYIN,UNIHAN
U+660E	明	メイ,ミョウ,ミン,あかり,あかるい,あかるむ,あからむ,あきらか,あける,あけ,あく,あくる,あかす	mei,myou,min,akari,akarui,akarumu,akaramu,akiraka,akeru,ake,aku,akuru,akasu	0,0,0,0,0,0,0,0,0,0,0,0,0	0,0,0,0,0,0,0,0,0,0,0,0,0	KANJIDIC,PYPINYIN,UNIHAN,WORDSHK_CHARS
U+660F	昏	コン,くらい,くれ	kon,kurai,kure	0,0,0	0,0,0	KANJIDIC,PYPINYIN,UNIHAN,WORDSHK_CHARS
U+6611	昑	キン,あきらか	kin,akiraka	0,0	0,0	KANJIDIC,PYPINYIN,UNIHAN
U+6612	昒	コツ,コチ,ブツ,モチ,よあけ	kotsu,kochi,butsu,mochi,yoake	0,0,0,0,0	0,0,0,0,0	KANJIDIC,PYPINYIN,UNIHAN
U+6613	易	エキ,イ,やさしい,やすい	eki,i,yasashii,yasui	0,0,0,0	0,0,0,0	KANJIDIC,PYPINYIN,UNIHAN,WORDSHK_CHARS
U+6614	昔	セキ,シャク,むかし	seki,shaku,mukashi	0,0,0	0,0,0	KANJIDIC,PYPINYIN,UNIHAN,WORDSHK_CHARS
U+6615	昕	キン,コン,キ,あさ	kin,kon,ki,asa	0,0,0,0	0,0,0,0	KANJIDIC,PYPINYIN,UNIHAN
U+6616	昖	エン,めぐる	en,meguru	0,0	0,0	KANJIDIC,PYPINYIN,UNIHAN
U+661C	昜	ヨウ	you	0	0	KANJIDIC,PYPINYIN,UNIHAN
U+661D	昝	サン	san	0	0	KANJIDIC,PYPINYIN,UNIHAN
U+661E	昞	ヘイ,ヒョウ,ホウ,あきらか	hei,hyou,hou,akiraka	0,0,0,0	0,0,0,0	KANJIDIC,PYPINYIN,UNIHAN
U+661F	星	セイ,ショウ,ほし,ぼし	sei,shou,hoshi,boshi	0,0,0,0	0,0,0,0	KANJIDIC,PYPINYIN,UNIHAN,WORDSHK_CHARS
U+6620	映	エイ,うつる,うつす,はえる,ばえ	ei,utsuru,utsusu,haeru,bae	0,0,0,0,0	0,0,0,0,0	KANJIDIC,PYPINYIN,UNIHAN,WORDSHK_CHARS
U+6621	昡	ケン	ken	0	0	KANJIDIC,PYPINYIN,UNIHAN
U+6622	昢	ホツ,ハチ,ハイ,よあけ	hotsu,hachi,hai,yoake	0,0,0,0	0,0,0,0	KANJIDIC,PYPINYIN,UNIHAN
U+6623	昣	シン,あきらか	shin,akiraka	0,0	0,0	KANJIDIC,PYPINYIN,UNIHAN
U+6624	昤	レイ,リョウ	rei,ryou	0,0	0,0	KANJIDIC,PYPINYIN,UNIHAN
U+6625	春	シュン,はる	shun,haru	0,0	0,0	KANJIDIC,PYPINYIN,UNIHAN,WORDSHK_CHARS
U+6626	昦	コウ,そら	kou,sora	0,0	0,0	KANJIDIC,PYPINYIN,UNIHAN
U+6627	昧	マイ,バイ,くらい,むさぼる	mai,bai,kurai,musaboru	0,0,0,0	0,0,0,0	KANJIDIC,PYPINYIN,UNIHAN,WORDSHK_CHARS
U+6628	昨	サク	saku	0	0	KANJIDIC,PYPINYIN,UNIHAN,WORDSHK_CHARS
U+6629	昩	バツ,マチ,くもる,ほし	batsu,machi,kumoru,hoshi	0,0,0,0	0,0,0,0	KANJIDIC,PYPINYIN,UNIHAN
U+662A	昪	ヘン,たのしむ,あきらか	hen,tanoshimu,akiraka	0,0,0	0,0,0	KANJIDIC,PYPINYIN,UNIHAN
U+662B	昫	ク,キョウ,あたたか	ku,kyou,atataka	0,0,0	0,0,0	KANJIDIC,PYPINYIN,UNIHAN
U+662C	昬	コン,くらい,くれる	kon,kurai,kureru	0,0,0	0,0,0	KANJIDIC,PYPINYIN,UNIHAN
U+662D	昭	ショウ	shou	0	0	KANJIDIC,PYPINYIN,UNIHAN,WORDSHK_CHARS
U+662E	昮	ショウ,ジュ	shou,ju	0,0	0,0	KANJIDIC,PYPINYIN,UNIHAN
U+662F	是	ゼ,シ,これ,この,ここ	ze,shi,kore,kono,koko	0,0,0,0,0	0,0,0,0,0	KANJIDIC,PYPINYIN,UNIHAN,WORDSHK_CHARS
U+6630	昰	ゼ,シ,これ	ze,shi,kore	0,0,0	0,0,0	KANJIDIC,PYPINYIN,UNIHAN
U+6631	昱	イク,あきらか	iku,akiraka	0,0	0,0	KANJIDIC,PYPINYIN,UNIHAN
U+6633	昳	テツ,デチ,イツ,かたむく	tetsu,dechi,itsu,katamuku	0,0,0,0	0,0,0,0	KANJIDIC,PYPINYIN,UNIHAN
U+6634	昴	コウ,ボウ,すばる	kou,bou,subaru	0,0,0	0,0,0	KANJIDIC,PYPINYIN,UNIHAN
U+6635	昵	ジツ,ショク,ちかづく	jitsu,shoku,chikazuku	0,0,0	0,0,0	KANJIDIC,PYPINYIN,UNIHAN
U+6636	昶	チョウ	chou	0	0	KANJIDIC,PYPINYIN,UNIHAN
U+6637	昷	オン,めぐむ	on,megumu	0,0	0,0	KANJIDIC,PYPINYIN,UNIHAN
U+6639	昹	アイ	ai	0	0	KANJIDIC,PYPINYIN,UNIHAN
U+663C	昼	チュウ,ひる	chuu,hiru	0,0	0,0	KANJIDIC,PYPINYIN,UNIHAN
U+663F	昿	コウ,あきらか,むなしい	kou,akiraka,munashii	0,0,0	0,0,0	KANJIDIC,PYPINYIN,UNIHAN
U+6640	晀	チョウ,あきらか	chou,akiraka	0,0	0,0	KANJIDIC,PYPINYIN,UNIHAN
U+6641	晁	チョウ,あさ	chou,asa	0,0	0,0	KANJIDIC,PYPINYIN,UNIHAN
U+6642	時	ジ,とき,どき	ji,toki,doki	0,0,0	0,0,0	KANJIDIC,PYPINYIN,UNIHAN,WORDSHK_CHARS
U+6643	晃	コウ,あきらか	kou,akiraka	0,0	0,0	KANJIDIC,PYPINYIN,UNIHAN,WORDSHK_CHARS
U+6644	晄	コウ,あきらか	kou,akiraka	0,0	0,0	KANJIDIC,PYPINYIN,UNIHAN
U+6645	晅	ケン,カン,あきらか	ken,kan,akiraka	0,0,0	0,0,0	KANJIDIC,PYPINYIN,UNIHAN
U+6646	晆	カイ,わかれる	kai,wakareru	0,0	0,0	KANJIDIC,PYPINYIN,UNIHAN
U+6649	晉	シン,すすむ	shin,susumu	0,0	0,0	KANJIDIC,PYPINYIN,UNIHAN,WORDSHK_CHARS
U+664A	晊	シツ,シチ,おおきい	shitsu,shichi,ookii	0,0,0	0,0,0	KANJIDIC,PYPINYIN,UNIHAN
U+664B	晋	シン,すすむ	shin,susumu	0,0	0,0	KANJIDIC,PYPINYIN,UNIHAN
U+664C	晌	ショウ,まひる	shou,mahiru	0,0	0,0	KANJIDIC,PYPINYIN,UNIHAN,WORDSHK_CHARS
U+664E	晎	コウ,ク,あけかかる	kou,ku,akekakaru	0,0,0	0,0,0	KANJIDIC,PYPINYIN,UNIHAN
U+664F	晏	アン,おそい	an,osoi	0,0	0,0	KANJIDIC,PYPINYIN,UNIHAN,WORDSHK_CHARS
U+6651	晑	キョウ,コウ,あきらか	kyou,kou,akiraka	0,0,0	0,0,0	KANJIDIC,PYPINYIN,UNIHAN
U+6652	晒	サイ,シ,さらす,さらし	sai,shi,sarasu,sarashi	0,0,0,0	0,0,0,0	KANJIDIC,PYPINYIN,UNIHAN,WORDSHK_CHARS
U+6657	晗	カン,ゴン	kan,gon	0,0	0,0	KANJIDIC,PYPINYIN,UNIHAN
U+6658	晘	カン,ゲン	kan,gen	0,0	0,0	KANJIDIC,PYPINYIN,UNIHAN
U+6659	晙	シュン,あきらか	shun,akiraka	0,0	0,0	KANJIDIC,PYPINYIN,UNIHAN
U+665A	晚	バン,くれ,おそい	ban,kure,osoi	0,0,0	0,0,0	KANJIDIC,PYPINYIN,UNIHAN,WORDSHK_CHARS
U+665B	晛	ケン,デン,ネン,ひがあらわれる,ひざ	ken,den,nen,higaarawareru,hiza	0,0,0,0,0	0,0,0,0,0	KANJIDIC,PYPINYIN,UNIHAN
U+665C	晜	コン,あに	kon,ani	0,0	0,0	KANJIDIC,PYPINYIN,UNIHAN
U+665D	晝	チュウ,ひる	chuu,hiru	0,0	0,0	KANJIDIC,PYPINYIN,UNIHAN,WORDSHK_CHARS
U+665E	晞	キ,かわく	ki,kawaku	0,0	0,0	KANJIDIC,PYPINYIN,UNIHAN
U+665F	晟	セイ,ジョウ,あきらか	sei,jou,akiraka	0,0,0	0,0,0	KANJIDIC,PYPINYIN,UNIHAN
U+6660	晠	セイ,ジョウ,あきらか	sei,jou,akiraka	0,0,0	0,0,0	KANJIDIC,PYPINYIN,UNIHAN
U+6661	晡	ホ,フ,ゆうがた	ho,fu,yuugata	0,0,0	0,0,0	KANJIDIC,PYPINYIN,UNIHAN
U+6662	晢	セイ,セツ,あきらか	sei,setsu,akiraka	0,0,0	0,0,0	KANJIDIC,PYPINYIN,UNIHAN
U+6664	晤	ゴ,あきらか	go,akiraka	0,0	0,0	KANJIDIC,PYPINYIN,UNIHAN,WORDSHK_CHARS
U+6666	晦	カイ,つごもり,くらい,みそか,くらむ	kai,tsugomori,kurai,misoka,kuramu	0,0,0,0,0	0,0,0,0,0	KANJIDIC,PYPINYIN,UNIHAN,WORDSHK_CHARS
U+6667	晧	コウ	kou	0	0	KANJIDIC,PYPINYIN,UNIHAN
U+6668	晨	シン,あした,とき,あさ	shin,ashita,toki,asa	0,0,0,0	0,0,0,0	KANJIDIC,PYPINYIN,UNIHAN,WORDSHK_CHARS
U+6669	晩	バン	ban	0	0	KANJIDIC,PYPINYIN,UNIHAN
U+666A	晪	テン,あきらか	ten,akiraka	0,0	0,0	KANJIDIC,PYPINYIN,UNIHAN
U+666B	晫	タク,あきらか	taku,akiraka	0,0	0,0	KANJIDIC,PYPINYIN,UNIHAN
U+666C	晬	サイ,スイ,ひとまわり	sai,sui,hitomawari	0,0,0	0,0,0	KANJIDIC,PYPINYIN,UNIHAN
U+666E	普	フ,あまねく,あまねし	fu,amaneku,amaneshi	0,0,0	0,0,0	KANJIDIC,PYPINYIN,UNIHAN,WORDSHK_CHARS
U+666F	景	ケイ	kei	0	0	KANJIDIC,PYPINYIN,UNIHAN,WORDSHK_CHARS
U+6670	晰	シャク,セキ,あきらか	shaku,seki,akiraka	0,0,0	0,0,0	KANJIDIC,PYPINYIN,UNIHAN,WORDSHK_CHARS
U+6673	晳	セキ,シャク,あきらか	seki,shaku,akiraka	0,0,0	0,0,0	KANJIDIC,PYPINYIN,UNIHAN
U+6674	晴	セイ,はれる,はれ,ばれ,はらす	sei,hareru,hare,bare,harasu	0,0,0,0,0	0,0,0,0,0	KANJIDIC,PYPINYIN,UNIHAN,WORDSHK_CHARS
U+6675	晵	ケイ,ケン,はれる	kei,ken,hareru	0,0,0	0,0,0	KANJIDIC,PYPINYIN,UNIHAN
U+6676	晶	ショウ	shou	0	0	KANJIDIC,PYPINYIN,UNIHAN,WORDSHK_CHARS
U+6677	晷	キ,かげ	ki,kage	0,0	0,0	KANJIDIC,PYPINYIN,UNIHAN
U+6678	晸	テイ,チョウ	tei,chou	0,0	0,0	KANJIDIC,PYPINYIN,UNIHAN
U+6679	晹	エキ,セク,セキ,シャク,かげる	eki,seku,seki,shaku,kageru	0,0,0,0,0	0,0,0,0,0	KANJIDIC,PYPINYIN,UNIHAN
U+667A	智	チ	chi	0	0	KANJIDIC,PYPINYIN,UNIHAN,WORDSHK_CHARS
U+667B	晻	アン,オン,エン,くらい	an,on,en,kurai	0,0,0,0	0,0,0,0	KANJIDIC,PYPINYIN,UNIHAN
U+667C	晼	エン,オン	en,on	0,0	0,0	KANJIDIC,PYPINYIN,UNIHAN
U+667E	晾	リョウ,さらす	ryou,sarasu	0,0	0,0	KANJIDIC,PYPINYIN,UNIHAN,WORDSHK_CHARS
U+667F	晿	ショウ	shou	0	0	KANJIDIC,PYPINYIN,UNIHAN
U+6680	暀	オウ,さかん	ou,sakan	0,0	0,0	KANJIDIC,PYPINYIN,UNIHAN
U+6681	暁	ギョウ,キョウ,あかつき,さとる	gyou,kyou,akatsuki,satoru	0,0,0,0	0,0,0,0	KANJIDIC,PYPINYIN,UNIHAN
U+6683	暃	ヒ	hi	0	0	KANJIDIC,PYPINYIN,UNIHAN
U+6684	暄	ケン,あたたかい	ken,atatakai	0,0	0,0	KANJIDIC,PYPINYIN,UNIHAN,WORDSHK_CHARS
U+6687	暇	カ,ひま,いとま	ka,hima,itoma	0,0,0	0,0,0	KANJIDIC,PYPINYIN,UNIHAN,WORDSHK_CHARS
U+6688	暈	ウン,ぼかす,ぼける,かさ,くま,ぼかし,めまい	un,bokasu,bokeru,kasa,kuma,bokashi,memai	0,0,0,0,0,0,0	0,0,0,0,0,0,0	KANJIDIC,PYPINYIN,UNIHAN,WORDSHK_CHARS
U+6689	暉	キ,かがやく	ki,kagayaku	0,0	0,0	KANJIDIC,PYPINYIN,UNIHAN,WORDSHK_CHARS
U+668B	暋	ビン,コン,つとめる	bin,kon,tsutomeru	0,0,0	0,0,0	KANJIDIC,PYPINYIN,UNIHAN
U+668C	暌	ケイ,ケ,くれる	kei,ke,kureru	0,0,0	0,0,0	KANJIDIC,PYPINYIN,UNIHAN
U+668D	暍	エツ,オチ,アツ,アチ,あつさあたり	etsu,ochi,atsu,achi,atsusaatari	0,0,0,0,0	0,0,0,0,0	KANJIDIC,PYPINYIN,UNIHAN
U+668E	暎	エイ,ヨウ,うつす,うつる,はえる	ei,you,utsusu,utsuru,haeru	0,0,0,0,0	0,0,0,0,0	KANJIDIC,PYPINYIN,UNIHAN
U+6690	暐	イ,ひざし	i,hizashi	0,0	0,0	KANJIDIC,PYPINYIN,UNIHAN
U+6691	暑	ショ,あつい	sho,atsui	0,0	0,0	KANJIDIC,PYPINYIN,UNIHAN,WORDSHK_CHARS
U+6692	暒	セイ,はれる,はらす	sei,hareru,harasu	0,0,0	0,0,0	KANJIDIC,PYPINYIN,UNIHAN
U+6696	暖	ダン,ノン,あたたか,あたたかい,あたたまる,あたためる	dan,non,atataka,atatakai,atatamaru,atatameru	0,0,0,0,0,0	0,0,0,0,0,0	KANJIDIC,PYPINYIN,UNIHAN,WORDSHK_CHARS
U+6697	暗	アン,くらい,くらむ,くれる	an,kurai,kuramu,kureru	0,0,0,0	0,0,0,0	KANJIDIC,PYPINYIN,UNIHAN,WORDSHK_CHARS
U+6698	暘	ヨウ	you	0	0	KANJIDIC,PYPINYIN,UNIHAN
U+6699	暙	シュン	shun	0	0	KANJIDIC,PYPINYIN,UNIHAN
U+669A	暚	ヨウ,ひのひかり,あきらか	you,hinohikari,akiraka	0,0,0	0,0,0	KANJIDIC,PYPINYIN,UNIHAN
U+669B	暛	サ,あきらか	sa,akiraka	0,0	0,0	KANJIDIC,PYPINYIN,UNIHAN
U+669C	暜	フ,あまねく,あまねし	fu,amaneku,amaneshi	0,0,0	0,0,0	KANJIDIC,PYPINYIN,UNIHAN
U+669D	暝	メイ,ミョウ,くらい	mei,myou,kurai	0,0,0	0,0,0	KANJIDIC,PYPINYIN,UNIHAN
U+669F	暟	カイ,てらい	kai,terai	0,0	0,0	KANJIDIC,PYPINYIN,UNIHAN
U+66A0	暠	コウ	kou	0	0	KANJIDIC,PYPINYIN,UNIHAN
U+66A2	暢	チョウ,のびる	chou,nobiru	0,0	0,0	KANJIDIC,PYPINYIN,UNIHAN,WORDSHK_CHARS
U+66A4	暤	コウ,あきらか	kou,akiraka	0,0	0,0	KANJIDIC,PYPINYIN,UNIHAN
U+66A6	暦	レキ,リャク,こよみ	reki,ryaku,koyomi	0,0,0	0,0,0	KANJIDIC,PYPINYIN,UNIHAN
U+66AB	暫	ザン,しばらく	zan,shibaraku	0,0	0,0	KANJIDIC,PYPINYIN,UNIHAN,WORDSHK_CHARS
U+66AD	暭	コウ,あきらか	kou,akiraka	0,0	0,0	KANJIDIC,PYPINYIN,UNIHAN
U+66AE	暮	ボ,くれる,くらす	bo,kureru,kurasu	0,0,0	0,0,0	KANJIDIC,PYPINYIN,UNIHAN,WORDSHK_CHARS
U+66B1	暱	ジツ,ニチ,ちかづく	jitsu,nichi,chikazuku	0,0,0	0,0,0	KANJIDIC,PYPINYIN,UNIHAN,WORDSHK_CHARS
U+66B2	暲	ショウ	shou	0	0	KANJIDIC,PYPINYIN,UNIHAN
U+66B4	暴	ボウ,バク,あばく,あばれる	bou,baku,abaku,abareru	0,0,0,0	0,0,0,0	KANJIDIC,PYPINYIN,UNIHAN,WORDSHK_CHARS
U+66B5	暵	カン,かわかす	kan,kawakasu	0,0	0,0	KANJIDIC,PYPINYIN,UNIHAN
U+66B8	暸	リョウ,あきらか	ryou,akiraka	0,0	0,0	KANJIDIC,PYPINYIN,UNIHAN
U+66B9	暹	セン	sen	0	0	KANJIDIC,PYPINYIN,UNIHAN,WORDSHK_CHARS
U+66BB	暻	ケイ,キョウ,あきらか	kei,kyou,akiraka	0,0,0	0,0,0	KANJIDIC,PYPINYIN,UNIHAN
U+66BC	暼	ヘツ,ヘチ	hetsu,hechi	0,0	0,0	KANJIDIC,PYPINYIN,UNIHAN
U+66BE	暾	トン,あさひ	ton,asahi	0,0	0,0	KANJIDIC,PYPINYIN,UNIHAN
U+66BF	暿	キ,あつい	ki,atsui	0,0	0,0	KANJIDIC,PYPINYIN,UNIHAN
U+66C0	曀	エイ,イ,くもる	ei,i,kumoru	0,0,0	0,0,0	KANJIDIC,PYPINYIN,UNIHAN
U+66C1	曁	キ,およぶ	ki,oyobu	0,0	0,0	KANJIDIC,PYPINYIN,UNIHAN
U+66C2	曂	コウ,オウ,あきらか	kou,ou,akiraka	0,0,0	0,0,0	KANJIDIC,PYPINYIN,UNIHAN
U+66C3	曃	タイ	tai	0	0	KANJIDIC,PYPINYIN,UNIHAN
U+66C4	曄	ヨウ,かがやく	you,kagayaku	0,0	0,0	KANJIDIC,PYPINYIN,UNIHAN
U+66C6	曆	レキ,リャク,こよみ	reki,ryaku,koyomi	0,0,0	0,0,0	KANJIDIC,PYPINYIN,UNIHAN,WORDSHK_CHARS
U+66C7	曇	ドン,くもる	don,kumoru	0,0	0,0	KANJIDIC,PYPINYIN,UNIHAN,WORDSHK_CHARS
U+66C8	曈	トウ,ツ,ほのぐらい	tou,tsu,honogurai	0,0,0	0,0,0	KANJIDIC,PYPINYIN,UNIHAN
U+66C9	曉	キョウ,ギョウ,あかつき,さとる	kyou,gyou,akatsuki,satoru	0,0,0,0	0,0,0,0	KANJIDIC,PYPINYIN,UNIHAN,WORDSHK_CHARS
U+66CC	曌	ショウ,てる,てらす,てれる	shou,teru,terasu,tereru	0,0,0,0	0,0,0,0	KANJIDIC,PYPINYIN,UNIHAN
U+66CE	曎	エキ,ヤク,ひかる	eki,yaku,hikaru	0,0,0	0,0,0	KANJIDIC,PYPINYIN,UNIHAN
U+66CF	曏	キョウ,コウ,ショウ,さきに	kyou,kou,shou,sakini	0,0,0,0	0,0,0,0	KANJIDIC,PYPINYIN,UNIHAN
U+66D4	曔	ケイ,ギョウ,あきらか,かわく	kei,gyou,akiraka,kawaku	0,0,0,0	0,0,0,0	KANJIDIC,PYPINYIN,UNIHAN
U+66D6	曖	アイ,くらい	ai,kurai	0,0	0,0	KANJIDIC,PYPINYIN,UNIHAN,WORDSHK_CHARS
U+66D9	曙	ショ,あけぼの	sho,akebono	0,0	0,0	KANJIDIC,PYPINYIN,UNIHAN,WORDSHK_CHARS
U+66DA	曚	モウ,ボウ,くらい	mou,bou,kurai	0,0,0	0,0,0	KANJIDIC,PYPINYIN,UNIHAN
U+66DB	曛	クン,たそがれ	kun,tasogare	0,0	0,0	KANJIDIC,PYPINYIN,UNIHAN
U+66DC	曜	ヨウ	you	0	0	KANJIDIC,PYPINYIN,UNIHAN
U+66DD	曝	バク,ホク,ボク,さらす	baku,hoku,boku,sarasu	0,0,0,0	0,0,0,0	KANJIDIC,PYPINYIN,UNIHAN,WORDSHK_CHARS
U+66DF	曟	シン,あした,とき,あさ	shin,ashita,toki,asa	0,0,0,0	0,0,0,0	KANJIDIC,PYPINYIN,UNIHAN
U+66E0	曠	コウ,あきらか,むなしい	kou,akiraka,munashii	0,0,0	0,0,0	KANJIDIC,PYPINYIN,UNIHAN,WORDSHK_CHARS
U+66E6	曦	ギ,キ	gi,ki	0,0	0,0	KANJIDIC,PYPINYIN,UNIHAN,WORDSHK_CHARS
U+66E8	曨	ロウ,ル,おぼろ	rou,ru,oboro	0,0,0	0,0,0	KANJIDIC,PYPINYIN,UNIHAN
U+66E9	曩	ノウ,ドウ,さきに	nou,dou,sakini	0,0,0	0,0,0	KANJIDIC,PYPINYIN,UNIHAN
U+66EB	曫	ラン,バン,マン,レン,たそがれ	ran,ban,man,ren,tasogare	0,0,0,0,0	0,0,0,0,0	KANJIDIC,PYPINYIN,UNIHAN
U+66EC	曬	サイ,シ,さら,さらし,さらす	sai,shi,sara,sarashi,sarasu	0,0,0,0,0	0,0,0,0,0	KANJIDIC,PYPINYIN,UNIHAN,WORDSHK_CHARS
U+66EE	曮	ガン,ゴン,ゲン	gan,gon,gen	0,0,0	0,0,0	KANJIDIC,PYPINYIN,UNIHAN
U+66F0	曰	エツ,いわく,のたまう,のたまわく,ここに	etsu,iwaku,notamau,notamawaku,kokoni	0,0,0,0,0	0,0,0,0,0	KANJIDIC,PYPINYIN,UNIHAN
U+66F2	曲	キョク,まがる,まげる,くま	kyoku,magaru,mageru,kuma	0,0,0,0	0,0,0,0	KANJIDIC,PYPINYIN,UNIHAN,WORDSHK_CHARS
U+66F3	曳	エイ,ひく	ei,hiku	0,0	0,0	KANJIDIC,PYPINYIN,UNIHAN,WORDSHK_CHARS
U+66F4	更	コウ,さら,さらに,ふける,ふかす	kou,sara,sarani,fukeru,fukasu	0,0,0,0,0	0,0,0,0,0	KANJIDIC,PYPINYIN,UNIHAN,WORDSHK_CHARS
U+66F5	曵	エイ,ひく	ei,hiku	0,0	0,0	KANJIDIC,PYPINYIN,UNIHAN
U+66F7	曷	カツ,なんぞ,いつ,いずくんぞ,なに	katsu,nanzo,itsu,izukunzo,nani	0,0,0,0,0	0,0,0,0,0	KANJIDIC,PYPINYIN,UNIHAN,WORDSHK_CHARS
U+66F8	書	ショ,かく,がき	sho,kaku,gaki	0,0,0	0,0,0	KANJIDIC,PYPINYIN,UNIHAN,WORDSHK_CHARS
U+66F9	曹	ソウ,ゾウ	sou,zou	0,0	0,0	KANJIDIC,PYPINYIN,UNIHAN,WORDSHK_CHARS
U+66FA	曺	ソウ,つかさ,ともがら,へや	sou,tsukasa,tomogara,heya	0,0,0,0	0,0,0,0	KANJIDIC,PYPINYIN,UNIHAN
U+66FB	曻	ショウ,のぼる	shou,noboru	0,0	0,0	KANJIDIC,PYPINYIN,UNIHAN
U+66FC	曼	マン,バン,ながい	man,ban,nagai	0,0,0	0,0,0	KANJIDIC,PYPINYIN,UNIHAN,WORDSHK_CHARS
U+66FD	曽	ソウ,ソ,ゾウ,かつ,かつて,すなわち	sou,so,zou,katsu,katsute,sunawachi	0,0,0,0,0,0	0,0,0,0,0,0	KANJIDIC,PYPINYIN,UNIHAN
U+66FE	曾	ソウ,ソ,ゾウ,かつて,かって,すなわち	sou,so,zou,katsute,katte,sunawachi	0,0,0,0,0,0	0,0,0,0,0,0	KANJIDIC,PYPINYIN,UNIHAN,WORDSHK_CHARS
U+66FF	替	タイ,かえる,かえ,かわる	tai,kaeru,kae,kawaru	0,0,0,0	0,0,0,0	KANJIDIC,PYPINYIN,UNIHAN,WORDSHK_CHARS
U+6700	最	サイ,シュ,もっとも,つま	sai,shu,mottomo,tsuma	0,0,0,0	0,0,0,0	KANJIDIC,PYPINYIN,UNIHAN,WORDSHK_CHARS
U+6703	會	カイ,エ,あう,あわせる,あつまる	kai,e,au,awaseru,atsumaru	0,0,0,0,0	0,0,0,0,0	KANJIDIC,PYPINYIN,UNIHAN,WORDSHK_CHARS
U+6705	朅	ケツ,ケチ,コチ,さる	ketsu,kechi,kochi,saru	0,0,0,0	0,0,0,0	KANJIDIC,PYPINYIN,UNIHAN
U+6707	朇	ヒ,おぎなう,たすける,ます	hi,oginau,tasukeru,masu	0,0,0,0	0,0,0,0	KANJIDIC,PYPINYIN,UNIHAN
U+6708	月	ゲツ,ガツ,つき	getsu,gatsu,tsuki	0,0,0	0,0,0	KANJIDIC,PYPINYIN,UNIHAN,WORDSHK_CHARS
U+6709	有	ユウ,ウ,ある	yuu,u,aru	0,0,0	0,0,0	KANJIDIC,PYPINYIN,UNIHAN,WORDSHK_CHARS
U+670B	朋	ホウ,とも	hou,tomo	0,0	0,0	KANJIDIC,PYPINYIN,UNIHAN,WORDSHK_CHARS
U+670D	服	フク	fuku	0	0	KANJIDIC,PYPINYIN,UNIHAN,WORDSHK_CHARS
U+670E	朎	レイ,リョウ,つきのうつくしいひかり	rei,ryou,tsukinoutsukushiihikari	0,0,0	0,0,0	KANJIDIC,PYPINYIN,UNIHAN
U+670F	朏	ヒ,ハイ	hi,hai	0,0	0,0	KANJIDIC,PYPINYIN,UNIHAN
U+6712	朒	ニク,ジク	niku,jiku	0,0	0,0	KANJIDIC,PYPINYIN,UNIHAN
U+6713	朓	チョウ	chou	0	0	KANJIDIC,PYPINYIN,UNIHAN
U+6714	朔	サク,ついたち	saku,tsuitachi	0,0	0,0	KANJIDIC,PYPINYIN,UNIHAN,WORDSHK_CHARS
U+6715	朕	チン	chin	0	0	KANJIDIC,PYPINYIN,UNIHAN,WORDSHK_CHARS
U+6716	朖	ロウ,ほがらか,あきらか	rou,hogaraka,akiraka	0,0,0	0,0,0	KANJIDIC,PYPINYIN,UNIHAN
U+6717	朗	ロウ,ほがらか,あきらか	rou,hogaraka,akiraka	0,0,0	0,0,0	KANJIDIC,PYPINYIN,UNIHAN,WORDSHK_CHARS
U+6719	朙	メイ,ミョウ,ミン,あかり,あかるい,あかるむ,あからむ,あきらか,あける,あくる,あかす	mei,myou,min,akari,akarui,akarumu,akaramu,akiraka,akeru,akuru,akasu	0,0,0,0,0,0,0,0,0,0,0	0,0,0,0,0,0,0,0,0,0,0	KANJIDIC,PYPINYIN,UNIHAN
U+671B	望	ボウ,モウ,のぞむ,もち	bou,mou,nozomu,mochi	0,0,0,0	0,0,0,0	KANJIDIC,PYPINYIN,UNIHAN,WORDSHK_CHARS
U+671C	朜	トン,つきのひかり	ton,tsukinohikari	0,0	0,0	KANJIDIC,PYPINYIN,UNIHAN
U+671D	朝	チョウ,あさ	chou,asa	0,0	0,0	KANJIDIC,PYPINYIN,UNIHAN,WORDSHK_CHARS
U+671E	朞	キ,ゴ	ki,go	0,0	0,0	KANJIDIC,PYPINYIN,UNIHAN
U+671F	期	キ,ゴ	ki,go	0,0	0,0	KANJIDIC,PYPINYIN,UNIHAN,WORDSHK_CHARS
U+6720	朠	エイ,ヨウ	ei,you	0,0	0,0	KANJIDIC,PYPINYIN,UNIHAN
U+6722	朢	ボウ,モウ,もちづき	bou,mou,mochizuki	0,0,0	0,0,0	KANJIDIC,PYPINYIN,UNIHAN
U+6726	朦	モウ,ボウ,おぼろ	mou,bou,oboro	0,0,0	0,0,0	KANJIDIC,PYPINYIN,UNIHAN,WORDSHK_CHARS
U+6727	朧	ロウ,おぼろ	rou,oboro	0,0	0,0	KANJIDIC,PYPINYIN,UNIHAN,WORDSHK_CHARS
U+6728	木	ボク,モク,き,こ	boku,moku,ki,ko	0,0,0,0	0,0,0,0	KANJIDIC,PYPINYIN,UNIHAN,WORDSHK_CHARS
U+672A	未	ミ,ビ,いまだ,まだ,ひつじ	mi,bi,imada,mada,hitsuji	0,0,0,0,0	0,0,0,0,0	KANJIDIC,PYPINYIN,UNIHAN,WORDSHK_CHARS
U+672B	末	マツ,バツ,すえ,うら,うれ	matsu,batsu,sue,ura,ure	0,0,0,0,0	0,0,0,0,0	KANJIDIC,PYPINYIN,UNIHAN,WORDSHK_CHARS
U+672C	本	ホン,もと	hon,moto	0,0	0,0	KANJIDIC,PYPINYIN,UNIHAN,WORDSHK_CHARS
U+672D	札	サツ,ふだ	satsu,fuda	0,0	0,0	KANJIDIC,PYPINYIN,UNIHAN,WORDSHK_CHARS
U+672E	朮	ジュツ,シュツ,チュツ,もちあわ,おけら	jutsu,shutsu,chutsu,mochiawa,okera	0,0,0,0,0	0,0,0,0,0	KANJIDIC,PYPINYIN,UNIHAN
U+6731	朱	シュ,あけ	shu,ake	0,0	0,0	KANJIDIC,PYPINYIN,UNIHAN,WORDSHK_CHARS
U+6733	朳	ハツ,ハチ,えぶり	hatsu,hachi,eburi	0,0,0	0,0,0	KANJIDIC,PYPINYIN,UNIHAN
U+6734	朴	ボク,ほう,ほお,えのき	boku,hou,hoo,enoki	0,0,0,0	0,0,0,0	KANJIDIC,PYPINYIN,UNIHAN,WORDSHK_CHARS
U+6736	朶	ダ,タ,えだ	da,ta,eda	0,0,0	0,0,0	KANJIDIC,PYPINYIN,UNIHAN
U+6737	朷	トウ	tou	0	0	KANJIDIC,PYPINYIN,UNIHAN
U+6738	朸	リョク,おおご,おうご	ryoku,oogo,ougo	0,0,0	0,0,0	KANJIDIC,PYPINYIN,UNIHAN
U+673A	机	キ,つくえ	ki,tsukue	0,0	0,0	KANJIDIC,PYPINYIN,UNIHAN
U+673D	朽	キュウ,くちる	kyuu,kuchiru	0,0	0,0	KANJIDIC,PYPINYIN,UNIHAN,WORDSHK_CHARS
U+673E	朾	トウ,ジョウ,テイ,チョウ,つく	tou,jou,tei,chou,tsuku	0,0,0,0,0	0,0,0,0,0	KANJIDIC,PYPINYIN,UNIHAN
U+673F	朿	シ,とげ	shi,toge	0,0	0,0	KANJIDIC,PYPINYIN,UNIHAN
U+6741	杁	いり	iri	0	0	KANJIDIC,PYPINYIN,UNIHAN
U+6745	杅	ウ,ゆのみ	u,yunomi	0,0	0,0	KANJIDIC,PYPINYIN,UNIHAN
U+6746	杆	カン,てこ	kan,teko	0,0	0,0	KANJIDIC,PYPINYIN,UNIHAN,WORDSHK_CHARS
U+6747	杇	オ,ウ,コ,こて,ぬる	o,u,ko,kote,nuru	0,0,0,0,0	0,0,0,0,0	KANJIDIC,PYPINYIN,UNIHAN
U+6748	杈	サ,シャ,サイ,えだ	sa,sha,sai,eda	0,0,0,0	0,0,0,0	KANJIDIC,PYPINYIN,UNIHAN,WORDSHK_CHARS
U+6749	杉	サン,すぎ	san,sugi	0,0	0,0	KANJIDIC,PYPINYIN,UNIHAN,WORDSHK_CHARS
U+674C	杌	ゴツ,ゴチ,グツ,グチ,きりかぶ	gotsu,gochi,gutsu,guchi,kirikabu	0,0,0,0,0	0,0,0,0,0	KANJIDIC,PYPINYIN,UNIHAN
U+674E	李	リ,すもも	ri,sumomo	0,0	0,0	KANJIDIC,PYPINYIN,UNIHAN,WORDSHK_CHARS
U+674F	杏	キョウ,アン,コウ,あんず	kyou,an,kou,anzu	0,0,0,0	0,0,0,0	KANJIDIC,PYPINYIN,UNIHAN,WORDSHK_CHARS
U+6750	材	ザイ	zai	0	0	KANJIDIC,PYPINYIN,UNIHAN,WORDSHK_CHARS
U+6751	村	ソン,むら	son,mura	0,0	0,0	KANJIDIC,PYPINYIN,UNIHAN,WORDSHK_CHARS
U+6753	杓	シャク,チョウ,テキ,ヒョウ,ひしゃく	shaku,chou,teki,hyou,hishaku	0,0,0,0,0	0,0,0,0,0	KANJIDIC,PYPINYIN,UNIHAN
U+6754	杔	タク,チャク,うつぎ,さけこし	taku,chaku,utsugi,sakekoshi	0,0,0,0	0,0,0,0	KANJIDIC,PYPINYIN,UNIHAN
U+6755	杕	テイ,ダイ,タ	tei,dai,ta	0,0,0	0,0,0	KANJIDIC,PYPINYIN,UNIHAN
U+6756	杖	ジョウ,つえ	jou,tsue	0,0	0,0	KANJIDIC,PYPINYIN,UNIHAN,WORDSHK_CHARS
U+6759	杙	ヨク,くい	yoku,kui	0,0	0,0	KANJIDIC,PYPINYIN,UNIHAN
U+675C	杜	ト,トウ,ズ,もり,ふさぐ,やまなし	to,tou,zu,mori,fusagu,yamanashi	0,0,0,0,0,0	0,0,0,0,0,0	KANJIDIC,PYPINYIN,UNIHAN,WORDSHK_CHARS
U+675D	杝	チ,シ,イ,まがき	chi,shi,i,magaki	0,0,0,0	0,0,0,0	KANJIDIC,PYPINYIN,UNIHAN
U+675E	杞	コ,キ	ko,ki	0,0	0,0	KANJIDIC,PYPINYIN,UNIHAN,WORDSHK_CHARS
U+675F	束	ソク,たば,たばねる,つか,つかねる	soku,taba,tabaneru,tsuka,tsukaneru	0,0,0,0,0	0,0,0,0,0	KANJIDIC,PYPINYIN,UNIHAN,WORDSHK_CHARS
U+6760	杠	コウ,ちぎり,てこ	kou,chigiri,teko	0,0,0	0,0,0	KANJIDIC,PYPINYIN,UNIHAN
U+6761	条	ジョウ,チョウ,デキ,えだ,すじ	jou,chou,deki,eda,suji	0,0,0,0,0	0,0,0,0,0	KANJIDIC,PYPINYIN,UNIHAN
U+6762	杢	もく	moku	0	0	KANJIDIC,PYPINYIN,UNIHAN
U+6763	杣	そま	soma	0	0	KANJIDIC,PYPINYIN,UNIHAN
U+6764	杤	とち	tochi	0	0	KANJIDIC,PYPINYIN,UNIHAN
U+6765	来	ライ,タイ,くる,きたる,きたす,き,こ	rai,tai,kuru,kitaru,kitasu,ki,ko	0,0,0,0,0,0,0	0,0,0,0,0,0,0	KANJIDIC,PYPINYIN,UNIHAN
U+6766	杦	すぎ	sugi	0	0	KANJIDIC,PYPINYIN,UNIHAN
U+676A	杪	ビョウ,ショウ,こずえ	byou,shou,kozue	0,0,0	0,0,0	KANJIDIC,PYPINYIN,UNIHAN
U+676C	杬	ゲン,ガン,ふじもどき	gen,gan,fujimodoki	0,0,0	0,0,0	KANJIDIC,PYPINYIN,UNIHAN,WORDSHK_CHARS
U+676D	杭	コウ,くい	kou,kui	0,0	0,0	KANJIDIC,PYPINYIN,UNIHAN,WORDSHK_CHARS
U+676E	杮	ハイ,こけら	hai,kokera	0,0	0,0	KANJIDIC,PYPINYIN,UNIHAN
U+676F	杯	ハイ,さかずき	hai,sakazuki	0,0	0,0	KANJIDIC,PYPINYIN,UNIHAN,WORDSHK_CHARS
U+6770	杰	ケツ,ゲチ,すぐれる	ketsu,gechi,sugureru	0,0,0	0,0,0	KANJIDIC,PYPINYIN,UNIHAN,WORDSHK_CHARS
U+6771	東	トウ,ひがし	tou,higashi	0,0	0,0	KANJIDIC,PYPINYIN,UNIHAN,WORDSHK_CHARS
U+6772	杲	コウ,あきらか,たかい	kou,akiraka,takai	0,0,0	0,0,0	KANJIDIC,PYPINYIN,UNIHAN
U+6773	杳	ヨウ,くらい,はるか	you,kurai,haruka	0,0,0	0,0,0	KANJIDIC,PYPINYIN,UNIHAN,WORDSHK_CHARS
U+6774	杴	ケン,コン,すき	ken,kon,suki	0,0,0	0,0,0	KANJIDIC,PYPINYIN,UNIHAN
U+6775	杵	ショ,ソ,きね	sho,so,kine	0,0,0	0,0,0	KANJIDIC,PYPINYIN,UNIHAN,WORDSHK_CHARS
U+6776	杶	チュン	chun	0	0	KANJIDIC,PYPINYIN,UNIHAN
U+6777	杷	ハ,つか	ha,tsuka	0,0	0,0	KANJIDIC,PYPINYIN,UNIHAN,WORDSHK_CHARS
U+677B	杻	チュウ,チュ,シュウ,ニュ,てかせ	chuu,chu,shuu,nyu,tekase	0,0,0,0,0	0,0,0,0,0	KANJIDIC,PYPINYIN,UNIHAN
U+677C	杼	チョ,ショ,ひ,どんぐり	cho,sho,hi,donguri	0,0,0,0	0,0,0,0	KANJIDIC,PYPINYIN,UNIHAN
U+677E	松	ショウ,まつ	shou,matsu	0,0	0,0	KANJIDIC,PYPINYIN,UNIHAN,WORDSHK_CHARS
U+677F	板	ハン,バン,いた	han,ban,ita	0,0,0	0,0,0	KANJIDIC,PYPINYIN,UNIHAN,WORDSHK_CHARS
U+6781	极	キョウ,ゴウ,にぐら	kyou,gou,nigura	0,0,0	0,0,0	KANJIDIC,PYPINYIN,UNIHAN
U+6784	构	コウ,かまえる,かまう	kou,kamaeru,kamau	0,0,0	0,0,0	KANJIDIC,PYPINYIN,UNIHAN
U+6785	枅	ケイ,ひじき	kei,hijiki	0,0	0,0	KANJIDIC,PYPINYIN,UNIHAN
U+6787	枇	ビ,ヒ	bi,hi	0,0	0,0	KANJIDIC,PYPINYIN,UNIHAN,WORDSHK_CHARS
U+6789	枉	オウ,まげる,まがる,まげて	ou,mageru,magaru,magete	0,0,0,0	0,0,0,0	KANJIDIC,PYPINYIN,UNIHAN,WORDSHK_CHARS
U+678B	枋	ホウ,ヘイ,ほ	hou,hei,ho	0,0,0	0,0,0	KANJIDIC,PYPINYIN,UNIHAN
U+678C	枌	ショウ,フン,まつ,そぎ	shou,fun,matsu,sogi	0,0,0,0	0,0,0,0	KANJIDIC,PYPINYIN,UNIHAN
U+678E	枎	フ,しげる	fu,shigeru	0,0	0,0	KANJIDIC,PYPINYIN,UNIHAN
U+678F	枏	ナン,ダン,ゼン,ネン,くす,くすのき	nan,dan,zen,nen,kusu,kusunoki	0,0,0,0,0,0	0,0,0,0,0,0	KANJIDIC,PYPINYIN,UNIHAN
U+6790	析	セキ	seki	0	0	KANJIDIC,PYPINYIN,UNIHAN,WORDSHK_CHARS
U+6791	枑	コ,やらい	ko,yarai	0,0	0,0	KANJIDIC,PYPINYIN,UNIHAN
U+6793	枓	シュ,トウ,ツ,ひしゃく	shu,tou,tsu,hishaku	0,0,0,0	0,0,0,0	KANJIDIC,PYPINYIN,UNIHAN
U+6795	枕	チン,シン,まくら	chin,shin,makura	0,0,0	0,0,0	KANJIDIC,PYPINYIN,UNIHAN,WORDSHK_CHARS
U+6796	枖	ヨウ	you	0	0	KANJIDIC,PYPINYIN,UNIHAN
U+6797	林	リン,はやし	rin,hayashi	0,0	0,0	KANJIDIC,PYPINYIN,UNIHAN,WORDSHK_CHARS
U+6798	枘	ゼイ,ネイ,ドン,ノン,せん,ほぞ	zei,nei,don,non,sen,hozo	0,0,0,0,0,0	0,0,0,0,0,0	KANJIDIC,PYPINYIN,UNIHAN
U+6799	枙	ガ,アク,ヤク,ふし	ga,aku,yaku,fushi	0,0,0,0	0,0,0,0	KANJIDIC,PYPINYIN,UNIHAN
U+679A	枚	マイ,バイ	mai,bai	0,0	0,0	KANJIDIC,PYPINYIN,UNIHAN,WORDSHK_CHARS
U+679B	枛	ソウ,ショウ,きのとげ	sou,shou,kinotoge	0,0,0	0,0,0	KANJIDIC,PYPINYIN,UNIHAN
U+679C	果	カ,はたす,はてる,はて	ka,hatasu,hateru,hate	0,0,0,0	0,0,0,0	KANJIDIC,PYPINYIN,UNIHAN,WORDSHK_CHARS
U+679D	枝	シ,えだ	shi,eda	0,0	0,0	KANJIDIC,PYPINYIN,UNIHAN,WORDSHK_CHARS
U+67A0	枠	わく	waku	0	0	KANJIDIC,PYPINYIN,UNIHAN
U+67A1	枡	ます	masu	0	0	KANJIDIC,PYPINYIN,UNIHAN
U+67A2	枢	スウ,シュ,とぼそ,からくり	suu,shu,toboso,karakuri	0,0,0,0	0,0,0,0	KANJIDIC,PYPINYIN,UNIHAN
U+67A6	枦	ロ,はぜ	ro,haze	0,0	0,0	KANJIDIC,PYPINYIN,UNIHAN
U+67A9	枩	ショウ,まつ	shou,matsu	0,0	0,0	KANJIDIC,PYPINYIN,UNIHAN
U+67AF	枯	コ,かれる,からす	ko,kareru,karasu	0,0,0	0,0,0	KANJIDIC,PYPINYIN,UNIHAN,WORDSHK_CHARS
U+67B0	枰	ヘイ,ビョウ,すごろくばん	hei,byou,sugorokuban	0,0,0	0,0,0	KANJIDIC,PYPINYIN,UNIHAN
U+67B1	枱	イ,シ,すき	i,shi,suki	0,0,0	0,0,0	KANJIDIC,PYPINYIN,UNIHAN,WORDSHK_CHARS
U+67B2	枲	シ,からむし	shi,karamushi	0,0	0,0	KANJIDIC,PYPINYIN,UNIHAN
U+67B3	枳	キ,シ,からたち	ki,shi,karatachi	0,0,0	0,0,0	KANJIDIC,PYPINYIN,UNIHAN,WORDSHK_CHARS
U+67B4	枴	カイ,つえ	kai,tsue	0,0	0,0	KANJIDIC,PYPINYIN,UNIHAN,WORDSHK_CHARS
U+67B5	枵	キョウ,うつろ	kyou,utsuro	0,0	0,0	KANJIDIC,PYPINYIN,UNIHAN
U+67B6	架	カ,かける,かかる	ka,kakeru,kakaru	0,0,0	0,0,0	KANJIDIC,PYPINYIN,UNIHAN,WORDSHK_CHARS
U+67B7	枷	カ,かせ,からざお	ka,kase,karazao	0,0,0	0,0,0	KANJIDIC,PYPINYIN,UNIHAN,WORDSHK_CHARS
U+67B8	枸	ク,コウ	ku,kou	0,0	0,0	KANJIDIC,PYPINYIN,UNIHAN,WORDSHK_CHARS
U+67B9	枹	フ,ホウ,ほ,ばち,もみじ,ならのき	fu,hou,ho,bachi,momiji,naranoki	0,0,0,0,0,0	0,0,0,0,0,0	KANJIDIC,PYPINYIN,UNIHAN
U+67BB	枻	エイ,セツ,セチ,かい	ei,setsu,sechi,kai	0,0,0,0	0,0,0,0	KANJIDIC,PYPINYIN,UNIHAN
U+67BC	枼	ヨウ,うすいきふだ,まど	you,usuikifuda,mado	0,0,0	0,0,0	KANJIDIC,PYPINYIN,UNIHAN
U+67BD	枽	ソウ,ヨウ,くわ	sou,you,kuwa	0,0,0	0,0,0	KANJIDIC,PYPINYIN,UNIHAN
U+67C0	柀	ヒ,すぎ,かや	hi,sugi,kaya	0,0,0	0,0,0	KANJIDIC,PYPINYIN,UNIHAN
U+67C1	柁	ダ,タ,かじ	da,ta,kaji	0,0,0	0,0,0	KANJIDIC,PYPINYIN,UNIHAN
U+67C2	柂	イ,リ,タ,かじ	i,ri,ta,kaji	0,0,0,0	0,0,0,0	KANJIDIC,PYPINYIN,UNIHAN
U+67C3	柃	レイ,リョウ	rei,ryou	0,0	0,0	KANJIDIC,PYPINYIN,UNIHAN
U+67C4	柄	ヘイ,がら,え,つか	hei,gara,e,tsuka	0,0,0,0	0,0,0,0	KANJIDIC,PYPINYIN,UNIHAN,WORDSHK_CHARS
U+67C5	柅	ジ,ニ	ji,ni	0,0	0,0	KANJIDIC,PYPINYIN,UNIHAN
U+67C6	柆	ロウ	rou	0	0	KANJIDIC,PYPINYIN,UNIHAN
U+67C8	柈	ハン,はち	han,hachi	0,0	0,0	KANJIDIC,PYPINYIN,UNIHAN
U+67C9	柉	ハン,ボン,ヘン	han,bon,hen	0,0,0	0,0,0	KANJIDIC,PYPINYIN,UNIHAN
U+67CA	柊	シュ,シュウ,ひいらぎ	shu,shuu,hiiragi	0,0,0	0,0,0	KANJIDIC,PYPINYIN,UNIHAN
U+67CE	柎	フ,うてな	fu,utena	0,0	0,0	KANJIDIC,PYPINYIN,UNIHAN
U+67CF	柏	ハク,ヒャク,ビャク,かしわ	haku,hyaku,byaku,kashiwa	0,0,0,0	0,0,0,0	KANJIDIC,PYPINYIN,UNIHAN,WORDSHK_CHARS
U+67D0	某	ボウ,それがし,なにがし	bou,soregashi,nanigashi	0,0,0	0,0,0	KANJIDIC,PYPINYIN,UNIHAN,WORDSHK_CHARS
U+67D1	柑	コン,カン	kon,kan	0,0	0,0	KANJIDIC,PYPINYIN,UNIHAN,WORDSHK_CHARS
U+67D2	柒	シツ,シチ,うるし	shitsu,shichi,urushi	0,0,0	0,0,0	KANJIDIC,PYPINYIN,UNIHAN,WORDSHK_CHARS
U+67D3	染	セン,そめる,そまる,しみる,しみ	sen,someru,somaru,shimiru,shimi	0,0,0,0,0	0,0,0,0,0	KANJIDIC,PYPINYIN,UNIHAN,WORDSHK_CHARS
U+67D4	柔	ジュウ,ニュウ,やわらか,やわらかい,やわ,やわら	juu,nyuu,yawaraka,yawarakai,yawa,yawara	0,0,0,0,0,0	0,0,0,0,0,0	KANJIDIC,PYPINYIN,UNIHAN,WORDSHK_CHARS
U+67D7	柗	ショウ,まつ	shou,matsu	0,0	0,0	KANJIDIC,PYPINYIN,UNIHAN
U+67D8	柘	シャ,ジャク,そ,つげ,やまぐわ	sha,jaku,so,tsuge,yamaguwa	0,0,0,0,0	0,0,0,0,0	KANJIDIC,PYPINYIN,UNIHAN
U+67D9	柙	コウ,オウ,ヨウ,おり	kou,ou,you,ori	0,0,0,0	0,0,0,0	KANJIDIC,PYPINYIN,UNIHAN
U+67DA	柚	ユ,ユウ,ジク,ゆず	yu,yuu,jiku,yuzu	0,0,0,0	0,0,0,0	KANJIDIC,PYPINYIN,UNIHAN,WORDSHK_CHARS
U+67DC	柜	キョ,コ,ク,あまだれ	kyo,ko,ku,amadare	0,0,0,0	0,0,0,0	KANJIDIC,PYPINYIN,UNIHAN,WORDSHK_CHARS
U+67DD	柝	タク,ひょうしぎ	taku,hyoushigi	0,0	0,0	KANJIDIC,PYPINYIN,UNIHAN
U+67DE	柞	サク,ははそ	saku,hahaso	0,0	0,0	KANJIDIC,PYPINYIN,UNIHAN
U+67E1	柡	エイ,ヨウ	ei,you	0,0	0,0	KANJIDIC,PYPINYIN,UNIHAN
U+67E2	柢	テイ,ね	tei,ne	0,0	0,0	KANJIDIC,PYPINYIN,UNIHAN,WORDSHK_CHARS
U+67E4	柤	サ,そ	sa,so	0,0	0,0	KANJIDIC,PYPINYIN,UNIHAN
U+67E6	柦	タン	tan	0	0	KANJIDIC,PYPINYIN,UNIHAN
U+67E7	柧	コ,カ,く	ko,ka,ku	0,0,0	0,0,0	KANJIDIC,PYPINYIN,UNIHAN
U+67E9	柩	キュウ,グ,ひちぎ,ひつぎ	kyuu,gu,hichigi,hitsugi	0,0,0,0	0,0,0,0	KANJIDIC,PYPINYIN,UNIHAN,WORDSHK_CHARS
U+67EC	柬	カン,ケン,えらぶ	kan,ken,erabu	0,0,0	0,0,0	KANJIDIC,PYPINYIN,UNIHAN,WORDSHK_CHARS
U+67EE	柮	トツ	totsu	0	0	KANJIDIC,PYPINYIN,UNIHAN
U+67EF	柯	カ,え,ふる	ka,e,furu	0,0,0	0,0,0	KANJIDIC,PYPINYIN,UNIHAN,WORDSHK_CHARS
U+67F0	柰	ナ,ナイ,ダイ,いかん,からなし	na,nai,dai,ikan,karanashi	0,0,0,0,0	0,0,0,0,0	KANJIDIC,PYPINYIN,UNIHAN
U+67F1	柱	チュウ,はしら	chuu,hashira	0,0	0,0	KANJIDIC,PYPINYIN,UNIHAN,WORDSHK_CHARS
U+67F2	柲	ヒ,ヒツ,ビチ,にぎり,ふる	hi,hitsu,bichi,nigiri,furu	0,0,0,0,0	0,0,0,0,0	KANJIDIC,PYPINYIN,UNIHAN
U+67F3	柳	リュウ,やなぎ	ryuu,yanagi	0,0	0,0	KANJIDIC,PYPINYIN,UNIHAN,WORDSHK_CHARS
U+67F4	柴	サイ,シ,しば	sai,shi,shiba	0,0,0	0,0,0	KANJIDIC,PYPINYIN,UNIHAN,WORDSHK_CHARS
U+67F5	柵	サク,サン,しがらむ,しがらみ,とりで,やらい	saku,san,shigaramu,shigarami,toride,yarai	0,0,0,0,0,0	0,0,0,0,0,0	KANJIDIC,PYPINYIN,UNIHAN,WORDSHK_CHARS
U+67F6	柶	シ,さじ	shi,saji	0,0	0,0	KANJIDIC,PYPINYIN,UNIHAN
U+67F7	柷	シュク	shuku	0	0	KANJIDIC,PYPINYIN,UNIHAN
U+67F9	柹	シ,かき,こけら	shi,kaki,kokera	0,0,0	0,0,0	KANJIDIC,PYPINYIN,UNIHAN
U+67FB	査	サ	sa	0	0	KANJIDIC,PYPINYIN,UNIHAN
U+67FE	柾	まさ,まさめ,まさき	masa,masame,masaki	0,0,0	0,0,0	KANJIDIC,PYPINYIN,UNIHAN
U+67FF	柿	シ,かき	shi,kaki	0,0	0,0	KANJIDIC,PYPINYIN,UNIHAN,WORDSHK_CHARS
U+6802	栂	つが,とが	tsuga,toga	0,0	0,0	KANJIDIC,PYPINYIN,UNIHAN
U+6803	栃	とち	tochi	0	0	KANJIDIC,PYPINYIN,UNIHAN
U+6804	栄	エイ,ヨウ,さかえる,はえ,ばえ,はえる,え	ei,you,sakaeru,hae,bae,haeru,e	0,0,0,0,0,0,0	0,0,0,0,0,0,0	KANJIDIC,PYPINYIN,UNIHAN
U+6813	栓	セン	sen	0	0	KANJIDIC,PYPINYIN,UNIHAN,WORDSHK_CHARS
U+6814	栔	ケイ,ケツ,ケチ,きざむ	kei,ketsu,kechi,kizamu	0,0,0,0	0,0,0,0	KANJIDIC,PYPINYIN,UNIHAN
U+6816	栖	セイ,すむ	sei,sumu	0,0	0,0	KANJIDIC,PYPINYIN,UNIHAN
U+6817	栗	リツ,リ,くり,おののく	ritsu,ri,kuri,ononoku	0,0,0,0	0,0,0,0	KANJIDIC,PYPINYIN,UNIHAN,WORDSHK_CHARS
U+6819	栙	コウ,ふねのほ,まだはらぬほ	kou,funenoho,madaharanuho	0,0,0	0,0,0	KANJIDIC,PYPINYIN,UNIHAN
U+681D	栝	テン,カツ,カチ,たきぎ	ten,katsu,kachi,takigi	0,0,0,0	0,0,0,0	KANJIDIC,PYPINYIN,UNIHAN
U+681E	栞	カン,しおり	kan,shiori	0,0	0,0	KANJIDIC,PYPINYIN,UNIHAN
U+681F	栟	ヘイ,ヒュウ,ヒン	hei,hyuu,hin	0,0,0	0,0,0	KANJIDIC,PYPINYIN,UNIHAN
U+6821	校	コウ,キョウ	kou,kyou	0,0	0,0	KANJIDIC,PYPINYIN,UNIHAN,WORDSHK_CHARS
U+6822	栢	ハク,ヒャク,かしわ	haku,hyaku,kashiwa	0,0,0	0,0,0	KANJIDIC,PYPINYIN,UNIHAN,WORDSHK_CHARS
U+6827	栧	エイ,セツ,セチ,かい	ei,setsu,sechi,kai	0,0,0,0	0,0,0,0	KANJIDIC,PYPINYIN,UNIHAN
U+6828	栨	セツ,セチ,シ,たる,はり	setsu,sechi,shi,taru,hari	0,0,0,0,0	0,0,0,0,0	KANJIDIC,PYPINYIN,UNIHAN
U+6829	栩	ク,くぬぎ	ku,kunugi	0,0	0,0	KANJIDIC,PYPINYIN,UNIHAN,WORDSHK_CHARS
U+682A	株	シュ,かぶ	shu,kabu	0,0	0,0	KANJIDIC,PYPINYIN,UNIHAN,WORDSHK_CHARS
U+682B	栫	セン,ソン	sen,son	0,0	0,0	KANJIDIC,PYPINYIN,UNIHAN
U+682C	栬	セイ,セ,ちいさなくい	sei,se,chiisanakui	0,0,0	0,0,0	KANJIDIC,PYPINYIN,UNIHAN
U+682D	栭	ジ,ニ,ますがた	ji,ni,masugata	0,0,0	0,0,0	KANJIDIC,PYPINYIN,UNIHAN
U+682F	栯	イク,ヨウ,ウ	iku,you,u	0,0,0	0,0,0	KANJIDIC,PYPINYIN,UNIHAN
U+6830	栰	ハツ,ボチ,いかだ	hatsu,bochi,ikada	0,0,0	0,0,0	KANJIDIC,PYPINYIN,UNIHAN
U+6831	栱	キョウ,ク,くい	kyou,ku,kui	0,0,0	0,0,0	KANJIDIC,PYPINYIN,UNIHAN
U+6832	栲	コウ,かえ,たえ	kou,kae,tae	0,0,0	0,0,0	KANJIDIC,PYPINYIN,UNIHAN
U+6833	栳	コウ,ロウ	kou,rou	0,0	0,0	KANJIDIC,PYPINYIN,UNIHAN
U+6834	栴	セイ,セン,もみじ	sei,sen,momiji	0,0,0	0,0,0	KANJIDIC,PYPINYIN,UNIHAN
U+6838	核	カク	kaku	0	0	KANJIDIC,PYPINYIN,UNIHAN,WORDSHK_CHARS
U+6839	根	コン,ね	kon,ne	0,0	0,0	KANJIDIC,PYPINYIN,UNIHAN,WORDSHK_CHARS
U+683B	栻	チョク,チキ,ショク,シキ	choku,chiki,shoku,shiki	0,0,0,0	0,0,0,0	KANJIDIC,PYPINYIN,UNIHAN
U+683C	格	カク,コウ,キャク,ゴウ	kaku,kou,kyaku,gou	0,0,0,0	0,0,0,0	KANJIDIC,PYPINYIN,UNIHAN,WORDSHK_CHARS
U+683D	栽	サイ	sai	0	0	KANJIDIC,PYPINYIN,UNIHAN,WORDSHK_CHARS
U+683F	栿	フク,はり,のせる	fuku,hari,noseru	0,0,0	0,0,0	KANJIDIC,PYPINYIN,UNIHAN
U+6840	桀	ケツ,ます,はりつけ	ketsu,masu,haritsuke	0,0,0	0,0,0	KANJIDIC,PYPINYIN,UNIHAN
U+6841	桁	コウ,けた	kou,keta	0,0	0,0	KANJIDIC,PYPINYIN,UNIHAN,WORDSHK_CHARS
U+6842	桂	ケイ,かつら	kei,katsura	0,0	0,0	KANJIDIC,PYPINYIN,UNIHAN,WORDSHK_CHARS
U+6843	桃	トウ,もも	tou,momo	0,0	0,0	KANJIDIC,PYPINYIN,UNIHAN,WORDSHK_CHARS
U+6844	桄	コウ,よこぎ	kou,yokogi	0,0	0,0	KANJIDIC,PYPINYIN,UNIHAN
U+6845	桅	ガイ,キ,くちなし	gai,ki,kuchinashi	0,0,0	0,0,0	KANJIDIC,PYPINYIN,UNIHAN
U+6846	框	キョウ,かまち	kyou,kamachi	0,0	0,0	KANJIDIC,PYPINYIN,UNIHAN,WORDSHK_CHARS
U+6848	案	アン,つくえ	an,tsukue	0,0	0,0	KANJIDIC,PYPINYIN,UNIHAN,WORDSHK_CHARS
U+684A	桊	ケン	ken	0	0	KANJIDIC,PYPINYIN,UNIHAN
U+684C	桌	タク	taku	0	0	KANJIDIC,PYPINYIN,UNIHAN,WORDSHK_CHARS
U+684D	桍	コ	ko	0	0	KANJIDIC,PYPINYIN,UNIHAN
U+684E	桎	シツ,あしかせ	shitsu,ashikase	0,0	0,0	KANJIDIC,PYPINYIN,UNIHAN,WORDSHK_CHARS
U+6850	桐	トウ,ドウ,きり	tou,dou,kiri	0,0,0	0,0,0	KANJIDIC,PYPINYIN,UNIHAN,WORDSHK_CHARS
U+6851	桑	ソウ,くわ	sou,kuwa	0,0	0,0	KANJIDIC,PYPINYIN,UNIHAN,WORDSHK_CHARS
U+6852	桒	ソウ,くわ	sou,kuwa	0,0	0,0	KANJIDIC,PYPINYIN,UNIHAN
U+6853	桓	カン	kan	0	0	KANJIDIC,PYPINYIN,UNIHAN
U+6854	桔	キツ,ケツ	kitsu,ketsu	0,0	0,0	KANJIDIC,PYPINYIN,UNIHAN,WORDSHK_CHARS
U+6855	桕	キュウ,ぶな	kyuu,buna	0,0	0,0	KANJIDIC,PYPINYIN,UNIHAN
U+6857	桗	タ,ネ	ta,ne	0,0	0,0	KANJIDIC,PYPINYIN,UNIHAN
U+6858	桘	ツイ,スイ,つち,うつ	tsui,sui,tsuchi,utsu	0,0,0,0	0,0,0,0	KANJIDIC,PYPINYIN,UNIHAN
U+6859	桙	ウ,ほこ	u,hoko	0,0	0,0	KANJIDIC,PYPINYIN,UNIHAN
U+685B	桛	カセ	kase	0	0	KANJIDIC,UNIHAN
U+685C	桜	オウ,ヨウ,さくら	ou,you,sakura	0,0,0	0,0,0	KANJIDIC,PYPINYIN,UNIHAN
U+685D	桝	ます	masu	0	0	KANJIDIC,PYPINYIN,UNIHAN
U+685F	桟	サン,セン,かけはし	san,sen,kakehashi	0,0,0	0,0,0	KANJIDIC,PYPINYIN,UNIHAN
U+6863	档	トウ	tou	0	0	KANJIDIC,PYPINYIN,UNIHAN
U+6867	桧	カイ,ひのき,ひ	kai,hinoki,hi	0,0,0	0,0,0	KANJIDIC,PYPINYIN,UNIHAN
U+686B	桫	サ,へご	sa,hego	0,0	0,0	KANJIDIC,PYPINYIN,UNIHAN
U+686E	桮	ハイ,さかずき	hai,sakazuki	0,0	0,0	KANJIDIC,PYPINYIN,UNIHAN
U+686F	桯	テイ,チョウ,ケイ,ギョウ,つくえ	tei,chou,kei,gyou,tsukue	0,0,0,0,0	0,0,0,0,0	KANJIDIC,PYPINYIN,UNIHAN
U+6870	桰	カツ,カチ,ゆだめ	katsu,kachi,yudame	0,0,0	0,0,0	KANJIDIC,PYPINYIN,UNIHAN
U+6871	桱	ケイ,キョウ	kei,kyou	0,0	0,0	KANJIDIC,PYPINYIN,UNIHAN
U+6872	桲	ホツ,ボチ,からざお	hotsu,bochi,karazao	0,0,0	0,0,0	KANJIDIC,PYPINYIN,UNIHAN
U+6874	桴	フ,ばち,いかだ	fu,bachi,ikada	0,0,0	0,0,0	KANJIDIC,PYPINYIN,UNIHAN
U+6875	桵	ズイ,ニ,たら	zui,ni,tara	0,0,0	0,0,0	KANJIDIC,PYPINYIN,UNIHAN
U+6876	桶	ヨウ,トウ,おけ	you,tou,oke	0,0,0	0,0,0	KANJIDIC,PYPINYIN,UNIHAN,WORDSHK_CHARS
U+6877	桷	カク,たるき	kaku,taruki	0,0	0,0	KANJIDIC,PYPINYIN,UNIHAN,WORDSHK_CHARS
U+6879	桹	ロウ	rou	0	0	KANJIDIC,PYPINYIN,UNIHAN
U+687A	桺	リュウ,やなぎ	ryuu,yanagi	0,0	0,0	KANJIDIC,PYPINYIN,UNIHAN
U+687B	桻	ホウ,フ,こずえ	hou,fu,kozue	0,0,0	0,0,0	KANJIDIC,PYPINYIN,UNIHAN
U+687C	桼	シツ,うるし	shitsu,urushi	0,0	0,0	KANJIDIC,PYPINYIN,UNIHAN
U+687E	桾	クン	kun	0	0	KANJIDIC,PYPINYIN,UNIHAN
U+687F	桿	カン,てこ	kan,teko	0,0	0,0	KANJIDIC,PYPINYIN,UNIHAN,WORDSHK_CHARS
U+6881	梁	リョウ,はり,うつばり,うちばり,やな,はし	ryou,hari,utsubari,uchibari,yana,hashi	0,0,0,0,0,0	0,0,0,0,0,0	KANJIDIC,PYPINYIN,UNIHAN,WORDSHK_CHARS
U+6882	梂	キュウ,グ,キョク,コク,のみのさき	kyuu,gu,kyoku,koku,nominosaki	0,0,0,0,0	0,0,0,0,0	KANJIDIC,PYPINYIN,UNIHAN
U+6883	梃	チョウ,テイ,てこ,つえ	chou,tei,teko,tsue	0,0,0,0	0,0,0,0	KANJIDIC,PYPINYIN,UNIHAN
U+6884	梄	ヨウ,ユ,やく	you,yu,yaku	0,0,0	0,0,0	KANJIDIC,PYPINYIN,UNIHAN
U+6885	梅	バイ,うめ	bai,ume	0,0	0,0	KANJIDIC,PYPINYIN,UNIHAN,WORDSHK_CHARS
U+6886	梆	ホウ	hou	0	0	KANJIDIC,PYPINYIN,UNIHAN,WORDSHK_CHARS
U+6888	梈	ホウ,ヒョウ,きでつくつたおおゆみ	hou,hyou,kidetsukutsutaooyumi	0,0,0	0,0,0	KANJIDIC,PYPINYIN,UNIHAN
U+688D	梍	ユウ	yuu	0	0	KANJIDIC,PYPINYIN,UNIHAN
U+688F	梏	コク,カク,てかせ	koku,kaku,tekase	0,0,0	0,0,0	KANJIDIC,PYPINYIN,UNIHAN,WORDSHK_CHARS
U+6893	梓	シ,あずさ	shi,azusa	0,0	0,0	KANJIDIC,PYPINYIN,UNIHAN
U+6894	梔	シ,くちなし	shi,kuchinashi	0,0	0,0	KANJIDIC,PYPINYIN,UNIHAN
U+6896	梖	ハイ,バイ	hai,bai	0,0	0,0	KANJIDIC,PYPINYIN,UNIHAN
U+6897	梗	コウ,キョウ,ふさぐ,やまにれ,おおむね	kou,kyou,fusagu,yamanire,oomune	0,0,0,0,0	0,0,0,0,0	KANJIDIC,PYPINYIN,UNIHAN,WORDSHK_CHARS
U+6898	梘	ケン,カン,せん	ken,kan,sen	0,0,0	0,0,0	KANJIDIC,PYPINYIN,UNIHAN,WORDSHK_CHARS
U+689A	梚	バン,マン	ban,man	0,0	0,0	KANJIDIC,PYPINYIN,UNIHAN
U+689B	梛	ダ,ナ,なぎ	da,na,nagi	0,0,0	0,0,0	KANJIDIC,PYPINYIN,UNIHAN
U+689C	梜	キョウ,コウ,そえいた	kyou,kou,soeita	0,0,0	0,0,0	KANJIDIC,PYPINYIN,UNIHAN
U+689D	條	ジョウ,チョウ,デキ,えだ,すじ	jou,chou,deki,eda,suji	0,0,0,0,0	0,0,0,0,0	KANJIDIC,PYPINYIN,UNIHAN,WORDSHK_CHARS
U+689F	梟	キョウ,ふくろう	kyou,fukurou	0,0	0,0	KANJIDIC,PYPINYIN,UNIHAN,WORDSHK_CHARS
U+68A0	梠	ロ,リョ,ひさし	ro,ryo,hisashi	0,0,0	0,0,0	KANJIDIC,PYPINYIN,UNIHAN
U+68A1	梡	カン,コン,まないた,たきぎ	kan,kon,manaita,takigi	0,0,0,0	0,0,0,0	KANJIDIC,PYPINYIN,UNIHAN
U+68A2	梢	ショウ,こずえ,くすのき	shou,kozue,kusunoki	0,0,0	0,0,0	KANJIDIC,PYPINYIN,UNIHAN,WORDSHK_CHARS
U+68A3	梣	シン,とねりこ	shin,toneriko	0,0	0,0	KANJIDIC,PYPINYIN,UNIHAN
U+68A5	梥	ショウ,まつ	shou,matsu	0,0	0,0	KANJIDIC,PYPINYIN,UNIHAN
U+68A6	梦	ム,ボウ,ゆめ,ゆめみる,くらい	mu,bou,yume,yumemiru,kurai	0,0,0,0,0	0,0,0,0,0	KANJIDIC,PYPINYIN,UNIHAN
U+68A7	梧	ゴ,あおぎり	go,aogiri	0,0	0,0	KANJIDIC,PYPINYIN,UNIHAN,WORDSHK_CHARS
U+68A8	梨	リ,なし	ri,nashi	0,0	0,0	KANJIDIC,PYPINYIN,UNIHAN,WORDSHK_CHARS
U+68A9	梩	リ,シ,すき	ri,shi,suki	0,0,0	0,0,0	KANJIDIC,PYPINYIN,UNIHAN
U+68AA	梪	トウ,ズ,たかつき	tou,zu,takatsuki	0,0,0	0,0,0	KANJIDIC,PYPINYIN,UNIHAN
U+68AD	梭	サ,ひ	sa,hi	0,0	0,0	KANJIDIC,PYPINYIN,UNIHAN,WORDSHK_CHARS
U+68AE	梮	キク,コク,キョク,ぜん,かんじき	kiku,koku,kyoku,zen,kanjiki	0,0,0,0,0	0,0,0,0,0	KANJIDIC,PYPINYIN,UNIHAN
U+68AF	梯	テイ,タイ,はしご	tei,tai,hashigo	0,0,0	0,0,0	KANJIDIC,PYPINYIN,UNIHAN,WORDSHK_CHARS
U+68B0	械	カイ,かせ	kai,kase	0,0	0,0	KANJIDIC,PYPINYIN,UNIHAN,WORDSHK_CHARS
U+68B1	梱	コン,こうる,こうり,こり,しきみ	kon,kouru,kouri,kori,shikimi	0,0,0,0,0	0,0,0,0,0	KANJIDIC,PYPINYIN,UNIHAN,WORDSHK_CHARS
U+68B2	梲	セツ,セチ,タツ,タチ,つか	setsu,sechi,tatsu,tachi,tsuka	0,0,0,0,0	0,0,0,0,0	KANJIDIC,PYPINYIN,UNIHAN
U+68B3	梳	ソ,とく,とかす,すく,けずる,くしけずる	so,toku,tokasu,suku,kezuru,kushikezuru	0,0,0,0,0,0	0,0,0,0,0,0	KANJIDIC,PYPINYIN,UNIHAN,WORDSHK_CHARS
U+68B5	梵	ボン,フウ	bon,fuu	0,0	0,0	KANJIDIC,PYPINYIN,UNIHAN,WORDSHK_CHARS
U+68B6	梶	ビ,かじ,こずえ	bi,kaji,kozue	0,0,0	0,0,0	KANJIDIC,PYPINYIN,UNIHAN
U+68B9	梹	ヒン	hin	0	0	KANJIDIC,PYPINYIN,UNIHAN
U+68BA	梺	ふむと,ふもと	fumuto,fumoto	0,0	0,0	KANJIDIC,PYPINYIN,UNIHAN
U+68BB	梻	しきみ	shikimi	0	0	KANJIDIC,PYPINYIN,UNIHAN
U+68BC	梼	トウ	tou	0	0	KANJIDIC,PYPINYIN,UNIHAN
U+68C4	棄	キ,すてる	ki,suteru	0,0	0,0	KANJIDIC,PYPINYIN,UNIHAN,WORDSHK_CHARS
U+68C5	棅	ヘイ,ヒョウ	hei,hyou	0,0	0,0	KANJIDIC,PYPINYIN,UNIHAN
U+68C6	棆	リン	rin	0	0	KANJIDIC,PYPINYIN,UNIHAN
U+68C8	棈	セン,セイ,ショウ	sen,sei,shou	0,0,0	0,0,0	KANJIDIC,PYPINYIN,UNIHAN
U+68C9	棉	メン,わた	men,wata	0,0	0,0	KANJIDIC,PYPINYIN,UNIHAN,WORDSHK_CHARS
U+68CA	棊	キ,ご	ki,go	0,0	0,0	KANJIDIC,PYPINYIN,UNIHAN
U+68CB	棋	キ,ご	ki,go	0,0	0,0	KANJIDIC,PYPINYIN,UNIHAN,WORDSHK_CHARS
U+68CC	棌	サイ,くぬぎ,あらき,まるき	sai,kunugi,araki,maruki	0,0,0,0	0,0,0,0	KANJIDIC,PYPINYIN,UNIHAN
U+68CD	棍	コン,つえ	kon,tsue	0,0	0,0	KANJIDIC,PYPINYIN,UNIHAN,WORDSHK_CHARS
U+68CF	棏	トク,タク,チャク	toku,taku,chaku	0,0,0	0,0,0	KANJIDIC,PYPINYIN,UNIHAN
U+68D0	棐	ヒ,ゆだめ	hi,yudame	0,0	0,0	KANJIDIC,PYPINYIN,UNIHAN
U+68D1	棑	ハイ,ヒ,いかだ	hai,hi,ikada	0,0,0	0,0,0	KANJIDIC,PYPINYIN,UNIHAN
U+68D2	棒	ボウ	bou	0	0	KANJIDIC,PYPINYIN,UNIHAN,WORDSHK_CHARS
U+68D3	棓	ホウ,つえ,ふみいた	hou,tsue,fumiita	0,0,0	0,0,0	KANJIDIC,PYPINYIN,UNIHAN
U+68D4	棔	コン,ねむのき	kon,nemunoki	0,0	0,0	KANJIDIC,PYPINYIN,UNIHAN
U+68D5	棕	シュ,ソウ	shu,sou	0,0	0,0	KANJIDIC,PYPINYIN,UNIHAN,WORDSHK_CHARS
U+68D6	棖	トウ,ジョウ,はしら	tou,jou,hashira	0,0,0	0,0,0	KANJIDIC,PYPINYIN,UNIHAN,WORDSHK_CHARS
U+68D7	棗	ソウ,なつめ	sou,natsume	0,0	0,0	KANJIDIC,PYPINYIN,UNIHAN,WORDSHK_CHARS
U+68D8	棘	キョク,いばら,とげ	kyoku,ibara,toge	0,0,0	0,0,0	KANJIDIC,PYPINYIN,UNIHAN,WORDSHK_CHARS
U+68D9	棙	レイ,ライ,レツ,レチ,からくり,ねじる,ねじきる	rei,rai,retsu,rechi,karakuri,nejiru,nejikiru	0,0,0,0,0,0,0	0,0,0,0,0,0,0	KANJIDIC,PYPINYIN,UNIHAN
U+68DA	棚	ホウ,たな,だな	hou,tana,dana	0,0,0	0,0,0	KANJIDIC,PYPINYIN,UNIHAN,WORDSHK_CHARS
U+68DC	棜	ヨ,オ,だい	yo,o,dai	0,0,0	0,0,0	KANJIDIC,PYPINYIN,UNIHAN
U+68DD	棝	コ,ク,ねずみおとし	ko,ku,nezumiotoshi	0,0,0	0,0,0	KANJIDIC,PYPINYIN,UNIHAN
U+68DF	棟	トウ,むね,むな	tou,mune,muna	0,0,0	0,0,0	KANJIDIC,PYPINYIN,UNIHAN,WORDSHK_CHARS
U+68E0	棠	トウ,やまなし	tou,yamanashi	0,0	0,0	KANJIDIC,PYPINYIN,UNIHAN,WORDSHK_CHARS
U+68E1	棡	コウ	kou	0	0	KANJIDIC,PYPINYIN,UNIHAN
U+68E3	棣	テイ,タイ,にわざくら	tei,tai,niwazakura	0,0,0	0,0,0	KANJIDIC,PYPINYIN,UNIHAN
U+68E5	棥	ハン,ボン,まがき	han,bon,magaki	0,0,0	0,0,0	KANJIDIC,PYPINYIN,UNIHAN
U+68E7	棧	サン,セン,かけはし	san,sen,kakehashi	0,0,0	0,0,0	KANJIDIC,PYPINYIN,UNIHAN,WORDSHK_CHARS
U+68E8	棨	ケイ,ケン,てがた	kei,ken,tegata	0,0,0	0,0,0	KANJIDIC,PYPINYIN,UNIHAN
U+68EA	棪	エン,セン	en,sen	0,0	0,0	KANJIDIC,PYPINYIN,UNIHAN
U+68EB	棫	ヨク,イキ,イク,たら,くぬぎ	yoku,iki,iku,tara,kunugi	0,0,0,0,0	0,0,0,0,0	KANJIDIC,PYPINYIN,UNIHAN
U+68EC	棬	ケン,カン	ken,kan	0,0	0,0	KANJIDIC,PYPINYIN,UNIHAN
U+68ED	棭	エキ,ヨク,ねむのき	eki,yoku,nemunoki	0,0,0	0,0,0	KANJIDIC,PYPINYIN,UNIHAN
U+68EE	森	シン,もり	shin,mori	0,0	0,0	KANJIDIC,PYPINYIN,UNIHAN,WORDSHK_CHARS
U+68EF	棯	ネン	nen	0	0	KANJIDIC,PYPINYIN,UNIHAN,WORDSHK_CHARS
U+68F0	棰	ソイ,タ,スイ,つえ	soi,ta,sui,tsue	0,0,0,0	0,0,0,0	KANJIDIC,PYPINYIN,UNIHAN
U+68F1	棱	ロウ,リョウ,チョウ	rou,ryou,chou	0,0,0	0,0,0	KANJIDIC,PYPINYIN,UNIHAN,WORDSHK_CHARS
U+68F2	棲	セイ,すむ	sei,sumu	0,0	0,0	KANJIDIC,PYPINYIN,UNIHAN,WORDSHK_CHARS
U+68F5	棵	カン,カ,きぎれ	kan,ka,kigire	0,0,0	0,0,0	KANJIDIC,PYPINYIN,UNIHAN,WORDSHK_CHARS
U+68F6	棶	ライ,むく	rai,muku	0,0	0,0	KANJIDIC,PYPINYIN,UNIHAN
U+68F9	棹	トウ,タク,さお,こぐ	tou,taku,sao,kogu	0,0,0,0	0,0,0,0	KANJIDIC,PYPINYIN,UNIHAN,WORDSHK_CHARS
U+68FA	棺	カン	kan	0	0	KANJIDIC,PYPINYIN,UNIHAN,WORDSHK_CHARS
U+68FB	棻	フン	fun	0	0	KANJIDIC,PYPINYIN,UNIHAN
U+68FC	棼	フン,むなぎ	fun,munagi	0,0	0,0	KANJIDIC,PYPINYIN,UNIHAN
U+68FD	棽	チン,シン,リン	chin,shin,rin	0,0,0	0,0,0	KANJIDIC,PYPINYIN,UNIHAN
U+6900	椀	ワン,はち	wan,hachi	0,0	0,0	KANJIDIC,PYPINYIN,UNIHAN
U+6901	椁	カク	kaku	0	0	KANJIDIC,PYPINYIN,UNIHAN
U+6904	椄	セツ,ショウ,つぐ	setsu,shou,tsugu	0,0,0	0,0,0	KANJIDIC,PYPINYIN,UNIHAN
U+6905	椅	イ	i	0	0	KANJIDIC,PYPINYIN,UNIHAN,WORDSHK_CHARS
U+6906	椆	チュウ,シュウ,シュ	chuu,shuu,shu	0,0,0	0,0,0	KANJIDIC,PYPINYIN,UNIHAN
U+6908	椈	キク	kiku	0	0	KANJIDIC,PYPINYIN,UNIHAN
U+6909	椉	ショウ,のる,のせる	shou,noru,noseru	0,0,0	0,0,0	KANJIDIC,PYPINYIN,UNIHAN
U+690A	椊	ソツ,サツ,スイ,ほぞ	sotsu,satsu,sui,hozo	0,0,0,0	0,0,0,0	KANJIDIC,PYPINYIN,UNIHAN
U+690B	椋	リョウ,むく	ryou,muku	0,0	0,0	KANJIDIC,PYPINYIN,UNIHAN
U+690C	椌	コウ	kou	0	0	KANJIDIC,PYPINYIN,UNIHAN
U+690D	植	ショク,うえる,うわる	shoku,ueru,uwaru	0,0,0	0,0,0	KANJIDIC,PYPINYIN,UNIHAN,WORDSHK_CHARS
U+690E	椎	ツイ,スイ,つち,うつ	tsui,sui,tsuchi,utsu	0,0,0,0	0,0,0,0	KANJIDIC,PYPINYIN,UNIHAN,WORDSHK_CHARS
U+690F	椏	また	mata	0	0	KANJIDIC,PYPINYIN,UNIHAN,WORDSHK_CHARS
U+6910	椐	キョ,コ,まがき	kyo,ko,magaki	0,0,0	0,0,0	KANJIDIC,PYPINYIN,UNIHAN
U+6911	椑	ヘイ,バイ,たる,ふだ	hei,bai,taru,fuda	0,0,0,0	0,0,0,0	KANJIDIC,PYPINYIN,UNIHAN
U+6912	椒	ショウ,はじかみ	shou,hajikami	0,0	0,0	KANJIDIC,PYPINYIN,UNIHAN,WORDSHK_CHARS
U+6913	椓	タク,たたく	taku,tataku	0,0	0,0	KANJIDIC,PYPINYIN,UNIHAN
U+6916	椖	ホウ	hou	0	0	KANJIDIC,PYPINYIN,UNIHAN
U+6917	椗	テイ,いかり	tei,ikari	0,0	0,0	KANJIDIC,PYPINYIN,UNIHAN,WORDSHK_CHARS
U+6919	椙	すぎ	sugi	0	0	KANJIDIC,PYPINYIN,UNIHAN
U+691A	椚	くぬぎ	kunugi	0	0	KANJIDIC,PYPINYIN,UNIHAN
U+691B	椛	かば,もみじ	kaba,momiji	0,0	0,0	KANJIDIC,PYPINYIN,UNIHAN
U+691C	検	ケン,しらべる	ken,shiraberu	0,0	0,0	KANJIDIC,PYPINYIN,UNIHAN
U+6921	椡	くぬぎ	kunugi	0	0	KANJIDIC,PYPINYIN,UNIHAN
U+6922	椢	カイ,そこ,はこ,くぬぎ	kai,soko,hako,kunugi	0,0,0,0	0,0,0,0	KANJIDIC,PYPINYIN,UNIHAN
U+6923	椣	しで	shide	0	0	KANJIDIC,PYPINYIN,UNIHAN
U+6925	椥	なぎ	nagi	0	0	KANJIDIC,PYPINYIN,UNIHAN
U+6926	椦	ケン,まげもの	ken,magemono	0,0	0,0	KANJIDIC,PYPINYIN,UNIHAN
U+6928	椨	たぶ,たふ	tabu,tafu	0,0	0,0	KANJIDIC,PYPINYIN,UNIHAN
U+692A	椪	ポン	pon	0	0	KANJIDIC,PYPINYIN,UNIHAN
U+6930	椰	ヤ,やし	ya,yashi	0,0	0,0	KANJIDIC,PYPINYIN,UNIHAN,WORDSHK_CHARS
U+6931	椱	フウ,ブ,フク,いのあし	fuu,bu,fuku,inoashi	0,0,0,0	0,0,0,0	KANJIDIC,PYPINYIN,UNIHAN
U+6933	椳	ワイ,ガイ	wai,gai	0,0	0,0	KANJIDIC,PYPINYIN,UNIHAN
U+6934	椴	タン,ダン,トド,むくげ	tan,dan,todo,mukuge	0,0,0,0	0,0,0,0	KANJIDIC,PYPINYIN,UNIHAN
U+6935	椵	カ,ケ,くい	ka,ke,kui	0,0,0	0,0,0	KANJIDIC,PYPINYIN,UNIHAN
U+6936	椶	シュ,ソウ	shu,sou	0,0	0,0	KANJIDIC,PYPINYIN,UNIHAN
U+6938	椸	イ,ころもかけ	i,koromokake	0,0	0,0	KANJIDIC,PYPINYIN,UNIHAN
U+6939	椹	ジン,チン,シン,さわら,あてぎ,くわのみ	jin,chin,shin,sawara,ategi,kuwanomi	0,0,0,0,0,0	0,0,0,0,0,0	KANJIDIC,PYPINYIN,UNIHAN
U+693B	椻	エン,せき	en,seki	0,0	0,0	KANJIDIC,PYPINYIN,UNIHAN
U+693D	椽	テン,えん,たるき	ten,en,taruki	0,0,0	0,0,0	KANJIDIC,PYPINYIN,UNIHAN
U+693F	椿	チン,チュン,つばき	chin,chun,tsubaki	0,0,0	0,0,0	KANJIDIC,PYPINYIN,UNIHAN
U+6942	楂	サ,ジャ,いかだ	sa,ja,ikada	0,0,0	0,0,0	KANJIDIC,PYPINYIN,UNIHAN,WORDSHK_CHARS
U+6945	楅	ヒュク,ヒキ,フク,ヒョク	hyuku,hiki,fuku,hyoku	0,0,0,0	0,0,0,0	KANJIDIC,PYPINYIN,UNIHAN
U+6949	楉	ジャク,ニャク,ざくろ	jaku,nyaku,zakuro	0,0,0	0,0,0	KANJIDIC,PYPINYIN,UNIHAN
U+694A	楊	ヨウ,やなぎ	you,yanagi	0,0	0,0	KANJIDIC,PYPINYIN,UNIHAN,WORDSHK_CHARS
U+694E	楎	コン,キ,クン,から,すき	kon,ki,kun,kara,suki	0,0,0,0,0	0,0,0,0,0	KANJIDIC,PYPINYIN,UNIHAN
U+6953	楓	フウ,かえで	fuu,kaede	0,0	0,0	KANJIDIC,PYPINYIN,UNIHAN,WORDSHK_CHARS
U+6954	楔	ケツ,セツ,くさび,ほうだて	ketsu,setsu,kusabi,houdate	0,0,0,0	0,0,0,0	KANJIDIC,PYPINYIN,UNIHAN,WORDSHK_CHARS
U+6955	楕	ダ,タ	da,ta	0,0	0,0	KANJIDIC,PYPINYIN,UNIHAN
U+6957	楗	ケン,ゴン,かんぬき	ken,gon,kannuki	0,0,0	0,0,0	KANJIDIC,PYPINYIN,UNIHAN
U+6959	楙	ボウ,しげる	bou,shigeru	0,0	0,0	KANJIDIC,PYPINYIN,UNIHAN
U+695A	楚	ソ,ショ,いばら,しもと,すわえ	so,sho,ibara,shimoto,suwae	0,0,0,0,0	0,0,0,0,0	KANJIDIC,PYPINYIN,UNIHAN,WORDSHK_CHARS
U+695B	楛	コ	ko	0	0	KANJIDIC,PYPINYIN,UNIHAN
U+695C	楜	コ	ko	0	0	KANJIDIC,PYPINYIN,UNIHAN
U+695D	楝	レン,おおち,おうち	ren,oochi,ouchi	0,0,0	0,0,0	KANJIDIC,PYPINYIN,UNIHAN
U+695E	楞	リョウ,ロウ,かど	ryou,rou,kado	0,0,0	0,0,0	KANJIDIC,PYPINYIN,UNIHAN,WORDSHK_CHARS
U+6960	楠	ナン,ダン,ゼン,ネン,くす,くすのき	nan,dan,zen,nen,kusu,kusunoki	0,0,0,0,0,0	0,0,0,0,0,0	KANJIDIC,PYPINYIN,UNIHAN
U+6961	楡	ユ,にれ	yu,nire	0,0	0,0	KANJIDIC,PYPINYIN,UNIHAN
U+6962	楢	シュウ,ユウ,なら	shuu,yuu,nara	0,0,0	0,0,0	KANJIDIC,PYPINYIN,UNIHAN
U+6963	楣	ビ,ミ,ひさし	bi,mi,hisashi	0,0,0	0,0,0	KANJIDIC,PYPINYIN,UNIHAN,WORDSHK_CHARS
U+6964	楤	ソウ,たら	sou,tara	0,0	0,0	KANJIDIC,PYPINYIN,UNIHAN
U+6965	楥	ケン,カン,エン,かた	ken,kan,en,kata	0,0,0,0	0,0,0,0	KANJIDIC,PYPINYIN,UNIHAN
U+6966	楦	ケン	ken	0	0	KANJIDIC,PYPINYIN,UNIHAN
U+6968	楨	テイ,チョウ,ねずみもち	tei,chou,nezumimochi	0,0,0	0,0,0	KANJIDIC,PYPINYIN,UNIHAN
U+6969	楩	ヘン	hen	0	0	KANJIDIC,PYPINYIN,UNIHAN
U+696A	楪	チャ	cha	0	0	KANJIDIC,PYPINYIN,UNIHAN
U+696B	楫	シュウ,ショウ,かじ,かい	shuu,shou,kaji,kai	0,0,0,0	0,0,0,0	KANJIDIC,PYPINYIN,UNIHAN
U+696C	楬	ケツ,ゲチ,たてふだ	ketsu,gechi,tatefuda	0,0,0	0,0,0	KANJIDIC,PYPINYIN,UNIHAN
U+696D	業	ギョウ,ゴウ,わざ	gyou,gou,waza	0,0,0	0,0,0	KANJIDIC,PYPINYIN,UNIHAN,WORDSHK_CHARS
U+696E	楮	チョ,こうぞ	cho,kouzo	0,0	0,0	KANJIDIC,PYPINYIN,UNIHAN
U+696F	楯	ジュン,たて	jun,tate	0,0	0,0	KANJIDIC,PYPINYIN,UNIHAN
U+6970	楰	ユ,ギョ,ゴ,ねずみもち	yu,gyo,go,nezumimochi	0,0,0,0	0,0,0,0	KANJIDIC,PYPINYIN,UNIHAN
U+6971	楱	ソウ,ス	sou,su	0,0	0,0	KANJIDIC,PYPINYIN,UNIHAN
U+6972	楲	イ,おまる,おかわ,とい	i,omaru,okawa,toi	0,0,0,0	0,0,0,0	KANJIDIC,PYPINYIN,UNIHAN
U+6973	楳	バイ,うめ	bai,ume	0,0	0,0	KANJIDIC,PYPINYIN,UNIHAN
U+6974	楴	テイ	tei	0	0	KANJIDIC,PYPINYIN,UNIHAN
U+6975	極	キョク,ゴク,きわめる,きわまる,きわまり,きわみ,きめる,ぎめ,きまる	kyoku,goku,kiwameru,kiwamaru,kiwamari,kiwami,kimeru,gime,kimaru	0,0,0,0,0,0,0,0,0	0,0,0,0,0,0,0,0,0	KANJIDIC,PYPINYIN,UNIHAN,WORDSHK_CHARS
U+6977	楷	カイ	kai	0	0	KANJIDIC,PYPINYIN,UNIHAN,WORDSHK_CHARS
U+6978	楸	シュウ,きささげ,ひさぎ	shuu,kisasage,hisagi	0,0,0	0,0,0	KANJIDIC,PYPINYIN,UNIHAN
U+6979	楹	エイ,はしら	ei,hashira	0,0	0,0	KANJIDIC,PYPINYIN,UNIHAN
U+697A	楺	ジョウ,ジュウ,ニュ	jou,juu,nyu	0,0,0	0,0,0	KANJIDIC,PYPINYIN,UNIHAN
U+697B	楻	コウ,オウ,はたざお	kou,ou,hatazao	0,0,0	0,0,0	KANJIDIC,PYPINYIN,UNIHAN
U+697C	楼	ロウ,たかどの	rou,takadono	0,0	0,0	KANJIDIC,PYPINYIN,UNIHAN
U+697D	楽	ガク,ラク,ゴウ,たのしい,たのしむ,このむ	gaku,raku,gou,tanoshii,tanoshimu,konomu	0,0,0,0,0,0	0,0,0,0,0,0	KANJIDIC,PYPINYIN,UNIHAN
U+697E	楾	はんぞう	hanzou	0	0	KANJIDIC,PYPINYIN,UNIHAN
U+697F	楿	かつら	katsura	0	0	KANJIDIC,PYPINYIN,UNIHAN
U+6980	榀	こまい	komai	0	0	KANJIDIC,PYPINYIN,UNIHAN
U+6981	榁	むろ	muro	0	0	KANJIDIC,PYPINYIN,UNIHAN
U+6982	概	ガイ,おおむね	gai,oomune	0,0	0,0	KANJIDIC,PYPINYIN,UNIHAN,WORDSHK_CHARS
U+698A	榊	さかき	sakaki	0	0	KANJIDIC,PYPINYIN,UNIHAN
U+698D	榍	セツ	setsu	0	0	KANJIDIC,PYPINYIN,UNIHAN
U+698E	榎	カ,えのき	ka,enoki	0,0	0,0	KANJIDIC,PYPINYIN,UNIHAN
U+6991	榑	フ,くれ	fu,kure	0,0	0,0	KANJIDIC,PYPINYIN,UNIHAN
U+6992	榒	ダク,ドク,ニャク	daku,doku,nyaku	0,0,0	0,0,0	KANJIDIC,PYPINYIN,UNIHAN
U+6994	榔	ロウ	rou	0	0	KANJIDIC,PYPINYIN,UNIHAN,WORDSHK_CHARS
U+6995	榕	ヨウ,あこう	you,akou	0,0	0,0	KANJIDIC,PYPINYIN,UNIHAN,WORDSHK_CHARS
U+6996	榖	コク,コウ,ク,こうぞ	koku,kou,ku,kouzo	0,0,0,0	0,0,0,0	KANJIDIC,PYPINYIN,UNIHAN,WORDSHK_CHARS
U+6998	榘	ク,じょうぎ	ku,jougi	0,0	0,0	KANJIDIC,PYPINYIN,UNIHAN
U+699B	榛	シン,ハン,はしばみ,はり	shin,han,hashibami,hari	0,0,0,0	0,0,0,0	KANJIDIC,PYPINYIN,UNIHAN,WORDSHK_CHARS
U+699C	榜	ボウ,ホウ,かじ,たてふだ,ふだ	bou,hou,kaji,tatefuda,fuda	0,0,0,0,0	0,0,0,0,0	KANJIDIC,PYPINYIN,UNIHAN,WORDSHK_CHARS
U+69A0	榠	ベイ	bei	0	0	KANJIDIC,PYPINYIN,UNIHAN
U+69A1	榡	ソ,きじ	so,kiji	0,0	0,0	KANJIDIC,PYPINYIN,UNIHAN
U+69A5	榥	コウ,オウ,つくえ	kou,ou,tsukue	0,0,0	0,0,0	KANJIDIC,PYPINYIN,UNIHAN
U+69A6	榦	カン,みき	kan,miki	0,0	0,0	KANJIDIC,PYPINYIN,UNIHAN,WORDSHK_CHARS
U+69A7	榧	ヒ,かや	hi,kaya	0,0	0,0	KANJIDIC,PYPINYIN,UNIHAN
U+69A8	榨	サ,シャ,サイ,サク,しぼりき	sa,sha,sai,saku,shiboriki	0,0,0,0,0	0,0,0,0,0	KANJIDIC,PYPINYIN,UNIHAN,WORDSHK_CHARS
U+69AB	榫	シュン,ほぞ	shun,hozo	0,0	0,0	KANJIDIC,PYPINYIN,UNIHAN,WORDSHK_CHARS
U+69AD	榭	シャ,だい	sha,dai	0,0	0,0	KANJIDIC,PYPINYIN,UNIHAN
U+69AE	榮	エイ,ヨウ,さかえる,はえる,え	ei,you,sakaeru,haeru,e	0,0,0,0,0	0,0,0,0,0	KANJIDIC,PYPINYIN,UNIHAN,WORDSHK_CHARS
U+69AF	榯	シ,たつ	shi,tatsu	0,0	0,0	KANJIDIC,PYPINYIN,UNIHAN
U+69B1	榱	スイ,たるき	sui,taruki	0,0	0,0	KANJIDIC,PYPINYIN,UNIHAN
U+69B2	榲	オツ	otsu	0	0	KANJIDIC,PYPINYIN,UNIHAN
U+69B4	榴	ル,リュウ,リョウ,ざくろ	ru,ryuu,ryou,zakuro	0,0,0,0	0,0,0,0	KANJIDIC,PYPINYIN,UNIHAN,WORDSHK_CHARS
U+69B7	榷	カク,コウ,キョウ,まるきばし	kaku,kou,kyou,marukibashi	0,0,0,0	0,0,0,0	KANJIDIC,PYPINYIN,UNIHAN,WORDSHK_CHARS
U+69B8	榸	タイ,かれきのね,くい	tai,karekinone,kui	0,0,0	0,0,0	KANJIDIC,PYPINYIN,UNIHAN
U+69BA	榺	ショウ	shou	0	0	KANJIDIC,PYPINYIN,UNIHAN
U+69BB	榻	トウ,こしかけ,しじ	tou,koshikake,shiji	0,0,0	0,0,0	KANJIDIC,PYPINYIN,UNIHAN,WORDSHK_CHARS
U+69BC	榼	コウ,さかだる,さかずき	kou,sakadaru,sakazuki	0,0,0	0,0,0	KANJIDIC,PYPINYIN,UNIHAN
U+69BE	榾	コツ,ほた	kotsu,hota	0,0	0,0	KANJIDIC,PYPINYIN,UNIHAN
U+69BF	榿	ガイ,カイ	gai,kai	0,0	0,0	KANJIDIC,PYPINYIN,UNIHAN
U+69C1	槁	コウ,かれる	kou,kareru	0,0	0,0	KANJIDIC,PYPINYIN,UNIHAN
U+69C3	槃	ハン,たらい	han,tarai	0,0	0,0	KANJIDIC,PYPINYIN,UNIHAN,WORDSHK_CHARS
U+69C5	槅	カク,キャク,くびき,さね,あみど	kaku,kyaku,kubiki,sane,amido	0,0,0,0,0	0,0,0,0,0	KANJIDIC,PYPINYIN,UNIHAN
U+69C7	槇	テン,シン,まき,こずえ	ten,shin,maki,kozue	0,0,0,0	0,0,0,0	KANJIDIC,PYPINYIN,UNIHAN
U+69C8	槈	ドウ,ジョク,ヌ,ジュク,くさぎる,くわ,すき	dou,joku,nu,juku,kusagiru,kuwa,suki	0,0,0,0,0,0,0	0,0,0,0,0,0,0	KANJIDIC,PYPINYIN,UNIHAN
U+69CA	槊	サク,ほこ	saku,hoko	0,0	0,0	KANJIDIC,PYPINYIN,UNIHAN
U+69CB	構	コウ,かまえる,かまう	kou,kamaeru,kamau	0,0,0	0,0,0	KANJIDIC,PYPINYIN,UNIHAN,WORDSHK_CHARS
U+69CC	槌	ツイ,つち	tsui,tsuchi	0,0	0,0	KANJIDIC,PYPINYIN,UNIHAN,WORDSHK_CHARS
U+69CD	槍	ソウ,ショウ,やり	sou,shou,yari	0,0,0	0,0,0	KANJIDIC,PYPINYIN,UNIHAN,WORDSHK_CHARS
U+69CE	槎	サ,いかだ,きる	sa,ikada,kiru	0,0,0	0,0,0	KANJIDIC,PYPINYIN,UNIHAN
U+69D0	槐	カイ,えんじゅ	kai,enju	0,0	0,0	KANJIDIC,PYPINYIN,UNIHAN,WORDSHK_CHARS
U+69D1	槑	バイ,うめ	bai,ume	0,0	0,0	KANJIDIC,PYPINYIN,UNIHAN
U+69D3	槓	コウ,てこ	kou,teko	0,0	0,0	KANJIDIC,PYPINYIN,UNIHAN,WORDSHK_CHARS
U+69D6	槖	タク,ふくろ,ふいご	taku,fukuro,fuigo	0,0,0	0,0,0	KANJIDIC,PYPINYIN,UNIHAN
U+69D7	槗	キョウ,はし	kyou,hashi	0,0	0,0	KANJIDIC,PYPINYIN,UNIHAN
U+69D8	様	ヨウ,ショウ,さま,さん	you,shou,sama,san	0,0,0,0	0,0,0,0	KANJIDIC,PYPINYIN,UNIHAN
U+69D9	槙	テン,シン,まき,こずえ	ten,shin,maki,kozue	0,0,0,0	0,0,0,0	KANJIDIC,PYPINYIN,UNIHAN
U+69DD	槝	かし	kashi	0	0	KANJIDIC,PYPINYIN,UNIHAN
U+69DE	槞	ロウ	rou	0	0	KANJIDIC,PYPINYIN,UNIHAN
U+69E2	槢	シュウ,チョウ,ジョウ,くさび	shuu,chou,jou,kusabi	0,0,0,0	0,0,0,0	KANJIDIC,PYPINYIN,UNIHAN
U+69E5	槥	エイ,エ,セイ,ひつぎ	ei,e,sei,hitsugi	0,0,0,0	0,0,0,0	KANJIDIC,PYPINYIN,UNIHAN
U+69E7	槧	ザン,セン,サン,ふだ	zan,sen,san,fuda	0,0,0,0	0,0,0,0	KANJIDIC,PYPINYIN,UNIHAN
U+69E8	槨	カク	kaku	0	0	KANJIDIC,PYPINYIN,UNIHAN,WORDSHK_CHARS
U+69EA	槪	ガイ,カイ,とかき,おおむね,おもむき	gai,kai,tokaki,oomune,omomuki	0,0,0,0,0	0,0,0,0,0	KANJIDIC,PYPINYIN,UNIHAN
U+69EB	槫	タン,セン	tan,sen	0,0	0,0	KANJIDIC,PYPINYIN,UNIHAN
U+69ED	槭	セキ,シュク,かえで	seki,shuku,kaede	0,0,0	0,0,0	KANJIDIC,PYPINYIN,UNIHAN
U+69EE	槮	シン,サン,セン	shin,san,sen	0,0,0	0,0,0	KANJIDIC,PYPINYIN,UNIHAN
U+69EF	槯	サイ,セ,つむ	sai,se,tsumu	0,0,0	0,0,0	KANJIDIC,PYPINYIN,UNIHAN
U+69F1	槱	ユウ,ユ,やく	yuu,yu,yaku	0,0,0	0,0,0	KANJIDIC,PYPINYIN,UNIHAN
U+69F2	槲	コク,かしわ	koku,kashiwa	0,0	0,0	KANJIDIC,PYPINYIN,UNIHAN
U+69F3	槳	ショウ,ソウ,かじ	shou,sou,kaji	0,0,0	0,0,0	KANJIDIC,PYPINYIN,UNIHAN,WORDSHK_CHARS
U+69F5	槵	カン,むく	kan,muku	0,0	0,0	KANJIDIC,PYPINYIN,UNIHAN
U+69F9	槹	コウ	kou	0	0	KANJIDIC,PYPINYIN,UNIHAN
U+69FB	槻	キ,つき	ki,tsuki	0,0	0,0	KANJIDIC,PYPINYIN,UNIHAN
U+69FD	槽	ソウ,ふね	sou,fune	0,0	0,0	KANJIDIC,PYPINYIN,UNIHAN,WORDSHK_CHARS
U+69FE	槾	バン,マン,こて	ban,man,kote	0,0,0	0,0,0	KANJIDIC,PYPINYIN,UNIHAN
U+69FF	槿	キン,むくげ	kin,mukuge	0,0	0,0	KANJIDIC,PYPINYIN,UNIHAN
U+6A00	樀	テキ,チャク,タク,のき	teki,chaku,taku,noki	0,0,0,0	0,0,0,0	KANJIDIC,PYPINYIN,UNIHAN
U+6A01	樁	トウ,ショウ,シュ,くい	tou,shou,shu,kui	0,0,0,0	0,0,0,0	KANJIDIC,PYPINYIN,UNIHAN,WORDSHK_CHARS
U+6A02	樂	ガク,ラク,ゴウ,たのしい,たのしむ,このむ	gaku,raku,gou,tanoshii,tanoshimu,konomu	0,0,0,0,0,0	0,0,0,0,0,0	KANJIDIC,PYPINYIN,UNIHAN,WORDSHK_CHARS
U+6A03	樃	ロウ	rou	0	0	KANJIDIC,PYPINYIN,UNIHAN
U+6A05	樅	ショウ,もみ	shou,momi	0,0	0,0	KANJIDIC,PYPINYIN,UNIHAN
U+6A0A	樊	ハン,まがき	han,magaki	0,0	0,0	KANJIDIC,PYPINYIN,UNIHAN,WORDSHK_CHARS
U+6A0B	樋	トウ,ひ,とい	tou,hi,toi	0,0,0	0,0,0	KANJIDIC,PYPINYIN,UNIHAN
U+6A0C	樌	カン	kan	0	0	KANJIDIC,PYPINYIN,UNIHAN
U+6A0F	樏	ルイ,ル,はち,かんじき	rui,ru,hachi,kanjiki	0,0,0,0	0,0,0,0	KANJIDIC,PYPINYIN,UNIHAN
U+6A11	樑	リョウ,はり,うつばり,うちばり,やな,はし	ryou,hari,utsubari,uchibari,yana,hashi	0,0,0,0,0,0	0,0,0,0,0,0	KANJIDIC,PYPINYIN,UNIHAN,WORDSHK_CHARS
U+6A12	樒	ミツ,しきみ,じんこう	mitsu,shikimi,jinkou	0,0,0	0,0,0	KANJIDIC,PYPINYIN,UNIHAN
U+6A13	樓	ロウ,たかどの	rou,takadono	0,0	0,0	KANJIDIC,PYPINYIN,UNIHAN,WORDSHK_CHARS
U+6A14	樔	ソウ,す,すくう,たえる	sou,su,sukuu,taeru	0,0,0,0	0,0,0,0	KANJIDIC,PYPINYIN,UNIHAN
U+6A15	樕	ソク,しば	soku,shiba	0,0	0,0	KANJIDIC,PYPINYIN,UNIHAN
U+6A17	樗	チョ,おおち,おうち	cho,oochi,ouchi	0,0,0	0,0,0	KANJIDIC,PYPINYIN,UNIHAN
U+6A19	標	ヒョウ,しるべ,しるし	hyou,shirube,shirushi	0,0,0	0,0,0	KANJIDIC,PYPINYIN,UNIHAN,WORDSHK_CHARS
U+6A1A	樚	ロク,トク,ろくろ,はこ	roku,toku,rokuro,hako	0,0,0,0	0,0,0,0	KANJIDIC,PYPINYIN,UNIHAN
U+6A1B	樛	キュウ,つが,まとう	kyuu,tsuga,matou	0,0,0	0,0,0	KANJIDIC,PYPINYIN,UNIHAN
U+6A1D	樝	サ,シャ,こぼけ	sa,sha,koboke	0,0,0	0,0,0	KANJIDIC,PYPINYIN,UNIHAN
U+6A1E	樞	スウ,シュ,とぼそ,からくり	suu,shu,toboso,karakuri	0,0,0,0	0,0,0,0	KANJIDIC,PYPINYIN,UNIHAN,WORDSHK_CHARS
U+6A1F	樟	ショウ,くす	shou,kusu	0,0	0,0	KANJIDIC,PYPINYIN,UNIHAN,WORDSHK_CHARS
U+6A20	樠	ボン,モン,バン,マン	bon,mon,ban,man	0,0,0,0	0,0,0,0	KANJIDIC,PYPINYIN,UNIHAN
U+6A21	模	モ,ボ	mo,bo	0,0	0,0	KANJIDIC,PYPINYIN,UNIHAN,WORDSHK_CHARS
U+6A22	樢	ト,チョウ,つた	to,chou,tsuta	0,0,0	0,0,0	KANJIDIC,PYPINYIN,UNIHAN
U+6A23	樣	ヨウ,ショウ,さま	you,shou,sama	0,0,0	0,0,0	KANJIDIC,PYPINYIN,UNIHAN,WORDSHK_CHARS
U+6A24	樤	ジョウ,ゆず,こえだ	jou,yuzu,koeda	0,0,0	0,0,0	KANJIDIC,PYPINYIN,UNIHAN
U+6A28	樨	セイ,サイ,もくせい	sei,sai,mokusei	0,0,0	0,0,0	KANJIDIC,PYPINYIN,UNIHAN
U+6A29	権	ケン,ゴン,おもり,かり,はかる	ken,gon,omori,kari,hakaru	0,0,0,0,0	0,0,0,0,0	KANJIDIC,PYPINYIN,UNIHAN
U+6A2A	横	オウ,よこ	ou,yoko	0,0	0,0	KANJIDIC,PYPINYIN,UNIHAN
U+6A2B	樫	かし	kashi	0	0	KANJIDIC,PYPINYIN,UNIHAN
U+6A2E	樮	ほくそ	hokuso	0	0	KANJIDIC,PYPINYIN,UNIHAN
U+6A30	樰	たら	tara	0	0	KANJIDIC,PYPINYIN,UNIHAN
U+6A32	樲	ジ,ニ,チ,なつめ	ji,ni,chi,natsume	0,0,0,0	0,0,0,0	KANJIDIC,PYPINYIN,UNIHAN
U+6A34	樴	ショク,シキ,ぼう	shoku,shiki,bou	0,0,0	0,0,0	KANJIDIC,PYPINYIN,UNIHAN,WORDSHK_CHARS
U+6A35	樵	ショウ,きこる,こる,きこり	shou,kikoru,koru,kikori	0,0,0,0	0,0,0,0	KANJIDIC,PYPINYIN,UNIHAN,WORDSHK_CHARS
U+6A36	樶	サイ,ふし	sai,fushi	0,0	0,0	KANJIDIC,PYPINYIN,UNIHAN
U+6A37	樷	ソウ,ス,くさむら,むらがる,むら	sou,su,kusamura,muragaru,mura	0,0,0,0,0	0,0,0,0,0	KANJIDIC,PYPINYIN,UNIHAN
U+6A38	樸	ボク,ハク,ホク,こはだ,きじ	boku,haku,hoku,kohada,kiji	0,0,0,0,0	0,0,0,0,0	KANJIDIC,PYPINYIN,UNIHAN,WORDSHK_CHARS
U+6A39	樹	ジュ,き	ju,ki	0,0	0,0	KANJIDIC,PYPINYIN,UNIHAN,WORDSHK_CHARS
U+6A3A	樺	カ,かば,かんば	ka,kaba,kanba	0,0,0	0,0,0	KANJIDIC,PYPINYIN,UNIHAN
U+6A3B	樻	キ	ki	0	0	KANJIDIC,PYPINYIN,UNIHAN
U+6A3D	樽	ソン,たる	son,taru	0,0	0,0	KANJIDIC,PYPINYIN,UNIHAN,WORDSHK_CHARS
U+6A3E	樾	エツ,オチ,こかげ	etsu,ochi,kokage	0,0,0	0,0,0	KANJIDIC,PYPINYIN,UNIHAN
U+6A3F	樿	セン,つげ	sen,tsuge	0,0	0,0	KANJIDIC,PYPINYIN,UNIHAN
U+6A44	橄	カン	kan	0	0	KANJIDIC,PYPINYIN,UNIHAN,WORDSHK_CHARS
U+6A45	橅	ボ,モ,かた,ぶな	bo,mo,kata,buna	0,0,0,0	0,0,0,0	KANJIDIC,PYPINYIN,UNIHAN
U+6A46	橆	ブ,ム,しげる	bu,mu,shigeru	0,0,0	0,0,0	KANJIDIC,PYPINYIN,UNIHAN
U+6A47	橇	キョウ,ゼイ,セイ,そり,かんじき	kyou,zei,sei,sori,kanjiki	0,0,0,0,0	0,0,0,0,0	KANJIDIC,PYPINYIN,UNIHAN,WORDSHK_CHARS
U+6A48	橈	ドウ,ジョウ,ニョウ,かい,かじ,たわむ,たわめる	dou,jou,nyou,kai,kaji,tawamu,tawameru	0,0,0,0,0,0,0	0,0,0,0,0,0,0	KANJIDIC,PYPINYIN,UNIHAN
U+6A49	橉	リン,しきみ	rin,shikimi	0,0	0,0	KANJIDIC,PYPINYIN,UNIHAN
U+6A4A	橊	ル,リュウ,リョウ,ざくろ	ru,ryuu,ryou,zakuro	0,0,0,0	0,0,0,0	KANJIDIC,PYPINYIN,UNIHAN
U+6A4B	橋	キョウ,はし	kyou,hashi	0,0	0,0	KANJIDIC,PYPINYIN,UNIHAN,WORDSHK_CHARS
U+6A4E	橎	ハン,ボン	han,bon	0,0	0,0	KANJIDIC,PYPINYIN,UNIHAN
U+6A50	橐	タク,シャ,ふくろ,ふいご	taku,sha,fukuro,fuigo	0,0,0,0	0,0,0,0	KANJIDIC,PYPINYIN,UNIHAN
U+6A51	橑	ロウ,たるき	rou,taruki	0,0	0,0	KANJIDIC,PYPINYIN,UNIHAN
U+6A52	橒	ウン,もくめ	un,mokume	0,0	0,0	KANJIDIC,PYPINYIN,UNIHAN
U+6A55	橕	トウ,チョウ,はしら	tou,chou,hashira	0,0,0	0,0,0	KANJIDIC,PYPINYIN,UNIHAN,WORDSHK_CHARS
U+6A56	橖	トウ,チョウ,くるまぎ	tou,chou,kurumagi	0,0,0	0,0,0	KANJIDIC,PYPINYIN,UNIHAN
U+6A58	橘	キツ,たちばな	kitsu,tachibana	0,0	0,0	KANJIDIC,PYPINYIN,UNIHAN,WORDSHK_CHARS
U+6A59	橙	トウ,だいだい	tou,daidai	0,0	0,0	KANJIDIC,PYPINYIN,UNIHAN,WORDSHK_CHARS
U+6A5B	橛	ケツ,カチ,ケイ,ケ,くい	ketsu,kachi,kei,ke,kui	0,0,0,0,0	0,0,0,0,0	KANJIDIC,PYPINYIN,UNIHAN,WORDSHK_CHARS
U+6A5F	機	キ,はた	ki,hata	0,0	0,0	KANJIDIC,PYPINYIN,UNIHAN,WORDSHK_CHARS
U+6A61	橡	ショウ,ゾウ,とち,くぬぎ	shou,zou,tochi,kunugi	0,0,0,0	0,0,0,0	KANJIDIC,PYPINYIN,UNIHAN,WORDSHK_CHARS
U+6A62	橢	ダ	da	0	0	KANJIDIC,PYPINYIN,UNIHAN,WORDSHK_CHARS
U+6A64	橤	ズイ,ニ,たれる	zui,ni,tareru	0,0,0	0,0,0	KANJIDIC,PYPINYIN,UNIHAN
U+6A66	橦	シュ,ショウ,トウ	shu,shou,tou	0,0,0	0,0,0	KANJIDIC,PYPINYIN,UNIHAN
U+6A67	橧	ソウ,ショウ,すまい	sou,shou,sumai	0,0,0	0,0,0	KANJIDIC,PYPINYIN,UNIHAN
U+6A6A	橪	ゼン,ネン,エン,こなつめ	zen,nen,en,konatsume	0,0,0,0	0,0,0,0	KANJIDIC,PYPINYIN,UNIHAN
U+6A6B	橫	オウ,コウ,よこ,よこたわる,よこたえる	ou,kou,yoko,yokotawaru,yokotaeru	0,0,0,0,0	0,0,0,0,0	KANJIDIC,PYPINYIN,UNIHAN,WORDSHK_CHARS
U+6A71	橱	シュウ,ズ,チュ,チュウ,くりや	shuu,zu,chu,chuu,kuriya	0,0,0,0,0	0,0,0,0,0	KANJIDIC,PYPINYIN,UNIHAN
U+6A72	橲	キ	ki	0	0	KANJIDIC,PYPINYIN,UNIHAN
U+6A73	橳	クデ,ぬで	kude,nude	0,0	0,0	KANJIDIC,PYPINYIN,UNIHAN
U+6A78	橸	まさ	masa	0	0	KANJIDIC,PYPINYIN,UNIHAN
U+6A7E	橾	シュ,ソウ,ス	shu,sou,su	0,0,0	0,0,0	KANJIDIC,PYPINYIN,UNIHAN
U+6A7F	橿	キョウ,かし,もちのき	kyou,kashi,mochinoki	0,0,0	0,0,0	KANJIDIC,PYPINYIN,UNIHAN
U+6A80	檀	ダン,タン,まゆみ	dan,tan,mayumi	0,0,0	0,0,0	KANJIDIC,PYPINYIN,UNIHAN,WORDSHK_CHARS
U+6A81	檁	リン,けた	rin,keta	0,0	0,0	KANJIDIC,PYPINYIN,UNIHAN
U+6A83	檃	イン,オン,ためぎ	in,on,tamegi	0,0,0	0,0,0	KANJIDIC,PYPINYIN,UNIHAN
U+6A84	檄	ケキ,げきする,ふれぶみ	keki,gekisuru,furebumi	0,0,0	0,0,0	KANJIDIC,PYPINYIN,UNIHAN
U+6A86	檆	サン,すぎ	san,sugi	0,0	0,0	KANJIDIC,PYPINYIN,UNIHAN
U+6A87	檇	スイ,サイ,つく	sui,sai,tsuku	0,0,0	0,0,0	KANJIDIC,PYPINYIN,UNIHAN
U+6A89	檉	テイ,チョウ,かわらやなぎ	tei,chou,kawarayanagi	0,0,0	0,0,0	KANJIDIC,PYPINYIN,UNIHAN
U+6A8B	檋	キョク,コク,キョウ,かんじき	kyoku,koku,kyou,kanjiki	0,0,0,0	0,0,0,0	KANJIDIC,PYPINYIN,UNIHAN
U+6A8D	檍	オク,い	oku,i	0,0	0,0	KANJIDIC,PYPINYIN,UNIHAN
U+6A8E	檎	キン,ゴン,ゴ	kin,gon,go	0,0,0	0,0,0	KANJIDIC,PYPINYIN,UNIHAN
U+6A90	檐	エン,タン,のき,ひさし	en,tan,noki,hisashi	0,0,0,0	0,0,0,0	KANJIDIC,PYPINYIN,UNIHAN,WORDSHK_CHARS
U+6A91	檑	ライ	rai	0	0	KANJIDIC,PYPINYIN,UNIHAN
U+6A97	檗	ハク,ビャク,きはだ,きわだ	haku,byaku,kihada,kiwada	0,0,0,0	0,0,0,0	KANJIDIC,PYPINYIN,UNIHAN
U+6A9B	檛	タ,テ,つえ	ta,te,tsue	0,0,0	0,0,0	KANJIDIC,PYPINYIN,UNIHAN
U+6A9C	檜	カイ,ひのき,ひ	kai,hinoki,hi	0,0,0	0,0,0	KANJIDIC,PYPINYIN,UNIHAN
U+6A9D	檝	シュウ,ショウ,かじ,かい	shuu,shou,kaji,kai	0,0,0,0	0,0,0,0	KANJIDIC,PYPINYIN,UNIHAN
U+6A9E	檞	カイ,ゲ,まつやに,かしわ	kai,ge,matsuyani,kashiwa	0,0,0,0	0,0,0,0	KANJIDIC,PYPINYIN,UNIHAN
U+6A9F	檟	カ,ケ,ひさぎ	ka,ke,hisagi	0,0,0	0,0,0	KANJIDIC,PYPINYIN,UNIHAN
U+6AA0	檠	ケイ,ゆだめ	kei,yudame	0,0	0,0	KANJIDIC,PYPINYIN,UNIHAN
U+6AA2	檢	ケン,しらべる	ken,shiraberu	0,0	0,0	KANJIDIC,PYPINYIN,UNIHAN,WORDSHK_CHARS
U+6AA3	檣	ショウ,ほばしら	shou,hobashira	0,0	0,0	KANJIDIC,PYPINYIN,UNIHAN
U+6AA5	檥	ギ,ガ	gi,ga	0,0	0,0	KANJIDIC,PYPINYIN,UNIHAN
U+6AAA	檪	レキ,ヤク,ロウ,くぬぎ	reki,yaku,rou,kunugi	0,0,0,0	0,0,0,0	KANJIDIC,PYPINYIN,UNIHAN
U+6AAB	檫	サツ,しんばしら	satsu,shinbashira	0,0	0,0	KANJIDIC,PYPINYIN,UNIHAN
U+6AAC	檬	モウ	mou	0	0	KANJIDIC,PYPINYIN,UNIHAN,WORDSHK_CHARS
U+6AAE	檮	トウ	tou	0	0	KANJIDIC,PYPINYIN,UNIHAN
U+6AAF	檯	タイ,つくえ	tai,tsukue	0,0	0,0	KANJIDIC,PYPINYIN,UNIHAN,WORDSHK_CHARS
U+6AB0	檰	ヘン,メン,とちゆう	hen,men,tochiyuu	0,0,0	0,0,0	KANJIDIC,PYPINYIN,UNIHAN
U+6AB1	檱	キ,ご	ki,go	0,0	0,0	KANJIDIC,PYPINYIN,UNIHAN
U+6AB3	檳	ビン,ヒン	bin,hin	0,0	0,0	KANJIDIC,PYPINYIN,UNIHAN,WORDSHK_CHARS
U+6AB4	檴	カク,ワク,あきにれ	kaku,waku,akinire	0,0,0	0,0,0	KANJIDIC,PYPINYIN,UNIHAN
U+6AB8	檸	ネイ,ドウ	nei,dou	0,0	0,0	KANJIDIC,PYPINYIN,UNIHAN,WORDSHK_CHARS
U+6ABB	檻	カン,おり,おばしま,てすり	kan,ori,obashima,tesuri	0,0,0,0	0,0,0,0	KANJIDIC,PYPINYIN,UNIHAN,WORDSHK_CHARS
U+6ABD	檽	ジ,ニ,ゼン,ネン,ジュ,ニュ,きくらげ	ji,ni,zen,nen,ju,nyu,kikurage	0,0,0,0,0,0,0	0,0,0,0,0,0,0	KANJIDIC,PYPINYIN,UNIHAN
U+6ABE	檾	ケイ,キョウ,いちび	kei,kyou,ichibi	0,0,0	0,0,0	KANJIDIC,PYPINYIN,UNIHAN
U+6ABF	檿	エン,やまぐわ	en,yamaguwa	0,0	0,0	KANJIDIC,PYPINYIN,UNIHAN
U+6AC1	櫁	ミツ,しきみ,じんこう	mitsu,shikimi,jinkou	0,0,0	0,0,0	KANJIDIC,PYPINYIN,UNIHAN
U+6AC2	櫂	トウ,タク,かい,かじ	tou,taku,kai,kaji	0,0,0,0	0,0,0,0	KANJIDIC,PYPINYIN,UNIHAN,WORDSHK_CHARS
U+6AC3	櫃	キ,ひつ	ki,hitsu	0,0	0,0	KANJIDIC,PYPINYIN,UNIHAN,WORDSHK_CHARS
U+6AC6	櫆	カイ	kai	0	0	KANJIDIC,PYPINYIN,UNIHAN
U+6AC8	櫈	トウ,こしかけ	tou,koshikake	0,0	0,0	KANJIDIC,PYPINYIN,UNIHAN,WORDSHK_CHARS
U+6AC9	櫉	チュ,ひつ	chu,hitsu	0,0	0,0	KANJIDIC,PYPINYIN,UNIHAN
U+6ACC	櫌	ユウ,ウ,ならす	yuu,u,narasu	0,0,0	0,0,0	KANJIDIC,PYPINYIN,UNIHAN
U+6AD0	櫐	ルイ,ライ,ふじ	rui,rai,fuji	0,0,0	0,0,0	KANJIDIC,PYPINYIN,UNIHAN
U+6AD1	櫑	ライ,さかだる	rai,sakadaru	0,0	0,0	KANJIDIC,PYPINYIN,UNIHAN
U+6AD3	櫓	ロ,やぐら,おおだて	ro,yagura,oodate	0,0,0	0,0,0	KANJIDIC,PYPINYIN,UNIHAN,WORDSHK_CHARS
U+6AD4	櫔	レイ	rei	0	0	KANJIDIC,PYPINYIN,UNIHAN
U+6AD5	櫕	サン,つえ	san,tsue	0,0	0,0	KANJIDIC,PYPINYIN,UNIHAN
U+6AD6	櫖	リョ,ロ,ふざ	ryo,ro,fuza	0,0,0	0,0,0	KANJIDIC,PYPINYIN,UNIHAN
U+6ADA	櫚	ロ,リョ	ro,ryo	0,0	0,0	KANJIDIC,PYPINYIN,UNIHAN,WORDSHK_CHARS
U+6ADB	櫛	シツ,くし,くしけずる	shitsu,kushi,kushikezuru	0,0,0	0,0,0	KANJIDIC,PYPINYIN,UNIHAN,WORDSHK_CHARS
U+6ADC	櫜	コウ,ふくろ	kou,fukuro	0,0	0,0	KANJIDIC,PYPINYIN,UNIHAN
U+6ADD	櫝	トク,はこ,ひつぎ	toku,hako,hitsugi	0,0,0	0,0,0	KANJIDIC,PYPINYIN,UNIHAN
U+6ADE	櫞	エン	en	0	0	KANJIDIC,PYPINYIN,UNIHAN
U+6ADF	櫟	レキ,ヤク,ロウ,くぬぎ	reki,yaku,rou,kunugi	0,0,0,0	0,0,0,0	KANJIDIC,PYPINYIN,UNIHAN
U+6AE4	櫤	セン,たも	sen,tamo	0,0	0,0	KANJIDIC,PYPINYIN,UNIHAN
U+6AE7	櫧	ショ,ソ,かし	sho,so,kashi	0,0,0	0,0,0	KANJIDIC,PYPINYIN,UNIHAN
U+6AE8	櫨	ロ,はぜ	ro,haze	0,0	0,0	KANJIDIC,PYPINYIN,UNIHAN
U+6AEA	櫪	レキ,かいばおけ,くぬぎ	reki,kaibaoke,kunugi	0,0,0	0,0,0	KANJIDIC,PYPINYIN,UNIHAN
U+6AEC	櫬	シン,カン,ひつぎ	shin,kan,hitsugi	0,0,0	0,0,0	KANJIDIC,PYPINYIN,UNIHAN
U+6AF0	櫰	カイ,エ,いぬえんじゅ	kai,e,inuenju	0,0,0	0,0,0	KANJIDIC,PYPINYIN,UNIHAN
U+6AF1	櫱	ゲツ,ゲチ,ガツ,ガチ,ひこばえ	getsu,gechi,gatsu,gachi,hikobae	0,0,0,0,0	0,0,0,0,0	KANJIDIC,PYPINYIN,UNIHAN
U+6AF2	櫲	ヨ,くすのき	yo,kusunoki	0,0	0,0	KANJIDIC,PYPINYIN,UNIHAN
U+6AFA	櫺	レイ,リョウ,れんじ	rei,ryou,renji	0,0,0	0,0,0	KANJIDIC,PYPINYIN,UNIHAN
U+6AFB	櫻	オウ,ヨウ,さくら	ou,you,sakura	0,0,0	0,0,0	KANJIDIC,PYPINYIN,UNIHAN,WORDSHK_CHARS
U+6AFC	櫼	セン,シン,サン,くさび	sen,shin,san,kusabi	0,0,0,0	0,0,0,0	KANJIDIC,PYPINYIN,UNIHAN,WORDSHK_CHARS
U+6AFD	櫽	イン,オン,ためぎ	in,on,tamegi	0,0,0	0,0,0	KANJIDIC,PYPINYIN,UNIHAN
U+6B02	欂	ハク,ヘキ,ビャク,はしら	haku,heki,byaku,hashira	0,0,0,0	0,0,0,0	KANJIDIC,PYPINYIN,UNIHAN
U+6B03	欃	サン,セン	san,sen	0,0	0,0	KANJIDIC,PYPINYIN,UNIHAN
U+6B04	欄	ラン,てすり	ran,tesuri	0,0	0,0	KANJIDIC,PYPINYIN,UNIHAN,WORDSHK_CHARS
U+6B05	欅	キョ,けやき	kyo,keyaki	0,0	0,0	KANJIDIC,PYPINYIN,UNIHAN
U+6B06	欆	ソウ,ふねのほ	sou,funenoho	0,0	0,0	KANJIDIC,PYPINYIN,UNIHAN
U+6B07	欇	ショウ	shou	0	0	KANJIDIC,PYPINYIN,UNIHAN
U+6B09	欉	ソウ,ス,しげる	sou,su,shigeru	0,0,0	0,0,0	KANJIDIC,PYPINYIN,UNIHAN
U+6B0A	權	ケン,ゴン,おもり,かり,はかる	ken,gon,omori,kari,hakaru	0,0,0,0,0	0,0,0,0,0	KANJIDIC,PYPINYIN,UNIHAN,WORDSHK_CHARS
U+6B0F	欏	ラ,やまなし	ra,yamanashi	0,0	0,0	KANJIDIC,PYPINYIN,UNIHAN
U+6B10	欐	レイ,ライ,リ,むね	rei,rai,ri,mune	0,0,0,0	0,0,0,0	KANJIDIC,PYPINYIN,UNIHAN
U+6B11	欑	サン,つえ	san,tsue	0,0	0,0	KANJIDIC,PYPINYIN,UNIHAN
U+6B12	欒	ラン,おうち,ひじき,まどか,まるい	ran,ouchi,hijiki,madoka,marui	0,0,0,0,0	0,0,0,0,0	KANJIDIC,PYPINYIN,UNIHAN,WORDSHK_CHARS
U+6B16	欖	ラン	ran	0	0	KANJIDIC,PYPINYIN,UNIHAN,WORDSHK_CHARS
U+6B17	欗	ラン,てすり	ran,tesuri	0,0	0,0	KANJIDIC,PYPINYIN,UNIHAN
U+6B1B	欛	ハ,ヘ,つか	ha,he,tsuka	0,0,0	0,0,0	KANJIDIC,PYPINYIN,UNIHAN
U+6B1D	欝	ウツ,ウン,うっする,ふさぐ,しげる	utsu,un,ussuru,fusagu,shigeru	0,0,0,0,0	0,0,0,0,0	KANJIDIC,PYPINYIN,UNIHAN
U+6B1E	欞	レイ,リョウ,れんじ	rei,ryou,renji	0,0,0	0,0,0	KANJIDIC,PYPINYIN,UNIHAN
U+6B1F	欟	つき	tsuki	0	0	KANJIDIC,PYPINYIN,UNIHAN
U+6B20	欠	ケツ,ケン,かける,かく	ketsu,ken,kakeru,kaku	0,0,0,0	0,0,0,0	KANJIDIC,PYPINYIN,UNIHAN,WORDSHK_CHARS
U+6B21	次	ジ,シ,つぐ,つぎ	ji,shi,tsugu,tsugi	0,0,0,0	0,0,0,0	KANJIDIC,PYPINYIN,UNIHAN,WORDSHK_CHARS
U+6B23	欣	キン,ゴン,コン,よろこぶ,よろこび	kin,gon,kon,yorokobu,yorokobi	0,0,0,0,0	0,0,0,0,0	KANJIDIC,PYPINYIN,UNIHAN,WORDSHK_CHARS
U+6B24	欤	ヨ,や,か	yo,ya,ka	0,0,0	0,0,0	KANJIDIC,PYPINYIN,UNIHAN
U+6B27	欧	オウ,うたう,はく	ou,utau,haku	0,0,0	0,0,0	KANJIDIC,PYPINYIN,UNIHAN
U+6B28	欨	ク,ふく	ku,fuku	0,0	0,0	KANJIDIC,PYPINYIN,UNIHAN
U+6B2B	欫	ケキ,キャク	keki,kyaku	0,0	0,0	KANJIDIC,PYPINYIN,UNIHAN
U+6B2C	欬	カイ,キ,せき	kai,ki,seki	0,0,0	0,0,0	KANJIDIC,PYPINYIN,UNIHAN
U+6B2F	欯	キツ,キチ,カイ,よろこぶ	kitsu,kichi,kai,yorokobu	0,0,0,0	0,0,0,0	KANJIDIC,PYPINYIN,UNIHAN
U+6B32	欲	ヨク,ほっする,ほしい	yoku,hossuru,hoshii	0,0,0	0,0,0	KANJIDIC,PYPINYIN,UNIHAN,WORDSHK_CHARS
U+6B35	欵	カン	kan	0	0	KANJIDIC,PYPINYIN,UNIHAN
U+6B36	欶	サク,シュク,スク,すう	saku,shuku,suku,suu	0,0,0,0	0,0,0,0	KANJIDIC,PYPINYIN,UNIHAN
U+6B37	欷	キ,なげく	ki,nageku	0,0	0,0	KANJIDIC,PYPINYIN,UNIHAN,WORDSHK_CHARS
U+6B38	欸	アイ,カイ	ai,kai	0,0	0,0	KANJIDIC,PYPINYIN,UNIHAN,WORDSHK_CHARS
U+6B39	欹	イ,キ,そばだてる,そばだつ	i,ki,sobadateru,sobadatsu	0,0,0,0	0,0,0,0	KANJIDIC,PYPINYIN,UNIHAN
U+6B3A	欺	ギ,あざむく	gi,azamuku	0,0	0,0	KANJIDIC,PYPINYIN,UNIHAN,WORDSHK_CHARS
U+6B3B	欻	クツ,クチ	kutsu,kuchi	0,0	0,0	KANJIDIC,PYPINYIN,UNIHAN
U+6B3D	欽	キン,コン,つつしむ	kin,kon,tsutsushimu	0,0,0	0,0,0	KANJIDIC,PYPINYIN,UNIHAN,WORDSHK_CHARS
U+6B3E	款	カン	kan	0	0	KANJIDIC,PYPINYIN,UNIHAN,WORDSHK_CHARS
U+6B3F	欿	タン,トン,カン,コン,もとめる	tan,ton,kan,kon,motomeru	0,0,0,0,0	0,0,0,0,0	KANJIDIC,PYPINYIN,UNIHAN
U+6B43	歃	ソウ,コウ,ショウ,すする	sou,kou,shou,susuru	0,0,0,0	0,0,0,0	KANJIDIC,PYPINYIN,UNIHAN,WORDSHK_CHARS
U+6B46	歆	キン,コン,うける	kin,kon,ukeru	0,0,0	0,0,0	KANJIDIC,PYPINYIN,UNIHAN
U+6B47	歇	ケツ,カイ,カツ,やめる	ketsu,kai,katsu,yameru	0,0,0,0	0,0,0,0	KANJIDIC,PYPINYIN,UNIHAN,WORDSHK_CHARS
U+6B49	歉	ケン,カン,あきたりない	ken,kan,akitarinai	0,0,0	0,0,0	KANJIDIC,PYPINYIN,UNIHAN,WORDSHK_CHARS
U+6B4A	歊	キョウ,コク,カク,のぼる	kyou,koku,kaku,noboru	0,0,0,0	0,0,0,0	KANJIDIC,PYPINYIN,UNIHAN
U+6B4C	歌	カ,うた,うたう	ka,uta,utau	0,0,0	0,0,0	KANJIDIC,PYPINYIN,UNIHAN,WORDSHK_CHARS
U+6B4D	歍	オ,ウ,オウ,はく	o,u,ou,haku	0,0,0,0	0,0,0,0	KANJIDIC,PYPINYIN,UNIHAN
U+6B4E	歎	タン,なげく,なげき	tan,nageku,nageki	0,0,0	0,0,0	KANJIDIC,PYPINYIN,UNIHAN,WORDSHK_CHARS
U+6B50	歐	オウ,うたう,はく	ou,utau,haku	0,0,0	0,0,0	KANJIDIC,PYPINYIN,UNIHAN,WORDSHK_CHARS
U+6B52	歒	テキ,チャク,わらう	teki,chaku,warau	0,0,0	0,0,0	KANJIDIC,PYPINYIN,UNIHAN
U+6B53	歓	カン,よろこぶ	kan,yorokobu	0,0	0,0	KANJIDIC,PYPINYIN,UNIHAN
U+6B54	歔	キョ,すすりなく	kyo,susurinaku	0,0	0,0	KANJIDIC,PYPINYIN,UNIHAN,WORDSHK_CHARS
U+6B56	歖	キ,イ	ki,i	0,0	0,0	KANJIDIC,PYPINYIN,UNIHAN
U+6B58	歘	クツ,クチ	kutsu,kuchi	0,0	0,0	KANJIDIC,PYPINYIN,UNIHAN
U+6B59	歙	キュウ,キョウ,ショウ,すう	kyuu,kyou,shou,suu	0,0,0,0	0,0,0,0	KANJIDIC,PYPINYIN,UNIHAN
U+6B5B	歛	レン	ren	0	0	KANJIDIC,PYPINYIN,UNIHAN,WORDSHK_CHARS
U+6B5D	歝	エキ,ヤク,ト,ズ,いやになる	eki,yaku,to,zu,iyaninaru	0,0,0,0,0	0,0,0,0,0	KANJIDIC,PYPINYIN,UNIHAN
U+6B5F	歟	ヨ,や,か	yo,ya,ka	0,0,0	0,0,0	KANJIDIC,PYPINYIN,UNIHAN
U+6B60	歠	セツ,セチ,のむ	setsu,sechi,nomu	0,0,0	0,0,0	KANJIDIC,PYPINYIN,UNIHAN
U+6B61	歡	カン,よろこぶ	kan,yorokobu	0,0	0,0	KANJIDIC,PYPINYIN,UNIHAN,WORDSHK_CHARS
U+6B62	止	シ,とまる,どまり,とめる,どめ,とどめる,とどめ,とどまる,やめる,やむ,よす,さす,さし	shi,tomaru,domari,tomeru,dome,todomeru,todome,todomaru,yameru,yamu,yosu,sasu,sashi	0,0,0,0,0,0,0,0,0,0,0,0,0	0,0,0,0,0,0,0,0,0,0,0,0,0	KANJIDIC,PYPINYIN,UNIHAN,WORDSHK_CHARS
U+6B63	正	セイ,ショウ,ただしい,ただす,まさ,まさに	sei,shou,tadashii,tadasu,masa,masani	0,0,0,0,0,0	0,0,0,0,0,0	KANJIDIC,PYPINYIN,UNIHAN,WORDSHK_CHARS
U+6B64	此	シ,これ,この,ここ	shi,kore,kono,koko	0,0,0,0	0,0,0,0	KANJIDIC,PYPINYIN,UNIHAN,WORDSHK_CHARS
U+6B65	步	ホ,ブ,フ,あるく,あゆむ,あゆみ	ho,bu,fu,aruku,ayumu,ayumi	0,0,0,0,0,0	0,0,0,0,0,0	KANJIDIC,PYPINYIN,UNIHAN,WORDSHK_CHARS
U+6B66	武	ブ,ム,たけ,たけし	bu,mu,take,takeshi	0,0,0,0	0,0,0,0	KANJIDIC,PYPINYIN,UNIHAN,WORDSHK_CHARS
U+6B67	歧	キ,ゆび,わかれる	ki,yubi,wakareru	0,0,0	0,0,0	KANJIDIC,PYPINYIN,UNIHAN,WORDSHK_CHARS
U+6B69	歩	ホ,ブ,フ,あるく,あゆむ	ho,bu,fu,aruku,ayumu	0,0,0,0,0	0,0,0,0,0	KANJIDIC,PYPINYIN,UNIHAN
U+6B6A	歪	ワイ,エ,いがむ,いびつ,ひずむ,ゆがむ	wai,e,igamu,ibitsu,hizumu,yugamu	0,0,0,0,0,0	0,0,0,0,0,0	KANJIDIC,PYPINYIN,UNIHAN,WORDSHK_CHARS
U+6B6B	歫	キョ,ゴ,とめる	kyo,go,tomeru	0,0,0	0,0,0	KANJIDIC,PYPINYIN,UNIHAN
U+6B6E	歮	シュウ,しぶ,しぶい,しぶる	shuu,shibu,shibui,shiburu	0,0,0,0	0,0,0,0	KANJIDIC,PYPINYIN,UNIHAN
U+6B6F	歯	シ,よわい,は,よわいする	shi,yowai,ha,yowaisuru	0,0,0,0	0,0,0,0	KANJIDIC,PYPINYIN,UNIHAN
U+6B70	歰	シュウ,ソウ,しぶる,しぶい	shuu,sou,shiburu,shibui	0,0,0,0	0,0,0,0	KANJIDIC,PYPINYIN,UNIHAN
U+6B73	歳	サイ,セイ,とし,とせ,よわい	sai,sei,toshi,tose,yowai	0,0,0,0,0	0,0,0,0,0	KANJIDIC,PYPINYIN,UNIHAN
U+6B74	歴	レキ,レッキ	reki,rekki	0,0	0,0	KANJIDIC,PYPINYIN,UNIHAN
U+6B75	歵	サク,ジャク,ととのう,よい,ただしい	saku,jaku,totonou,yoi,tadashii	0,0,0,0,0	0,0,0,0,0	KANJIDIC,PYPINYIN,UNIHAN
U+6B78	歸	キ,かえる,かえす,おくる,とつぐ	ki,kaeru,kaesu,okuru,totsugu	0,0,0,0,0	0,0,0,0,0	KANJIDIC,PYPINYIN,UNIHAN,WORDSHK_CHARS
U+6B79	歹	ガツ,ガチ,タイ	gatsu,gachi,tai	0,0,0	0,0,0	KANJIDIC,PYPINYIN,UNIHAN,WORDSHK_CHARS
U+6B7B	死	シ,しぬ,しに	shi,shinu,shini	0,0,0	0,0,0	KANJIDIC,PYPINYIN,UNIHAN,WORDSHK_CHARS
U+6B7D	歽	セツ,セチ,わかじに	setsu,sechi,wakajini	0,0,0	0,0,0	KANJIDIC,PYPINYIN,UNIHAN
U+6B7E	歾	ボツ,しぬ	botsu,shinu	0,0	0,0	KANJIDIC,PYPINYIN,UNIHAN
U+6B7F	歿	ボツ,しぬ	botsu,shinu	0,0	0,0	KANJIDIC,PYPINYIN,UNIHAN
U+6B80	殀	ヨウ,わかじに	you,wakajini	0,0	0,0	KANJIDIC,PYPINYIN,UNIHAN,WORDSHK_CHARS
U+6B81	殁	ボツ,モチ,しぬ	botsu,mochi,shinu	0,0,0	0,0,0	KANJIDIC,PYPINYIN,UNIHAN
U+6B82	殂	ソ,しぬ	so,shinu	0,0	0,0	KANJIDIC,PYPINYIN,UNIHAN
U+6B83	殃	オウ,ヨウ,わざわい	ou,you,wazawai	0,0,0	0,0,0	KANJIDIC,PYPINYIN,UNIHAN,WORDSHK_CHARS
U+6B84	殄	テン,たつ,つきる,つくす	ten,tatsu,tsukiru,tsukusu	0,0,0,0	0,0,0,0	KANJIDIC,PYPINYIN,UNIHAN,WORDSHK_CHARS
U+6B85	殅	ソウ,ショウ,よみがえる	sou,shou,yomigaeru	0,0,0	0,0,0	KANJIDIC,PYPINYIN,UNIHAN
U+6B86	殆	タイ,サイ,ほとほと,ほとんど,あやうい	tai,sai,hotohoto,hotondo,ayaui	0,0,0,0,0	0,0,0,0,0	KANJIDIC,PYPINYIN,UNIHAN,WORDSHK_CHARS
U+6B89	殉	ジュン	jun	0	0	KANJIDIC,PYPINYIN,UNIHAN,WORDSHK_CHARS
U+6B8A	殊	シュ,こと	shu,koto	0,0	0,0	KANJIDIC,PYPINYIN,UNIHAN,WORDSHK_CHARS
U+6B8B	残	ザン,サン,のこる,のこす,そこなう,のこり	zan,san,nokoru,nokosu,sokonau,nokori	0,0,0,0,0,0	0,0,0,0,0,0	KANJIDIC,PYPINYIN,UNIHAN
U+6B8D	殍	ヒョウ,フ,うえじに	hyou,fu,uejini	0,0,0	0,0,0	KANJIDIC,PYPINYIN,UNIHAN
U+6B95	殕	フ,ねる	fu,neru	0,0	0,0	KANJIDIC,PYPINYIN,UNIHAN
U+6B96	殖	ショク,ふえる,ふやす	shoku,fueru,fuyasu	0,0,0	0,0,0	KANJIDIC,PYPINYIN,UNIHAN,WORDSHK_CHARS
U+6B97	殗	ヨウ,オウ,エン,やむ	you,ou,en,yamu	0,0,0,0	0,0,0,0	KANJIDIC,PYPINYIN,UNIHAN
U+6B98	殘	ザン,のこる,のこす,そこなう,のこり	zan,nokoru,nokosu,sokonau,nokori	0,0,0,0,0	0,0,0,0,0	KANJIDIC,PYPINYIN,UNIHAN,WORDSHK_CHARS
U+6B9B	殛	キョク,コク,ころす	kyoku,koku,korosu	0,0,0	0,0,0	KANJIDIC,PYPINYIN,UNIHAN
U+6B9E	殞	イン,ウン,おちる,しぬ	in,un,ochiru,shinu	0,0,0,0	0,0,0,0	KANJIDIC,PYPINYIN,UNIHAN,WORDSHK_CHARS
U+6B9F	殟	オツ,オチ,オン,ラツ	otsu,ochi,on,ratsu	0,0,0,0	0,0,0,0	KANJIDIC,PYPINYIN,UNIHAN
U+6BA0	殠	シュウ,シュ,キュウ,ク,におい	shuu,shu,kyuu,ku,nioi	0,0,0,0,0	0,0,0,0,0	KANJIDIC,PYPINYIN,UNIHAN
U+6BA2	殢	テイ,タイ,ケイ,つかれる	tei,tai,kei,tsukareru	0,0,0,0	0,0,0,0	KANJIDIC,PYPINYIN,UNIHAN
U+6BA3	殣	キン,うえじに	kin,uejini	0,0	0,0	KANJIDIC,PYPINYIN,UNIHAN
U+6BA4	殤	ショウ,わかじに	shou,wakajini	0,0	0,0	KANJIDIC,PYPINYIN,UNIHAN,WORDSHK_CHARS
U+6BA8	殨	カイ,エ,コツ,ゴチ,ただれる	kai,e,kotsu,gochi,tadareru	0,0,0,0,0	0,0,0,0,0	KANJIDIC,PYPINYIN,UNIHAN
U+6BA9	殩	サン	san	0	0	KANJIDIC,PYPINYIN,UNIHAN
U+6BAA	殪	エイ,たおす	ei,taosu	0,0	0,0	KANJIDIC,PYPINYIN,UNIHAN
U+6BAB	殫	タン,つきる	tan,tsukiru	0,0	0,0	KANJIDIC,PYPINYIN,UNIHAN
U+6BAC	殬	ト,ツ,やぶれる,やぶる	to,tsu,yabureru,yaburu	0,0,0,0	0,0,0,0	KANJIDIC,PYPINYIN,UNIHAN
U+6BAD	殭	キョウ,コウ,かたくなる	kyou,kou,katakunaru	0,0,0	0,0,0	KANJIDIC,PYPINYIN,UNIHAN,WORDSHK_CHARS
U+6BAE	殮	レン,おさめる	ren,osameru	0,0	0,0	KANJIDIC,PYPINYIN,UNIHAN,WORDSHK_CHARS
U+6BAF	殯	ヒン,かりもがり	hin,karimogari	0,0	0,0	KANJIDIC,PYPINYIN,UNIHAN,WORDSHK_CHARS
U+6BB0	殰	トク,やぶれる	toku,yabureru	0,0	0,0	KANJIDIC,PYPINYIN,UNIHAN
U+6BB1	殱	セン,つくす,ほろぼす	sen,tsukusu,horobosu	0,0,0	0,0,0	KANJIDIC,PYPINYIN,UNIHAN
U+6BB2	殲	セン,つくす,ほろぼす	sen,tsukusu,horobosu	0,0,0	0,0,0	KANJIDIC,PYPINYIN,UNIHAN,WORDSHK_CHARS
U+6BB3	殳	シュ,また,ほこ	shu,mata,hoko	0,0,0	0,0,0	KANJIDIC,PYPINYIN,UNIHAN
U+6BB4	殴	オウ,なぐる	ou,naguru	0,0	0,0	KANJIDIC,PYPINYIN,UNIHAN
U+6BB5	段	ダン,タン	dan,tan	0,0	0,0	KANJIDIC,PYPINYIN,UNIHAN,WORDSHK_CHARS
U+6BB7	殷	イン,アン,さかん	in,an,sakan	0,0,0	0,0,0	KANJIDIC,PYPINYIN,UNIHAN,WORDSHK_CHARS
U+6BB8	殸	ケイ,キョウ,コウ,セイ,ショウ,てき,こえ	kei,kyou,kou,sei,shou,teki,koe	0,0,0,0,0,0,0	0,0,0,0,0,0,0	KANJIDIC,PYPINYIN,UNIHAN
U+6BB9	殹	エイ,うちあたるこえ,みにくいすがた	ei,uchiatarukoe,minikuisugata	0,0,0	0,0,0	KANJIDIC,PYPINYIN,UNIHAN
U+6BBA	殺	サツ,サイ,セツ,ころす,ごろし,そぐ,あやめる	satsu,sai,setsu,korosu,goroshi,sogu,ayameru	0,0,0,0,0,0,0	0,0,0,0,0,0,0	KANJIDIC,PYPINYIN,UNIHAN,WORDSHK_CHARS
U+6BBB	殻	カク,コク,バイ,から,がら	kaku,koku,bai,kara,gara	0,0,0,0,0	0,0,0,0,0	KANJIDIC,PYPINYIN,UNIHAN,WORDSHK_CHARS
U+6BBC	殼	カク,コク,バイ,から	kaku,koku,bai,kara	0,0,0,0	0,0,0,0	KANJIDIC,PYPINYIN,UNIHAN,WORDSHK_CHARS
U+6BBD	殽	コウ,ギョウ,まじる	kou,gyou,majiru	0,0,0	0,0,0	KANJIDIC,PYPINYIN,UNIHAN,WORDSHK_CHARS
U+6BBE	殾	シュン,きずく	shun,kizuku	0,0	0,0	KANJIDIC,PYPINYIN,UNIHAN
U+6BBF	殿	デン,テン,との,どの	den,ten,tono,dono	0,0,0,0	0,0,0,0	KANJIDIC,PYPINYIN,UNIHAN,WORDSHK_CHARS
U+6BC0	毀	キ,こぼつ,こわす,こぼれる,こわれる,そしる,やぶる	ki,kobotsu,kowasu,koboreru,kowareru,soshiru,yaburu	0,0,0,0,0,0,0	0,0,0,0,0,0,0	KANJIDIC,PYPINYIN,UNIHAN,WORDSHK_CHARS
U+6BC3	毃	カク,キョウ,たたく	kaku,kyou,tataku	0,0,0	0,0,0	KANJIDIC,PYPINYIN,UNIHAN
U+6BC4	毄	ケキ,キュク,ケイ,ギキ,あたる	keki,kyuku,kei,giki,ataru	0,0,0,0,0	0,0,0,0,0	KANJIDIC,PYPINYIN,UNIHAN
U+6BC5	毅	キ,ギ,つよい	ki,gi,tsuyoi	0,0,0	0,0,0	KANJIDIC,PYPINYIN,UNIHAN,WORDSHK_CHARS
U+6BC6	毆	オウ,ク,なぐる,たたく	ou,ku,naguru,tataku	0,0,0,0	0,0,0,0	KANJIDIC,PYPINYIN,UNIHAN,WORDSHK_CHARS
U+6BC9	毉	イ,エイ	i,ei	0,0	0,0	KANJIDIC,PYPINYIN,UNIHAN
U+6BCB	毋	ブ,ム,はは,ぼ,ない,なかれ	bu,mu,haha,bo,nai,nakare	0,0,0,0,0,0	0,0,0,0,0,0	KANJIDIC,PYPINYIN,UNIHAN,WORDSHK_CHARS
U+6BCC	毌	カン,つらぬく	kan,tsuranuku	0,0	0,0	KANJIDIC,PYPINYIN,UNIHAN
U+6BCD	母	ボ,はは,も	bo,haha,mo	0,0,0	0,0,0	KANJIDIC,PYPINYIN,UNIHAN,WORDSHK_CHARS
U+6BCE	毎	マイ,ごと,ごとに	mai,goto,gotoni	0,0,0	0,0,0	KANJIDIC,PYPINYIN,UNIHAN
U+6BCF	每	マイ,バイ,つね	mai,bai,tsune	0,0,0	0,0,0	KANJIDIC,PYPINYIN,UNIHAN,WORDSHK_CHARS
U+6BD2	毒	ドク	doku	0	0	KANJIDIC,PYPINYIN,UNIHAN,WORDSHK_CHARS
U+6BD3	毓	イク,そだつ,そだてる,はぐくむ	iku,sodatsu,sodateru,hagukumu	0,0,0,0	0,0,0,0	KANJIDIC,PYPINYIN,UNIHAN
U+6BD4	比	ヒ,くらべる	hi,kuraberu	0,0	0,0	KANJIDIC,PYPINYIN,UNIHAN,WORDSHK_CHARS
U+6BD6	毖	ヒ,つつしむ	hi,tsutsushimu	0,0	0,0	KANJIDIC,PYPINYIN,UNIHAN
U+6BD8	毘	ヒ,ビ,たすける	hi,bi,tasukeru	0,0,0	0,0,0	KANJIDIC,PYPINYIN,UNIHAN
U+6BDA	毚	サン,ゼン,うさぎ	san,zen,usagi	0,0,0	0,0,0	KANJIDIC,PYPINYIN,UNIHAN
U+6BDB	毛	モウ,け	mou,ke	0,0	0,0	KANJIDIC,PYPINYIN,UNIHAN,WORDSHK_CHARS
U+6BDF	毟	むしる	mushiru	0	0	KANJIDIC,PYPINYIN,UNIHAN
U+6BE1	毡	セン	sen	0	0	KANJIDIC,PYPINYIN,UNIHAN
U+6BE3	毣	ボク,モク,バク,マク,よい	boku,moku,baku,maku,yoi	0,0,0,0,0	0,0,0,0,0	KANJIDIC,PYPINYIN,UNIHAN
U+6BE6	毦	ジ,ニ,けかざり	ji,ni,kekazari	0,0,0	0,0,0	KANJIDIC,PYPINYIN,UNIHAN
U+6BE7	毧	ジュウ,ニュ,シュ	juu,nyu,shu	0,0,0	0,0,0	KANJIDIC,PYPINYIN,UNIHAN
U+6BEB	毫	ゴウ,コウ,ごうも,すこし	gou,kou,goumo,sukoshi	0,0,0,0	0,0,0,0	KANJIDIC,PYPINYIN,UNIHAN,WORDSHK_CHARS
U+6BEC	毬	キュウ,いが,まり	kyuu,iga,mari	0,0,0	0,0,0	KANJIDIC,PYPINYIN,UNIHAN,WORDSHK_CHARS
U+6BEE	毮	むしる	mushiru	0	0	KANJIDIC,PYPINYIN,UNIHAN
U+6BEF	毯	タン	tan	0	0	KANJIDIC,PYPINYIN,UNIHAN,WORDSHK_CHARS
U+6BF1	毱	けまり	kemari	0	0	KANJIDIC,PYPINYIN,UNIHAN
U+6BF3	毳	ゼイ,セイ,セツ,けば,むくげ	zei,sei,setsu,keba,mukuge	0,0,0,0,0	0,0,0,0,0	KANJIDIC,PYPINYIN,UNIHAN
U+6BF7	毷	ボウ,モウ,とける	bou,mou,tokeru	0,0,0	0,0,0	KANJIDIC,PYPINYIN,UNIHAN
U+6BF9	毹	ユ,ス,シュ,けむしろ	yu,su,shu,kemushiro	0,0,0,0	0,0,0,0	KANJIDIC,PYPINYIN,UNIHAN
U+6BFF	毿	サン,けがながい	san,keganagai	0,0	0,0	KANJIDIC,PYPINYIN,UNIHAN
U+6C02	氂	リ,ボウ,モウ,ライ	ri,bou,mou,rai	0,0,0,0	0,0,0,0	KANJIDIC,PYPINYIN,UNIHAN
U+6C04	氄	ジョク,ジュウ,ニュ,むくげ	joku,juu,nyu,mukuge	0,0,0,0	0,0,0,0	KANJIDIC,PYPINYIN,UNIHAN
U+6C05	氅	ショウ,かざりけ	shou,kazarike	0,0	0,0	KANJIDIC,PYPINYIN,UNIHAN
U+6C08	氈	セン,もうせん	sen,mousen	0,0	0,0	KANJIDIC,PYPINYIN,UNIHAN,WORDSHK_CHARS
U+6C09	氉	ソウ,け	sou,ke	0,0	0,0	KANJIDIC,PYPINYIN,UNIHAN
U+6C0D	氍	ク,キョ,ゴ,もうせん	ku,kyo,go,mousen	0,0,0,0	0,0,0,0	KANJIDIC,PYPINYIN,UNIHAN
U+6C0E	氎	チョウ,ジョウ,もめんのぬの	chou,jou,momennonuno	0,0,0	0,0,0	KANJIDIC,PYPINYIN,UNIHAN
U+6C0F	氏	シ,うじ	shi,uji	0,0	0,0	KANJIDIC,PYPINYIN,UNIHAN,WORDSHK_CHARS
U+6C10	氐	テイ,タイ,シ,チ,ふもと	tei,tai,shi,chi,fumoto	0,0,0,0,0	0,0,0,0,0	KANJIDIC,PYPINYIN,UNIHAN
U+6C11	民	ミン,たみ	min,tami	0,0	0,0	KANJIDIC,PYPINYIN,UNIHAN,WORDSHK_CHARS
U+6C12	氒	ケツ,カチ,ね	ketsu,kachi,ne	0,0,0	0,0,0	KANJIDIC,PYPINYIN,UNIHAN
U+6C13	氓	ボウ,たみ	bou,tami	0,0	0,0	KANJIDIC,PYPINYIN,UNIHAN,WORDSHK_CHARS
U+6C14	气	キ,ケ,いき	ki,ke,iki	0,0,0	0,0,0	KANJIDIC,PYPINYIN,UNIHAN
U+6C17	気	キ,ケ,いき	ki,ke,iki	0,0,0	0,0,0	KANJIDIC,PYPINYIN,UNIHAN
U+6C19	氙	セン	sen	0	0	KANJIDIC,PYPINYIN,UNIHAN
U+6C1B	氛	フン	fun	0	0	KANJIDIC,PYPINYIN,UNIHAN,WORDSHK_CHARS
U+6C1F	氟	フツ	futsu	0	0	KANJIDIC,PYPINYIN,UNIHAN,WORDSHK_CHARS
U+6C23	氣	キ,ケ,いき	ki,ke,iki	0,0,0	0,0,0	KANJIDIC,PYPINYIN,UNIHAN,WORDSHK_CHARS
U+6C24	氤	イン	in	0	0	KANJIDIC,PYPINYIN,UNIHAN
U+6C26	氦	ガイ	gai	0	0	KANJIDIC,PYPINYIN,UNIHAN,WORDSHK_CHARS
U+6C27	氧	ヨウ	you	0	0	KANJIDIC,PYPINYIN,UNIHAN,WORDSHK_CHARS
U+6C28	氨	アン	an	0	0	KANJIDIC,PYPINYIN,UNIHAN,WORDSHK_CHARS
U+6C2C	氬	ア	a	0	0	KANJIDIC,PYPINYIN,UNIHAN,WORDSHK_CHARS
U+6C2E	氮	タン	tan	0	0	KANJIDIC,PYPINYIN,UNIHAN,WORDSHK_CHARS
U+6C33	氳	ウン,さかん	un,sakan	0,0	0,0	KANJIDIC,PYPINYIN,UNIHAN
U+6C34	水	スイ,みず	sui,mizu	0,0	0,0	KANJIDIC,PYPINYIN,UNIHAN,WORDSHK_CHARS
U+6C35	氵	さんずい	sanzui	0	0	KANJIDIC,PYPINYIN,UNIHAN,WORDSHK_CHARS
U+6C36	氶	ショウ,すくう	shou,sukuu	0,0	0,0	KANJIDIC,PYPINYIN,UNIHAN
U+6C37	氷	ヒョウ,こおり,ひ,こおる	hyou,koori,hi,kooru	0,0,0,0	0,0,0,0	KANJIDIC,PYPINYIN,UNIHAN
U+6C38	永	エイ,ながい	ei,nagai	0,0	0,0	KANJIDIC,PYPINYIN,UNIHAN,WORDSHK_CHARS
U+6C3A	氺	スイ	sui	0	0	KANJIDIC,PYPINYIN,UNIHAN
U+6C3B	氻	ロク	roku	0	0	KANJIDIC,PYPINYIN,UNIHAN
U+6C3E	氾	ハン,ひろがる	han,hirogaru	0,0	0,0	KANJIDIC,PYPINYIN,UNIHAN,WORDSHK_CHARS
U+6C3F	氿	キ,キュウ,グ,おずみ,わきみず	ki,kyuu,gu,ozumi,wakimizu	0,0,0,0,0	0,0,0,0,0	KANJIDIC,PYPINYIN,UNIHAN
U+6C40	汀	テイ,みぎわ,なぎさ	tei,migiwa,nagisa	0,0,0	0,0,0	KANJIDIC,PYPINYIN,UNIHAN,WORDSHK_CHARS
U+6C41	汁	ジュウ,しる,つゆ	juu,shiru,tsuyu	0,0,0	0,0,0	KANJIDIC,PYPINYIN,UNIHAN,WORDSHK_CHARS
U+6C42	求	キュウ,グ,もとめる	kyuu,gu,motomeru	0,0,0	0,0,0	KANJIDIC,PYPINYIN,UNIHAN,WORDSHK_CHARS
U+6C4A	汊	サ,シャ	sa,sha	0,0	0,0	KANJIDIC,PYPINYIN,UNIHAN
U+6C4B	汋	サク,シャク,うるおう	saku,shaku,uruou	0,0,0	0,0,0	KANJIDIC,PYPINYIN,UNIHAN
U+6C4D	汍	カン	kan	0	0	KANJIDIC,PYPINYIN,UNIHAN
U+6C4E	汎	ハン,ブ,フウ,ホウ,ホン,ただよう,ひろい	han,bu,fuu,hou,hon,tadayou,hiroi	0,0,0,0,0,0,0	0,0,0,0,0,0,0	KANJIDIC,PYPINYIN,UNIHAN
U+6C4F	汏	タイ,ダイ,タツ,タチ,あらう	tai,dai,tatsu,tachi,arau	0,0,0,0,0	0,0,0,0,0	KANJIDIC,PYPINYIN,UNIHAN
U+6C50	汐	セキ,しお,うしお,せい	seki,shio,ushio,sei	0,0,0,0	0,0,0,0	KANJIDIC,PYPINYIN,UNIHAN,WORDSHK_CHARS
U+6C52	汒	ボウ,モウ,あわただしい	bou,mou,awatadashii	0,0,0	0,0,0	KANJIDIC,PYPINYIN,UNIHAN
U+6C54	汔	キツ,コチ	kitsu,kochi	0,0	0,0	KANJIDIC,PYPINYIN,UNIHAN
U+6C55	汕	サン	san	0	0	KANJIDIC,PYPINYIN,UNIHAN,WORDSHK_CHARS
U+6C57	汗	カン,あせ	kan,ase	0,0	0,0	KANJIDIC,PYPINYIN,UNIHAN,WORDSHK_CHARS
U+6C59	汙	オ,けがす,けがれる,けがらわしい,よごす,よごれる,きたない	o,kegasu,kegareru,kegarawashii,yogosu,yogoreru,kitanai	0,0,0,0,0,0,0	0,0,0,0,0,0,0	KANJIDIC,PYPINYIN,UNIHAN
U+6C5A	汚	オ,けがす,けがれる,けがらわしい,よごす,よごれる,きたない	o,kegasu,kegareru,kegarawashii,yogosu,yogoreru,kitanai	0,0,0,0,0,0,0	0,0,0,0,0,0,0	KANJIDIC,PYPINYIN,UNIHAN
U+6C5B	汛	シン,サン,シャ,そそぐ	shin,san,sha,sosogu	0,0,0,0	0,0,0,0	KANJIDIC,PYPINYIN,UNIHAN,WORDSHK_CHARS
U+6C5C	汜	シ,イ,かわ	shi,i,kawa	0,0,0	0,0,0	KANJIDIC,PYPINYIN,UNIHAN
U+6C5D	汝	ジョ,なんじ,なれ,い,うぬ,いまし,し,しゃ,な,なむち,まし,みまし	jo,nanji,nare,i,unu,imashi,shi,sha,na,namuchi,mashi,mimashi	0,0,0,0,0,0,0,0,0,0,0,0	0,0,0,0,0,0,0,0,0,0,0,0	KANJIDIC,PYPINYIN,UNIHAN,WORDSHK_CHARS
U+6C5E	汞	コウ,みずがね	kou,mizugane	0,0	0,0	KANJIDIC,PYPINYIN,UNIHAN,WORDSHK_CHARS
U+6C5F	江	コウ,え	kou,e	0,0	0,0	KANJIDIC,PYPINYIN,UNIHAN,WORDSHK_CHARS
U+6C60	池	チ,いけ	chi,ike	0,0	0,0	KANJIDIC,PYPINYIN,UNIHAN,WORDSHK_CHARS
U+6C62	汢	ねた	neta	0	0	KANJIDIC,PYPINYIN,UNIHAN
U+6C67	汧	ケン,ケイ,キョウ,さわ,ただよう,きよい	ken,kei,kyou,sawa,tadayou,kiyoi	0,0,0,0,0,0	0,0,0,0,0,0	KANJIDIC,PYPINYIN,UNIHAN
U+6C68	汨	コツ,イツ,ベキ,しずむ	kotsu,itsu,beki,shizumu	0,0,0,0	0,0,0,0	KANJIDIC,PYPINYIN,UNIHAN
U+6C6A	汪	オウ	ou	0	0	KANJIDIC,PYPINYIN,UNIHAN,WORDSHK_CHARS
U+6C6B	汫	ケイ,キョウ,セイ,ジョウ	kei,kyou,sei,jou	0,0,0,0	0,0,0,0	KANJIDIC,PYPINYIN,UNIHAN
U+6C6D	汭	ゼイ,ネイ,ゼツ,ネチ,ながれる,みぎわ	zei,nei,zetsu,nechi,nagareru,migiwa	0,0,0,0,0,0	0,0,0,0,0,0	KANJIDIC,PYPINYIN,UNIHAN,WORDSHK_CHARS
U+6C6F	汯	コウ,オウ	kou,ou	0,0	0,0	KANJIDIC,PYPINYIN,UNIHAN
U+6C70	汰	タ,タイ,おごる,にごる,よなげる	ta,tai,ogoru,nigoru,yonageru	0,0,0,0,0	0,0,0,0,0	KANJIDIC,PYPINYIN,UNIHAN,WORDSHK_CHARS
U+6C72	汲	キュウ,くむ	kyuu,kumu	0,0	0,0	KANJIDIC,PYPINYIN,UNIHAN,WORDSHK_CHARS
U+6C73	汳	ヘン,ベン	hen,ben	0,0	0,0	KANJIDIC,PYPINYIN,UNIHAN
U+6C74	汴	ヘン	hen	0	0	KANJIDIC,PYPINYIN,UNIHAN
U+6C76	汶	ブン,モン	bun,mon	0,0	0,0	KANJIDIC,PYPINYIN,UNIHAN,WORDSHK_CHARS
U+6C78	汸	ホウ,つなぐ	hou,tsunagu	0,0	0,0	KANJIDIC,PYPINYIN,UNIHAN
U+6C79	汹	キョウ,わく	kyou,waku	0,0	0,0	KANJIDIC,PYPINYIN,UNIHAN
U+6C7A	決	ケツ,きめる,ぎめ,きまる,さく	ketsu,kimeru,gime,kimaru,saku	0,0,0,0,0	0,0,0,0,0	KANJIDIC,PYPINYIN,UNIHAN,WORDSHK_CHARS
U+6C7B	汻	コ,ほとり	ko,hotori	0,0	0,0	KANJIDIC,PYPINYIN,UNIHAN
U+6C7D	汽	キ	ki	0	0	KANJIDIC,PYPINYIN,UNIHAN,WORDSHK_CHARS
U+6C7E	汾	フン	fun	0	0	KANJIDIC,PYPINYIN,UNIHAN,WORDSHK_CHARS
U+6C81	沁	シン,しみる	shin,shimiru	0,0	0,0	KANJIDIC,PYPINYIN,UNIHAN,WORDSHK_CHARS
U+6C82	沂	ギ,キ,ギン	gi,ki,gin	0,0,0	0,0,0	KANJIDIC,PYPINYIN,UNIHAN
U+6C83	沃	ヨウ,ヨク,オク,そそぐ	you,yoku,oku,sosogu	0,0,0,0	0,0,0,0	KANJIDIC,PYPINYIN,UNIHAN,WORDSHK_CHARS
U+6C85	沅	ゲン,みなもと	gen,minamoto	0,0	0,0	KANJIDIC,PYPINYIN,UNIHAN
U+6C86	沆	コウ,ひろい	kou,hiroi	0,0	0,0	KANJIDIC,PYPINYIN,UNIHAN
U+6C87	沇	エン,イ,ながれる	en,i,nagareru	0,0,0	0,0,0	KANJIDIC,PYPINYIN,UNIHAN
U+6C88	沈	チン,ジン,しずむ,しずめる	chin,jin,shizumu,shizumeru	0,0,0,0	0,0,0,0	KANJIDIC,PYPINYIN,UNIHAN,WORDSHK_CHARS
U+6C89	沉	チン,ジン,しずむ,しずめる	chin,jin,shizumu,shizumeru	0,0,0,0	0,0,0,0	KANJIDIC,PYPINYIN,UNIHAN,WORDSHK_CHARS
U+6C8C	沌	トン,くらい	ton,kurai	0,0	0,0	KANJIDIC,PYPINYIN,UNIHAN,WORDSHK_CHARS
U+6C8D	沍	ゴ,コ,さえる,こおる,ひえる	go,ko,saeru,kooru,hieru	0,0,0,0,0	0,0,0,0,0	KANJIDIC,PYPINYIN,UNIHAN
U+6C90	沐	モク,もくする,あらう	moku,mokusuru,arau	0,0,0	0,0,0	KANJIDIC,PYPINYIN,UNIHAN,WORDSHK_CHARS
U+6C92	沒	ボツ,モツ,おぼれる,しずむ,ない	botsu,motsu,oboreru,shizumu,nai	0,0,0,0,0	0,0,0,0,0	KANJIDIC,PYPINYIN,UNIHAN,WORDSHK_CHARS
U+6C93	沓	トウ,くつ	tou,kutsu	0,0	0,0	KANJIDIC,PYPINYIN,UNIHAN,WORDSHK_CHARS
U+6C94	沔	ベン,メン,ビン,ミン	ben,men,bin,min	0,0,0,0	0,0,0,0	KANJIDIC,PYPINYIN,UNIHAN
U+6C95	沕	ブツ,モチ,コツ,コチ,かすか	butsu,mochi,kotsu,kochi,kasuka	0,0,0,0,0	0,0,0,0,0	KANJIDIC,PYPINYIN,UNIHAN
U+6C96	沖	チュウ,おき,おきつ,ちゅうする,わく	chuu,oki,okitsu,chuusuru,waku	0,0,0,0,0	0,0,0,0,0	KANJIDIC,PYPINYIN,UNIHAN,WORDSHK_CHARS
U+6C97	沗	テン,そえる,そう,もえる,もう	ten,soeru,sou,moeru,mou	0,0,0,0,0	0,0,0,0,0	KANJIDIC,PYPINYIN,UNIHAN
U+6C98	沘	ヒ	hi	0	0	KANJIDIC,PYPINYIN,UNIHAN
U+6C99	沙	サ,シャ,すな,よなげる	sa,sha,suna,yonageru	0,0,0,0	0,0,0,0	KANJIDIC,PYPINYIN,UNIHAN,WORDSHK_CHARS
U+6C9A	沚	シ,なぎさ	shi,nagisa	0,0	0,0	KANJIDIC,PYPINYIN,UNIHAN
U+6C9B	沛	ハイ	hai	0	0	KANJIDIC,PYPINYIN,UNIHAN,WORDSHK_CHARS
U+6C9C	沜	ハン	han	0	0	KANJIDIC,PYPINYIN,UNIHAN
U+6C9F	沟	コウ,ク	kou,ku	0,0	0,0	KANJIDIC,PYPINYIN,UNIHAN
U+6CA1	没	ボツ,モツ,おぼれる,しずむ,ない	botsu,motsu,oboreru,shizumu,nai	0,0,0,0,0	0,0,0,0,0	KANJIDIC,PYPINYIN,UNIHAN
U+6CA2	沢	タク,さわ,うるおい,うるおす,つや	taku,sawa,uruoi,uruosu,tsuya	0,0,0,0,0	0,0,0,0,0	KANJIDIC,PYPINYIN,UNIHAN
U+6CAB	沫	マツ,バツ,あわ,しぶき,つばき	matsu,batsu,awa,shibuki,tsubaki	0,0,0,0,0	0,0,0,0,0	KANJIDIC,PYPINYIN,UNIHAN,WORDSHK_CHARS
U+6CAE	沮	ソ,ショ,はばむ	so,sho,habamu	0,0,0	0,0,0	KANJIDIC,PYPINYIN,UNIHAN,WORDSHK_CHARS
U+6CB0	沰	タク,なげる	taku,nageru	0,0	0,0	KANJIDIC,PYPINYIN,UNIHAN
U+6CB1	沱	タ,ダ	ta,da	0,0	0,0	KANJIDIC,PYPINYIN,UNIHAN,WORDSHK_CHARS
U+6CB2	沲	タ	ta	0	0	KANJIDIC,PYPINYIN,UNIHAN
U+6CB3	河	カ,かわ	ka,kawa	0,0	0,0	KANJIDIC,PYPINYIN,UNIHAN,WORDSHK_CHARS
U+6CB4	沴	レイ,ライ,テン,そこなう	rei,rai,ten,sokonau	0,0,0,0	0,0,0,0	KANJIDIC,PYPINYIN,UNIHAN
U+6CB8	沸	フツ,わく,わかす	futsu,waku,wakasu	0,0,0	0,0,0	KANJIDIC,PYPINYIN,UNIHAN,WORDSHK_CHARS
U+6CB9	油	ユ,ユウ,あぶら	yu,yuu,abura	0,0,0	0,0,0	KANJIDIC,PYPINYIN,UNIHAN,WORDSHK_CHARS
U+6CBA	沺	デン	den	0	0	KANJIDIC,PYPINYIN,UNIHAN
U+6CBB	治	ジ,チ,おさめる,おさまる,なおる,なおす	ji,chi,osameru,osamaru,naoru,naosu	0,0,0,0,0,0	0,0,0,0,0,0	KANJIDIC,PYPINYIN,UNIHAN,WORDSHK_CHARS
U+6CBC	沼	ショウ,ぬま	shou,numa	0,0	0,0	KANJIDIC,PYPINYIN,UNIHAN,WORDSHK_CHARS
U+6CBD	沽	コ,あたい,あらい,うる	ko,atai,arai,uru	0,0,0,0	0,0,0,0	KANJIDIC,PYPINYIN,UNIHAN,WORDSHK_CHARS
U+6CBE	沾	セン,チョウ,テン,うるおう,うるおす	sen,chou,ten,uruou,uruosu	0,0,0,0,0	0,0,0,0,0	KANJIDIC,PYPINYIN,UNIHAN,WORDSHK_CHARS
U+6CBF	沿	エン,そう,ぞい	en,sou,zoi	0,0,0	0,0,0	KANJIDIC,PYPINYIN,UNIHAN,WORDSHK_CHARS
U+6CC1	況	キョウ,まして,いわんや,おもむき	kyou,mashite,iwanya,omomuki	0,0,0,0	0,0,0,0	KANJIDIC,PYPINYIN,UNIHAN,WORDSHK_CHARS
U+6CC2	泂	ケイ,ギョウ,さむい	kei,gyou,samui	0,0,0	0,0,0	KANJIDIC,PYPINYIN,UNIHAN
U+6CC4	泄	セツ,エイ,もれる	setsu,ei,moreru	0,0,0	0,0,0	KANJIDIC,PYPINYIN,UNIHAN,WORDSHK_CHARS
U+6CC5	泅	シュウ,およぐ	shuu,oyogu	0,0	0,0	KANJIDIC,PYPINYIN,UNIHAN
U+6CC6	泆	イツ,イチ,テツ,デチ,あふれる	itsu,ichi,tetsu,dechi,afureru	0,0,0,0,0	0,0,0,0,0	KANJIDIC,PYPINYIN,UNIHAN
U+6CC9	泉	セン,いずみ	sen,izumi	0,0	0,0	KANJIDIC,PYPINYIN,UNIHAN,WORDSHK_CHARS
U+6CCA	泊	ハク,とまる,とめる	haku,tomaru,tomeru	0,0,0	0,0,0	KANJIDIC,PYPINYIN,UNIHAN,WORDSHK_CHARS
U+6CCC	泌	ヒツ,ヒ	hitsu,hi	0,0	0,0	KANJIDIC,PYPINYIN,UNIHAN,WORDSHK_CHARS
U+6CCD	泍	ホン	hon	0	0	KANJIDIC,PYPINYIN,UNIHAN
U+6CCF	泏	チュツ,コツ,コチ	chutsu,kotsu,kochi	0,0,0	0,0,0	KANJIDIC,PYPINYIN,UNIHAN
U+6CD0	泐	リョク,ふみ	ryoku,fumi	0,0	0,0	KANJIDIC,PYPINYIN,UNIHAN
U+6CD1	泑	ユウ,ユ,くろい	yuu,yu,kuroi	0,0,0	0,0,0	KANJIDIC,PYPINYIN,UNIHAN
U+6CD2	泒	コ,ク	ko,ku	0,0	0,0	KANJIDIC,PYPINYIN,UNIHAN
U+6CD3	泓	オウ,ふかい	ou,fukai	0,0	0,0	KANJIDIC,PYPINYIN,UNIHAN
U+6CD4	泔	カン,ゴン,ゆする	kan,gon,yusuru	0,0,0	0,0,0	KANJIDIC,PYPINYIN,UNIHAN
U+6CD5	法	ホウ,ハッ,ホッ,フラン,のり	hou,ha,ho,furan,nori	0,0,0,0,0	0,0,0,0,0	KANJIDIC,PYPINYIN,UNIHAN,WORDSHK_CHARS
U+6CD6	泖	ボウ,ミョウ,リュウ,ラ	bou,myou,ryuu,ra	0,0,0,0	0,0,0,0	KANJIDIC,PYPINYIN,UNIHAN
U+6CD7	泗	シ,なみだ	shi,namida	0,0	0,0	KANJIDIC,PYPINYIN,UNIHAN
U+6CD9	泙	ホウ	hou	0	0	KANJIDIC,PYPINYIN,UNIHAN
U+6CDA	泚	セイ,サイ,シ,きよい	sei,sai,shi,kiyoi	0,0,0,0	0,0,0,0	KANJIDIC,PYPINYIN,UNIHAN
U+6CDB	泛	ハン,ホウ,うかぶ	han,hou,ukabu	0,0,0	0,0,0	KANJIDIC,PYPINYIN,UNIHAN,WORDSHK_CHARS
U+6CDC	泜	テイ,タイ,シ	tei,tai,shi	0,0,0	0,0,0	KANJIDIC,PYPINYIN,UNIHAN
U+6CDD	泝	ソ,さかのぼる	so,sakanoboru	0,0	0,0	KANJIDIC,PYPINYIN,UNIHAN
U+6CE0	泠	レイ,リョウ,レン,さとす	rei,ryou,ren,satosu	0,0,0,0	0,0,0,0	KANJIDIC,PYPINYIN,UNIHAN
U+6CE1	泡	ホウ,あわ	hou,awa	0,0	0,0	KANJIDIC,PYPINYIN,UNIHAN,WORDSHK_CHARS
U+6CE2	波	ハ,なみ	ha,nami	0,0	0,0	KANJIDIC,PYPINYIN,UNIHAN,WORDSHK_CHARS
U+6CE3	泣	キュウ,なく	kyuu,naku	0,0	0,0	KANJIDIC,PYPINYIN,UNIHAN,WORDSHK_CHARS
U+6CE5	泥	デイ,ナイ,デ,ニ,どろ,なずむ	dei,nai,de,ni,doro,nazumu	0,0,0,0,0,0	0,0,0,0,0,0	KANJIDIC,PYPINYIN,UNIHAN,WORDSHK_CHARS
U+6CE7	泧	エツ,オチ,ケツ,カチ	etsu,ochi,ketsu,kachi	0,0,0,0	0,0,0,0	KANJIDIC,PYPINYIN,UNIHAN
U+6CE8	注	チュウ,そそぐ,さす,つぐ	chuu,sosogu,sasu,tsugu	0,0,0,0	0,0,0,0	KANJIDIC,PYPINYIN,UNIHAN,WORDSHK_CHARS
U+6CE9	泩	ソウ,ショウ,みなぎる	sou,shou,minagiru	0,0,0	0,0,0	KANJIDIC,PYPINYIN,UNIHAN
U+6CEA	泪	ルイ,レイ,なみだ	rui,rei,namida	0,0,0	0,0,0	KANJIDIC,PYPINYIN,UNIHAN
U+6CEB	泫	ケン,ゲン,ながれる	ken,gen,nagareru	0,0,0	0,0,0	KANJIDIC,PYPINYIN,UNIHAN
U+6CEC	泬	ケツ,ケチ,ほとばしる	ketsu,kechi,hotobashiru	0,0,0	0,0,0	KANJIDIC,PYPINYIN,UNIHAN
U+6CEE	泮	ハン,わかつ	han,wakatsu	0,0	0,0	KANJIDIC,PYPINYIN,UNIHAN
U+6CEF	泯	ビン,ベン,ミン,メン,ほろびる	bin,ben,min,men,horobiru	0,0,0,0,0	0,0,0,0,0	KANJIDIC,PYPINYIN,UNIHAN
U+6CF0	泰	タイ	tai	0	0	KANJIDIC,PYPINYIN,UNIHAN,WORDSHK_CHARS
U+6CF1	泱	オウ	ou	0	0	KANJIDIC,PYPINYIN,UNIHAN
U+6CF2	泲	セイ,サイ	sei,sai	0,0	0,0	KANJIDIC,PYPINYIN,UNIHAN
U+6CF3	泳	エイ,およぐ	ei,oyogu	0,0	0,0	KANJIDIC,PYPINYIN,UNIHAN,WORDSHK_CHARS
U+6CF4	泴	カン,きよめる	kan,kiyomeru	0,0	0,0	KANJIDIC,PYPINYIN,UNIHAN
U+6D04	洄	カイ,さかのぼる	kai,sakanoboru	0,0	0,0	KANJIDIC,PYPINYIN,UNIHAN
U+6D07	洇	イン,エツ,エチ,しずむ	in,etsu,echi,shizumu	0,0,0,0	0,0,0,0	KANJIDIC,PYPINYIN,UNIHAN
U+6D0A	洊	セン,ソン,いたる	sen,son,itaru	0,0,0	0,0,0	KANJIDIC,PYPINYIN,UNIHAN
U+6D0B	洋	ヨウ	you	0	0	KANJIDIC,PYPINYIN,UNIHAN,WORDSHK_CHARS
U+6D0C	洌	レツ,レイ,きよい	retsu,rei,kiyoi	0,0,0	0,0,0	KANJIDIC,PYPINYIN,UNIHAN
U+6D0E	洎	キ,そそぐ	ki,sosogu	0,0	0,0	KANJIDIC,PYPINYIN,UNIHAN
U+6D0F	洏	ジ,ニ,ぬるまゆ	ji,ni,nurumayu	0,0,0	0,0,0	KANJIDIC,PYPINYIN,UNIHAN
U+6D11	洑	フク	fuku	0	0	KANJIDIC,PYPINYIN,UNIHAN
U+6D12	洒	シャ,ソン,サイ,セン,セイ,すすぐ,あらう	sha,son,sai,sen,sei,susugu,arau	0,0,0,0,0,0,0	0,0,0,0,0,0,0	KANJIDIC,PYPINYIN,UNIHAN,WORDSHK_CHARS
U+6D13	洓	サク,シャク,セキ,シ,そぼふる,ひたす	saku,shaku,seki,shi,sobofuru,hitasu	0,0,0,0,0,0	0,0,0,0,0,0	KANJIDIC,PYPINYIN,UNIHAN
U+6D17	洗	セン,あらう	sen,arau	0,0	0,0	KANJIDIC,PYPINYIN,UNIHAN,WORDSHK_CHARS
U+6D19	洙	シュ	shu	0	0	KANJIDIC,PYPINYIN,UNIHAN
U+6D1A	洚	コウ,グ	kou,gu	0,0	0,0	KANJIDIC,PYPINYIN,UNIHAN
U+6D1B	洛	ラク	raku	0	0	KANJIDIC,PYPINYIN,UNIHAN,WORDSHK_CHARS
U+6D1E	洞	ドウ,ほら	dou,hora	0,0	0,0	KANJIDIC,PYPINYIN,UNIHAN,WORDSHK_CHARS
U+6D1F	洟	イ,テイ,はなしる,はなじる	i,tei,hanashiru,hanajiru	0,0,0,0	0,0,0,0	KANJIDIC,PYPINYIN,UNIHAN
U+6D25	津	シン,つ	shin,tsu	0,0	0,0	KANJIDIC,PYPINYIN,UNIHAN,WORDSHK_CHARS
U+6D26	洦	ミャク,ハク,ヒャク	myaku,haku,hyaku	0,0,0	0,0,0	KANJIDIC,PYPINYIN,UNIHAN
U+6D27	洧	イ	i	0	0	KANJIDIC,PYPINYIN,UNIHAN
U+6D28	洨	コウ,キョウ	kou,kyou	0,0	0,0	KANJIDIC,PYPINYIN,UNIHAN
U+6D29	洩	エイ,セツ,もらす,のびる,もれる	ei,setsu,morasu,nobiru,moreru	0,0,0,0,0	0,0,0,0,0	KANJIDIC,PYPINYIN,UNIHAN
U+6D2A	洪	コウ	kou	0	0	KANJIDIC,PYPINYIN,UNIHAN,WORDSHK_CHARS
U+6D2B	洫	キョク,みぞ	kyoku,mizo	0,0	0,0	KANJIDIC,PYPINYIN,UNIHAN
U+6D2E	洮	トウ,ヨウ,あらう	tou,you,arau	0,0,0	0,0,0	KANJIDIC,PYPINYIN,UNIHAN
U+6D2F	洯	ケツ,いさぎよい	ketsu,isagiyoi	0,0	0,0	KANJIDIC,PYPINYIN,UNIHAN
U+6D31	洱	ジ,ニ	ji,ni	0,0	0,0	KANJIDIC,PYPINYIN,UNIHAN,WORDSHK_CHARS
U+6D32	洲	シュウ,ス,しま	shuu,su,shima	0,0,0	0,0,0	KANJIDIC,PYPINYIN,UNIHAN,WORDSHK_CHARS
U+6D33	洳	ジュ	ju	0	0	KANJIDIC,PYPINYIN,UNIHAN
U+6D35	洵	ジュン,シュン,のぶ,まことに	jun,shun,nobu,makotoni	0,0,0,0	0,0,0,0	KANJIDIC,PYPINYIN,UNIHAN
U+6D36	洶	キョウ,わく	kyou,waku	0,0	0,0	KANJIDIC,PYPINYIN,UNIHAN,WORDSHK_CHARS
U+6D38	洸	コウ	kou	0	0	KANJIDIC,PYPINYIN,UNIHAN
U+6D39	洹	エン,オン,カン	en,on,kan	0,0,0	0,0,0	KANJIDIC,PYPINYIN,UNIHAN
U+6D3B	活	カツ,いきる,いかす,いける	katsu,ikiru,ikasu,ikeru	0,0,0,0	0,0,0,0	KANJIDIC,PYPINYIN,UNIHAN,WORDSHK_CHARS
U+6D3C	洼	アイ,エ,ワイ,ワ	ai,e,wai,wa	0,0,0,0	0,0,0,0	KANJIDIC,PYPINYIN,UNIHAN
U+6D3D	洽	コウ,あまねし,うるおす	kou,amaneshi,uruosu	0,0,0	0,0,0	KANJIDIC,PYPINYIN,UNIHAN,WORDSHK_CHARS
U+6D3E	派	ハ	ha	0	0	KANJIDIC,PYPINYIN,UNIHAN,WORDSHK_CHARS
U+6D3F	洿	オ,ウ,コ	o,u,ko	0,0,0	0,0,0	KANJIDIC,PYPINYIN,UNIHAN
U+6D41	流	リュウ,ル,ながれる,ながれ,ながす	ryuu,ru,nagareru,nagare,nagasu	0,0,0,0,0	0,0,0,0,0	KANJIDIC,PYPINYIN,UNIHAN,WORDSHK_CHARS
U+6D44	浄	ジョウ,セイ,きよめる,きよい	jou,sei,kiyomeru,kiyoi	0,0,0,0	0,0,0,0	KANJIDIC,PYPINYIN,UNIHAN
U+6D45	浅	セン,あさい	sen,asai	0,0	0,0	KANJIDIC,PYPINYIN,UNIHAN
U+6D57	浗	キュウ,グ	kyuu,gu	0,0	0,0	KANJIDIC,PYPINYIN,UNIHAN
U+6D59	浙	セツ	setsu	0	0	KANJIDIC,PYPINYIN,UNIHAN,WORDSHK_CHARS
U+6D5A	浚	シュン,さらえる,さらう	shun,saraeru,sarau	0,0,0	0,0,0	KANJIDIC,PYPINYIN,UNIHAN
U+6D5C	浜	ヒン,はま	hin,hama	0,0	0,0	KANJIDIC,PYPINYIN,UNIHAN
U+6D5E	浞	サク,うるおう	saku,uruou	0,0	0,0	KANJIDIC,PYPINYIN,UNIHAN
U+6D5F	浟	ユウ,ウ,ユ,テキ,チャク	yuu,u,yu,teki,chaku	0,0,0,0,0	0,0,0,0,0	KANJIDIC,PYPINYIN,UNIHAN
U+6D61	浡	ホツ,ボチ,おこる	hotsu,bochi,okoru	0,0,0	0,0,0	KANJIDIC,PYPINYIN,UNIHAN
U+6D63	浣	カン,あらう	kan,arau	0,0	0,0	KANJIDIC,PYPINYIN,UNIHAN,WORDSHK_CHARS
U+6D64	浤	コウ,ふかい	kou,fukai	0,0	0,0	KANJIDIC,PYPINYIN,UNIHAN
U+6D65	浥	ユウ,オウ,ヨウ,うるおう	yuu,ou,you,uruou	0,0,0,0	0,0,0,0	KANJIDIC,PYPINYIN,UNIHAN,WORDSHK_CHARS
U+6D66	浦	ホ,うら	ho,ura	0,0	0,0	KANJIDIC,PYPINYIN,UNIHAN,WORDSHK_CHARS
U+6D67	浧	テイ,チョウ,エイ,ヨウ,どろ	tei,chou,ei,you,doro	0,0,0,0,0	0,0,0,0,0	KANJIDIC,PYPINYIN,UNIHAN
U+6D69	浩	コウ,おおきい,ひろい	kou,ookii,hiroi	0,0,0	0,0,0	KANJIDIC,PYPINYIN,UNIHAN,WORDSHK_CHARS
U+6D6A	浪	ロウ	rou	0	0	KANJIDIC,PYPINYIN,UNIHAN,WORDSHK_CHARS
U+6D6C	浬	リ,かいり,のっと	ri,kairi,notto	0,0,0	0,0,0	KANJIDIC,PYPINYIN,UNIHAN,WORDSHK_CHARS
U+6D6E	浮	フ,うく,うかれる,うかぶ,うかべる	fu,uku,ukareru,ukabu,ukaberu	0,0,0,0,0	0,0,0,0,0	KANJIDIC,PYPINYIN,UNIHAN,WORDSHK_CHARS
U+6D6F	浯	ゴ	go	0	0	KANJIDIC,PYPINYIN,UNIHAN
U+6D70	浰	レン,リ,レイ,ライ	ren,ri,rei,rai	0,0,0,0	0,0,0,0	KANJIDIC,PYPINYIN,UNIHAN
U+6D74	浴	ヨク,あびる,あびせる	yoku,abiru,abiseru	0,0,0	0,0,0	KANJIDIC,PYPINYIN,UNIHAN,WORDSHK_CHARS
U+6D77	海	カイ,うみ	kai,umi	0,0	0,0	KANJIDIC,PYPINYIN,UNIHAN,WORDSHK_CHARS
U+6D78	浸	シン,ひたす,ひたる,つかる	shin,hitasu,hitaru,tsukaru	0,0,0,0	0,0,0,0	KANJIDIC,PYPINYIN,UNIHAN,WORDSHK_CHARS
U+6D79	浹	ショウ,あまねし	shou,amaneshi	0,0	0,0	KANJIDIC,PYPINYIN,UNIHAN,WORDSHK_CHARS
U+6D7C	浼	バイ,マイ,バン,マン,けがす	bai,mai,ban,man,kegasu	0,0,0,0,0	0,0,0,0,0	KANJIDIC,PYPINYIN,UNIHAN
U+6D82	涂	ト,ズ,チョ,ジョ,みち	to,zu,cho,jo,michi	0,0,0,0,0	0,0,0,0,0	KANJIDIC,PYPINYIN,UNIHAN
U+6D85	涅	ネツ,デツ,そめる	netsu,detsu,someru	0,0,0	0,0,0	KANJIDIC,PYPINYIN,UNIHAN,WORDSHK_CHARS
U+6D87	涇	ケイ,テイ,キョウ,みぞ	kei,tei,kyou,mizo	0,0,0,0	0,0,0,0	KANJIDIC,PYPINYIN,UNIHAN,WORDSHK_CHARS
U+6D88	消	ショウ,きえる,けす	shou,kieru,kesu	0,0,0	0,0,0	KANJIDIC,PYPINYIN,UNIHAN,WORDSHK_CHARS
U+6D89	涉	ショウ,わたる,かかわる	shou,wataru,kakawaru	0,0,0	0,0,0	KANJIDIC,PYPINYIN,UNIHAN,WORDSHK_CHARS
U+6D8C	涌	ユウ,ヨウ,ユ,わく	yuu,you,yu,waku	0,0,0,0	0,0,0,0	KANJIDIC,PYPINYIN,UNIHAN,WORDSHK_CHARS
U+6D8E	涎	セン,エン,よだれ	sen,en,yodare	0,0,0	0,0,0	KANJIDIC,PYPINYIN,UNIHAN,WORDSHK_CHARS
U+6D91	涑	ソウ,ス,シュウ,シュ,すすぐ	sou,su,shuu,shu,susugu	0,0,0,0,0	0,0,0,0,0	KANJIDIC,PYPINYIN,UNIHAN
U+6D92	涒	トン,イン,キン,はく	ton,in,kin,haku	0,0,0,0	0,0,0,0	KANJIDIC,PYPINYIN,UNIHAN
U+6D93	涓	ケン	ken	0	0	KANJIDIC,PYPINYIN,UNIHAN
U+6D94	涔	サン,シン,セン,ひたす	san,shin,sen,hitasu	0,0,0,0	0,0,0,0	KANJIDIC,PYPINYIN,UNIHAN
U+6D95	涕	テイ,なみだ,なく	tei,namida,naku	0,0,0	0,0,0	KANJIDIC,PYPINYIN,UNIHAN,WORDSHK_CHARS
U+6D96	涖	レイ,ライ,リ,のぞむ	rei,rai,ri,nozomu	0,0,0,0	0,0,0,0	KANJIDIC,PYPINYIN,UNIHAN
U+6D97	涗	セイ,セツ,セチ,ぬるまゆ	sei,setsu,sechi,nurumayu	0,0,0,0	0,0,0,0	KANJIDIC,PYPINYIN,UNIHAN
U+6D98	涘	シ,ほとり	shi,hotori	0,0	0,0	KANJIDIC,PYPINYIN,UNIHAN
U+6D99	涙	ルイ,レイ,なみだ	rui,rei,namida	0,0,0	0,0,0	KANJIDIC,PYPINYIN,UNIHAN
U+6D9B	涛	トウ,なみ	tou,nami	0,0	0,0	KANJIDIC,PYPINYIN,UNIHAN
U+6D9C	涜	トク,トウ,けがす,けがれ,みぞ	toku,tou,kegasu,kegare,mizo	0,0,0,0,0	0,0,0,0,0	KANJIDIC,PYPINYIN,UNIHAN
U+6DAA	涪	フウ,ブ,ホウ	fuu,bu,hou	0,0,0	0,0,0	KANJIDIC,PYPINYIN,UNIHAN
U+6DAC	涬	ケイ,ギョウ	kei,gyou	0,0	0,0	KANJIDIC,PYPINYIN,UNIHAN
U+6DAF	涯	ガイ,はて	gai,hate	0,0	0,0	KANJIDIC,PYPINYIN,UNIHAN,WORDSHK_CHARS
U+6DB2	液	エキ	eki	0	0	KANJIDIC,PYPINYIN,UNIHAN,WORDSHK_CHARS
U+6DB4	涴	エン,オン,カ,ワ	en,on,ka,wa	0,0,0,0	0,0,0,0	KANJIDIC,PYPINYIN,UNIHAN,WORDSHK_CHARS
U+6DB5	涵	カン,ひたす	kan,hitasu	0,0	0,0	KANJIDIC,PYPINYIN,UNIHAN,WORDSHK_CHARS
U+6DB7	涷	トウ,ツ,にわかあめ	tou,tsu,niwakaame	0,0,0	0,0,0	KANJIDIC,PYPINYIN,UNIHAN
U+6DB8	涸	コ,カク,かれる,からす,こおる	ko,kaku,kareru,karasu,kooru	0,0,0,0,0	0,0,0,0,0	KANJIDIC,PYPINYIN,UNIHAN,WORDSHK_CHARS
U+6DB9	涹	ワ,ダイ,ネ,イ,にごる,ひたす	wa,dai,ne,i,nigoru,hitasu	0,0,0,0,0,0	0,0,0,0,0,0	KANJIDIC,PYPINYIN,UNIHAN
U+6DBC	涼	リョウ,すずしい,すずむ,すずやか,うすい,ひやす,まことに	ryou,suzushii,suzumu,suzuyaka,usui,hiyasu,makotoni	0,0,0,0,0,0,0	0,0,0,0,0,0,0	KANJIDIC,PYPINYIN,UNIHAN,WORDSHK_CHARS
U+6DBD	涽	コン,みだれる	kon,midareru	0,0	0,0	KANJIDIC,PYPINYIN,UNIHAN
U+6DBF	涿	トク,タク	toku,taku	0,0	0,0	KANJIDIC,PYPINYIN,UNIHAN,WORDSHK_CHARS
U+6DC0	淀	テン,デン,よどむ	ten,den,yodomu	0,0,0	0,0,0	KANJIDIC,PYPINYIN,UNIHAN
U+6DC4	淄	シ	shi	0	0	KANJIDIC,PYPINYIN,UNIHAN
U+6DC5	淅	セキ	seki	0	0	KANJIDIC,PYPINYIN,UNIHAN
U+6DC6	淆	コウ,まじる	kou,majiru	0,0	0,0	KANJIDIC,PYPINYIN,UNIHAN,WORDSHK_CHARS
U+6DC7	淇	キ	ki	0	0	KANJIDIC,PYPINYIN,UNIHAN,WORDSHK_CHARS
U+6DC8	淈	コツ,コチ,にごす	kotsu,kochi,nigosu	0,0,0	0,0,0	KANJIDIC,PYPINYIN,UNIHAN
U+6DCA	淊	カン,ゴン,エン,アン	kan,gon,en,an	0,0,0,0	0,0,0,0	KANJIDIC,PYPINYIN,UNIHAN
U+6DCB	淋	リン,さびしい,さみしい	rin,sabishii,samishii	0,0,0	0,0,0	KANJIDIC,PYPINYIN,UNIHAN,WORDSHK_CHARS
U+6DCC	淌	トウ	tou	0	0	KANJIDIC,PYPINYIN,UNIHAN,WORDSHK_CHARS
U+6DCE	淎	ホウ,ホ,フ	hou,ho,fu	0,0,0	0,0,0	KANJIDIC,PYPINYIN,UNIHAN
U+6DCF	淏	コウ	kou	0	0	KANJIDIC,PYPINYIN,UNIHAN
U+6DD1	淑	シュク,しとやか	shuku,shitoyaka	0,0	0,0	KANJIDIC,PYPINYIN,UNIHAN,WORDSHK_CHARS
U+6DD2	淒	セイ,サイ,すごむ,さむい,すごい,すさまじい	sei,sai,sugomu,samui,sugoi,susamajii	0,0,0,0,0,0	0,0,0,0,0,0	KANJIDIC,PYPINYIN,UNIHAN,WORDSHK_CHARS
U+6DD5	淕	リク,ロク	riku,roku	0,0	0,0	KANJIDIC,PYPINYIN,UNIHAN
U+6DD6	淖	ニョウ,トウ,どろ	nyou,tou,doro	0,0,0	0,0,0	KANJIDIC,PYPINYIN,UNIHAN
U+6DD8	淘	トウ,よなげる	tou,yonageru	0,0	0,0	KANJIDIC,PYPINYIN,UNIHAN,WORDSHK_CHARS
U+6DD9	淙	ソウ	sou	0	0	KANJIDIC,PYPINYIN,UNIHAN
U+6DDA	淚	ルイ,レイ,なみだ	rui,rei,namida	0,0,0	0,0,0	KANJIDIC,PYPINYIN,UNIHAN,WORDSHK_CHARS
U+6DDB	淛	セイ,セツ,セチ	sei,setsu,sechi	0,0,0	0,0,0	KANJIDIC,PYPINYIN,UNIHAN
U+6DDD	淝	ヒ	hi	0	0	KANJIDIC,PYPINYIN,UNIHAN,WORDSHK_CHARS
U+6DDE	淞	ショウ	shou	0	0	KANJIDIC,PYPINYIN,UNIHAN
U+6DDF	淟	テン,トン,にごる	ten,ton,nigoru	0,0,0	0,0,0	KANJIDIC,PYPINYIN,UNIHAN
U+6DE0	淠	ヒ,ヘイ,ハイ	hi,hei,hai	0,0,0	0,0,0	KANJIDIC,PYPINYIN,UNIHAN
U+6DE1	淡	タン,あわい	tan,awai	0,0	0,0	KANJIDIC,PYPINYIN,UNIHAN,WORDSHK_CHARS
U+6DE2	淢	ヨク,イキ,イツ,イチ,はやい	yoku,iki,itsu,ichi,hayai	0,0,0,0,0	0,0,0,0,0	KANJIDIC,PYPINYIN,UNIHAN
U+6DE4	淤	オ,ヨ,どろ	o,yo,doro	0,0,0	0,0,0	KANJIDIC,PYPINYIN,UNIHAN,WORDSHK_CHARS
U+6DE5	淥	ロク,リョク,こす	roku,ryoku,kosu	0,0,0	0,0,0	KANJIDIC,PYPINYIN,UNIHAN,WORDSHK_CHARS
U+6DE6	淦	カン,コン,あか	kan,kon,aka	0,0,0	0,0,0	KANJIDIC,PYPINYIN,UNIHAN
U+6DE8	淨	ジョウ,セイ,きよめる,きよい	jou,sei,kiyomeru,kiyoi	0,0,0,0	0,0,0,0	KANJIDIC,PYPINYIN,UNIHAN,WORDSHK_CHARS
U+6DE9	淩	リョウ,のる	ryou,noru	0,0	0,0	KANJIDIC,PYPINYIN,UNIHAN
U+6DEA	淪	リン,ロン,しずむ	rin,ron,shizumu	0,0,0	0,0,0	KANJIDIC,PYPINYIN,UNIHAN,WORDSHK_CHARS
U+6DEB	淫	イン,ひたす,ほしいまま,みだら,みだれる,みだり	in,hitasu,hoshiimama,midara,midareru,midari	0,0,0,0,0,0	0,0,0,0,0,0	KANJIDIC,PYPINYIN,UNIHAN,WORDSHK_CHARS
U+6DEC	淬	サイ,にらぐ	sai,niragu	0,0	0,0	KANJIDIC,PYPINYIN,UNIHAN,WORDSHK_CHARS
U+6DEE	淮	ワイ,エ,カイ	wai,e,kai	0,0,0	0,0,0	KANJIDIC,PYPINYIN,UNIHAN,WORDSHK_CHARS
U+6DEF	淯	イク	iku	0	0	KANJIDIC,PYPINYIN,UNIHAN
U+6DF0	淰	デン,ダン,ネン,アン,オン,にごる	den,dan,nen,an,on,nigoru	0,0,0,0,0,0	0,0,0,0,0,0	KANJIDIC,PYPINYIN,UNIHAN,WORDSHK_CHARS
U+6DF1	深	シン,ふかい,ぶかい,ふかまる,ふかめる,み	shin,fukai,bukai,fukamaru,fukameru,mi	0,0,0,0,0,0	0,0,0,0,0,0	KANJIDIC,PYPINYIN,UNIHAN,WORDSHK_CHARS
U+6DF3	淳	ジュン,シュン,あつい	jun,shun,atsui	0,0,0	0,0,0	KANJIDIC,PYPINYIN,UNIHAN
U+6DF4	淴	オツ,オチ,コツ,コチ	otsu,ochi,kotsu,kochi	0,0,0,0	0,0,0,0	KANJIDIC,PYPINYIN,UNIHAN
U+6DF5	淵	エン,カク,コウ,ふち,かたい,はなわ	en,kaku,kou,fuchi,katai,hanawa	0,0,0,0,0,0	0,0,0,0,0,0	KANJIDIC,PYPINYIN,UNIHAN,WORDSHK_CHARS
U+6DF6	淶	ライ	rai	0	0	KANJIDIC,PYPINYIN,UNIHAN
U+6DF7	混	コン,まじる,まじり,まざる,まぜる,こむ	kon,majiru,majiri,mazaru,mazeru,komu	0,0,0,0,0,0	0,0,0,0,0,0	KANJIDIC,PYPINYIN,UNIHAN,WORDSHK_CHARS
U+6DF9	淹	エン,いれる	en,ireru	0,0	0,0	KANJIDIC,PYPINYIN,UNIHAN,WORDSHK_CHARS
U+6DFA	淺	セン,あさい	sen,asai	0,0	0,0	KANJIDIC,PYPINYIN,UNIHAN,WORDSHK_CHARS
U+6DFB	添	テン,そえる,そう	ten,soeru,sou	0,0,0	0,0,0	KANJIDIC,PYPINYIN,UNIHAN,WORDSHK_CHARS
U+6DFC	淼	ビョウ,ミョウ,ひろい	byou,myou,hiroi	0,0,0	0,0,0	KANJIDIC,PYPINYIN,UNIHAN
U+6E00	渀	ホン	hon	0	0	KANJIDIC,PYPINYIN,UNIHAN
U+6E04	渄	ヒ	hi	0	0	KANJIDIC,PYPINYIN,UNIHAN
U+6E05	清	セイ,ショウ,シン,きよい,きよまる,きよめる	sei,shou,shin,kiyoi,kiyomaru,kiyomeru	0,0,0,0,0,0	0,0,0,0,0,0	KANJIDIC,PYPINYIN,UNIHAN,WORDSHK_CHARS
U+6E07	渇	カツ,かわく	katsu,kawaku	0,0	0,0	KANJIDIC,PYPINYIN,UNIHAN
U+6E08	済	サイ,セイ,すむ,ずみ,すまない,すます,すくう,なす,わたし,わたる	sai,sei,sumu,zumi,sumanai,sumasu,sukuu,nasu,watashi,wataru	0,0,0,0,0,0,0,0,0,0	0,0,0,0,0,0,0,0,0,0	KANJIDIC,PYPINYIN,UNIHAN
U+6E09	渉	ショウ,わたる	shou,wataru	0,0	0,0	KANJIDIC,PYPINYIN,UNIHAN
U+6E0A	渊	エン,カク,コウ,ふち,かたい,はなわ	en,kaku,kou,fuchi,katai,hanawa	0,0,0,0,0,0	0,0,0,0,0,0	KANJIDIC,PYPINYIN,UNIHAN
U+6E0B	渋	ジュウ,シュウ,しぶ,しぶい,しぶる	juu,shuu,shibu,shibui,shiburu	0,0,0,0,0	0,0,0,0,0	KANJIDIC,PYPINYIN,UNIHAN
U+6E13	渓	ケイ,たに,たにがわ	kei,tani,tanigawa	0,0,0	0,0,0	KANJIDIC,PYPINYIN,UNIHAN
U+6E15	渕	エン,カク,コウ,ふち,かたい,はなわ	en,kaku,kou,fuchi,katai,hanawa	0,0,0,0,0,0	0,0,0,0,0,0	KANJIDIC,PYPINYIN,UNIHAN
U+6E17	渗	シン,しみる	shin,shimiru	0,0	0,0	KANJIDIC,PYPINYIN,UNIHAN
U+6E19	渙	カン,あきらか	kan,akiraka	0,0	0,0	KANJIDIC,PYPINYIN,UNIHAN,WORDSHK_CHARS
U+6E1A	渚	ショ,なぎさ	sho,nagisa	0,0	0,0	KANJIDIC,PYPINYIN,UNIHAN
U+6E1B	減	ゲン,へる,へらす	gen,heru,herasu	0,0,0	0,0,0	KANJIDIC,PYPINYIN,UNIHAN,WORDSHK_CHARS
U+6E1D	渝	ユ,かわる	yu,kawaru	0,0	0,0	KANJIDIC,PYPINYIN,UNIHAN,WORDSHK_CHARS
U+6E1E	渞	シュ,シュウ,みなもと	shu,shuu,minamoto	0,0,0	0,0,0	KANJIDIC,PYPINYIN,UNIHAN
U+6E1F	渟	テイ,とどまる	tei,todomaru	0,0	0,0	KANJIDIC,PYPINYIN,UNIHAN
U+6E20	渠	キョ,かれ,なんぞ,なに,みぞ,いずくんぞ	kyo,kare,nanzo,nani,mizo,izukunzo	0,0,0,0,0,0	0,0,0,0,0,0	KANJIDIC,PYPINYIN,UNIHAN,WORDSHK_CHARS
U+6E21	渡	ト,わたる,わたす	to,wataru,watasu	0,0,0	0,0,0	KANJIDIC,PYPINYIN,UNIHAN,WORDSHK_CHARS
U+6E22	渢	フウ,ブ,ハン	fuu,bu,han	0,0,0	0,0,0	KANJIDIC,PYPINYIN,UNIHAN
U+6E23	渣	サ	sa	0	0	KANJIDIC,PYPINYIN,UNIHAN,WORDSHK_CHARS
U+6E24	渤	ボツ,ホツ	botsu,hotsu	0,0	0,0	KANJIDIC,PYPINYIN,UNIHAN,WORDSHK_CHARS
U+6E25	渥	アク,あつい,うるおう	aku,atsui,uruou	0,0,0	0,0,0	KANJIDIC,PYPINYIN,UNIHAN,WORDSHK_CHARS
U+6E26	渦	カ,うず	ka,uzu	0,0	0,0	KANJIDIC,PYPINYIN,UNIHAN,WORDSHK_CHARS
U+6E27	渧	テイ,ダイ,テキ,チャク	tei,dai,teki,chaku	0,0,0,0	0,0,0,0	KANJIDIC,PYPINYIN,UNIHAN,WORDSHK_CHARS
U+6E29	温	オン,あたたか,あたたかい,あたたまる,あたためる,ぬく	on,atataka,atatakai,atatamaru,atatameru,nuku	0,0,0,0,0,0	0,0,0,0,0,0	KANJIDIC,PYPINYIN,UNIHAN,WORDSHK_CHARS
U+6E2B	渫	セツ,チョウ,さらう	setsu,chou,sarau	0,0,0	0,0,0	KANJIDIC,PYPINYIN,UNIHAN
U+6E2C	測	ソク,はかる	soku,hakaru	0,0	0,0	KANJIDIC,PYPINYIN,UNIHAN,WORDSHK_CHARS
U+6E2D	渭	イ	i	0	0	KANJIDIC,PYPINYIN,UNIHAN
U+6E2E	渮	カ	ka	0	0	KANJIDIC,PYPINYIN,UNIHAN
U+6E2F	港	コウ,みなと	kou,minato	0,0	0,0	KANJIDIC,PYPINYIN,UNIHAN,WORDSHK_CHARS
U+6E32	渲	セン	sen	0	0	KANJIDIC,PYPINYIN,UNIHAN,WORDSHK_CHARS
U+6E34	渴	カツ,かわく,かわき	katsu,kawaku,kawaki	0,0,0	0,0,0	KANJIDIC,PYPINYIN,UNIHAN,WORDSHK_CHARS
U+6E36	渶	エイ,ヨウ	ei,you	0,0	0,0	KANJIDIC,PYPINYIN,UNIHAN
U+6E38	游	ユウ,リュウ,あそび,あそぶ,およぐ	yuu,ryuu,asobi,asobu,oyogu	0,0,0,0,0	0,0,0,0,0	KANJIDIC,PYPINYIN,UNIHAN,WORDSHK_CHARS
U+6E39	渹	コウ,セイ,ショウ	kou,sei,shou	0,0,0	0,0,0	KANJIDIC,PYPINYIN,UNIHAN
U+6E3A	渺	ビョウ,びょうたる	byou,byoutaru	0,0	0,0	KANJIDIC,PYPINYIN,UNIHAN,WORDSHK_CHARS
U+6E3B	渻	セイ,ショウ	sei,shou	0,0	0,0	KANJIDIC,PYPINYIN,UNIHAN,WORDSHK_CHARS
U+6E3C	渼	ビ,ミ	bi,mi	0,0	0,0	KANJIDIC,PYPINYIN,UNIHAN
U+6E3E	渾	コン,すべて,にごる	kon,subete,nigoru	0,0,0	0,0,0	KANJIDIC,PYPINYIN,UNIHAN,WORDSHK_CHARS
U+6E43	湃	ハイ	hai	0	0	KANJIDIC,PYPINYIN,UNIHAN,WORDSHK_CHARS
U+6E44	湄	ビ,ミ,ダン,ナン,みずぎわ	bi,mi,dan,nan,mizugiwa	0,0,0,0,0	0,0,0,0,0	KANJIDIC,PYPINYIN,UNIHAN
U+6E45	湅	レン,ラン,ねる	ren,ran,neru	0,0,0	0,0,0	KANJIDIC,PYPINYIN,UNIHAN
U+6E48	湈	バイ,メ,やぶる	bai,me,yaburu	0,0,0	0,0,0	KANJIDIC,PYPINYIN,UNIHAN
U+6E49	湉	テン	ten	0	0	KANJIDIC,PYPINYIN,UNIHAN
U+6E4A	湊	ソウ,みなと,あつまる	sou,minato,atsumaru	0,0,0	0,0,0	KANJIDIC,PYPINYIN,UNIHAN,WORDSHK_CHARS
U+6E4B	湋	イ,めぐる	i,meguru	0,0	0,0	KANJIDIC,PYPINYIN,UNIHAN
U+6E4D	湍	タン,はやい,はやせ	tan,hayai,hayase	0,0,0	0,0,0	KANJIDIC,PYPINYIN,UNIHAN
U+6E4E	湎	メン,ベン,おぼれる,しずむ	men,ben,oboreru,shizumu	0,0,0,0	0,0,0,0	KANJIDIC,PYPINYIN,UNIHAN,WORDSHK_CHARS
U+6E4F	湏	カイ,ケ,ただれる	kai,ke,tadareru	0,0,0	0,0,0	KANJIDIC,PYPINYIN,UNIHAN
U+6E51	湑	ショ,こす,きよい,したみ	sho,kosu,kiyoi,shitami	0,0,0,0	0,0,0,0	KANJIDIC,PYPINYIN,UNIHAN
U+6E52	湒	シュ,シュウ,ふる	shu,shuu,furu	0,0,0	0,0,0	KANJIDIC,PYPINYIN,UNIHAN
U+6E53	湓	ホン,フン,あふれる	hon,fun,afureru	0,0,0	0,0,0	KANJIDIC,PYPINYIN,UNIHAN,WORDSHK_CHARS
U+6E54	湔	セン,サン,あらう	sen,san,arau	0,0,0	0,0,0	KANJIDIC,PYPINYIN,UNIHAN
U+6E56	湖	コ,みずうみ	ko,mizuumi	0,0	0,0	KANJIDIC,PYPINYIN,UNIHAN,WORDSHK_CHARS
U+6E57	湗	ホウ,フ,ふかいどろ	hou,fu,fukaidoro	0,0,0	0,0,0	KANJIDIC,PYPINYIN,UNIHAN
U+6E58	湘	ショウ	shou	0	0	KANJIDIC,PYPINYIN,UNIHAN,WORDSHK_CHARS
U+6E5B	湛	タン,チン,ジン,セン,しずむ,たたえる	tan,chin,jin,sen,shizumu,tataeru	0,0,0,0,0,0	0,0,0,0,0,0	KANJIDIC,PYPINYIN,UNIHAN,WORDSHK_CHARS
U+6E5C	湜	ショク,ジキ,きよい	shoku,jiki,kiyoi	0,0,0	0,0,0	KANJIDIC,PYPINYIN,UNIHAN
U+6E5D	湝	カイ,ながれる	kai,nagareru	0,0	0,0	KANJIDIC,PYPINYIN,UNIHAN
U+6E5E	湞	トウ,ジョウ,テイ,チョウ	tou,jou,tei,chou	0,0,0,0	0,0,0,0	KANJIDIC,PYPINYIN,UNIHAN
U+6E5F	湟	コウ	kou	0	0	KANJIDIC,PYPINYIN,UNIHAN
U+6E62	湢	ヒョク,ゆどの	hyoku,yudono	0,0	0,0	KANJIDIC,PYPINYIN,UNIHAN
U+6E63	湣	ビン,ミン,ベン,メン	bin,min,ben,men	0,0,0,0	0,0,0,0	KANJIDIC,PYPINYIN,UNIHAN
U+6E67	湧	ユウ,ヨウ,ユ,わく	yuu,you,yu,waku	0,0,0,0	0,0,0,0	KANJIDIC,PYPINYIN,UNIHAN,WORDSHK_CHARS
U+6E68	湨	ケキ,キャク	keki,kyaku	0,0	0,0	KANJIDIC,PYPINYIN,UNIHAN
U+6E6B	湫	シュウ,ショウ,くて,くで	shuu,shou,kute,kude	0,0,0,0	0,0,0,0	KANJIDIC,PYPINYIN,UNIHAN
U+6E6E	湮	イン,エン,しずむ,ふさぐ	in,en,shizumu,fusagu	0,0,0,0	0,0,0,0	KANJIDIC,PYPINYIN,UNIHAN,WORDSHK_CHARS
U+6E6F	湯	トウ,ゆ	tou,yu	0,0	0,0	KANJIDIC,PYPINYIN,UNIHAN,WORDSHK_CHARS
U+6E72	湲	エン,カン	en,kan	0,0	0,0	KANJIDIC,PYPINYIN,UNIHAN
U+6E73	湳	ダン,ナン	dan,nan	0,0	0,0	KANJIDIC,PYPINYIN,UNIHAN
U+6E76	湶	セン,いずみ,ぜに	sen,izumi,zeni	0,0,0	0,0,0	KANJIDIC,PYPINYIN,UNIHAN
U+6E7B	湻	シュン,あつい	shun,atsui	0,0	0,0	KANJIDIC,PYPINYIN,UNIHAN
U+6E7D	湽	シ	shi	0	0	KANJIDIC,PYPINYIN,UNIHAN
U+6E7E	湾	ワン,いりえ	wan,irie	0,0	0,0	KANJIDIC,PYPINYIN,UNIHAN
U+6E7F	湿	シツ,シュウ,しめる,しめす,うるおう,うるおす	shitsu,shuu,shimeru,shimesu,uruou,uruosu	0,0,0,0,0,0	0,0,0,0,0,0	KANJIDIC,PYPINYIN,UNIHAN
U+6E80	満	マン,バン,みちる,みつ,みたす	man,ban,michiru,mitsu,mitasu	0,0,0,0,0	0,0,0,0,0	KANJIDIC,PYPINYIN,UNIHAN
U+6E82	溂	ラツ	ratsu	0	0	KANJIDIC,PYPINYIN,UNIHAN
U+6E8C	溌	ハツ,もる,とびちる,そそぐ	hatsu,moru,tobichiru,sosogu	0,0,0,0	0,0,0,0	KANJIDIC,PYPINYIN,UNIHAN
U+6E8D	溍	シン	shin	0	0	KANJIDIC,PYPINYIN,UNIHAN
U+6E8F	溏	トウ	tou	0	0	KANJIDIC,PYPINYIN,UNIHAN,WORDSHK_CHARS
U+6E90	源	ゲン,みなもと	gen,minamoto	0,0	0,0	KANJIDIC,PYPINYIN,UNIHAN,WORDSHK_CHARS
U+6E93	溓	レン,デン,ネン,カン,ねばりつく	ren,den,nen,kan,nebaritsuku	0,0,0,0,0	0,0,0,0,0	KANJIDIC,PYPINYIN,UNIHAN
U+6E96	準	ジュン,じゅんじる,じゅんずる,なぞらえる,のり,ひとしい,みずもり	jun,junjiru,junzuru,nazoraeru,nori,hitoshii,mizumori	0,0,0,0,0,0,0	0,0,0,0,0,0,0	KANJIDIC,PYPINYIN,UNIHAN,WORDSHK_CHARS
U+6E98	溘	コウ	kou	0	0	KANJIDIC,PYPINYIN,UNIHAN
U+6E99	溙	タイ	tai	0	0	KANJIDIC,PYPINYIN,UNIHAN
U+6E9C	溜	リュウ,たまる,ためる,したたる,たまり,ため	ryuu,tamaru,tameru,shitataru,tamari,tame	0,0,0,0,0,0	0,0,0,0,0,0	KANJIDIC,PYPINYIN,UNIHAN,WORDSHK_CHARS
U+6E9D	溝	コウ,みぞ	kou,mizo	0,0	0,0	KANJIDIC,PYPINYIN,UNIHAN,WORDSHK_CHARS
U+6E9F	溟	メイ,うみ,くらい	mei,umi,kurai	0,0,0	0,0,0	KANJIDIC,PYPINYIN,UNIHAN
U+6EA0	溠	サ,シャ,シ	sa,sha,shi	0,0,0	0,0,0	KANJIDIC,PYPINYIN,UNIHAN
U+6EA2	溢	イツ,こぼれる,あふれる,みちる	itsu,koboreru,afureru,michiru	0,0,0,0	0,0,0,0	KANJIDIC,PYPINYIN,UNIHAN,WORDSHK_CHARS
U+6EA5	溥	フ,ハク,あまねし	fu,haku,amaneshi	0,0,0	0,0,0	KANJIDIC,PYPINYIN,UNIHAN
U+6EA7	溧	リツ,リチ	ritsu,richi	0,0	0,0	KANJIDIC,PYPINYIN,UNIHAN
U+6EAA	溪	ケイ,たに,たにがわ	kei,tani,tanigawa	0,0,0	0,0,0	KANJIDIC,PYPINYIN,UNIHAN,WORDSHK_CHARS
U+6EAB	溫	オン,ウン,あたたか,あたためる	on,un,atataka,atatameru	0,0,0,0	0,0,0,0	KANJIDIC,PYPINYIN,UNIHAN
U+6EAD	溭	ショク,ジキ	shoku,jiki	0,0	0,0	KANJIDIC,PYPINYIN,UNIHAN
U+6EAE	溮	シ	shi	0	0	KANJIDIC,PYPINYIN,UNIHAN
U+6EAF	溯	ソ,サク,さかのぼる	so,saku,sakanoboru	0,0,0	0,0,0	KANJIDIC,PYPINYIN,UNIHAN,WORDSHK_CHARS
U+6EB1	溱	シン,おおい	shin,ooi	0,0	0,0	KANJIDIC,PYPINYIN,UNIHAN
U+6EB2	溲	シュ,シュウ,ソウ,いばり,ひたす	shu,shuu,sou,ibari,hitasu	0,0,0,0,0	0,0,0,0,0	KANJIDIC,PYPINYIN,UNIHAN
U+6EB3	溳	ウン,イン	un,in	0,0	0,0	KANJIDIC,PYPINYIN,UNIHAN
U+6EB6	溶	ヨウ,とける,とかす,とく	you,tokeru,tokasu,toku	0,0,0,0	0,0,0,0	KANJIDIC,PYPINYIN,UNIHAN,WORDSHK_CHARS
U+6EB7	溷	コン,かわや,けがれる,にごる,みだれる	kon,kawaya,kegareru,nigoru,midareru	0,0,0,0,0	0,0,0,0,0	KANJIDIC,PYPINYIN,UNIHAN
U+6EBA	溺	デキ,ジョウ,ニョウ,いばり,おぼれる	deki,jou,nyou,ibari,oboreru	0,0,0,0,0	0,0,0,0,0	KANJIDIC,PYPINYIN,UNIHAN,WORDSHK_CHARS
U+6EBB	溻	トウ,うるおう	tou,uruou	0,0	0,0	KANJIDIC,PYPINYIN,UNIHAN
U+6EBD	溽	ヒョク,ジョク,むしあつい	hyoku,joku,mushiatsui	0,0,0	0,0,0	KANJIDIC,PYPINYIN,UNIHAN
U+6EBF	溿	ハン,みずぎわ	han,mizugiwa	0,0	0,0	KANJIDIC,PYPINYIN,UNIHAN
U+6EC0	滀	チク,あつまる	chiku,atsumaru	0,0	0,0	KANJIDIC,PYPINYIN,UNIHAN
U+6EC1	滁	チョ,ジョ	cho,jo	0,0	0,0	KANJIDIC,PYPINYIN,UNIHAN
U+6EC2	滂	ホウ,ボウ	hou,bou	0,0	0,0	KANJIDIC,PYPINYIN,UNIHAN,WORDSHK_CHARS
U+6EC3	滃	オウ,オ	ou,o	0,0	0,0	KANJIDIC,PYPINYIN,UNIHAN
U+6EC4	滄	ソウ	sou	0	0	KANJIDIC,PYPINYIN,UNIHAN,WORDSHK_CHARS
U+6EC5	滅	メツ,ほろびる,ほろぶ,ほろぼす	metsu,horobiru,horobu,horobosu	0,0,0,0	0,0,0,0	KANJIDIC,PYPINYIN,UNIHAN,WORDSHK_CHARS
U+6EC7	滇	テン,シン	ten,shin	0,0	0,0	KANJIDIC,PYPINYIN,UNIHAN
U+6EC8	滈	コウ,カク,コク,ながあめ	kou,kaku,koku,nagaame	0,0,0,0	0,0,0,0	KANJIDIC,PYPINYIN,UNIHAN
U+6EC9	滉	コウ,ひろい	kou,hiroi	0,0	0,0	KANJIDIC,PYPINYIN,UNIHAN
U+6ECA	滊	キ,ケ,ケツ,ケチ	ki,ke,ketsu,kechi	0,0,0,0	0,0,0,0	KANJIDIC,PYPINYIN,UNIHAN
U+6ECB	滋	ジ,シ	ji,shi	0,0	0,0	KANJIDIC,PYPINYIN,UNIHAN,WORDSHK_CHARS
U+6ECC	滌	デキ,テキ,ジョウ,あらう	deki,teki,jou,arau	0,0,0,0	0,0,0,0	KANJIDIC,PYPINYIN,UNIHAN,WORDSHK_CHARS
U+6ECD	滍	チ,ジ	chi,ji	0,0	0,0	KANJIDIC,PYPINYIN,UNIHAN
U+6ECE	滎	ケイ,ギョウ,エイ,ちょろちょろ	kei,gyou,ei,chorochoro	0,0,0,0	0,0,0,0	KANJIDIC,PYPINYIN,UNIHAN
U+6ECF	滏	フ	fu	0	0	KANJIDIC,PYPINYIN,UNIHAN
U+6ED1	滑	カツ,コツ,すべる,なめらか	katsu,kotsu,suberu,nameraka	0,0,0,0	0,0,0,0	KANJIDIC,PYPINYIN,UNIHAN,WORDSHK_CHARS
U+6ED3	滓	シ,サイ,おり,かす	shi,sai,ori,kasu	0,0,0,0	0,0,0,0	KANJIDIC,PYPINYIN,UNIHAN,WORDSHK_CHARS
U+6ED4	滔	トウ,はびこる	tou,habikoru	0,0	0,0	KANJIDIC,PYPINYIN,UNIHAN,WORDSHK_CHARS
U+6ED5	滕	トウ,わく	tou,waku	0,0	0,0	KANJIDIC,PYPINYIN,UNIHAN
U+6EDD	滝	ロウ,ソウ,たき	rou,sou,taki	0,0,0	0,0,0	KANJIDIC,PYPINYIN,UNIHAN
U+6EDE	滞	タイ,テイ,とどこおる	tai,tei,todokooru	0,0,0	0,0,0	KANJIDIC,PYPINYIN,UNIHAN
U+6EEB	滫	シュウ,シュ,とぎじる	shuu,shu,togijiru	0,0,0	0,0,0	KANJIDIC,PYPINYIN,UNIHAN
U+6EEC	滬	コウ,コ	kou,ko	0,0	0,0	KANJIDIC,PYPINYIN,UNIHAN,WORDSHK_CHARS
U+6EED	滭	ヒツ,ヒチ,わく	hitsu,hichi,waku	0,0,0	0,0,0	KANJIDIC,PYPINYIN,UNIHAN
U+6EEE	滮	ヒョウ,ヒュウ,ヒュ,ながれる	hyou,hyuu,hyu,nagareru	0,0,0,0	0,0,0,0	KANJIDIC,PYPINYIN,UNIHAN
U+6EEF	滯	タイ,テイ,とどこおる	tai,tei,todokooru	0,0,0	0,0,0	KANJIDIC,PYPINYIN,UNIHAN,WORDSHK_CHARS
U+6EF2	滲	シン,しみる,にじむ	shin,shimiru,nijimu	0,0,0	0,0,0	KANJIDIC,PYPINYIN,UNIHAN,WORDSHK_CHARS
U+6EF4	滴	テキ,しずく,したたる	teki,shizuku,shitataru	0,0,0	0,0,0	KANJIDIC,PYPINYIN,UNIHAN,WORDSHK_CHARS
U+6EF7	滷	ロ	ro	0	0	KANJIDIC,PYPINYIN,UNIHAN,WORDSHK_CHARS
U+6EF8	滸	コ,ほとり	ko,hotori	0,0	0,0	KANJIDIC,PYPINYIN,UNIHAN
U+6EF9	滹	コ,ク	ko,ku	0,0	0,0	KANJIDIC,PYPINYIN,UNIHAN
U+6EFB	滻	サン,セン	san,sen	0,0	0,0	KANJIDIC,PYPINYIN,UNIHAN
U+6EFD	滽	ヨウ,ユ	you,yu	0,0	0,0	KANJIDIC,PYPINYIN,UNIHAN
U+6EFE	滾	コン,たぎる,たぎらかす	kon,tagiru,tagirakasu	0,0,0	0,0,0	KANJIDIC,PYPINYIN,UNIHAN,WORDSHK_CHARS
U+6EFF	滿	マン,バン,みちる,みつ,みたす	man,ban,michiru,mitsu,mitasu	0,0,0,0,0	0,0,0,0,0	KANJIDIC,PYPINYIN,UNIHAN,WORDSHK_CHARS
U+6F01	漁	ギョ,リョウ,あさる	gyo,ryou,asaru	0,0,0	0,0,0	KANJIDIC,PYPINYIN,UNIHAN,WORDSHK_CHARS
U+6F02	漂	ヒョウ,ただよう	hyou,tadayou	0,0	0,0	KANJIDIC,PYPINYIN,UNIHAN,WORDSHK_CHARS
U+6F04	漄	ガイ,はて	gai,hate	0,0	0,0	KANJIDIC,PYPINYIN,UNIHAN
U+6F06	漆	シツ,うるし	shitsu,urushi	0,0	0,0	KANJIDIC,PYPINYIN,UNIHAN,WORDSHK_CHARS
U+6F08	漈	セイ,サイ,みずぎわ	sei,sai,mizugiwa	0,0,0	0,0,0	KANJIDIC,PYPINYIN,UNIHAN
U+6F09	漉	ロク,こし,こす,すく	roku,koshi,kosu,suku	0,0,0,0	0,0,0,0	KANJIDIC,PYPINYIN,UNIHAN
U+6F0A	漊	ル,ロウ	ru,rou	0,0	0,0	KANJIDIC,PYPINYIN,UNIHAN
U+6F0C	漌	キン,コン,きよい,ひたす	kin,kon,kiyoi,hitasu	0,0,0,0	0,0,0,0	KANJIDIC,PYPINYIN,UNIHAN
U+6F0D	漍	カク	kaku	0	0	KANJIDIC,PYPINYIN,UNIHAN
U+6F0F	漏	ロウ,もる,もれる,もらす	rou,moru,moreru,morasu	0,0,0,0	0,0,0,0	KANJIDIC,PYPINYIN,UNIHAN,WORDSHK_CHARS
U+6F11	漑	ガイ,カイ,そそぐ	gai,kai,sosogu	0,0,0	0,0,0	KANJIDIC,PYPINYIN,UNIHAN
U+6F13	漓	リ,うすい	ri,usui	0,0	0,0	KANJIDIC,PYPINYIN,UNIHAN,WORDSHK_CHARS
U+6F14	演	エン	en	0	0	KANJIDIC,PYPINYIN,UNIHAN,WORDSHK_CHARS
U+6F15	漕	ソウ,こぐ,はこぶ	sou,kogu,hakobu	0,0,0	0,0,0	KANJIDIC,PYPINYIN,UNIHAN
U+6F16	漖	コウ,キョウ	kou,kyou	0,0	0,0	KANJIDIC,PYPINYIN,UNIHAN
U+6F18	漘	シン,みずぎわ	shin,mizugiwa	0,0	0,0	KANJIDIC,PYPINYIN,UNIHAN
U+6F1A	漚	オウ,ウ,ひたす	ou,u,hitasu	0,0,0	0,0,0	KANJIDIC,PYPINYIN,UNIHAN,WORDSHK_CHARS
U+6F1B	漛	トウ,なみ	tou,nami	0,0	0,0	KANJIDIC,PYPINYIN,UNIHAN
U+6F20	漠	バク	baku	0	0	KANJIDIC,PYPINYIN,UNIHAN,WORDSHK_CHARS
U+6F22	漢	カン	kan	0	0	KANJIDIC,PYPINYIN,UNIHAN,WORDSHK_CHARS
U+6F23	漣	レン,ラン,さざなみ	ren,ran,sazanami	0,0,0	0,0,0	KANJIDIC,PYPINYIN,UNIHAN,WORDSHK_CHARS
U+6F26	漦	ギ,ライ,タイ,シ,ながれる	gi,rai,tai,shi,nagareru	0,0,0,0,0	0,0,0,0,0	KANJIDIC,PYPINYIN,UNIHAN
U+6F29	漩	セン,めぐる	sen,meguru	0,0	0,0	KANJIDIC,PYPINYIN,UNIHAN,WORDSHK_CHARS
U+6F2A	漪	イ,なみ	i,nami	0,0	0,0	KANJIDIC,PYPINYIN,UNIHAN,WORDSHK_CHARS
U+6F2B	漫	マン,みだりに,そぞろ	man,midarini,sozoro	0,0,0	0,0,0	KANJIDIC,PYPINYIN,UNIHAN,WORDSHK_CHARS
U+6F2C	漬	シ,つける,つかる,づけ	shi,tsukeru,tsukaru,zuke	0,0,0,0	0,0,0,0	KANJIDIC,PYPINYIN,UNIHAN,WORDSHK_CHARS
U+6F2D	漭	ボウ,モウ,ひろい	bou,mou,hiroi	0,0,0	0,0,0	KANJIDIC,PYPINYIN,UNIHAN
U+6F2F	漯	トウ,ルイ	tou,rui	0,0	0,0	KANJIDIC,PYPINYIN,UNIHAN
U+6F30	漰	ホウ,ヒョウ	hou,hyou	0,0	0,0	KANJIDIC,PYPINYIN,UNIHAN
U+6F31	漱	ソウ,シュウ,ス,くちすすぐ,くちそそぐ,うがい,すすぐ	sou,shuu,su,kuchisusugu,kuchisosogu,ugai,susugu	0,0,0,0,0,0,0	0,0,0,0,0,0,0	KANJIDIC,PYPINYIN,UNIHAN,WORDSHK_CHARS
U+6F32	漲	チョウ,みなぎる	chou,minagiru	0,0	0,0	KANJIDIC,PYPINYIN,UNIHAN,WORDSHK_CHARS
U+6F33	漳	ショウ,ささえる	shou,sasaeru	0,0	0,0	KANJIDIC,PYPINYIN,UNIHAN
U+6F36	漶	カン,はっきりしない	kan,hakkirishinai	0,0	0,0	KANJIDIC,PYPINYIN,UNIHAN
U+6F38	漸	ゼン,ようやく,やや,ようよう,すすむ	zen,youyaku,yaya,youyou,susumu	0,0,0,0,0	0,0,0,0,0	KANJIDIC,PYPINYIN,UNIHAN,WORDSHK_CHARS
U+6F3B	漻	リョウ,リュウ,ル	ryou,ryuu,ru	0,0,0	0,0,0	KANJIDIC,PYPINYIN,UNIHAN
U+6F3C	漼	サイ,スイ,ふかい	sai,sui,fukai	0,0,0	0,0,0	KANJIDIC,PYPINYIN,UNIHAN
U+6F3E	漾	ヨウ,ただよう	you,tadayou	0,0	0,0	KANJIDIC,PYPINYIN,UNIHAN,WORDSHK_CHARS
U+6F3F	漿	ショウ,こんず	shou,konzu	0,0	0,0	KANJIDIC,PYPINYIN,UNIHAN,WORDSHK_CHARS
U+6F41	潁	エイ	ei	0	0	KANJIDIC,PYPINYIN,UNIHAN
U+6F45	潅	カン,そそぐ	kan,sosogu	0,0	0,0	KANJIDIC,PYPINYIN,UNIHAN
U+6F4F	潏	ケツ,ケチ,シュツ,ジュチ	ketsu,kechi,shutsu,juchi	0,0,0,0	0,0,0,0	KANJIDIC,PYPINYIN,UNIHAN
U+6F51	潑	ハツ,もる,とびちる,そそぐ	hatsu,moru,tobichiru,sosogu	0,0,0,0	0,0,0,0	KANJIDIC,PYPINYIN,UNIHAN,WORDSHK_CHARS
U+6F52	潒	トウ,ショウ,ゾウ,ただよう	tou,shou,zou,tadayou	0,0,0,0	0,0,0,0	KANJIDIC,PYPINYIN,UNIHAN
U+6F53	潓	ケイ,エ	kei,e	0,0	0,0	KANJIDIC,PYPINYIN,UNIHAN
U+6F54	潔	ケツ,いさぎよい	ketsu,isagiyoi	0,0	0,0	KANJIDIC,PYPINYIN,UNIHAN,WORDSHK_CHARS
U+6F57	潗	シュウ,わく	shuu,waku	0,0	0,0	KANJIDIC,PYPINYIN,UNIHAN
U+6F58	潘	ハン	han	0	0	KANJIDIC,PYPINYIN,UNIHAN,WORDSHK_CHARS
U+6F59	潙	キ,イ	ki,i	0,0	0,0	KANJIDIC,PYPINYIN,UNIHAN
U+6F5A	潚	シュク,ショウ,シュウ,きよい	shuku,shou,shuu,kiyoi	0,0,0,0	0,0,0,0	KANJIDIC,PYPINYIN,UNIHAN
U+6F5B	潛	セン,ひそむ,もぐる,かくれる,くぐる,ひそめる	sen,hisomu,moguru,kakureru,kuguru,hisomeru	0,0,0,0,0,0	0,0,0,0,0,0	KANJIDIC,PYPINYIN,UNIHAN,WORDSHK_CHARS
U+6F5C	潜	セン,ひそむ,もぐる,かくれる,くぐる,ひそめる	sen,hisomu,moguru,kakureru,kuguru,hisomeru	0,0,0,0,0,0	0,0,0,0,0,0	KANJIDIC,PYPINYIN,UNIHAN
U+6F5D	潝	キュウ,コウ,オウ,ヨウ	kyuu,kou,ou,you	0,0,0,0	0,0,0,0	KANJIDIC,PYPINYIN,UNIHAN
U+6F5E	潞	ロ,ル	ro,ru	0,0	0,0	KANJIDIC,PYPINYIN,UNIHAN
U+6F5F	潟	セキ,かた,がた	seki,kata,gata	0,0,0	0,0,0	KANJIDIC,PYPINYIN,UNIHAN
U+6F61	潡	トン,おおみず	ton,oomizu	0,0	0,0	KANJIDIC,PYPINYIN,UNIHAN
U+6F62	潢	コウ,オウ,いけ	kou,ou,ike	0,0,0	0,0,0	KANJIDIC,PYPINYIN,UNIHAN,WORDSHK_CHARS
U+6F64	潤	ジュン,うるおう,うるおす,うるむ	jun,uruou,uruosu,urumu	0,0,0,0	0,0,0,0	KANJIDIC,PYPINYIN,UNIHAN,WORDSHK_CHARS
U+6F66	潦	ロウ,にわたずみ	rou,niwatazumi	0,0	0,0	KANJIDIC,PYPINYIN,UNIHAN,WORDSHK_CHARS
U+6F68	潨	ソウ,ズ,ショウ,シュ,あつまる,みずあい,きし	sou,zu,shou,shu,atsumaru,mizuai,kishi	0,0,0,0,0,0,0	0,0,0,0,0,0,0	KANJIDIC,PYPINYIN,UNIHAN
U+6F6C	潬	タン,セン,す	tan,sen,su	0,0,0	0,0,0	KANJIDIC,PYPINYIN,UNIHAN
U+6F6D	潭	タン,ジン,ふち,ふかい	tan,jin,fuchi,fukai	0,0,0,0	0,0,0,0	KANJIDIC,PYPINYIN,UNIHAN,WORDSHK_CHARS
U+6F6E	潮	チョウ,しお,うしお	chou,shio,ushio	0,0,0	0,0,0	KANJIDIC,PYPINYIN,UNIHAN,WORDSHK_CHARS
U+6F6F	潯	ジン,ふち	jin,fuchi	0,0	0,0	KANJIDIC,PYPINYIN,UNIHAN
U+6F70	潰	カイ,エ,つぶす,つぶれる,ついえる	kai,e,tsubusu,tsubureru,tsuieru	0,0,0,0,0	0,0,0,0,0	KANJIDIC,PYPINYIN,UNIHAN,WORDSHK_CHARS
U+6F74	潴	チョ	cho	0	0	KANJIDIC,PYPINYIN,UNIHAN
U+6F78	潸	サン	san	0	0	KANJIDIC,PYPINYIN,UNIHAN
U+6F7A	潺	セン,サン	sen,san	0,0	0,0	KANJIDIC,PYPINYIN,UNIHAN,WORDSHK_CHARS
U+6F7C	潼	ドウ,トウ	dou,tou	0,0	0,0	KANJIDIC,PYPINYIN,UNIHAN
U+6F7D	潽	ホ,フ	ho,fu	0,0	0,0	KANJIDIC,PYPINYIN,UNIHAN
U+6F7E	潾	リン,ラン,レン,きよい	rin,ran,ren,kiyoi	0,0,0,0	0,0,0,0	KANJIDIC,PYPINYIN,UNIHAN
U+6F80	澀	ジュウ,シュウ,しぶ,しぶい,しぶる	juu,shuu,shibu,shibui,shiburu	0,0,0,0,0	0,0,0,0,0	KANJIDIC,PYPINYIN,UNIHAN,WORDSHK_CHARS
U+6F81	澁	ジュウ,シュウ,しぶ,しぶい,しぶる	juu,shuu,shibu,shibui,shiburu	0,0,0,0,0	0,0,0,0,0	KANJIDIC,PYPINYIN,UNIHAN
U+6F82	澂	チョウ,すます,すむ	chou,sumasu,sumu	0,0,0	0,0,0	KANJIDIC,PYPINYIN,UNIHAN
U+6F83	澃	キョウ,ケイ,きよい	kyou,kei,kiyoi	0,0,0	0,0,0	KANJIDIC,PYPINYIN,UNIHAN
U+6F84	澄	チョウ,すむ,すます	chou,sumu,sumasu	0,0,0	0,0,0	KANJIDIC,PYPINYIN,UNIHAN,WORDSHK_CHARS
U+6F86	澆	ギョウ,そそぐ	gyou,sosogu	0,0	0,0	KANJIDIC,PYPINYIN,UNIHAN,WORDSHK_CHARS
U+6F87	澇	ロウ,おおなみ	rou,oonami	0,0	0,0	KANJIDIC,PYPINYIN,UNIHAN
U+6F88	澈	テツ,デチ,きよい	tetsu,dechi,kiyoi	0,0,0	0,0,0	KANJIDIC,PYPINYIN,UNIHAN,WORDSHK_CHARS
U+6F8B	澋	コウ,ギョウ,ケイ,めぐる	kou,gyou,kei,meguru	0,0,0,0	0,0,0,0	KANJIDIC,PYPINYIN,UNIHAN
U+6F8C	澌	シ,セイ,サイ,つきる	shi,sei,sai,tsukiru	0,0,0,0	0,0,0,0	KANJIDIC,PYPINYIN,UNIHAN
U+6F8D	澍	シュ,うるおう	shu,uruou	0,0	0,0	KANJIDIC,PYPINYIN,UNIHAN
U+6F8E	澎	ホウ,ヒョウ	hou,hyou	0,0	0,0	KANJIDIC,PYPINYIN,UNIHAN,WORDSHK_CHARS
U+6F90	澐	ウン	un	0	0	KANJIDIC,PYPINYIN,UNIHAN
U+6F91	澑	リュウ,たまる,ためる,したたる,たまり,ため	ryuu,tamaru,tameru,shitataru,tamari,tame	0,0,0,0,0,0	0,0,0,0,0,0	KANJIDIC,PYPINYIN,UNIHAN
U+6F92	澒	コウ,ク	kou,ku	0,0	0,0	KANJIDIC,PYPINYIN,UNIHAN,WORDSHK_CHARS
U+6F93	澓	フク	fuku	0	0	KANJIDIC,PYPINYIN,UNIHAN
U+6F94	澔	コウ,おおきい,ひろい	kou,ookii,hiroi	0,0,0	0,0,0	KANJIDIC,PYPINYIN,UNIHAN
U+6F96	澖	カン,ゲン,はてがない	kan,gen,hateganai	0,0,0	0,0,0	KANJIDIC,PYPINYIN,UNIHAN
U+6F97	澗	カン,ケン,たに,たにみず	kan,ken,tani,tanimizu	0,0,0,0	0,0,0,0	KANJIDIC,PYPINYIN,UNIHAN,WORDSHK_CHARS
U+6F9A	澚	オウ,イク,オク,おき,くま	ou,iku,oku,oki,kuma	0,0,0,0,0	0,0,0,0,0	KANJIDIC,PYPINYIN,UNIHAN
U+6F9F	澟	リン,さむい	rin,samui	0,0	0,0	KANJIDIC,PYPINYIN,UNIHAN
U+6FA0	澠	ショウ,ビン,ミン	shou,bin,min	0,0,0	0,0,0	KANJIDIC,PYPINYIN,UNIHAN
U+6FA1	澡	ソウ,あらう	sou,arau	0,0	0,0	KANJIDIC,PYPINYIN,UNIHAN,WORDSHK_CHARS
U+6FA3	澣	カン,あらう	kan,arau	0,0	0,0	KANJIDIC,PYPINYIN,UNIHAN
U+6FA4	澤	タク,さわ,うるおい,うるおす,つや	taku,sawa,uruoi,uruosu,tsuya	0,0,0,0,0	0,0,0,0,0	KANJIDIC,PYPINYIN,UNIHAN,WORDSHK_CHARS
U+6FA5	澥	カイ,ゲ	kai,ge	0,0	0,0	KANJIDIC,PYPINYIN,UNIHAN
U+6FA6	澦	ヨ	yo	0	0	KANJIDIC,PYPINYIN,UNIHAN
U+6FA7	澧	レイ,ライ	rei,rai	0,0	0,0	KANJIDIC,PYPINYIN,UNIHAN
U+6FA8	澨	セイ,エイ,つきじ	sei,ei,tsukiji	0,0,0	0,0,0	KANJIDIC,PYPINYIN,UNIHAN
U+6FAA	澪	レイ,みお	rei,mio	0,0	0,0	KANJIDIC,PYPINYIN,UNIHAN
U+6FAE	澮	カイ,ケ,ワイ,エ	kai,ke,wai,e	0,0,0,0	0,0,0,0	KANJIDIC,PYPINYIN,UNIHAN
U+6FAF	澯	サン,きよい	san,kiyoi	0,0	0,0	KANJIDIC,PYPINYIN,UNIHAN
U+6FB0	澰	レン,なぎさ	ren,nagisa	0,0	0,0	KANJIDIC,PYPINYIN,UNIHAN,WORDSHK_CHARS
U+6FB1	澱	デン,テン,おり,どろ,よどみ,よどむ	den,ten,ori,doro,yodomi,yodomu	0,0,0,0,0,0	0,0,0,0,0,0	KANJIDIC,PYPINYIN,UNIHAN,WORDSHK_CHARS
U+6FB3	澳	オウ,イク,オク,おき,くま	ou,iku,oku,oki,kuma	0,0,0,0,0	0,0,0,0,0	KANJIDIC,PYPINYIN,UNIHAN,WORDSHK_CHARS
U+6FB5	澵	シン	shin	0	0	KANJIDIC,PYPINYIN,UNIHAN
U+6FB6	澶	セン,テン	sen,ten	0,0	0,0	KANJIDIC,PYPINYIN,UNIHAN
U+6FB9	澹	タン,セン,あわい	tan,sen,awai	0,0,0	0,0,0	KANJIDIC,PYPINYIN,UNIHAN,WORDSHK_CHARS
U+6FBC	澼	ヘキ,ヒャク,ケキ,ただよう	heki,hyaku,keki,tadayou	0,0,0,0	0,0,0,0	KANJIDIC,PYPINYIN,UNIHAN
U+6FC0	激	ゲキ,はげしい	geki,hageshii	0,0	0,0	KANJIDIC,PYPINYIN,UNIHAN,WORDSHK_CHARS
U+6FC1	濁	ダク,ジョク,にごる,にごす	daku,joku,nigoru,nigosu	0,0,0,0	0,0,0,0	KANJIDIC,PYPINYIN,UNIHAN,WORDSHK_CHARS
U+6FC2	濂	レン	ren	0	0	KANJIDIC,PYPINYIN,UNIHAN
U+6FC3	濃	ノウ,こい	nou,koi	0,0	0,0	KANJIDIC,PYPINYIN,UNIHAN,WORDSHK_CHARS
U+6FC5	濅	シン,うるおう,ひたす	shin,uruou,hitasu	0,0,0	0,0,0	KANJIDIC,PYPINYIN,UNIHAN
U+6FC6	濆	フン,ホン,ほとり,わく	fun,hon,hotori,waku	0,0,0,0	0,0,0,0	KANJIDIC,PYPINYIN,UNIHAN
U+6FC7	濇	ショク,シキ,シュウ,とどこおる	shoku,shiki,shuu,todokooru	0,0,0,0	0,0,0,0	KANJIDIC,PYPINYIN,UNIHAN
U+6FC8	濈	シュウ,ソウ,ジョウ,やわらぐ	shuu,sou,jou,yawaragu	0,0,0,0	0,0,0,0	KANJIDIC,PYPINYIN,UNIHAN
U+6FCA	濊	カイ,ケ,サイ,セ,ワイ	kai,ke,sai,se,wai	0,0,0,0,0	0,0,0,0,0	KANJIDIC,PYPINYIN,UNIHAN
U+6FD4	濔	ビ	bi	0	0	KANJIDIC,PYPINYIN,UNIHAN
U+6FD5	濕	シツ,シュウ,しめる,しめす,うるおう,うるおす	shitsu,shuu,shimeru,shimesu,uruou,uruosu	0,0,0,0,0,0	0,0,0,0,0,0	KANJIDIC,PYPINYIN,UNIHAN,WORDSHK_CHARS
U+6FD8	濘	ネイ,ぬかる	nei,nukaru	0,0	0,0	KANJIDIC,PYPINYIN,UNIHAN,WORDSHK_CHARS
U+6FDA	濚	エイ,ヨウ,おがわ	ei,you,ogawa	0,0,0	0,0,0	KANJIDIC,PYPINYIN,UNIHAN
U+6FDB	濛	モウ,こさめ	mou,kosame	0,0	0,0	KANJIDIC,PYPINYIN,UNIHAN,WORDSHK_CHARS
U+6FDE	濞	ヒ,ヘイ,ハイ	hi,hei,hai	0,0,0	0,0,0	KANJIDIC,PYPINYIN,UNIHAN
U+6FDF	濟	サイ,セイ,すむ,すます,すくう,なす,わたす,わたる	sai,sei,sumu,sumasu,sukuu,nasu,watasu,wataru	0,0,0,0,0,0,0,0	0,0,0,0,0,0,0,0	KANJIDIC,PYPINYIN,UNIHAN,WORDSHK_CHARS
U+6FE0	濠	ゴウ,コウ,ほり	gou,kou,hori	0,0,0	0,0,0	KANJIDIC,PYPINYIN,UNIHAN
U+6FE1	濡	ジュ,ニュ,ぬれる,ぬらす,うるおい,うるおう,うるおす	ju,nyu,nureru,nurasu,uruoi,uruou,uruosu	0,0,0,0,0,0,0	0,0,0,0,0,0,0	KANJIDIC,PYPINYIN,UNIHAN,WORDSHK_CHARS
U+6FE4	濤	トウ,なみ	tou,nami	0,0	0,0	KANJIDIC,PYPINYIN,UNIHAN,WORDSHK_CHARS
U+6FE8	濨	シ	shi	0	0	KANJIDIC,PYPINYIN,UNIHAN
U+6FE9	濩	カク,ワク	kaku,waku	0,0	0,0	KANJIDIC,PYPINYIN,UNIHAN
U+6FEB	濫	ラン,みだりに,みだりがましい	ran,midarini,midarigamashii	0,0,0	0,0,0	KANJIDIC,PYPINYIN,UNIHAN,WORDSHK_CHARS
U+6FEC	濬	シュン,さらう	shun,sarau	0,0	0,0	KANJIDIC,PYPINYIN,UNIHAN
U+6FEE	濮	ボク,ホク	boku,hoku	0,0	0,0	KANJIDIC,PYPINYIN,UNIHAN
U+6FEF	濯	タク,すすぐ,ゆすぐ	taku,susugu,yusugu	0,0,0	0,0,0	KANJIDIC,PYPINYIN,UNIHAN,WORDSHK_CHARS
U+6FF0	濰	イ,ユイ	i,yui	0,0	0,0	KANJIDIC,PYPINYIN,UNIHAN
U+6FF1	濱	ヒン,はま	hin,hama	0,0	0,0	KANJIDIC,PYPINYIN,UNIHAN,WORDSHK_CHARS
U+6FF3	濳	セン,ひそむ,もぐる,かくれる,くぐる,ひそめる	sen,hisomu,moguru,kakureru,kuguru,hisomeru	0,0,0,0,0,0	0,0,0,0,0,0	KANJIDIC,PYPINYIN,UNIHAN
U+6FF5	濵	ヒン,はま	hin,hama	0,0	0,0	KANJIDIC,PYPINYIN,UNIHAN
U+6FF6	濶	カツ,ひろい	katsu,hiroi	0,0	0,0	KANJIDIC,PYPINYIN,UNIHAN,WORDSHK_CHARS
U+6FF9	濹	ボク	boku	0	0	KANJIDIC,PYPINYIN,UNIHAN
U+6FFA	濺	セン,そそぐ	sen,sosogu	0,0	0,0	KANJIDIC,PYPINYIN,UNIHAN,WORDSHK_CHARS
U+6FFC	濼	ロク,ホク	roku,hoku	0,0	0,0	KANJIDIC,PYPINYIN,UNIHAN
U+6FFD	濽	サン	san	0	0	KANJIDIC,PYPINYIN,UNIHAN
U+6FFE	濾	ロ,リョ,こす	ro,ryo,kosu	0,0,0	0,0,0	KANJIDIC,PYPINYIN,UNIHAN,WORDSHK_CHARS
U+7000	瀀	ユウ,ウ,あつい	yuu,u,atsui	0,0,0	0,0,0	KANJIDIC,PYPINYIN,UNIHAN
U+7001	瀁	ヨウ	you	0	0	KANJIDIC,PYPINYIN,UNIHAN
U+7005	瀅	エイ,ヨウ,ケイ,キョウ,おがわ	ei,you,kei,kyou,ogawa	0,0,0,0,0	0,0,0,0,0	KANJIDIC,PYPINYIN,UNIHAN
U+7006	瀆	トク,トウ,けがす,けがれ,みぞ	toku,tou,kegasu,kegare,mizo	0,0,0,0,0	0,0,0,0,0	KANJIDIC,PYPINYIN,UNIHAN,WORDSHK_CHARS
U+7007	瀇	オウ,コウ	ou,kou	0,0	0,0	KANJIDIC,PYPINYIN,UNIHAN
U+7009	瀉	シャ,くだす,はく	sha,kudasu,haku	0,0,0	0,0,0	KANJIDIC,PYPINYIN,UNIHAN,WORDSHK_CHARS
U+700B	瀋	シン	shin	0	0	KANJIDIC,PYPINYIN,UNIHAN,WORDSHK_CHARS
U+700D	瀍	テン	ten	0	0	KANJIDIC,PYPINYIN,UNIHAN
U+700F	瀏	リュウ,きよい	ryuu,kiyoi	0,0	0,0	KANJIDIC,PYPINYIN,UNIHAN,WORDSHK_CHARS
U+7011	瀑	バク,ハク,ホウ,ボウ,ホク,ボク,たき,にわかあめ	baku,haku,hou,bou,hoku,boku,taki,niwakaame	0,0,0,0,0,0,0,0	0,0,0,0,0,0,0,0	KANJIDIC,PYPINYIN,UNIHAN,WORDSHK_CHARS
U+7015	瀕	ヒン,ほとり	hin,hotori	0,0	0,0	KANJIDIC,PYPINYIN,UNIHAN,WORDSHK_CHARS
U+7017	瀗	ケン,コン	ken,kon	0,0	0,0	KANJIDIC,PYPINYIN,UNIHAN
U+7018	瀘	ロ	ro	0	0	KANJIDIC,PYPINYIN,UNIHAN
U+701A	瀚	カン,ひろい	kan,hiroi	0,0	0,0	KANJIDIC,PYPINYIN,UNIHAN,WORDSHK_CHARS
U+701B	瀛	エイ,うみ	ei,umi	0,0	0,0	KANJIDIC,PYPINYIN,UNIHAN,WORDSHK_CHARS
U+701D	瀝	レキ,したたる	reki,shitataru	0,0	0,0	KANJIDIC,PYPINYIN,UNIHAN,WORDSHK_CHARS
U+701E	瀞	セイ,ショウ,ジュウ,とろ,きよい	sei,shou,juu,toro,kiyoi	0,0,0,0,0	0,0,0,0,0	KANJIDIC,PYPINYIN,UNIHAN
U+701F	瀟	ショウ	shou	0	0	KANJIDIC,PYPINYIN,UNIHAN,WORDSHK_CHARS
U+7020	瀠	エイ,ヨウ,ながれる	ei,you,nagareru	0,0,0	0,0,0	KANJIDIC,PYPINYIN,UNIHAN
U+7023	瀣	カイ,みず	kai,mizu	0,0	0,0	KANJIDIC,PYPINYIN,UNIHAN
U+7026	瀦	チョ	cho	0	0	KANJIDIC,PYPINYIN,UNIHAN
U+7027	瀧	ロウ,ソウ,たき	rou,sou,taki	0,0,0	0,0,0	KANJIDIC,PYPINYIN,UNIHAN,WORDSHK_CHARS
U+7028	瀨	ライ,せ	rai,se	0,0	0,0	KANJIDIC,PYPINYIN,UNIHAN,WORDSHK_CHARS
U+702C	瀬	ライ,せ	rai,se	0,0	0,0	KANJIDIC,PYPINYIN,UNIHAN
U+702F	瀯	エイ,ヨウ,おがわ	ei,you,ogawa	0,0,0	0,0,0	KANJIDIC,PYPINYIN,UNIHAN
U+7030	瀰	ビ,ミ	bi,mi	0,0	0,0	KANJIDIC,PYPINYIN,UNIHAN,WORDSHK_CHARS
U+7032	瀲	レン,なぎさ	ren,nagisa	0,0	0,0	KANJIDIC,PYPINYIN,UNIHAN
U+7034	瀴	エイ,ヨウ,ふかい	ei,you,fukai	0,0,0	0,0,0	KANJIDIC,PYPINYIN,UNIHAN
U+7037	瀷	ヨク,イキ,ショク,シキ,ながれ	yoku,iki,shoku,shiki,nagare	0,0,0,0,0	0,0,0,0,0	KANJIDIC,PYPINYIN,UNIHAN
U+7039	瀹	セク,ヨウ,ヤク,ひたす	seku,you,yaku,hitasu	0,0,0,0	0,0,0,0	KANJIDIC,PYPINYIN,UNIHAN
U+703C	瀼	ジョウ,ニョウ,ドウ,ノウ	jou,nyou,dou,nou	0,0,0,0	0,0,0,0	KANJIDIC,PYPINYIN,UNIHAN
U+703E	瀾	ラン,なみ	ran,nami	0,0	0,0	KANJIDIC,PYPINYIN,UNIHAN,WORDSHK_CHARS
U+7043	灃	フウ,フ,ホウ	fuu,fu,hou	0,0,0	0,0,0	KANJIDIC,PYPINYIN,UNIHAN
U+7044	灄	ショウ,ニョウ	shou,nyou	0,0	0,0	KANJIDIC,PYPINYIN,UNIHAN
U+7048	灈	ク	ku	0	0	KANJIDIC,PYPINYIN,UNIHAN
U+7049	灉	ヨウ,ユ	you,yu	0,0	0,0	KANJIDIC,PYPINYIN,UNIHAN
U+704A	灊	セン,シン	sen,shin	0,0	0,0	KANJIDIC,PYPINYIN,UNIHAN
U+704B	灋	ホウ,ハツ,ホツ,ふらん,のり	hou,hatsu,hotsu,furan,nori	0,0,0,0,0	0,0,0,0,0	KANJIDIC,PYPINYIN,UNIHAN
U+704C	灌	カン,そそぐ	kan,sosogu	0,0	0,0	KANJIDIC,PYPINYIN,UNIHAN,WORDSHK_CHARS
U+704E	灎	エン,なみ	en,nami	0,0	0,0	KANJIDIC,PYPINYIN,UNIHAN
U+7051	灑	シャ,サイ,サ,セ,そそぐ	sha,sai,sa,se,sosogu	0,0,0,0,0	0,0,0,0,0	KANJIDIC,PYPINYIN,UNIHAN,WORDSHK_CHARS
U+7054	灔	エン,なみ	en,nami	0,0	0,0	KANJIDIC,PYPINYIN,UNIHAN
U+7055	灕	リ,しみこむ	ri,shimikomu	0,0	0,0	KANJIDIC,PYPINYIN,UNIHAN
U+7058	灘	タン,ダン,なだ,せ	tan,dan,nada,se	0,0,0,0	0,0,0,0	KANJIDIC,PYPINYIN,UNIHAN,WORDSHK_CHARS
U+705D	灝	コウ,カン,コン,まめじる	kou,kan,kon,mamejiru	0,0,0,0	0,0,0,0	KANJIDIC,PYPINYIN,UNIHAN
U+705E	灞	ハ,バ	ha,ba	0,0	0,0	KANJIDIC,PYPINYIN,UNIHAN
U+7063	灣	ワン,いりえ	wan,irie	0,0	0,0	KANJIDIC,PYPINYIN,UNIHAN,WORDSHK_CHARS
U+7064	灤	ラン,ながれる	ran,nagareru	0,0	0,0	KANJIDIC,PYPINYIN,UNIHAN
U+7065	灥	シュン,セン,たくさんのいずみ	shun,sen,takusannoizumi	0,0,0	0,0,0	KANJIDIC,PYPINYIN,UNIHAN
U+7069	灩	エン,なみ	en,nami	0,0	0,0	KANJIDIC,PYPINYIN,UNIHAN
U+706B	火	カ,ひ,び,ほ	ka,hi,bi,ho	0,0,0,0	0,0,0,0	KANJIDIC,PYPINYIN,UNIHAN,WORDSHK_CHARS
U+706C	灬	ヒョウ,カ	hyou,ka	0,0	0,0	KANJIDIC,PYPINYIN,UNIHAN
U+706E	灮	コウ,ひかる,ひかり	kou,hikaru,hikari	0,0,0	0,0,0	KANJIDIC,PYPINYIN,UNIHAN
U+706F	灯	トウ,ひ,ほ,ともしび,ともす,あかり	tou,hi,ho,tomoshibi,tomosu,akari	0,0,0,0,0,0	0,0,0,0,0,0	KANJIDIC,PYPINYIN,UNIHAN
U+7070	灰	カイ,はい	kai,hai	0,0	0,0	KANJIDIC,PYPINYIN,UNIHAN,WORDSHK_CHARS
U+7075	灵	レイ,リョウ,たま	rei,ryou,tama	0,0,0	0,0,0	KANJIDIC,PYPINYIN,UNIHAN
U+7076	灶	ソウ,かまど,かま,へっつい	sou,kamado,kama,hettsui	0,0,0,0	0,0,0,0	KANJIDIC,PYPINYIN,UNIHAN,WORDSHK_CHARS
U+7078	灸	キュウ,ク,やいと	kyuu,ku,yaito	0,0,0	0,0,0	KANJIDIC,PYPINYIN,UNIHAN,WORDSHK_CHARS
U+707C	灼	シャク,あらた,やく	shaku,arata,yaku	0,0,0	0,0,0	KANJIDIC,PYPINYIN,UNIHAN,WORDSHK_CHARS
U+707D	災	サイ,わざわい	sai,wazawai	0,0	0,0	KANJIDIC,PYPINYIN,UNIHAN,WORDSHK_CHARS
U+707E	灾	サイ,わざわい	sai,wazawai	0,0	0,0	KANJIDIC,PYPINYIN,UNIHAN
U+7081	炁	キ,ケ,いき	ki,ke,iki	0,0,0	0,0,0	KANJIDIC,PYPINYIN,UNIHAN
U+7085	炅	ケイ,キョウ,エイ,ヨウ,あらわれる	kei,kyou,ei,you,arawareru	0,0,0,0,0	0,0,0,0,0	KANJIDIC,PYPINYIN,UNIHAN
U+7086	炆	ブン,モン,あたたか	bun,mon,atataka	0,0,0	0,0,0	KANJIDIC,PYPINYIN,UNIHAN,WORDSHK_CHARS
U+7089	炉	ロ,いろり	ro,irori	0,0	0,0	KANJIDIC,PYPINYIN,UNIHAN
U+708A	炊	スイ,たく,だき	sui,taku,daki	0,0,0	0,0,0	KANJIDIC,PYPINYIN,UNIHAN,WORDSHK_CHARS
U+708E	炎	エン,ほのお	en,honoo	0,0	0,0	KANJIDIC,PYPINYIN,UNIHAN,WORDSHK_CHARS
U+7092	炒	ソウ,ショウ,いる,いためる	sou,shou,iru,itameru	0,0,0,0	0,0,0,0	KANJIDIC,PYPINYIN,UNIHAN,WORDSHK_CHARS
U+7094	炔	ケイ,ケ,ケツ,ケチ	kei,ke,ketsu,kechi	0,0,0,0	0,0,0,0	KANJIDIC,PYPINYIN,UNIHAN,WORDSHK_CHARS
U+7095	炕	コウ,あぶる	kou,aburu	0,0	0,0	KANJIDIC,PYPINYIN,UNIHAN,WORDSHK_CHARS
U+7096	炖	トン	ton	0	0	KANJIDIC,PYPINYIN,UNIHAN,WORDSHK_CHARS
U+7097	炗	コウ,ひかる,ひかり	kou,hikaru,hikari	0,0,0	0,0,0	KANJIDIC,PYPINYIN,UNIHAN
U+7098	炘	キン,コン,あぶる	kin,kon,aburu	0,0,0	0,0,0	KANJIDIC,PYPINYIN,UNIHAN
U+7099	炙	シャ,セキ,あぶる	sha,seki,aburu	0,0,0	0,0,0	KANJIDIC,PYPINYIN,UNIHAN,WORDSHK_CHARS
U+709B	炛	ヨウ,キョウ,てらす	you,kyou,terasu	0,0,0	0,0,0	KANJIDIC,PYPINYIN,UNIHAN
U+70A4	炤	ショウ,シャク,てる	shou,shaku,teru	0,0,0	0,0,0	KANJIDIC,PYPINYIN,UNIHAN
U+70AB	炫	ケン,ひかる	ken,hikaru	0,0	0,0	KANJIDIC,PYPINYIN,UNIHAN,WORDSHK_CHARS
U+70AC	炬	コ,キョ	ko,kyo	0,0	0,0	KANJIDIC,PYPINYIN,UNIHAN,WORDSHK_CHARS
U+70AD	炭	タン,すみ	tan,sumi	0,0	0,0	KANJIDIC,PYPINYIN,UNIHAN,WORDSHK_CHARS
U+70AE	炮	ホウ,あぶる	hou,aburu	0,0	0,0	KANJIDIC,PYPINYIN,UNIHAN,WORDSHK_CHARS
U+70AF	炯	ケイ,キョウ,あきらか	kei,kyou,akiraka	0,0,0	0,0,0	KANJIDIC,PYPINYIN,UNIHAN,WORDSHK_CHARS
U+70B0	炰	ホウ,ビョウ,フウ,フ	hou,byou,fuu,fu	0,0,0,0	0,0,0,0	KANJIDIC,PYPINYIN,UNIHAN
U+70B1	炱	タイ,すす	tai,susu	0,0	0,0	KANJIDIC,PYPINYIN,UNIHAN
U+70B3	炳	ヘイ,あきらか	hei,akiraka	0,0	0,0	KANJIDIC,PYPINYIN,UNIHAN,WORDSHK_CHARS
U+70B4	炴	ヨウ,オウ,エイ	you,ou,ei	0,0,0	0,0,0	KANJIDIC,PYPINYIN,UNIHAN
U+70B7	炷	シュ,とうしん	shu,toushin	0,0	0,0	KANJIDIC,PYPINYIN,UNIHAN,WORDSHK_CHARS
U+70B8	炸	タク,サ,サク	taku,sa,saku	0,0,0	0,0,0	KANJIDIC,PYPINYIN,UNIHAN,WORDSHK_CHARS
U+70B9	点	テン,つける,つく,たてる,さす,とぼす,ともす,ぼち	ten,tsukeru,tsuku,tateru,sasu,tobosu,tomosu,bochi	0,0,0,0,0,0,0,0	0,0,0,0,0,0,0,0	KANJIDIC,PYPINYIN,UNIHAN
U+70BA	為	イ,ため,なる,なす,する,たり,つくる,なり	i,tame,naru,nasu,suru,tari,tsukuru,nari	0,0,0,0,0,0,0,0	0,0,0,0,0,0,0,0	KANJIDIC,PYPINYIN,UNIHAN,WORDSHK_CHARS
U+70C8	烈	レツ,はげしい	retsu,hageshii	0,0	0,0	KANJIDIC,PYPINYIN,UNIHAN,WORDSHK_CHARS
U+70CA	烊	ヨウ,あぶる,やく	you,aburu,yaku	0,0,0	0,0,0	KANJIDIC,PYPINYIN,UNIHAN,WORDSHK_CHARS
U+70CB	烋	コウ,キュウ,キョウ	kou,kyuu,kyou	0,0,0	0,0,0	KANJIDIC,PYPINYIN,UNIHAN
U+70CF	烏	ウ,オ,からす,いずくんぞ,なんぞ	u,o,karasu,izukunzo,nanzo	0,0,0,0,0	0,0,0,0,0	KANJIDIC,PYPINYIN,UNIHAN,WORDSHK_CHARS
U+70D1	烑	ヨウ,ひかる	you,hikaru	0,0	0,0	KANJIDIC,PYPINYIN,UNIHAN
U+70D3	烓	エイ,エ,ケイ,キョウ,かまど	ei,e,kei,kyou,kamado	0,0,0,0,0	0,0,0,0,0	KANJIDIC,PYPINYIN,UNIHAN
U+70D4	烔	トウ,ズ,あつい	tou,zu,atsui	0,0,0	0,0,0	KANJIDIC,PYPINYIN,UNIHAN
U+70D5	烕	ケツ,ケチ,ベツ,ほろびる,ほろぼす	ketsu,kechi,betsu,horobiru,horobosu	0,0,0,0,0	0,0,0,0,0	KANJIDIC,PYPINYIN,UNIHAN
U+70D6	烖	サイ,わざわい	sai,wazawai	0,0	0,0	KANJIDIC,PYPINYIN,UNIHAN
U+70D8	烘	コウ,キョウ,ク,かがりび,あぶる	kou,kyou,ku,kagaribi,aburu	0,0,0,0,0	0,0,0,0,0	KANJIDIC,PYPINYIN,UNIHAN,WORDSHK_CHARS
U+70D9	烙	ラク,カク,やく	raku,kaku,yaku	0,0,0	0,0,0	KANJIDIC,PYPINYIN,UNIHAN,WORDSHK_CHARS
U+70DC	烜	ケン,テン,カン,キ,かわかす	ken,ten,kan,ki,kawakasu	0,0,0,0,0	0,0,0,0,0	KANJIDIC,PYPINYIN,UNIHAN
U+70DD	烝	ジョウ,ショウ,むす,もろもろ	jou,shou,musu,moromoro	0,0,0,0	0,0,0,0	KANJIDIC,PYPINYIN,UNIHAN
U+70DF	烟	エン,けむる,けむり,けむい	en,kemuru,kemuri,kemui	0,0,0,0	0,0,0,0	KANJIDIC,PYPINYIN,UNIHAN
U+70E4	烤	コウ,あぶる	kou,aburu	0,0	0,0	KANJIDIC,PYPINYIN,UNIHAN,WORDSHK_CHARS
U+70EC	烬	ジン	jin	0	0	KANJIDIC,PYPINYIN,UNIHAN
U+70F1	烱	ケイ,キョウ,あきらか	kei,kyou,akiraka	0,0,0	0,0,0	KANJIDIC,PYPINYIN,UNIHAN
U+70F9	烹	ホウ,にる	hou,niru	0,0	0,0	KANJIDIC,PYPINYIN,UNIHAN,WORDSHK_CHARS
U+70FA	烺	コウ,ロウ,ひ	kou,rou,hi	0,0,0	0,0,0	KANJIDIC,PYPINYIN,UNIHAN
U+70FD	烽	ホウ,のろし,とぶひ	hou,noroshi,tobuhi	0,0,0	0,0,0	KANJIDIC,PYPINYIN,UNIHAN,WORDSHK_CHARS
U+7103	焃	カク,キャク,ケキ,あかい	kaku,kyaku,keki,akai	0,0,0,0	0,0,0,0	KANJIDIC,PYPINYIN,UNIHAN
U+7104	焄	クン,いぶす	kun,ibusu	0,0	0,0	KANJIDIC,PYPINYIN,UNIHAN
U+7105	焅	コク,コウ,かわかす	koku,kou,kawakasu	0,0,0	0,0,0	KANJIDIC,PYPINYIN,UNIHAN
U+7106	焆	エツ,エチ,ケン,エン	etsu,echi,ken,en	0,0,0,0	0,0,0,0	KANJIDIC,PYPINYIN,UNIHAN
U+7107	焇	ショウ,ソウ,けす,とける,かわす,とろかす	shou,sou,kesu,tokeru,kawasu,torokasu	0,0,0,0,0,0	0,0,0,0,0,0	KANJIDIC,PYPINYIN,UNIHAN
U+7109	焉	エン,いずくんぞ,ここに,これ	en,izukunzo,kokoni,kore	0,0,0,0	0,0,0,0	KANJIDIC,PYPINYIN,UNIHAN,WORDSHK_CHARS
U+710B	焋	ソウ,ショウ	sou,shou	0,0	0,0	KANJIDIC,PYPINYIN,UNIHAN
U+710C	焌	シュン,ソン,サン,やく	shun,son,san,yaku	0,0,0,0	0,0,0,0	KANJIDIC,PYPINYIN,UNIHAN
U+710F	焏	キョク,キ,ケ,しばしば,すみやか	kyoku,ki,ke,shibashiba,sumiyaka	0,0,0,0,0	0,0,0,0,0	KANJIDIC,PYPINYIN,UNIHAN
U+7114	焔	エン,ほのお	en,honoo	0,0	0,0	KANJIDIC,PYPINYIN,UNIHAN
U+7119	焙	ホウ,ハイ,ほうじる,あぶる	hou,hai,houjiru,aburu	0,0,0,0	0,0,0,0	KANJIDIC,PYPINYIN,UNIHAN,WORDSHK_CHARS
U+711A	焚	フン,ホン,ハン,たく,やく,やきがり	fun,hon,han,taku,yaku,yakigari	0,0,0,0,0,0	0,0,0,0,0,0	KANJIDIC,PYPINYIN,UNIHAN,WORDSHK_CHARS
U+711C	焜	コン,かがやく	kon,kagayaku	0,0	0,0	KANJIDIC,PYPINYIN,UNIHAN
U+711E	焞	トン,タイ,ツイ,あきらか	ton,tai,tsui,akiraka	0,0,0,0	0,0,0,0	KANJIDIC,PYPINYIN,UNIHAN
U+7120	焠	サイ,スイ,やく	sai,sui,yaku	0,0,0	0,0,0	KANJIDIC,PYPINYIN,UNIHAN
U+7121	無	ム,ブ,ない	mu,bu,nai	0,0,0	0,0,0	KANJIDIC,PYPINYIN,UNIHAN,WORDSHK_CHARS
U+7126	焦	ショウ,こげる,こがす,こがれる,あせる,じれる,じらす	shou,kogeru,kogasu,kogareru,aseru,jireru,jirasu	0,0,0,0,0,0,0	0,0,0,0,0,0,0	KANJIDIC,PYPINYIN,UNIHAN,WORDSHK_CHARS
U+712B	焫	ゼツ,ネチ,やく	zetsu,nechi,yaku	0,0,0	0,0,0	KANJIDIC,PYPINYIN,UNIHAN,WORDSHK_CHARS
U+712D	焭	ケイ,ひとりもの	kei,hitorimono	0,0	0,0	KANJIDIC,PYPINYIN,UNIHAN
U+712E	焮	キン	kin	0	0	KANJIDIC,PYPINYIN,UNIHAN
U+712F	焯	シャク,トク,タク,ショウ,あきらか	shaku,toku,taku,shou,akiraka	0,0,0,0,0	0,0,0,0,0	KANJIDIC,PYPINYIN,UNIHAN,WORDSHK_CHARS
U+7130	焰	エン,ほのお	en,honoo	0,0	0,0	KANJIDIC,PYPINYIN,UNIHAN,WORDSHK_CHARS
U+7131	焱	エン,ケキ,キャク,ほのお	en,keki,kyaku,honoo	0,0,0,0	0,0,0,0	KANJIDIC,PYPINYIN,UNIHAN
U+7136	然	ゼン,ネン,しか,しかり,しかし,さ	zen,nen,shika,shikari,shikashi,sa	0,0,0,0,0,0	0,0,0,0,0,0	KANJIDIC,PYPINYIN,UNIHAN,WORDSHK_CHARS
U+7138	焸	コ,ク,ケイ,キョウ	ko,ku,kei,kyou	0,0,0,0	0,0,0,0	KANJIDIC,PYPINYIN,UNIHAN
U+713C	焼	ショウ,やく,やき,やける	shou,yaku,yaki,yakeru	0,0,0,0	0,0,0,0	KANJIDIC,PYPINYIN,UNIHAN
U+7141	煁	シン,かまど	shin,kamado	0,0	0,0	KANJIDIC,PYPINYIN,UNIHAN
U+7145	煅	タン,きたえる	tan,kitaeru	0,0	0,0	KANJIDIC,PYPINYIN,UNIHAN
U+7146	煆	カ,ケ,あつい	ka,ke,atsui	0,0,0	0,0,0	KANJIDIC,PYPINYIN,UNIHAN
U+7147	煇	キ,ケン,カン,クン,ひかり	ki,ken,kan,kun,hikari	0,0,0,0,0	0,0,0,0,0	KANJIDIC,PYPINYIN,UNIHAN
U+7149	煉	レン,ねる	ren,neru	0,0	0,0	KANJIDIC,PYPINYIN,UNIHAN,WORDSHK_CHARS
U+714A	煊	ケン,カン,あたたか	ken,kan,atataka	0,0,0	0,0,0	KANJIDIC,PYPINYIN,UNIHAN
U+714B	煋	セイ,ショウ,あつい	sei,shou,atsui	0,0,0	0,0,0	KANJIDIC,PYPINYIN,UNIHAN
U+714C	煌	コウ,きらめく,かがやく	kou,kirameku,kagayaku	0,0,0	0,0,0	KANJIDIC,PYPINYIN,UNIHAN,WORDSHK_CHARS
U+714E	煎	セン,せんじる,いる,にる	sen,senjiru,iru,niru	0,0,0,0	0,0,0,0	KANJIDIC,PYPINYIN,UNIHAN,WORDSHK_CHARS
U+7150	煐	エイ,ヨウ	ei,you	0,0	0,0	KANJIDIC,PYPINYIN,UNIHAN
U+7151	煑	シャ,ショ,にる,にえる	sha,sho,niru,nieru	0,0,0,0	0,0,0,0	KANJIDIC,PYPINYIN,UNIHAN
U+7152	煒	イ,キ	i,ki	0,0	0,0	KANJIDIC,PYPINYIN,UNIHAN
U+7155	煕	キ,たのしむ,ひかる,ひろい,よろこぶ,かわく,あきらか,ひろめる,ひろまる	ki,tanoshimu,hikaru,hiroi,yorokobu,kawaku,akiraka,hiromeru,hiromaru	0,0,0,0,0,0,0,0,0	0,0,0,0,0,0,0,0,0	KANJIDIC,PYPINYIN,UNIHAN
U+7156	煖	ダン,カン,ケン,ナン,あたたか,あたためる	dan,kan,ken,nan,atataka,atatameru	0,0,0,0,0,0	0,0,0,0,0,0	KANJIDIC,PYPINYIN,UNIHAN
U+7157	煗	ダン,ナン,あたたか,あたためる	dan,nan,atataka,atatameru	0,0,0,0	0,0,0,0	KANJIDIC,PYPINYIN,UNIHAN
U+7159	煙	エン,けむる,けむり,けむい	en,kemuru,kemuri,kemui	0,0,0,0	0,0,0,0	KANJIDIC,PYPINYIN,UNIHAN,WORDSHK_CHARS
U+715A	煚	ケイ,キョウ,ひ	kei,kyou,hi	0,0,0	0,0,0	KANJIDIC,PYPINYIN,UNIHAN
U+715C	煜	イク,オウ,かがやく	iku,ou,kagayaku	0,0,0	0,0,0	KANJIDIC,PYPINYIN,UNIHAN
U+715E	煞	サツ,サイ,セツ,ころす,そぐ	satsu,sai,setsu,korosu,sogu	0,0,0,0,0	0,0,0,0,0	KANJIDIC,PYPINYIN,UNIHAN,WORDSHK_CHARS
U+7160	煠	ヨウ,チョウ,ソウ,ジョウ,やく,いためる,ゆでる	you,chou,sou,jou,yaku,itameru,yuderu	0,0,0,0,0,0,0	0,0,0,0,0,0,0	KANJIDIC,PYPINYIN,UNIHAN,WORDSHK_CHARS
U+7162	煢	ケイ,ひとりもの	kei,hitorimono	0,0	0,0	KANJIDIC,PYPINYIN,UNIHAN
U+7164	煤	バイ,マイ,すす	bai,mai,susu	0,0,0	0,0,0	KANJIDIC,PYPINYIN,UNIHAN,WORDSHK_CHARS
U+7165	煥	カン,あきらか	kan,akiraka	0,0	0,0	KANJIDIC,PYPINYIN,UNIHAN,WORDSHK_CHARS
U+7166	煦	ク,あたためる	ku,atatameru	0,0	0,0	KANJIDIC,PYPINYIN,UNIHAN
U+7167	照	ショウ,てる,てらす,てれる	shou,teru,terasu,tereru	0,0,0,0	0,0,0,0	KANJIDIC,PYPINYIN,UNIHAN,WORDSHK_CHARS
U+7168	煨	ワイ,ウツ,ウチ,うずみび	wai,utsu,uchi,uzumibi	0,0,0,0	0,0,0,0	KANJIDIC,PYPINYIN,UNIHAN,WORDSHK_CHARS
U+7169	煩	ハン,ボン,わずらう,わずらわす,うるさがる,うるさい	han,bon,wazurau,wazurawasu,urusagaru,urusai	0,0,0,0,0,0	0,0,0,0,0,0	KANJIDIC,PYPINYIN,UNIHAN,WORDSHK_CHARS
U+716C	煬	ヨウ,あぶる,やく	you,aburu,yaku	0,0,0	0,0,0	KANJIDIC,PYPINYIN,UNIHAN
U+716E	煮	シャ,にる,に,にえる,にやす	sha,niru,ni,nieru,niyasu	0,0,0,0,0	0,0,0,0,0	KANJIDIC,PYPINYIN,UNIHAN,WORDSHK_CHARS
U+7179	煹	コウ,ク,のろし	kou,ku,noroshi	0,0,0	0,0,0	KANJIDIC,PYPINYIN,UNIHAN
U+717D	煽	セン,あおる,おだてる,おこる	sen,aoru,odateru,okoru	0,0,0,0	0,0,0,0	KANJIDIC,PYPINYIN,UNIHAN,WORDSHK_CHARS
U+7180	熀	ヨウ,キョウ,コウ,さかん	you,kyou,kou,sakan	0,0,0,0	0,0,0,0	KANJIDIC,PYPINYIN,UNIHAN
U+7184	熄	ソク,きえる,やむ	soku,kieru,yamu	0,0,0	0,0,0	KANJIDIC,PYPINYIN,UNIHAN,WORDSHK_CHARS
U+7185	熅	ウン,オン,うずみび,いきれ	un,on,uzumibi,ikire	0,0,0,0	0,0,0,0	KANJIDIC,PYPINYIN,UNIHAN
U+7187	熇	コク,カク,コウ,あつい	koku,kaku,kou,atsui	0,0,0,0	0,0,0,0	KANJIDIC,PYPINYIN,UNIHAN
U+7188	熈	キ,たのしむ,ひかる,ひろい,よろこぶ,かわく,あきらか,ひろめる,ひろまる	ki,tanoshimu,hikaru,hiroi,yorokobu,kawaku,akiraka,hiromeru,hiromaru	0,0,0,0,0,0,0,0,0	0,0,0,0,0,0,0,0,0	KANJIDIC,PYPINYIN,UNIHAN
U+718A	熊	ユウ,くま	yuu,kuma	0,0	0,0	KANJIDIC,PYPINYIN,UNIHAN,WORDSHK_CHARS
U+718C	熌	セン,もえあがる	sen,moeagaru	0,0	0,0	KANJIDIC,PYPINYIN,UNIHAN
U+718F	熏	クン,くすべる,ふすべる,いぶす,いぶる,くすぶる,くゆらす	kun,kusuberu,fusuberu,ibusu,iburu,kusuburu,kuyurasu	0,0,0,0,0,0,0	0,0,0,0,0,0,0	KANJIDIC,PYPINYIN,UNIHAN,WORDSHK_CHARS
U+7192	熒	ケイ,ギョウ,コウ,ひかり	kei,gyou,kou,hikari	0,0,0,0	0,0,0,0	KANJIDIC,PYPINYIN,UNIHAN,WORDSHK_CHARS
U+7194	熔	ヨウ,とける,とかす,いがた	you,tokeru,tokasu,igata	0,0,0,0	0,0,0,0	KANJIDIC,PYPINYIN,UNIHAN,WORDSHK_CHARS
U+7195	熕	おおづつ	oozutsu	0	0	KANJIDIC,PYPINYIN,UNIHAN
U+7199	熙	キ,たのしむ,ひかる,ひろい,よろこぶ,かわく,あきらか,ひろめる,ひろまる	ki,tanoshimu,hikaru,hiroi,yorokobu,kawaku,akiraka,hiromeru,hiromaru	0,0,0,0,0,0,0,0,0	0,0,0,0,0,0,0,0,0	KANJIDIC,PYPINYIN,UNIHAN,WORDSHK_CHARS
U+719A	熚	ヒツ,ヒチ	hitsu,hichi	0,0	0,0	KANJIDIC,PYPINYIN,UNIHAN
U+719B	熛	ヒョウ	hyou	0	0	KANJIDIC,PYPINYIN,UNIHAN,WORDSHK_CHARS
U+719F	熟	ジュク,うれる	juku,ureru	0,0	0,0	KANJIDIC,PYPINYIN,UNIHAN,WORDSHK_CHARS
U+71A0	熠	ユウ,シュウ,ひかり	yuu,shuu,hikari	0,0,0	0,0,0	KANJIDIC,PYPINYIN,UNIHAN,WORDSHK_CHARS
U+71A2	熢	ホウ,のろし,とぶひ	hou,noroshi,tobuhi	0,0,0	0,0,0	KANJIDIC,PYPINYIN,UNIHAN
U+71A8	熨	イ,ウツ,のし,おさえる,のす,ひのし	i,utsu,noshi,osaeru,nosu,hinoshi	0,0,0,0,0,0	0,0,0,0,0,0	KANJIDIC,PYPINYIN,UNIHAN,WORDSHK_CHARS
U+71AC	熬	ゴウ,いる	gou,iru	0,0	0,0	KANJIDIC,PYPINYIN,UNIHAN,WORDSHK_CHARS
U+71AF	熯	ゼン,ネン,ガン,かわく	zen,nen,gan,kawaku	0,0,0,0	0,0,0,0	KANJIDIC,PYPINYIN,UNIHAN
U+71B0	熰	オウ,ウ,まるやき	ou,u,maruyaki	0,0,0	0,0,0	KANJIDIC,PYPINYIN,UNIHAN,WORDSHK_CHARS
U+71B1	熱	ネツ,あつい	netsu,atsui	0,0	0,0	KANJIDIC,PYPINYIN,UNIHAN,WORDSHK_CHARS
U+71B2	熲	ケイ,キョウ,ひかり	kei,kyou,hikari	0,0,0	0,0,0	KANJIDIC,PYPINYIN,UNIHAN
U+71B3	熳	マン,みだりに	man,midarini	0,0	0,0	KANJIDIC,PYPINYIN,UNIHAN
U+71B9	熹	キ,あぶる,あかるい	ki,aburu,akarui	0,0,0	0,0,0	KANJIDIC,PYPINYIN,UNIHAN
U+71BA	熺	キ,あぶる,あかるい	ki,aburu,akarui	0,0,0	0,0,0	KANJIDIC,PYPINYIN,UNIHAN
U+71BE	熾	シ,おこる,おこす,さかん	shi,okoru,okosu,sakan	0,0,0,0	0,0,0,0	KANJIDIC,PYPINYIN,UNIHAN,WORDSHK_CHARS
U+71BF	熿	コウ,オウ,かがやく	kou,ou,kagayaku	0,0,0	0,0,0	KANJIDIC,PYPINYIN,UNIHAN
U+71C0	燀	セン,タン,たく	sen,tan,taku	0,0,0	0,0,0	KANJIDIC,PYPINYIN,UNIHAN
U+71C1	燁	ヨウ,ユウ,オウ,さかん	you,yuu,ou,sakan	0,0,0,0	0,0,0,0	KANJIDIC,PYPINYIN,UNIHAN
U+71C3	燃	ネン,もえる,もやす,もす	nen,moeru,moyasu,mosu	0,0,0,0	0,0,0,0	KANJIDIC,PYPINYIN,UNIHAN,WORDSHK_CHARS
U+71C4	燄	エン,ほのお	en,honoo	0,0	0,0	KANJIDIC,PYPINYIN,UNIHAN,WORDSHK_CHARS
U+71C8	燈	トウ,ひ,ほ,ともしび,ともす,あかり	tou,hi,ho,tomoshibi,tomosu,akari	0,0,0,0,0,0	0,0,0,0,0,0	KANJIDIC,PYPINYIN,UNIHAN,WORDSHK_CHARS
U+71C9	燉	トン	ton	0	0	KANJIDIC,PYPINYIN,UNIHAN,WORDSHK_CHARS
U+71CB	燋	ショウ,セキ,シャク,たいまつ	shou,seki,shaku,taimatsu	0,0,0,0	0,0,0,0	KANJIDIC,PYPINYIN,UNIHAN
U+71CC	燌	フン,ホン,ハン,たく,やく,やきがり	fun,hon,han,taku,yaku,yakigari	0,0,0,0,0,0	0,0,0,0,0,0	KANJIDIC,PYPINYIN,UNIHAN
U+71CE	燎	リョウ,かがりび	ryou,kagaribi	0,0	0,0	KANJIDIC,PYPINYIN,UNIHAN,WORDSHK_CHARS
U+71D0	燐	リン	rin	0	0	KANJIDIC,PYPINYIN,UNIHAN,WORDSHK_CHARS
U+71D2	燒	ショウ,やく,やける	shou,yaku,yakeru	0,0,0	0,0,0	KANJIDIC,PYPINYIN,UNIHAN,WORDSHK_CHARS
U+71D3	燓	フン,ホン,ハン,たく,やく,やきがり	fun,hon,han,taku,yaku,yakigari	0,0,0,0,0,0	0,0,0,0,0,0	KANJIDIC,PYPINYIN,UNIHAN
U+71D4	燔	ハン,やく	han,yaku	0,0	0,0	KANJIDIC,PYPINYIN,UNIHAN
U+71D5	燕	エン,つばめ,つばくら,つばくろ	en,tsubame,tsubakura,tsubakuro	0,0,0,0	0,0,0,0	KANJIDIC,PYPINYIN,UNIHAN,WORDSHK_CHARS
U+71D6	燖	シン,セン,にる	shin,sen,niru	0,0,0	0,0,0	KANJIDIC,PYPINYIN,UNIHAN
U+71D7	燗	ラン,カン,かんする	ran,kan,kansuru	0,0,0	0,0,0	KANJIDIC,PYPINYIN,UNIHAN
U+71D9	燙	トウ,あたためる	tou,atatameru	0,0	0,0	KANJIDIC,PYPINYIN,UNIHAN,WORDSHK_CHARS
U+71DA	燚	イツ,イチ	itsu,ichi	0,0	0,0	KANJIDIC,PYPINYIN,UNIHAN
U+71DC	燜	モン	mon	0	0	KANJIDIC,PYPINYIN,UNIHAN,WORDSHK_CHARS
U+71DF	營	エイ,いとなむ,いとなみ	ei,itonamu,itonami	0,0,0	0,0,0	KANJIDIC,PYPINYIN,UNIHAN,WORDSHK_CHARS
U+71E0	燠	ウ,イク,オウ,おき,あたたかい	u,iku,ou,oki,atatakai	0,0,0,0,0	0,0,0,0,0	KANJIDIC,PYPINYIN,UNIHAN
U+71E5	燥	ソウ,はしゃぐ	sou,hashagu	0,0	0,0	KANJIDIC,PYPINYIN,UNIHAN,WORDSHK_CHARS
U+71E6	燦	サン,さんたる,あきらか,きらめく	san,santaru,akiraka,kirameku	0,0,0,0	0,0,0,0	KANJIDIC,PYPINYIN,UNIHAN,WORDSHK_CHARS
U+71E7	燧	スイ,ひうち,ひきり,のろし	sui,hiuchi,hikiri,noroshi	0,0,0,0	0,0,0,0	KANJIDIC,PYPINYIN,UNIHAN,WORDSHK_CHARS
U+71EC	燬	キ,やく	ki,yaku	0,0	0,0	KANJIDIC,PYPINYIN,UNIHAN,WORDSHK_CHARS
U+71ED	燭	ソク,ショク,ともしび	soku,shoku,tomoshibi	0,0,0	0,0,0	KANJIDIC,PYPINYIN,UNIHAN,WORDSHK_CHARS
U+71EE	燮	ショウ	shou	0	0	KANJIDIC,PYPINYIN,UNIHAN
U+71F5	燵	タツ	tatsu	0	0	KANJIDIC,PYPINYIN,UNIHAN
U+71F8	燸	ニュ,ダン,ジュ,あたためる	nyu,dan,ju,atatameru	0,0,0,0	0,0,0,0	KANJIDIC,PYPINYIN,UNIHAN
U+71F9	燹	セン,のび	sen,nobi	0,0	0,0	KANJIDIC,PYPINYIN,UNIHAN
U+71FB	燻	クン,くすべる,ふすべる,いぶす,いぶる,くすぶる,くゆらす	kun,kusuberu,fusuberu,ibusu,iburu,kusuburu,kuyurasu	0,0,0,0,0,0,0	0,0,0,0,0,0,0	KANJIDIC,PYPINYIN,UNIHAN,WORDSHK_CHARS
U+71FC	燼	ジン,もえのこり	jin,moenokori	0,0	0,0	KANJIDIC,PYPINYIN,UNIHAN,WORDSHK_CHARS
U+71FE	燾	トウ,チュウ,ジュ,てらす	tou,chuu,ju,terasu	0,0,0,0	0,0,0,0	KANJIDIC,PYPINYIN,UNIHAN
U+71FF	燿	ヨウ,かがやく,ひかり	you,kagayaku,hikari	0,0,0	0,0,0	KANJIDIC,PYPINYIN,UNIHAN
U+7200	爀	カク,あかい,かがやく	kaku,akai,kagayaku	0,0,0	0,0,0	KANJIDIC,PYPINYIN,UNIHAN
U+7206	爆	バク,はぜる	baku,hazeru	0,0	0,0	KANJIDIC,PYPINYIN,UNIHAN,WORDSHK_CHARS
U+7207	爇	ゼツ,ネチ,ゼイ,ネイ,ネツ,やく	zetsu,nechi,zei,nei,netsu,yaku	0,0,0,0,0,0	0,0,0,0,0,0	KANJIDIC,PYPINYIN,UNIHAN
U+7208	爈	リョ,ロ,やく,やまび	ryo,ro,yaku,yamabi	0,0,0,0	0,0,0,0	KANJIDIC,PYPINYIN,UNIHAN
U+7209	爉	ロウ,リョウ	rou,ryou	0,0	0,0	KANJIDIC,PYPINYIN,UNIHAN,WORDSHK_CHARS
U+720D	爍	シャク,とかす,ひかる	shaku,tokasu,hikaru	0,0,0	0,0,0	KANJIDIC,PYPINYIN,UNIHAN,WORDSHK_CHARS
U+7210	爐	ロ,いろり	ro,irori	0,0	0,0	KANJIDIC,PYPINYIN,UNIHAN,WORDSHK_CHARS
U+7213	爓	エン,セン,ひかり	en,sen,hikari	0,0,0	0,0,0	KANJIDIC,PYPINYIN,UNIHAN
U+7217	爗	ヨウ,ユウ,オウ,さかん	you,yuu,ou,sakan	0,0,0,0	0,0,0,0	KANJIDIC,PYPINYIN,UNIHAN
U+721A	爚	ヤク,シャク	yaku,shaku	0,0	0,0	KANJIDIC,PYPINYIN,UNIHAN
U+721B	爛	ラン,ただれる	ran,tadareru	0,0	0,0	KANJIDIC,PYPINYIN,UNIHAN,WORDSHK_CHARS
U+721D	爝	シャク,サク,ショウ,たいまつ	shaku,saku,shou,taimatsu	0,0,0,0	0,0,0,0	KANJIDIC,PYPINYIN,UNIHAN
U+721F	爟	カン,ケン,やく	kan,ken,yaku	0,0,0	0,0,0	KANJIDIC,PYPINYIN,UNIHAN
U+7224	爤	ラン,ただれる	ran,tadareru	0,0	0,0	KANJIDIC,PYPINYIN,UNIHAN
U+7228	爨	サン,かしぐ,かまど	san,kashigu,kamado	0,0,0	0,0,0	KANJIDIC,PYPINYIN,UNIHAN,WORDSHK_CHARS
U+722A	爪	ソウ,つめ,つま	sou,tsume,tsuma	0,0,0	0,0,0	KANJIDIC,PYPINYIN,UNIHAN,WORDSHK_CHARS
U+722C	爬	ハ,かく,はう	ha,kaku,hau	0,0,0	0,0,0	KANJIDIC,PYPINYIN,UNIHAN,WORDSHK_CHARS
U+722D	爭	ソウ,あらそう,いかでか	sou,arasou,ikadeka	0,0,0	0,0,0	KANJIDIC,PYPINYIN,UNIHAN,WORDSHK_CHARS
U+722F	爯	ショウ,となえ,あげる	shou,tonae,ageru	0,0,0	0,0,0	KANJIDIC,PYPINYIN,UNIHAN
U+7230	爰	エン,ここに	en,kokoni	0,0	0,0	KANJIDIC,PYPINYIN,UNIHAN
U+7232	爲	イ,ため,なる,なす,する,たり,つくる,なり	i,tame,naru,nasu,suru,tari,tsukuru,nari	0,0,0,0,0,0,0,0	0,0,0,0,0,0,0,0	KANJIDIC,PYPINYIN,UNIHAN
U+7234	爴	カク,さらう,つかむ	kaku,sarau,tsukamu	0,0,0	0,0,0	KANJIDIC,PYPINYIN,UNIHAN
U+7235	爵	シャク	shaku	0	0	KANJIDIC,PYPINYIN,UNIHAN,WORDSHK_CHARS
U+7236	父	フ,ちち	fu,chichi	0,0	0,0	KANJIDIC,PYPINYIN,UNIHAN,WORDSHK_CHARS
U+7238	爸	ハ	ha	0	0	KANJIDIC,PYPINYIN,UNIHAN,WORDSHK_CHARS
U+7239	爹	タ	ta	0	0	KANJIDIC,PYPINYIN,UNIHAN,WORDSHK_CHARS
U+723A	爺	ヤ,じい,じじい,おやじ,じじ,ちち	ya,jii,jijii,oyaji,jiji,chichi	0,0,0,0,0,0	0,0,0,0,0,0	KANJIDIC,PYPINYIN,UNIHAN,WORDSHK_CHARS
U+723B	爻	コウ,ギョウ,まじわる	kou,gyou,majiwaru	0,0,0	0,0,0	KANJIDIC,PYPINYIN,UNIHAN,WORDSHK_CHARS
U+723C	爼	ソ,ショ,まないた	so,sho,manaita	0,0,0	0,0,0	KANJIDIC,PYPINYIN,UNIHAN
U+723D	爽	ソウ,あきらか,さわやか,たがう	sou,akiraka,sawayaka,tagau	0,0,0,0	0,0,0,0	KANJIDIC,PYPINYIN,UNIHAN,WORDSHK_CHARS
U+723E	爾	ジ,ニ,なんじ,しかり,その,のみ,おれ,しか	ji,ni,nanji,shikari,sono,nomi,ore,shika	0,0,0,0,0,0,0,0	0,0,0,0,0,0,0,0	KANJIDIC,PYPINYIN,UNIHAN,WORDSHK_CHARS
U+723F	爿	ショウ,ソウ	shou,sou	0,0	0,0	KANJIDIC,PYPINYIN,UNIHAN
U+7240	牀	ショウ,ソウ,ゆか	shou,sou,yuka	0,0,0	0,0,0	KANJIDIC,PYPINYIN,UNIHAN,WORDSHK_CHARS
U+7241	牁	カ,くい	ka,kui	0,0	0,0	KANJIDIC,PYPINYIN,UNIHAN
U+7242	牂	ソウ,めひつじ	sou,mehitsuji	0,0	0,0	KANJIDIC,PYPINYIN,UNIHAN
U+7243	牃	チョウ,オウチョウ,ヨウ,ショウ,ゆずりは	chou,ouchou,you,shou,yuzuriha	0,0,0,0,0	0,0,0,0,0	KANJIDIC,PYPINYIN,UNIHAN
U+7245	牅	ヨウ,かきね	you,kakine	0,0	0,0	KANJIDIC,PYPINYIN,UNIHAN
U+7246	牆	ショウ,かき	shou,kaki	0,0	0,0	KANJIDIC,PYPINYIN,UNIHAN,WORDSHK_CHARS
U+7247	片	ヘン,かた	hen,kata	0,0	0,0	KANJIDIC,PYPINYIN,UNIHAN,WORDSHK_CHARS
U+7248	版	ハン	han	0	0	KANJIDIC,PYPINYIN,UNIHAN,WORDSHK_CHARS
U+724B	牋	セン	sen	0	0	KANJIDIC,PYPINYIN,UNIHAN
U+724C	牌	ハイ,ぱい,ふだ	hai,pai,fuda	0,0,0	0,0,0	KANJIDIC,PYPINYIN,UNIHAN,WORDSHK_CHARS
U+724E	牎	ソウ,ス,まど,てんまど,けむだし	sou,su,mado,tenmado,kemudashi	0,0,0,0,0	0,0,0,0,0	KANJIDIC,PYPINYIN,UNIHAN
U+724F	牏	チュ,ユ,シュ	chu,yu,shu	0,0,0	0,0,0	KANJIDIC,PYPINYIN,UNIHAN
U+7250	牐	ソウ,ジョウ,いたがこい	sou,jou,itagakoi	0,0,0	0,0,0	KANJIDIC,PYPINYIN,UNIHAN
U+7252	牒	チョウ,ジョウ,ふだ	chou,jou,fuda	0,0,0	0,0,0	KANJIDIC,PYPINYIN,UNIHAN
U+7253	牓	ホウ,かじ,たてふだ,ふだ	hou,kaji,tatefuda,fuda	0,0,0,0	0,0,0,0	KANJIDIC,PYPINYIN,UNIHAN
U+7255	牕	ソウ,ス,まど,てんまど,けむだし	sou,su,mado,tenmado,kemudashi	0,0,0,0,0	0,0,0,0,0	KANJIDIC,PYPINYIN,UNIHAN
U+7256	牖	ユウ,ユ,まど	yuu,yu,mado	0,0,0	0,0,0	KANJIDIC,PYPINYIN,UNIHAN
U+7258	牘	トク,かきもの,ふだ	toku,kakimono,fuda	0,0,0	0,0,0	KANJIDIC,PYPINYIN,UNIHAN,WORDSHK_CHARS
U+7259	牙	ガ,ゲ,きば,は	ga,ge,kiba,ha	0,0,0,0	0,0,0,0	KANJIDIC,PYPINYIN,UNIHAN,WORDSHK_CHARS
U+725A	牚	トウ,チョウ,はしら	tou,chou,hashira	0,0,0	0,0,0	KANJIDIC,PYPINYIN,UNIHAN
U+725B	牛	ギュウ,うし	gyuu,ushi	0,0	0,0	KANJIDIC,PYPINYIN,UNIHAN,WORDSHK_CHARS
U+725D	牝	ヒン,めす,め,めん	hin,mesu,me,men	0,0,0,0	0,0,0,0	KANJIDIC,PYPINYIN,UNIHAN
U+725E	牞	キュウ,ク	kyuu,ku	0,0	0,0	KANJIDIC,PYPINYIN,UNIHAN
U+725F	牟	ボウ,ム	bou,mu	0,0	0,0	KANJIDIC,PYPINYIN,UNIHAN,WORDSHK_CHARS
U+7260	牠	タ	ta	0	0	KANJIDIC,PYPINYIN,UNIHAN,WORDSHK_CHARS
U+7261	牡	ボ,ボウ,おす,お,おん	bo,bou,osu,o,on	0,0,0,0,0	0,0,0,0,0	KANJIDIC,PYPINYIN,UNIHAN,WORDSHK_CHARS
U+7262	牢	ロウ,かたい,ひとや	rou,katai,hitoya	0,0,0	0,0,0	KANJIDIC,PYPINYIN,UNIHAN,WORDSHK_CHARS
U+7263	牣	ジン,ニン,みちる	jin,nin,michiru	0,0,0	0,0,0	KANJIDIC,PYPINYIN,UNIHAN
U+7267	牧	ボク,まき	boku,maki	0,0	0,0	KANJIDIC,PYPINYIN,UNIHAN,WORDSHK_CHARS
U+7268	牨	コウ,チン,おうし	kou,chin,oushi	0,0,0	0,0,0	KANJIDIC,PYPINYIN,UNIHAN
U+7269	物	ブツ,モツ,もの	butsu,motsu,mono	0,0,0	0,0,0	KANJIDIC,PYPINYIN,UNIHAN,WORDSHK_CHARS
U+726B	牫	ハツ,カ,ボチ,きる,そむく,うつ	hatsu,ka,bochi,kiru,somuku,utsu	0,0,0,0,0,0	0,0,0,0,0,0	KANJIDIC,PYPINYIN,UNIHAN
U+726E	牮	セン,つっぽり	sen,tsuppori	0,0	0,0	KANJIDIC,PYPINYIN,UNIHAN
U+726F	牯	コ,ク,おうし	ko,ku,oushi	0,0,0	0,0,0	KANJIDIC,PYPINYIN,UNIHAN,WORDSHK_CHARS
U+7271	牱	カ	ka	0	0	KANJIDIC,PYPINYIN,UNIHAN
U+7272	牲	セイ	sei	0	0	KANJIDIC,PYPINYIN,UNIHAN,WORDSHK_CHARS
U+7274	牴	テイ,ふれる	tei,fureru	0,0	0,0	KANJIDIC,PYPINYIN,UNIHAN
U+7277	牷	セン,いけにえ	sen,ikenie	0,0	0,0	KANJIDIC,PYPINYIN,UNIHAN
U+7278	牸	シ,めす	shi,mesu	0,0	0,0	KANJIDIC,PYPINYIN,UNIHAN
U+7279	特	トク	toku	0	0	KANJIDIC,PYPINYIN,UNIHAN,WORDSHK_CHARS
U+727B	牻	ボウ,モウ,まだら	bou,mou,madara	0,0,0	0,0,0	KANJIDIC,PYPINYIN,UNIHAN
U+727C	牼	コウ,キョウ,カン,ケン	kou,kyou,kan,ken	0,0,0,0	0,0,0,0	KANJIDIC,PYPINYIN,UNIHAN
U+727D	牽	ケン,ひく	ken,hiku	0,0	0,0	KANJIDIC,PYPINYIN,UNIHAN,WORDSHK_CHARS
U+727E	牾	ゴ	go	0	0	KANJIDIC,PYPINYIN,UNIHAN
U+727F	牿	コク,おり	koku,ori	0,0	0,0	KANJIDIC,PYPINYIN,UNIHAN
U+7280	犀	サイ,セイ	sai,sei	0,0	0,0	KANJIDIC,PYPINYIN,UNIHAN,WORDSHK_CHARS
U+7281	犁	リ,レイ,リュウ,すき	ri,rei,ryuu,suki	0,0,0,0	0,0,0,0	KANJIDIC,PYPINYIN,UNIHAN,WORDSHK_CHARS
U+7282	犂	リ,レイ,リュウ,すき	ri,rei,ryuu,suki	0,0,0,0	0,0,0,0	KANJIDIC,PYPINYIN,UNIHAN
U+7284	犄	イ,キ	i,ki	0,0	0,0	KANJIDIC,PYPINYIN,UNIHAN
U+7287	犇	ホン,ひしめく,ひしひし,はしる	hon,hishimeku,hishihishi,hashiru	0,0,0,0	0,0,0,0	KANJIDIC,PYPINYIN,UNIHAN
U+7289	犉	ジュン,ニン,ゼン,ネン	jun,nin,zen,nen	0,0,0,0	0,0,0,0	KANJIDIC,PYPINYIN,UNIHAN
U+728D	犍	ケン,コン	ken,kon	0,0	0,0	KANJIDIC,PYPINYIN,UNIHAN
U+728E	犎	ホウ,フ	hou,fu	0,0	0,0	KANJIDIC,PYPINYIN,UNIHAN
U+7292	犒	コウ,ねぎらう	kou,negirau	0,0	0,0	KANJIDIC,PYPINYIN,UNIHAN
U+7293	犓	ス,シュ,スウ	su,shu,suu	0,0,0	0,0,0	KANJIDIC,PYPINYIN,UNIHAN
U+7296	犖	ラク,まだらうし	raku,madaraushi	0,0	0,0	KANJIDIC,PYPINYIN,UNIHAN,WORDSHK_CHARS
U+729B	犛	ボウ,ミョウ,モウ,リ,からうし,やく	bou,myou,mou,ri,karaushi,yaku	0,0,0,0,0,0	0,0,0,0,0,0	KANJIDIC,PYPINYIN,UNIHAN
U+72A0	犠	ギ,キ,いけにえ	gi,ki,ikenie	0,0,0	0,0,0	KANJIDIC,PYPINYIN,UNIHAN
U+72A2	犢	トク,こうし	toku,koushi	0,0	0,0	KANJIDIC,PYPINYIN,UNIHAN,WORDSHK_CHARS
U+72A7	犧	ギ,キ,いけにえ	gi,ki,ikenie	0,0,0	0,0,0	KANJIDIC,PYPINYIN,UNIHAN,WORDSHK_CHARS
U+72A8	犨	シュウ,シュ	shuu,shu	0,0	0,0	KANJIDIC,PYPINYIN,UNIHAN
U+72AC	犬	ケン,いぬ	ken,inu	0,0	0,0	KANJIDIC,PYPINYIN,UNIHAN,WORDSHK_CHARS
U+72AE	犮	ハツ,バチ	hatsu,bachi	0,0	0,0	KANJIDIC,PYPINYIN,UNIHAN
U+72AF	犯	ハン,ボン,おかす	han,bon,okasu	0,0,0	0,0,0	KANJIDIC,PYPINYIN,UNIHAN,WORDSHK_CHARS
U+72B1	犱	ケキ,キャク	keki,kyaku	0,0	0,0	KANJIDIC,PYPINYIN,UNIHAN
U+72B2	犲	サイ,やまいぬ	sai,yamainu	0,0	0,0	KANJIDIC,PYPINYIN,UNIHAN
U+72B4	犴	カン	kan	0	0	KANJIDIC,PYPINYIN,UNIHAN
U+72B6	状	ジョウ	jou	0	0	KANJIDIC,PYPINYIN,UNIHAN
U+72B9	犹	ジョウ,ユウ,ヨウ,なお	jou,yuu,you,nao	0,0,0,0	0,0,0,0	KANJIDIC,PYPINYIN,UNIHAN
U+72BE	犾	ギン	gin	0	0	KANJIDIC,PYPINYIN,UNIHAN
U+72C0	狀	ジョウ	jou	0	0	KANJIDIC,PYPINYIN,UNIHAN,WORDSHK_CHARS
U+72C1	狁	イン	in	0	0	KANJIDIC,PYPINYIN,UNIHAN
U+72C2	狂	キョウ,くるう,くるおしい	kyou,kuruu,kuruoshii	0,0,0	0,0,0	KANJIDIC,PYPINYIN,UNIHAN,WORDSHK_CHARS
U+72C3	狃	ジュウ,なれる,ならう	juu,nareru,narau	0,0,0	0,0,0	KANJIDIC,PYPINYIN,UNIHAN
U+72C4	狄	テキ,えびす	teki,ebisu	0,0	0,0	KANJIDIC,PYPINYIN,UNIHAN,WORDSHK_CHARS
U+72C6	狆	チュウ,ちん	chuu,chin	0,0	0,0	KANJIDIC,PYPINYIN,UNIHAN
U+72C7	狇	ボク	boku	0	0	KANJIDIC,PYPINYIN,UNIHAN
U+72C9	狉	ヒ,こだぬき	hi,kodanuki	0,0	0,0	KANJIDIC,PYPINYIN,UNIHAN
U+72CC	狌	ショウ,セイ,ソウ	shou,sei,sou	0,0,0	0,0,0	KANJIDIC,PYPINYIN,UNIHAN
U+72CE	狎	オウ,コウ,なれる,あなどる	ou,kou,nareru,anadoru	0,0,0,0	0,0,0,0	KANJIDIC,PYPINYIN,UNIHAN,WORDSHK_CHARS
U+72D0	狐	コ,きつね	ko,kitsune	0,0	0,0	KANJIDIC,PYPINYIN,UNIHAN,WORDSHK_CHARS
U+72D2	狒	ヒ,ひひ	hi,hihi	0,0	0,0	KANJIDIC,PYPINYIN,UNIHAN,WORDSHK_CHARS
U+72D5	狕	オウ,ヨウ	ou,you	0,0	0,0	KANJIDIC,PYPINYIN,UNIHAN
U+72D6	狖	ユウ,ユ	yuu,yu	0,0	0,0	KANJIDIC,PYPINYIN,UNIHAN
U+72D7	狗	ク,コウ,いぬ	ku,kou,inu	0,0,0	0,0,0	KANJIDIC,PYPINYIN,UNIHAN,WORDSHK_CHARS
U+72D8	狘	ケツ,カチ	ketsu,kachi	0,0	0,0	KANJIDIC,PYPINYIN,UNIHAN
U+72D9	狙	ソ,ショ,ねらう,ねらい	so,sho,nerau,nerai	0,0,0,0	0,0,0,0	KANJIDIC,PYPINYIN,UNIHAN,WORDSHK_CHARS
U+72DB	狛	ハク,こま	haku,koma	0,0	0,0	KANJIDIC,PYPINYIN,UNIHAN
U+72DF	狟	カン,ケン	kan,ken	0,0	0,0	KANJIDIC,PYPINYIN,UNIHAN
U+72E0	狠	ガン,ゲン,コン,もとる	gan,gen,kon,motoru	0,0,0,0	0,0,0,0	KANJIDIC,PYPINYIN,UNIHAN,WORDSHK_CHARS
U+72E1	狡	コウ,キョウ,ずるい,こすい,わるがしこい	kou,kyou,zurui,kosui,warugashikoi	0,0,0,0,0	0,0,0,0,0	KANJIDIC,PYPINYIN,UNIHAN,WORDSHK_CHARS
U+72E2	狢	カク,ハク,バク,むじな	kaku,haku,baku,mujina	0,0,0,0	0,0,0,0	KANJIDIC,PYPINYIN,UNIHAN
U+72E5	狥	シュン,あまねし,したがう,となえる	shun,amaneshi,shitagau,tonaeru	0,0,0,0	0,0,0,0	KANJIDIC,PYPINYIN,UNIHAN
U+72E9	狩	シュ,かる,かり,がり	shu,karu,kari,gari	0,0,0,0	0,0,0,0	KANJIDIC,PYPINYIN,UNIHAN,WORDSHK_CHARS
U+72EC	独	ドク,トク,ひとり	doku,toku,hitori	0,0,0	0,0,0	KANJIDIC,PYPINYIN,UNIHAN
U+72ED	狭	キョウ,コウ,せまい,せばめる,せばまる,さ	kyou,kou,semai,sebameru,sebamaru,sa	0,0,0,0,0,0	0,0,0,0,0,0	KANJIDIC,PYPINYIN,UNIHAN
U+72F3	狳	ヨ	yo	0	0	KANJIDIC,PYPINYIN,UNIHAN
U+72F4	狴	ヘイ,ハイ	hei,hai	0,0	0,0	KANJIDIC,PYPINYIN,UNIHAN
U+72F7	狷	ケン	ken	0	0	KANJIDIC,PYPINYIN,UNIHAN,WORDSHK_CHARS
U+72F8	狸	リ,ライ,たぬき	ri,rai,tanuki	0,0,0	0,0,0	KANJIDIC,PYPINYIN,UNIHAN,WORDSHK_CHARS
U+72F9	狹	キョウ,コウ,せまい,せばめる,せばまる,さ	kyou,kou,semai,sebameru,sebamaru,sa	0,0,0,0,0,0	0,0,0,0,0,0	KANJIDIC,PYPINYIN,UNIHAN,WORDSHK_CHARS
U+72FA	狺	ゲン,ゴン,ギン	gen,gon,gin	0,0,0	0,0,0	KANJIDIC,PYPINYIN,UNIHAN
U+72FB	狻	サン,シュン	san,shun	0,0	0,0	KANJIDIC,PYPINYIN,UNIHAN
U+72FC	狼	ロウ,おおかみ	rou,ookami	0,0	0,0	KANJIDIC,PYPINYIN,UNIHAN,WORDSHK_CHARS
U+72FD	狽	ケン,バイ,ハイ	ken,bai,hai	0,0,0	0,0,0	KANJIDIC,PYPINYIN,UNIHAN,WORDSHK_CHARS
U+72FE	狾	セイ,ケイ	sei,kei	0,0	0,0	KANJIDIC,PYPINYIN,UNIHAN
U+7302	猂	カン,たけし,あらし	kan,takeshi,arashi	0,0,0	0,0,0	KANJIDIC,PYPINYIN,UNIHAN
U+7304	猄	ケイ,キョウ	kei,kyou	0,0	0,0	KANJIDIC,PYPINYIN,UNIHAN,WORDSHK_CHARS
U+7305	猅	ハイ	hai	0	0	KANJIDIC,PYPINYIN,UNIHAN
U+7307	猇	オウ,ヨウ,コウ,キョウ,うそぶく,いかる,しし,たたく	ou,you,kou,kyou,usobuku,ikaru,shishi,tataku	0,0,0,0,0,0,0,0	0,0,0,0,0,0,0,0	KANJIDIC,PYPINYIN,UNIHAN
U+730A	猊	ゲイ	gei	0	0	KANJIDIC,PYPINYIN,UNIHAN
U+730B	猋	ヒョウ	hyou	0	0	KANJIDIC,PYPINYIN,UNIHAN
U+730D	猍	リ,ライ,たぬき	ri,rai,tanuki	0,0,0	0,0,0	KANJIDIC,PYPINYIN,UNIHAN
U+7312	猒	エン,オウ,ヨウ,あきる	en,ou,you,akiru	0,0,0,0	0,0,0,0	KANJIDIC,PYPINYIN,UNIHAN
U+7313	猓	カ	ka	0	0	KANJIDIC,PYPINYIN,UNIHAN
U+7316	猖	ショウ,くるう	shou,kuruu	0,0	0,0	KANJIDIC,PYPINYIN,UNIHAN,WORDSHK_CHARS
U+7317	猗	イ,ア,ああ	i,a,aa	0,0,0	0,0,0	KANJIDIC,PYPINYIN,UNIHAN
U+7318	猘	セイ,ケイ	sei,kei	0,0	0,0	KANJIDIC,PYPINYIN,UNIHAN
U+7319	猙	ソウ,ショウ	sou,shou	0,0	0,0	KANJIDIC,PYPINYIN,UNIHAN,WORDSHK_CHARS
U+731B	猛	モウ	mou	0	0	KANJIDIC,PYPINYIN,UNIHAN,WORDSHK_CHARS
U+731C	猜	サイ,そねむ	sai,sonemu	0,0	0,0	KANJIDIC,PYPINYIN,UNIHAN,WORDSHK_CHARS
U+731D	猝	ソツ,にわか	sotsu,niwaka	0,0	0,0	KANJIDIC,PYPINYIN,UNIHAN,WORDSHK_CHARS
U+731E	猞	シャ	sha	0	0	KANJIDIC,PYPINYIN,UNIHAN
U+731F	猟	リョウ,かり,かる	ryou,kari,karu	0,0,0	0,0,0	KANJIDIC,PYPINYIN,UNIHAN
U+7322	猢	コ	ko	0	0	KANJIDIC,PYPINYIN,UNIHAN,WORDSHK_CHARS
U+7324	猤	キ,たけしい,いさましい	ki,takeshii,isamashii	0,0,0	0,0,0	KANJIDIC,PYPINYIN,UNIHAN
U+7325	猥	ワイ,みだら,みだりに	wai,midara,midarini	0,0,0	0,0,0	KANJIDIC,PYPINYIN,UNIHAN,WORDSHK_CHARS
U+7327	猧	カ,ワ,ちん	ka,wa,chin	0,0,0	0,0,0	KANJIDIC,PYPINYIN,UNIHAN
U+7328	猨	エン,さる	en,saru	0,0	0,0	KANJIDIC,PYPINYIN,UNIHAN
U+7329	猩	ショウ,セイ,ソウ,しょうじょう	shou,sei,sou,shoujou	0,0,0,0	0,0,0,0	KANJIDIC,PYPINYIN,UNIHAN,WORDSHK_CHARS
U+732A	猪	チョ,い,いのしし	cho,i,inoshishi	0,0,0	0,0,0	KANJIDIC,PYPINYIN,UNIHAN
U+732B	猫	ビョウ,ねこ	byou,neko	0,0	0,0	KANJIDIC,PYPINYIN,UNIHAN
U+732C	猬	イ,はりねずみ	i,harinezumi	0,0	0,0	KANJIDIC,PYPINYIN,UNIHAN
U+732E	献	ケン,コン,たてまつる	ken,kon,tatematsuru	0,0,0	0,0,0	KANJIDIC,PYPINYIN,UNIHAN
U+732F	猯	タン,いのしし,まみ	tan,inoshishi,mami	0,0,0	0,0,0	KANJIDIC,PYPINYIN,UNIHAN
U+7331	猱	ドウ,ノウ,ジュウ,ニュウ,さる	dou,nou,juu,nyuu,saru	0,0,0,0,0	0,0,0,0,0	KANJIDIC,PYPINYIN,UNIHAN
U+7332	猲	カツ,カチ,リョウ,ケツ,おおかみ	katsu,kachi,ryou,ketsu,ookami	0,0,0,0,0	0,0,0,0,0	KANJIDIC,PYPINYIN,UNIHAN
U+7334	猴	コウ,さる	kou,saru	0,0	0,0	KANJIDIC,PYPINYIN,UNIHAN,WORDSHK_CHARS
U+7335	猵	ヘン,ヒン	hen,hin	0,0	0,0	KANJIDIC,PYPINYIN,UNIHAN
U+7336	猶	ユウ,ユ,なお	yuu,yu,nao	0,0,0	0,0,0	KANJIDIC,PYPINYIN,UNIHAN,WORDSHK_CHARS
U+7337	猷	ユウ,ヨウ,はかりごと,はかる	yuu,you,hakarigoto,hakaru	0,0,0,0	0,0,0,0	KANJIDIC,PYPINYIN,UNIHAN
U+733A	猺	ヨウ	you	0	0	KANJIDIC,PYPINYIN,UNIHAN
U+733B	猻	ソン,さる	son,saru	0,0	0,0	KANJIDIC,PYPINYIN,UNIHAN,WORDSHK_CHARS
U+733D	猽	ベイ,ミョウ,メイ	bei,myou,mei	0,0,0	0,0,0	KANJIDIC,PYPINYIN,UNIHAN
U+733E	猾	カツ,わるがしこい	katsu,warugashikoi	0,0	0,0	KANJIDIC,PYPINYIN,UNIHAN,WORDSHK_CHARS
U+733F	猿	エン,さる	en,saru	0,0	0,0	KANJIDIC,PYPINYIN,UNIHAN,WORDSHK_CHARS
U+7343	獃	ガイ,おろか	gai,oroka	0,0	0,0	KANJIDIC,PYPINYIN,UNIHAN,WORDSHK_CHARS
U+7344	獄	ゴク	goku	0	0	KANJIDIC,PYPINYIN,UNIHAN,WORDSHK_CHARS
U+7345	獅	シ,しし	shi,shishi	0,0	0,0	KANJIDIC,PYPINYIN,UNIHAN,WORDSHK_CHARS
U+734D	獍	キョウ,ケイ,かがみ	kyou,kei,kagami	0,0,0	0,0,0	KANJIDIC,PYPINYIN,UNIHAN
U+734E	獎	ショウ,ソウ,すすめる	shou,sou,susumeru	0,0,0	0,0,0	KANJIDIC,PYPINYIN,UNIHAN,WORDSHK_CHARS
U+734F	獏	バク,ミャク	baku,myaku	0,0	0,0	KANJIDIC,PYPINYIN,UNIHAN
U+7350	獐	ショウ,のろ	shou,noro	0,0	0,0	KANJIDIC,PYPINYIN,UNIHAN
U+7352	獒	ゴウ,いぬ	gou,inu	0,0	0,0	KANJIDIC,PYPINYIN,UNIHAN,WORDSHK_CHARS
U+7356	獖	フン,ホン	fun,hon	0,0	0,0	KANJIDIC,PYPINYIN,UNIHAN
U+7357	獗	ケツ	ketsu	0	0	KANJIDIC,PYPINYIN,UNIHAN,WORDSHK_CHARS
U+7358	獘	ヘイ,ヘツ,ベチ	hei,hetsu,bechi	0,0,0	0,0,0	KANJIDIC,PYPINYIN,UNIHAN
U+735D	獝	キツ,キチ,イツ,イチ,くるう	kitsu,kichi,itsu,ichi,kuruu	0,0,0,0,0	0,0,0,0,0	KANJIDIC,PYPINYIN,UNIHAN
U+735E	獞	トウ,ズ	tou,zu	0,0	0,0	KANJIDIC,PYPINYIN,UNIHAN,WORDSHK_CHARS
U+735F	獟	ゴウ,キョウ	gou,kyou	0,0	0,0	KANJIDIC,PYPINYIN,UNIHAN
U+7360	獠	リョウ,ロウ,トウ,かり	ryou,rou,tou,kari	0,0,0,0	0,0,0,0	KANJIDIC,PYPINYIN,UNIHAN,WORDSHK_CHARS
U+7363	獣	ジュウ,けもの,けだもの	juu,kemono,kedamono	0,0,0	0,0,0	KANJIDIC,PYPINYIN,UNIHAN
U+7366	獦	カツ,カチ,リョウ,ケツ,おおかみ	katsu,kachi,ryou,ketsu,ookami	0,0,0,0,0	0,0,0,0,0	KANJIDIC,PYPINYIN,UNIHAN
U+7367	獧	ケン,はねおどる	ken,haneodoru	0,0	0,0	KANJIDIC,PYPINYIN,UNIHAN
U+7368	獨	ドク,トク,ひとり	doku,toku,hitori	0,0,0	0,0,0	KANJIDIC,PYPINYIN,UNIHAN,WORDSHK_CHARS
U+7369	獩	ワイ,エ	wai,e	0,0	0,0	KANJIDIC,PYPINYIN,UNIHAN
U+736A	獪	カイ,わるがしこい	kai,warugashikoi	0,0	0,0	KANJIDIC,PYPINYIN,UNIHAN
U+736B	獫	ケン,レン	ken,ren	0,0	0,0	KANJIDIC,PYPINYIN,UNIHAN
U+736C	獬	カイ,ゲ	kai,ge	0,0	0,0	KANJIDIC,PYPINYIN,UNIHAN
U+736E	獮	セン,かり	sen,kari	0,0	0,0	KANJIDIC,PYPINYIN,UNIHAN
U+736F	獯	クン	kun	0	0	KANJIDIC,PYPINYIN,UNIHAN
U+7370	獰	ドウ,ネイ,わるい	dou,nei,warui	0,0,0	0,0,0	KANJIDIC,PYPINYIN,UNIHAN,WORDSHK_CHARS
U+7371	獱	ヘン,ヒン	hen,hin	0,0	0,0	KANJIDIC,PYPINYIN,UNIHAN
U+7372	獲	カク,える	kaku,eru	0,0	0,0	KANJIDIC,PYPINYIN,UNIHAN,WORDSHK_CHARS
U+7375	獵	リョウ,レフ,かり,かる	ryou,refu,kari,karu	0,0,0,0	0,0,0,0	KANJIDIC,PYPINYIN,UNIHAN,WORDSHK_CHARS
U+7377	獷	コウ,キョウ,ク,あらい	kou,kyou,ku,arai	0,0,0,0	0,0,0,0	KANJIDIC,PYPINYIN,UNIHAN,WORDSHK_CHARS
U+7378	獸	ジュウ,けもの,けだもの	juu,kemono,kedamono	0,0,0	0,0,0	KANJIDIC,PYPINYIN,UNIHAN,WORDSHK_CHARS
U+7379	獹	ロ,ル,いぬ	ro,ru,inu	0,0,0	0,0,0	KANJIDIC,PYPINYIN,UNIHAN
U+737A	獺	ダツ,タツ,うそ,かわ,かわうそ	datsu,tatsu,uso,kawa,kawauso	0,0,0,0,0	0,0,0,0,0	KANJIDIC,PYPINYIN,UNIHAN,WORDSHK_CHARS
U+737B	獻	ケン,コン,たてまつる	ken,kon,tatematsuru	0,0,0	0,0,0	KANJIDIC,PYPINYIN,UNIHAN,WORDSHK_CHARS
U+737C	獼	ビ,ミ,さる	bi,mi,saru	0,0,0	0,0,0	KANJIDIC,PYPINYIN,UNIHAN,WORDSHK_CHARS
U+7380	玀	ラ	ra	0	0	KANJIDIC,PYPINYIN,UNIHAN,WORDSHK_CHARS
U+7381	玁	ケン,レン	ken,ren	0,0	0,0	KANJIDIC,PYPINYIN,UNIHAN
U+7383	玃	キャク,カク,ケキ,ク,ワク,おおざる	kyaku,kaku,keki,ku,waku,oozaru	0,0,0,0,0,0	0,0,0,0,0,0	KANJIDIC,PYPINYIN,UNIHAN
U+7384	玄	ゲン,くろ,くろい	gen,kuro,kuroi	0,0,0	0,0,0	KANJIDIC,PYPINYIN,UNIHAN,WORDSHK_CHARS
U+7385	玅	ミョウ,ビョウ,たえ	myou,byou,tae	0,0,0	0,0,0	KANJIDIC,PYPINYIN,UNIHAN
U+7386	玆	シ,ケン,しげる,ます,むしろ,ここに	shi,ken,shigeru,masu,mushiro,kokoni	0,0,0,0,0,0	0,0,0,0,0,0	KANJIDIC,PYPINYIN,UNIHAN
U+7387	率	ソツ,リツ,シュツ,ひきいる	sotsu,ritsu,shutsu,hikiiru	0,0,0,0	0,0,0,0	KANJIDIC,PYPINYIN,UNIHAN,WORDSHK_CHARS
U+7389	玉	ギョク,たま,だま	gyoku,tama,dama	0,0,0	0,0,0	KANJIDIC,PYPINYIN,UNIHAN,WORDSHK_CHARS
U+738B	王	オウ,ノウ	ou,nou	0,0	0,0	KANJIDIC,PYPINYIN,UNIHAN,WORDSHK_CHARS
U+738E	玎	テイ,チョウ,トウ	tei,chou,tou	0,0,0	0,0,0	KANJIDIC,PYPINYIN,UNIHAN
U+7390	玐	ハツ,ハチ	hatsu,hachi	0,0	0,0	KANJIDIC,PYPINYIN,UNIHAN
U+7393	玓	テキ,チャク,ひかる	teki,chaku,hikaru	0,0,0	0,0,0	KANJIDIC,PYPINYIN,UNIHAN
U+7395	玕	カン	kan	0	0	KANJIDIC,PYPINYIN,UNIHAN
U+7396	玖	キュウ,ク	kyuu,ku	0,0	0,0	KANJIDIC,PYPINYIN,UNIHAN,WORDSHK_CHARS
U+7397	玗	ウ	u	0	0	KANJIDIC,PYPINYIN,UNIHAN
U+7398	玘	キ,たま	ki,tama	0,0	0,0	KANJIDIC,PYPINYIN,UNIHAN
U+739C	玜	コウ,ク,たま	kou,ku,tama	0,0,0	0,0,0	KANJIDIC,PYPINYIN,UNIHAN
U+739E	玞	フ	fu	0	0	KANJIDIC,PYPINYIN,UNIHAN
U+739F	玟	ビン,ミン,バイ,マイ,ブン,モン	bin,min,bai,mai,bun,mon	0,0,0,0,0,0	0,0,0,0,0,0	KANJIDIC,PYPINYIN,UNIHAN
U+73A0	玠	カイ	kai	0	0	KANJIDIC,PYPINYIN,UNIHAN
U+73A2	玢	ヒン,フン,ハン,ヘン,たま	hin,fun,han,hen,tama	0,0,0,0,0	0,0,0,0,0	KANJIDIC,PYPINYIN,UNIHAN
U+73A5	玥	ゲツ,ガチ	getsu,gachi	0,0	0,0	KANJIDIC,PYPINYIN,UNIHAN,WORDSHK_CHARS
U+73A6	玦	ケツ,ケチ	ketsu,kechi	0,0	0,0	KANJIDIC,PYPINYIN,UNIHAN
U+73A9	玩	ガン,もちあそぶ,もてあそぶ	gan,mochiasobu,moteasobu	0,0,0	0,0,0	KANJIDIC,PYPINYIN,UNIHAN,WORDSHK_CHARS
U+73AA	玪	カン,ケン,ギン,ゴン,リン	kan,ken,gin,gon,rin	0,0,0,0,0	0,0,0,0,0	KANJIDIC,PYPINYIN,UNIHAN
U+73AB	玫	バイ,メ,マイ	bai,me,mai	0,0,0	0,0,0	KANJIDIC,PYPINYIN,UNIHAN,WORDSHK_CHARS
U+73AD	玭	ヒン,ヘン	hin,hen	0,0	0,0	KANJIDIC,PYPINYIN,UNIHAN
U+73B2	玲	レイ	rei	0	0	KANJIDIC,PYPINYIN,UNIHAN,WORDSHK_CHARS
U+73B3	玳	タイ,たいまい	tai,taimai	0,0	0,0	KANJIDIC,PYPINYIN,UNIHAN,WORDSHK_CHARS
U+73B5	玵	ガン	gan	0	0	KANJIDIC,PYPINYIN,UNIHAN
U+73B7	玷	テン,かける	ten,kakeru	0,0	0,0	KANJIDIC,PYPINYIN,UNIHAN,WORDSHK_CHARS
U+73B9	玹	ケン,いし	ken,ishi	0,0	0,0	KANJIDIC,PYPINYIN,UNIHAN
U+73BB	玻	ハ	ha	0	0	KANJIDIC,PYPINYIN,UNIHAN,WORDSHK_CHARS
U+73BC	玼	セイ,サイ,サ,シ,あざやか	sei,sai,sa,shi,azayaka	0,0,0,0,0	0,0,0,0,0	KANJIDIC,PYPINYIN,UNIHAN
U+73BD	玽	コウ,ク	kou,ku	0,0	0,0	KANJIDIC,PYPINYIN,UNIHAN
U+73BF	玿	ショウ	shou	0	0	KANJIDIC,PYPINYIN,UNIHAN
U+73C0	珀	ハク	haku	0	0	KANJIDIC,PYPINYIN,UNIHAN,WORDSHK_CHARS
U+73C2	珂	カ	ka	0	0	KANJIDIC,PYPINYIN,UNIHAN
U+73C5	珅	シン	shin	0	0	KANJIDIC,PYPINYIN,UNIHAN
U+73C6	珆	イ,タイ	i,tai	0,0	0,0	KANJIDIC,PYPINYIN,UNIHAN
U+73C8	珈	カ,かみかざり	ka,kamikazari	0,0	0,0	KANJIDIC,PYPINYIN,UNIHAN
U+73C9	珉	ビン,ミン	bin,min	0,0	0,0	KANJIDIC,PYPINYIN,UNIHAN
U+73CA	珊	サン,センチ,さんち	san,senchi,sanchi	0,0,0	0,0,0	KANJIDIC,PYPINYIN,UNIHAN,WORDSHK_CHARS
U+73CB	珋	リュウ,ル,いし	ryuu,ru,ishi	0,0,0	0,0,0	KANJIDIC,PYPINYIN,UNIHAN
U+73CC	珌	ヒツ,ヒチ,ヘツ,ベチ,かざり	hitsu,hichi,hetsu,bechi,kazari	0,0,0,0,0	0,0,0,0,0	KANJIDIC,PYPINYIN,UNIHAN
U+73CD	珍	チン,めずらしい,たから	chin,mezurashii,takara	0,0,0	0,0,0	KANJIDIC,PYPINYIN,UNIHAN,WORDSHK_CHARS
U+73CE	珎	チン,めずらしい,たから	chin,mezurashii,takara	0,0,0	0,0,0	KANJIDIC,PYPINYIN,UNIHAN
U+73CF	珏	カク,コク	kaku,koku	0,0	0,0	KANJIDIC,PYPINYIN,UNIHAN
U+73D2	珒	シン,たま	shin,tama	0,0	0,0	KANJIDIC,PYPINYIN,UNIHAN
U+73D3	珓	コウ,キョウ	kou,kyou	0,0	0,0	KANJIDIC,PYPINYIN,UNIHAN
U+73D6	珖	コ,コウ,たま	ko,kou,tama	0,0,0	0,0,0	KANJIDIC,PYPINYIN,UNIHAN
U+73D9	珙	キョウ,コウ	kyou,kou	0,0	0,0	KANJIDIC,PYPINYIN,UNIHAN
U+73DD	珝	ク,たま	ku,tama	0,0	0,0	KANJIDIC,PYPINYIN,UNIHAN
U+73DE	珞	ラク	raku	0	0	KANJIDIC,PYPINYIN,UNIHAN,WORDSHK_CHARS
U+73E0	珠	シュ,たま	shu,tama	0,0	0,0	KANJIDIC,PYPINYIN,UNIHAN,WORDSHK_CHARS
U+73E1	珡	キン,こと	kin,koto	0,0	0,0	KANJIDIC,PYPINYIN,UNIHAN
U+73E3	珣	シュン,たま	shun,tama	0,0	0,0	KANJIDIC,PYPINYIN,UNIHAN
U+73E5	珥	ジ,みみだま	ji,mimidama	0,0	0,0	KANJIDIC,PYPINYIN,UNIHAN
U+73E6	珦	キョウ,ドウ,ショウ	kyou,dou,shou	0,0,0	0,0,0	KANJIDIC,PYPINYIN,UNIHAN
U+73E7	珧	ヨウ,たいらぎ	you,tairagi	0,0	0,0	KANJIDIC,PYPINYIN,UNIHAN,WORDSHK_CHARS
U+73E9	珩	コウ,ギョウ	kou,gyou	0,0	0,0	KANJIDIC,PYPINYIN,UNIHAN
U+73EA	珪	ケイ,たま	kei,tama	0,0	0,0	KANJIDIC,PYPINYIN,UNIHAN
U+73ED	班	ハン	han	0	0	KANJIDIC,PYPINYIN,UNIHAN,WORDSHK_CHARS
U+73EE	珮	ハイ,おびだま	hai,obidama	0,0	0,0	KANJIDIC,PYPINYIN,UNIHAN
U+73F1	珱	エイ,ヨウ	ei,you	0,0	0,0	KANJIDIC,PYPINYIN,UNIHAN
U+73F4	珴	ガ	ga	0	0	KANJIDIC,PYPINYIN,UNIHAN
U+73F5	珵	テイ,ジョウ,チョウ	tei,jou,chou	0,0,0	0,0,0	KANJIDIC,PYPINYIN,UNIHAN
U+73F7	珷	ブ,ム	bu,mu	0,0	0,0	KANJIDIC,PYPINYIN,UNIHAN
U+73F8	珸	ゴ	go	0	0	KANJIDIC,PYPINYIN,UNIHAN
U+73F9	珹	セイ,ジョウ,たま	sei,jou,tama	0,0,0	0,0,0	KANJIDIC,PYPINYIN,UNIHAN
U+73FA	珺	クン	kun	0	0	KANJIDIC,PYPINYIN,UNIHAN
U+73FB	珻	バイ,メ,マイ,たま	bai,me,mai,tama	0,0,0,0	0,0,0,0	KANJIDIC,PYPINYIN,UNIHAN
U+73FD	珽	テイ,チョウ	tei,chou	0,0	0,0	KANJIDIC,PYPINYIN,UNIHAN
U+73FE	現	ゲン,あらわれる,あらわす,うつつ	gen,arawareru,arawasu,utsutsu	0,0,0,0	0,0,0,0	KANJIDIC,PYPINYIN,UNIHAN,WORDSHK_CHARS
U+73FF	珿	シュク,スク,サク,ひとしい	shuku,suku,saku,hitoshii	0,0,0,0	0,0,0,0	KANJIDIC,PYPINYIN,UNIHAN
U+7400	琀	カン,ゴン,ふくみだま	kan,gon,fukumidama	0,0,0	0,0,0	KANJIDIC,PYPINYIN,UNIHAN
U+7401	琁	セン,ケイ	sen,kei	0,0	0,0	KANJIDIC,PYPINYIN,UNIHAN
U+7403	球	キュウ,たま	kyuu,tama	0,0	0,0	KANJIDIC,PYPINYIN,UNIHAN,WORDSHK_CHARS
U+7404	琄	ケン,ケイ,ギョウ,たま	ken,kei,gyou,tama	0,0,0,0	0,0,0,0	KANJIDIC,PYPINYIN,UNIHAN
U+7405	琅	ロウ	rou	0	0	KANJIDIC,PYPINYIN,UNIHAN,WORDSHK_CHARS
U+7406	理	リ,ことわり	ri,kotowari	0,0	0,0	KANJIDIC,PYPINYIN,UNIHAN,WORDSHK_CHARS
U+7407	琇	シュウ,シュ,ユウ,ウ	shuu,shu,yuu,u	0,0,0,0	0,0,0,0	KANJIDIC,PYPINYIN,UNIHAN
U+7409	琉	リュウ,ル	ryuu,ru	0,0	0,0	KANJIDIC,PYPINYIN,UNIHAN,WORDSHK_CHARS
U+740A	琊	ヤ	ya	0	0	KANJIDIC,PYPINYIN,UNIHAN
U+7411	琑	サ,ちいさい,くさり	sa,chiisai,kusari	0,0,0	0,0,0	KANJIDIC,PYPINYIN,UNIHAN
U+741A	琚	キョ,コ	kyo,ko	0,0	0,0	KANJIDIC,PYPINYIN,UNIHAN
U+741B	琛	チン,シン,たから	chin,shin,takara	0,0,0	0,0,0	KANJIDIC,PYPINYIN,UNIHAN
U+7422	琢	タク,みがく	taku,migaku	0,0	0,0	KANJIDIC,PYPINYIN,UNIHAN,WORDSHK_CHARS
U+7424	琤	ソウ,ショウ	sou,shou	0,0	0,0	KANJIDIC,PYPINYIN,UNIHAN
U+7425	琥	コ	ko	0	0	KANJIDIC,PYPINYIN,UNIHAN,WORDSHK_CHARS
U+7426	琦	キ,たま	ki,tama	0,0	0,0	KANJIDIC,PYPINYIN,UNIHAN
U+7428	琨	コン	kon	0	0	KANJIDIC,PYPINYIN,UNIHAN
U+7429	琩	ショウ,みみだま	shou,mimidama	0,0	0,0	KANJIDIC,PYPINYIN,UNIHAN
U+742A	琪	キ,たま	ki,tama	0,0	0,0	KANJIDIC,PYPINYIN,UNIHAN
U+742B	琫	ホウ,フ	hou,fu	0,0	0,0	KANJIDIC,PYPINYIN,UNIHAN
U+742C	琬	エン,オン,ワン	en,on,wan	0,0,0	0,0,0	KANJIDIC,PYPINYIN,UNIHAN
U+742D	琭	コク,ロク,たま	koku,roku,tama	0,0,0	0,0,0	KANJIDIC,PYPINYIN,UNIHAN
U+742E	琮	ソウ,ス	sou,su	0,0	0,0	KANJIDIC,PYPINYIN,UNIHAN
U+742F	琯	カン,コン	kan,kon	0,0	0,0	KANJIDIC,PYPINYIN,UNIHAN
U+7430	琰	エン	en	0	0	KANJIDIC,PYPINYIN,UNIHAN
U+7431	琱	チョウ,チュウ	chou,chuu	0,0	0,0	KANJIDIC,PYPINYIN,UNIHAN
U+7432	琲	ハイ,つらぬく	hai,tsuranuku	0,0	0,0	KANJIDIC,PYPINYIN,UNIHAN
U+7433	琳	リン	rin	0	0	KANJIDIC,PYPINYIN,UNIHAN,WORDSHK_CHARS
U+7434	琴	キン,ゴン,こと	kin,gon,koto	0,0,0	0,0,0	KANJIDIC,PYPINYIN,UNIHAN,WORDSHK_CHARS
U+7435	琵	ビ,ヒ	bi,hi	0,0	0,0	KANJIDIC,PYPINYIN,UNIHAN,WORDSHK_CHARS
U+7436	琶	ハ,ベ,ワ	ha,be,wa	0,0,0	0,0,0	KANJIDIC,PYPINYIN,UNIHAN,WORDSHK_CHARS
U+7439	琹	キン,こと	kin,koto	0,0	0,0	KANJIDIC,PYPINYIN,UNIHAN
U+743A	琺	ホウ	hou	0	0	KANJIDIC,PYPINYIN,UNIHAN
U+743F	琿	コン	kon	0	0	KANJIDIC,PYPINYIN,UNIHAN
U+7440	瑀	ウ	u	0	0	KANJIDIC,PYPINYIN,UNIHAN
U+7441	瑁	マイ,バイ,ボウ,モウ	mai,bai,bou,mou	0,0,0,0	0,0,0,0	KANJIDIC,PYPINYIN,UNIHAN,WORDSHK_CHARS
U+7443	瑃	チュン	chun	0	0	KANJIDIC,PYPINYIN,UNIHAN
U+7444	瑄	セン	sen	0	0	KANJIDIC,PYPINYIN,UNIHAN
U+7446	瑆	セイ,ショウ	sei,shou	0,0	0,0	KANJIDIC,PYPINYIN,UNIHAN
U+7447	瑇	タイ,たいまい	tai,taimai	0,0	0,0	KANJIDIC,PYPINYIN,UNIHAN
U+744B	瑋	イ	i	0	0	KANJIDIC,PYPINYIN,UNIHAN
U+744D	瑍	カン	kan	0	0	KANJIDIC,PYPINYIN,UNIHAN
U+7451	瑑	テン,うきぼり	ten,ukibori	0,0	0,0	KANJIDIC,PYPINYIN,UNIHAN
U+7452	瑒	チョウ,トウ,ジョウ	chou,tou,jou	0,0,0	0,0,0	KANJIDIC,PYPINYIN,UNIHAN
U+7455	瑕	カ,あら,きず,なんぞ	ka,ara,kizu,nanzo	0,0,0,0	0,0,0,0	KANJIDIC,PYPINYIN,UNIHAN,WORDSHK_CHARS
U+7457	瑗	エン,オン,カン,ゲン	en,on,kan,gen	0,0,0,0	0,0,0,0	KANJIDIC,PYPINYIN,UNIHAN
U+7459	瑙	ノウ	nou	0	0	KANJIDIC,PYPINYIN,UNIHAN,WORDSHK_CHARS
U+745A	瑚	コ,ゴ	ko,go	0,0	0,0	KANJIDIC,PYPINYIN,UNIHAN,WORDSHK_CHARS
U+745B	瑛	エイ	ei	0	0	KANJIDIC,PYPINYIN,UNIHAN
U+745C	瑜	ユ	yu	0	0	KANJIDIC,PYPINYIN,UNIHAN,WORDSHK_CHARS
U+745D	瑝	コウ,オウ	kou,ou	0,0	0,0	KANJIDIC,PYPINYIN,UNIHAN
U+745E	瑞	ズイ,スイ,みず,しるし	zui,sui,mizu,shirushi	0,0,0,0	0,0,0,0	KANJIDIC,PYPINYIN,UNIHAN,WORDSHK_CHARS
U+745F	瑟	シツ,おおごと	shitsu,oogoto	0,0	0,0	KANJIDIC,PYPINYIN,UNIHAN,WORDSHK_CHARS
U+7460	瑠	ル,リュウ	ru,ryuu	0,0	0,0	KANJIDIC,PYPINYIN,UNIHAN
U+7462	瑢	ヨウ,ユ	you,yu	0,0	0,0	KANJIDIC,PYPINYIN,UNIHAN
U+7463	瑣	サ,ちいさい,くさり	sa,chiisai,kusari	0,0,0	0,0,0	KANJIDIC,PYPINYIN,UNIHAN,WORDSHK_CHARS
U+7464	瑤	ヨウ,たま	you,tama	0,0	0,0	KANJIDIC,PYPINYIN,UNIHAN,WORDSHK_CHARS
U+7466	瑦	オ,ウ	o,u	0,0	0,0	KANJIDIC,PYPINYIN,UNIHAN
U+7467	瑧	シン,たま	shin,tama	0,0	0,0	KANJIDIC,PYPINYIN,UNIHAN
U+7468	瑨	シン	shin	0	0	KANJIDIC,PYPINYIN,UNIHAN
U+7469	瑩	エイ	ei	0	0	KANJIDIC,PYPINYIN,UNIHAN,WORDSHK_CHARS
U+746A	瑪	メ,バ	me,ba	0,0	0,0	KANJIDIC,PYPINYIN,UNIHAN,WORDSHK_CHARS
U+746B	瑫	トウ	tou	0	0	KANJIDIC,PYPINYIN,UNIHAN
U+746D	瑭	トウ,たま	tou,tama	0,0	0,0	KANJIDIC,PYPINYIN,UNIHAN
U+746E	瑮	リツ,リチ,うつくしい	ritsu,richi,utsukushii	0,0,0	0,0,0	KANJIDIC,PYPINYIN,UNIHAN
U+746F	瑯	ロウ	rou	0	0	KANJIDIC,PYPINYIN,UNIHAN,WORDSHK_CHARS
U+7470	瑰	カイ,たま,めずらしい	kai,tama,mezurashii	0,0,0	0,0,0	KANJIDIC,PYPINYIN,UNIHAN,WORDSHK_CHARS
U+7471	瑱	テン,チン,シン,みみだま	ten,chin,shin,mimidama	0,0,0,0	0,0,0,0	KANJIDIC,PYPINYIN,UNIHAN
U+7472	瑲	ショウ,ソウ	shou,sou	0,0	0,0	KANJIDIC,PYPINYIN,UNIHAN
U+7473	瑳	サ,みがく	sa,migaku	0,0	0,0	KANJIDIC,PYPINYIN,UNIHAN
U+7476	瑶	ヨウ,たま	you,tama	0,0	0,0	KANJIDIC,PYPINYIN,UNIHAN
U+747E	瑾	キン	kin	0	0	KANJIDIC,PYPINYIN,UNIHAN,WORDSHK_CHARS
U+7480	璀	サイ,スイ	sai,sui	0,0	0,0	KANJIDIC,PYPINYIN,UNIHAN,WORDSHK_CHARS
U+7481	璁	ソウ,ス	sou,su	0,0	0,0	KANJIDIC,PYPINYIN,UNIHAN
U+7483	璃	リ	ri	0	0	KANJIDIC,PYPINYIN,UNIHAN,WORDSHK_CHARS
U+7485	璅	ソウ,サ	sou,sa	0,0	0,0	KANJIDIC,PYPINYIN,UNIHAN
U+7486	璆	キュウ,ク,ユウ,ユ	kyuu,ku,yuu,yu	0,0,0,0	0,0,0,0	KANJIDIC,PYPINYIN,UNIHAN
U+7487	璇	セン	sen	0	0	KANJIDIC,PYPINYIN,UNIHAN
U+7489	璉	レン,リン,うつわ	ren,rin,utsuwa	0,0,0	0,0,0	KANJIDIC,PYPINYIN,UNIHAN
U+748B	璋	ショウ	shou	0	0	KANJIDIC,PYPINYIN,UNIHAN,WORDSHK_CHARS
U+748F	璏	テイ,エツ,オチ,エイ,エ	tei,etsu,ochi,ei,e	0,0,0,0,0	0,0,0,0,0	KANJIDIC,PYPINYIN,UNIHAN
U+7490	璐	ロ	ro	0	0	KANJIDIC,PYPINYIN,UNIHAN,WORDSHK_CHARS
U+7491	璑	ブ,ム,いし	bu,mu,ishi	0,0,0	0,0,0	KANJIDIC,PYPINYIN,UNIHAN
U+7492	璒	トウ,いし	tou,ishi	0,0	0,0	KANJIDIC,PYPINYIN,UNIHAN
U+7498	璘	リン	rin	0	0	KANJIDIC,PYPINYIN,UNIHAN
U+7499	璙	リョウ,しろがね	ryou,shirogane	0,0	0,0	KANJIDIC,PYPINYIN,UNIHAN
U+749A	璚	ケイ,ギョウ,ケツ,ケチ	kei,gyou,ketsu,kechi	0,0,0,0	0,0,0,0	KANJIDIC,PYPINYIN,UNIHAN
U+749C	璜	コウ,オウ	kou,ou	0,0	0,0	KANJIDIC,PYPINYIN,UNIHAN
U+749E	璞	ハク,あらたま	haku,aratama	0,0	0,0	KANJIDIC,PYPINYIN,UNIHAN,WORDSHK_CHARS
U+749F	璟	エイ,ヨウ,ケイ,キョウ	ei,you,kei,kyou	0,0,0,0	0,0,0,0	KANJIDIC,PYPINYIN,UNIHAN
U+74A0	璠	ハン,ボン,たま	han,bon,tama	0,0,0	0,0,0	KANJIDIC,PYPINYIN,UNIHAN
U+74A1	璡	シン	shin	0	0	KANJIDIC,PYPINYIN,UNIHAN
U+74A2	璢	ル,リュウ	ru,ryuu	0,0	0,0	KANJIDIC,PYPINYIN,UNIHAN
U+74A3	璣	キ,ケ,たま	ki,ke,tama	0,0,0	0,0,0	KANJIDIC,PYPINYIN,UNIHAN,WORDSHK_CHARS
U+74A6	璦	アイ	ai	0	0	KANJIDIC,PYPINYIN,UNIHAN
U+74A7	璧	ヘキ,たま	heki,tama	0,0	0,0	KANJIDIC,PYPINYIN,UNIHAN,WORDSHK_CHARS
U+74A8	璨	サン	san	0	0	KANJIDIC,PYPINYIN,UNIHAN,WORDSHK_CHARS
U+74A9	璩	キョ,ゴ	kyo,go	0,0	0,0	KANJIDIC,PYPINYIN,UNIHAN
U+74AA	璪	ソウ,かざり	sou,kazari	0,0	0,0	KANJIDIC,PYPINYIN,UNIHAN
U+74AB	璫	トウ,みみかざり	tou,mimikazari	0,0	0,0	KANJIDIC,PYPINYIN,UNIHAN,WORDSHK_CHARS
U+74AE	璮	タン,たま	tan,tama	0,0	0,0	KANJIDIC,PYPINYIN,UNIHAN
U+74AF	璯	カイ,エ,ケ,かざり	kai,e,ke,kazari	0,0,0,0	0,0,0,0	KANJIDIC,PYPINYIN,UNIHAN
U+74B0	環	カン,わ	kan,wa	0,0	0,0	KANJIDIC,PYPINYIN,UNIHAN,WORDSHK_CHARS
U+74B1	璱	シツ,シチ,あざやか	shitsu,shichi,azayaka	0,0,0	0,0,0	KANJIDIC,PYPINYIN,UNIHAN
U+74B2	璲	スイ	sui	0	0	KANJIDIC,PYPINYIN,UNIHAN
U+74B5	璵	ヨ	yo	0	0	KANJIDIC,PYPINYIN,UNIHAN
U+74B9	璹	シュウ,ジュ,トウ,たま	shuu,ju,tou,tama	0,0,0,0	0,0,0,0	KANJIDIC,PYPINYIN,UNIHAN
U+74BB	璻	スイ	sui	0	0	KANJIDIC,PYPINYIN,UNIHAN
U+74BD	璽	ジ	ji	0	0	KANJIDIC,PYPINYIN,UNIHAN,WORDSHK_CHARS
U+74BF	璿	セン,ケイ,ケ	sen,kei,ke	0,0,0	0,0,0	KANJIDIC,PYPINYIN,UNIHAN
U+74C8	瓈	レイ,ライ,リ	rei,rai,ri	0,0,0	0,0,0	KANJIDIC,PYPINYIN,UNIHAN
U+74C9	瓉	サン	san	0	0	KANJIDIC,PYPINYIN,UNIHAN
U+74CA	瓊	ケイ,たま	kei,tama	0,0	0,0	KANJIDIC,PYPINYIN,UNIHAN,WORDSHK_CHARS
U+74CC	瓌	カイ,たま,めずらしい	kai,tama,mezurashii	0,0,0	0,0,0	KANJIDIC,PYPINYIN,UNIHAN
U+74CF	瓏	ロウ	rou	0	0	KANJIDIC,PYPINYIN,UNIHAN,WORDSHK_CHARS
U+74D0	瓐	ロ,ル	ro,ru	0,0	0,0	KANJIDIC,PYPINYIN,UNIHAN
U+74D3	瓓	ラン	ran	0	0	KANJIDIC,PYPINYIN,UNIHAN
U+74D4	瓔	エイ,ヨウ	ei,you	0,0	0,0	KANJIDIC,PYPINYIN,UNIHAN
U+74D8	瓘	カン,たま	kan,tama	0,0	0,0	KANJIDIC,PYPINYIN,UNIHAN
U+74DA	瓚	サン	san	0	0	KANJIDIC,PYPINYIN,UNIHAN
U+74DB	瓛	カン,ケン,コン	kan,ken,kon	0,0,0	0,0,0	KANJIDIC,PYPINYIN,UNIHAN
U+74DC	瓜	カ,ケ,うり	ka,ke,uri	0,0,0	0,0,0	KANJIDIC,PYPINYIN,UNIHAN,WORDSHK_CHARS
U+74DE	瓞	テツ,デチ	tetsu,dechi	0,0	0,0	KANJIDIC,PYPINYIN,UNIHAN
U+74DF	瓟	ハク,ホウ,ビョウ	haku,hou,byou	0,0,0	0,0,0	KANJIDIC,PYPINYIN,UNIHAN
U+74E0	瓠	コ,カク,ひさご	ko,kaku,hisago	0,0,0	0,0,0	KANJIDIC,PYPINYIN,UNIHAN,WORDSHK_CHARS
U+74E2	瓢	ヒョウ,ひさご,ふくべ	hyou,hisago,fukube	0,0,0	0,0,0	KANJIDIC,PYPINYIN,UNIHAN,WORDSHK_CHARS
U+74E3	瓣	ベン,ヘン,わきまえる,わける,はなびら,あらそう	ben,hen,wakimaeru,wakeru,hanabira,arasou	0,0,0,0,0,0	0,0,0,0,0,0	KANJIDIC,PYPINYIN,UNIHAN,WORDSHK_CHARS
U+74E4	瓤	ショウ,ニョウ,ドウ,ノウ,うりわた	shou,nyou,dou,nou,uriwata	0,0,0,0,0	0,0,0,0,0	KANJIDIC,PYPINYIN,UNIHAN,WORDSHK_CHARS
U+74E6	瓦	ガ,かわら,ぐらむ	ga,kawara,guramu	0,0,0	0,0,0	KANJIDIC,PYPINYIN,UNIHAN,WORDSHK_CHARS
U+74E7	瓧	デカグラム	dekaguramu	0	0	KANJIDIC,UNIHAN
U+74E8	瓨	コウ,かめ	kou,kame	0,0	0,0	KANJIDIC,PYPINYIN,UNIHAN
U+74E9	瓩	キログラム	kiroguramu	0	0	KANJIDIC,PYPINYIN,UNIHAN
U+74EA	瓪	ハン,ホン,めがわら	han,hon,megawara	0,0,0	0,0,0	KANJIDIC,PYPINYIN,UNIHAN
U+74EB	瓫	ホン,ほとぎ,あふれる	hon,hotogi,afureru	0,0,0	0,0,0	KANJIDIC,PYPINYIN,UNIHAN
U+74EE	瓮	オウ,もたい	ou,motai	0,0	0,0	KANJIDIC,PYPINYIN,UNIHAN
U+74EF	瓯	オウ,ほとぎ,はち,かめ	ou,hotogi,hachi,kame	0,0,0,0	0,0,0,0	KANJIDIC,PYPINYIN,UNIHAN
U+74F0	瓰	デシグラム	deshiguramu	0	0	KANJIDIC,UNIHAN
U+74F1	瓱	ミリグラム	miriguramu	0	0	KANJIDIC,UNIHAN
U+74F2	瓲	トン	ton	0	0	KANJIDIC,PYPINYIN,UNIHAN
U+74F4	瓴	レイ,リイ,リョウ,かめ	rei,rii,ryou,kame	0,0,0,0	0,0,0,0	KANJIDIC,PYPINYIN,UNIHAN
U+74F6	瓶	ビン,ヘイ,かめ	bin,hei,kame	0,0,0	0,0,0	KANJIDIC,PYPINYIN,UNIHAN,WORDSHK_CHARS
U+74F7	瓷	シ,かめ	shi,kame	0,0	0,0	KANJIDIC,PYPINYIN,UNIHAN,WORDSHK_CHARS
U+74F8	瓸	ヘクトグラム	hekutoguramu	0	0	KANJIDIC,PYPINYIN,UNIHAN
U+74FA	瓺	チョウ,ジョウ,かめ	chou,jou,kame	0,0,0	0,0,0	KANJIDIC,PYPINYIN,UNIHAN
U+74FB	瓻	チ,テキ,チャク,かめ	chi,teki,chaku,kame	0,0,0,0	0,0,0,0	KANJIDIC,PYPINYIN,UNIHAN
U+74FC	瓼	さらけ	sarake	0	0	KANJIDIC,UNIHAN
U+74FF	瓿	ホウ,フ,かめ	hou,fu,kame	0,0,0	0,0,0	KANJIDIC,PYPINYIN,UNIHAN
U+7501	甁	ヘイ,ビン,かめ	hei,bin,kame	0,0,0	0,0,0	KANJIDIC,PYPINYIN,UNIHAN
U+7503	甃	シュウ,しきがわら,いしだたみ	shuu,shikigawara,ishidatami	0,0,0	0,0,0	KANJIDIC,PYPINYIN,UNIHAN
U+7504	甄	ケン,シン,すえ	ken,shin,sue	0,0,0	0,0,0	KANJIDIC,PYPINYIN,UNIHAN,WORDSHK_CHARS
U+7505	甅	センチグラム	senchiguramu	0	0	KANJIDIC,UNIHAN
U+7506	甆	シ,かめ	shi,kame	0,0	0,0	KANJIDIC,PYPINYIN,UNIHAN
U+750C	甌	オウ,ほとぎ,はち,かめ	ou,hotogi,hachi,kame	0,0,0,0	0,0,0,0	KANJIDIC,PYPINYIN,UNIHAN,WORDSHK_CHARS
U+750D	甍	ボウ,ミョウ,いらか	bou,myou,iraka	0,0,0	0,0,0	KANJIDIC,PYPINYIN,UNIHAN
U+750E	甎	セン,しきがわら,かわら	sen,shikigawara,kawara	0,0,0	0,0,0	KANJIDIC,PYPINYIN,UNIHAN
U+7511	甑	ソウ,ショウ,こしき	sou,shou,koshiki	0,0,0	0,0,0	KANJIDIC,PYPINYIN,UNIHAN
U+7512	甒	ブ,ム,かめ	bu,mu,kame	0,0,0	0,0,0	KANJIDIC,PYPINYIN,UNIHAN
U+7513	甓	ヘキ,ビャク,かわら	heki,byaku,kawara	0,0,0	0,0,0	KANJIDIC,PYPINYIN,UNIHAN
U+7515	甕	オウ,かめ,みか	ou,kame,mika	0,0,0	0,0,0	KANJIDIC,PYPINYIN,UNIHAN,WORDSHK_CHARS
U+7516	甖	オウ,エイ,ヨウ,もたい,ほとぎ,かめ	ou,ei,you,motai,hotogi,kame	0,0,0,0,0,0	0,0,0,0,0,0	KANJIDIC,PYPINYIN,UNIHAN,WORDSHK_CHARS
U+7517	甗	ゲン,ゴン,こしき	gen,gon,koshiki	0,0,0	0,0,0	KANJIDIC,PYPINYIN,UNIHAN
U+7518	甘	カン,あまい,あまえる,あまやかす,うまい	kan,amai,amaeru,amayakasu,umai	0,0,0,0,0	0,0,0,0,0	KANJIDIC,PYPINYIN,UNIHAN,WORDSHK_CHARS
U+751A	甚	ジン,はなはだ,はなはだしい	jin,hanahada,hanahadashii	0,0,0	0,0,0	KANJIDIC,PYPINYIN,UNIHAN,WORDSHK_CHARS
U+751C	甜	テン,うまい,あまい	ten,umai,amai	0,0,0	0,0,0	KANJIDIC,PYPINYIN,UNIHAN,WORDSHK_CHARS
U+751E	甞	ショウ,ジョウ,かつて,なめる	shou,jou,katsute,nameru	0,0,0,0	0,0,0,0	KANJIDIC,PYPINYIN,UNIHAN
U+751F	生	セイ,ショウ,いきる,いかす,いける,うまれる,うまれ,うむ,おう,はえる,はやす,き,なま,なる,なす,むす,う	sei,shou,ikiru,ikasu,ikeru,umareru,umare,umu,ou,haeru,hayasu,ki,nama,naru,nasu,musu,u	0,0,0,0,0,0,0,0,0,0,0,0,0,0,0,0,0	0,0,0,0,0,0,0,0,0,0,0,0,0,0,0,0,0	KANJIDIC,PYPINYIN,UNIHAN,WORDSHK_CHARS
U+7520	甠	セイ	sei	0	0	KANJIDIC,PYPINYIN,UNIHAN
U+7521	甡	シン	shin	0	0	KANJIDIC,PYPINYIN,UNIHAN
U+7523	産	サン,うむ,うまれる,うぶ,むす	san,umu,umareru,ubu,musu	0,0,0,0,0	0,0,0,0,0	KANJIDIC,PYPINYIN,UNIHAN,WORDSHK_CHARS
U+7524	甤	ズイ,ニ	zui,ni	0,0	0,0	KANJIDIC,PYPINYIN,UNIHAN
U+7525	甥	セイ,ソウ,ショウ,おい,むこ	sei,sou,shou,oi,muko	0,0,0,0,0	0,0,0,0,0	KANJIDIC,PYPINYIN,UNIHAN,WORDSHK_CHARS
U+7526	甦	ソ,コウ,よみがえる	so,kou,yomigaeru	0,0,0	0,0,0	KANJIDIC,PYPINYIN,UNIHAN,WORDSHK_CHARS
U+7527	甧	シン,ソン,おおい	shin,son,ooi	0,0,0	0,0,0	KANJIDIC,PYPINYIN,UNIHAN
U+7528	用	ヨウ,もちいる	you,mochiiru	0,0	0,0	KANJIDIC,PYPINYIN,UNIHAN,WORDSHK_CHARS
U+7529	甩	シュツ	shutsu	0	0	KANJIDIC,PYPINYIN,UNIHAN,WORDSHK_CHARS
U+752A	甪	ロク,つの	roku,tsuno	0,0	0,0	KANJIDIC,PYPINYIN,UNIHAN
U+752B	甫	ホ,フ,はじめて	ho,fu,hajimete	0,0,0	0,0,0	KANJIDIC,PYPINYIN,UNIHAN,WORDSHK_CHARS
U+752C	甬	ヨウ	you	0	0	KANJIDIC,PYPINYIN,UNIHAN
U+752F	甯	ネイ,ニュウ,デイ,ニョウ,ねがい	nei,nyuu,dei,nyou,negai	0,0,0,0,0	0,0,0,0,0	KANJIDIC,PYPINYIN,UNIHAN
U+7530	田	デン,た	den,ta	0,0	0,0	KANJIDIC,PYPINYIN,UNIHAN,WORDSHK_CHARS
U+7531	由	ユ,ユウ,ユイ,よし,よる	yu,yuu,yui,yoshi,yoru	0,0,0,0,0	0,0,0,0,0	KANJIDIC,PYPINYIN,UNIHAN,WORDSHK_CHARS
U+7532	甲	コウ,カン,きのえ	kou,kan,kinoe	0,0,0	0,0,0	KANJIDIC,PYPINYIN,UNIHAN,WORDSHK_CHARS
U+7533	申	シン,もうす,もうし,さる	shin,mousu,moushi,saru	0,0,0,0	0,0,0,0	KANJIDIC,PYPINYIN,UNIHAN,WORDSHK_CHARS
U+7536	甶	フツ,フチ,ヒ	futsu,fuchi,hi	0,0,0	0,0,0	KANJIDIC,PYPINYIN,UNIHAN
U+7537	男	ダン,ナン,おとこ,お	dan,nan,otoko,o	0,0,0,0	0,0,0,0	KANJIDIC,PYPINYIN,UNIHAN,WORDSHK_CHARS
U+7538	甸	デン,テン,かり	den,ten,kari	0,0,0	0,0,0	KANJIDIC,PYPINYIN,UNIHAN,WORDSHK_CHARS
U+7539	甹	ヘイ,ビョウ,せわしい	hei,byou,sewashii	0,0,0	0,0,0	KANJIDIC,PYPINYIN,UNIHAN
U+753A	町	チョウ,まち	chou,machi	0,0	0,0	KANJIDIC,PYPINYIN,UNIHAN
U+753B	画	ガ,カク,エ,カイ,えがく,かくする,かぎる,はかりごと,はかる	ga,kaku,e,kai,egaku,kakusuru,kagiru,hakarigoto,hakaru	0,0,0,0,0,0,0,0,0	0,0,0,0,0,0,0,0,0	KANJIDIC,PYPINYIN,UNIHAN
U+753C	甼	チョウ,まち	chou,machi	0,0	0,0	KANJIDIC,PYPINYIN,UNIHAN
U+753D	甽	ケン,ケイ,キョウ,みぞ	ken,kei,kyou,mizo	0,0,0,0	0,0,0,0	KANJIDIC,PYPINYIN,UNIHAN
U+753E	甾	シ,かめ	shi,kame	0,0	0,0	KANJIDIC,PYPINYIN,UNIHAN
U+753F	甿	モウ,ミョウ,ボウ	mou,myou,bou	0,0,0	0,0,0	KANJIDIC,PYPINYIN,UNIHAN
U+7540	畀	ヒ,あたえる,たまう	hi,ataeru,tamau	0,0,0	0,0,0	KANJIDIC,PYPINYIN,UNIHAN,WORDSHK_CHARS
U+7543	畃	シュン,いいつけ	shun,iitsuke	0,0	0,0	KANJIDIC,PYPINYIN,UNIHAN
U+7544	畄	リュウ,ル,とめる,とまる,とどめる,とどまる,るうぶる	ryuu,ru,tomeru,tomaru,todomeru,todomaru,ruuburu	0,0,0,0,0,0,0	0,0,0,0,0,0,0	KANJIDIC,PYPINYIN,UNIHAN
U+7546	畆	ボウ,ホ,モ,ム,せ,うね	bou,ho,mo,mu,se,une	0,0,0,0,0,0	0,0,0,0,0,0	KANJIDIC,PYPINYIN,UNIHAN
U+7547	畇	イン,シュン,キン,たがやす	in,shun,kin,tagayasu	0,0,0,0	0,0,0,0	KANJIDIC,PYPINYIN,UNIHAN
U+7548	畈	ハン,ホン	han,hon	0,0	0,0	KANJIDIC,PYPINYIN,UNIHAN
U+7549	畉	フ,たがやす	fu,tagayasu	0,0	0,0	KANJIDIC,PYPINYIN,UNIHAN
U+754A	畊	キョウ,コウ,たがやす	kyou,kou,tagayasu	0,0,0	0,0,0	KANJIDIC,PYPINYIN,UNIHAN
U+754B	畋	デン,テン,かり	den,ten,kari	0,0,0	0,0,0	KANJIDIC,PYPINYIN,UNIHAN
U+754C	界	カイ	kai	0	0	KANJIDIC,PYPINYIN,UNIHAN,WORDSHK_CHARS
U+754D	畍	カイ,さかい	kai,sakai	0,0	0,0	KANJIDIC,PYPINYIN,UNIHAN
U+754E	畎	ケン,テイ,キョウ,みぞ	ken,tei,kyou,mizo	0,0,0,0	0,0,0,0	KANJIDIC,PYPINYIN,UNIHAN
U+754F	畏	イ,おそれる,かしこまる,かしこ,かしこし	i,osoreru,kashikomaru,kashiko,kashikoshi	0,0,0,0,0	0,0,0,0,0	KANJIDIC,PYPINYIN,UNIHAN,WORDSHK_CHARS
U+7550	畐	フク,ヒョク,ヒキ	fuku,hyoku,hiki	0,0,0	0,0,0	KANJIDIC,PYPINYIN,UNIHAN
U+7551	畑	はた,はたけ,ばたけ	hata,hatake,batake	0,0,0	0,0,0	KANJIDIC,PYPINYIN,UNIHAN
U+7552	畒	ボウ,ホ,モ,ム,せ,うね	bou,ho,mo,mu,se,une	0,0,0,0,0,0	0,0,0,0,0,0	KANJIDIC,PYPINYIN,UNIHAN
U+7554	畔	ハン,あぜ,くろ,ほとり	han,aze,kuro,hotori	0,0,0,0	0,0,0,0	KANJIDIC,PYPINYIN,UNIHAN,WORDSHK_CHARS
U+7557	畗	トウ,フク,みちる	tou,fuku,michiru	0,0,0	0,0,0	KANJIDIC,PYPINYIN,UNIHAN
U+7559	留	リュウ,ル,とめる,とまる,とどめる,とどまる,るうぶる	ryuu,ru,tomeru,tomaru,todomeru,todomaru,ruuburu	0,0,0,0,0,0,0	0,0,0,0,0,0,0	KANJIDIC,PYPINYIN,UNIHAN,WORDSHK_CHARS
U+755A	畚	ホン,もっこ,ふご	hon,mokko,fugo	0,0,0	0,0,0	KANJIDIC,PYPINYIN,UNIHAN
U+755B	畛	シン,あぜ	shin,aze	0,0	0,0	KANJIDIC,PYPINYIN,UNIHAN
U+755C	畜	チク	chiku	0	0	KANJIDIC,PYPINYIN,UNIHAN,WORDSHK_CHARS
U+755D	畝	ボウ,ホ,モ,ム,せ,うね	bou,ho,mo,mu,se,une	0,0,0,0,0,0	0,0,0,0,0,0	KANJIDIC,PYPINYIN,UNIHAN,WORDSHK_CHARS
U+755E	畞	ボウ,ホ,モ,ム,せ,うね	bou,ho,mo,mu,se,une	0,0,0,0,0,0	0,0,0,0,0,0	KANJIDIC,PYPINYIN,UNIHAN
U+755F	畟	ショク,シキ,ソク	shoku,shiki,soku	0,0,0	0,0,0	KANJIDIC,PYPINYIN,UNIHAN
U+7560	畠	はたけ,はた	hatake,hata	0,0	0,0	KANJIDIC,PYPINYIN,UNIHAN
U+7561	畡	カイ,はて	kai,hate	0,0	0,0	KANJIDIC,PYPINYIN,UNIHAN
U+7562	畢	ヒツ,おわる,あみ,おわり,ことごとく	hitsu,owaru,ami,owari,kotogotoku	0,0,0,0,0	0,0,0,0,0	KANJIDIC,PYPINYIN,UNIHAN,WORDSHK_CHARS
U+7564	畤	ジ,シ	ji,shi	0,0	0,0	KANJIDIC,PYPINYIN,UNIHAN
U+7565	略	リャク,ほぼ,はぶく,おかす,おさめる,はかりごと,はかる	ryaku,hobo,habuku,okasu,osameru,hakarigoto,hakaru	0,0,0,0,0,0,0	0,0,0,0,0,0,0	KANJIDIC,PYPINYIN,UNIHAN,WORDSHK_CHARS
U+7566	畦	ケイ,あぜ,うね	kei,aze,une	0,0,0	0,0,0	KANJIDIC,PYPINYIN,UNIHAN
U+7567	畧	リャク,ほぼ,おかす,おさめる,はかりごと,はかる,はぶく	ryaku,hobo,okasu,osameru,hakarigoto,hakaru,habuku	0,0,0,0,0,0,0	0,0,0,0,0,0,0	KANJIDIC,PYPINYIN,UNIHAN
U+7569	畩	けさ	kesa	0	0	KANJIDIC,PYPINYIN,UNIHAN
U+756A	番	バン,つがい	ban,tsugai	0,0	0,0	KANJIDIC,PYPINYIN,UNIHAN,WORDSHK_CHARS
U+756B	畫	ガ,カク,エ,カイ,えがく,かくする,かぎる,はかりごと,はかる	ga,kaku,e,kai,egaku,kakusuru,kagiru,hakarigoto,hakaru	0,0,0,0,0,0,0,0,0	0,0,0,0,0,0,0,0,0	KANJIDIC,PYPINYIN,UNIHAN,WORDSHK_CHARS
U+756C	畬	ヨ,あらた	yo,arata	0,0	0,0	KANJIDIC,PYPINYIN,UNIHAN
U+756D	畭	ヨ,シャ	yo,sha	0,0	0,0	KANJIDIC,PYPINYIN,UNIHAN
U+756F	畯	シュン	shun	0	0	KANJIDIC,PYPINYIN,UNIHAN
U+7570	異	イ,こと,ことなる,け	i,koto,kotonaru,ke	0,0,0,0	0,0,0,0	KANJIDIC,PYPINYIN,UNIHAN,WORDSHK_CHARS
U+7571	畱	リュウ,ル,とめる,とまる,とどめる,とどまる,るうぶる	ryuu,ru,tomeru,tomaru,todomeru,todomaru,ruuburu	0,0,0,0,0,0,0	0,0,0,0,0,0,0	KANJIDIC,PYPINYIN,UNIHAN
U+7572	畲	ヨ,シャ,あらた,やきた	yo,sha,arata,yakita	0,0,0,0	0,0,0,0	KANJIDIC,PYPINYIN,UNIHAN
U+7573	畳	ジョウ,チョウ,たたむ,たたみ,かさなる	jou,chou,tatamu,tatami,kasanaru	0,0,0,0,0	0,0,0,0,0	KANJIDIC,PYPINYIN,UNIHAN
U+7574	畴	チュウ,うね,たぐい,ひとしい	chuu,une,tagui,hitoshii	0,0,0,0	0,0,0,0	KANJIDIC,PYPINYIN,UNIHAN
U+7576	當	トウ,あたる,あてる,まさに	tou,ataru,ateru,masani	0,0,0,0	0,0,0,0	KANJIDIC,PYPINYIN,UNIHAN,WORDSHK_CHARS
U+7577	畷	テツ,テイ,セイ,なわて	tetsu,tei,sei,nawate	0,0,0,0	0,0,0,0	KANJIDIC,PYPINYIN,UNIHAN
U+7578	畸	キ	ki	0	0	KANJIDIC,PYPINYIN,UNIHAN,WORDSHK_CHARS
U+7579	畹	エン	en	0	0	KANJIDIC,PYPINYIN,UNIHAN
U+757A	畺	キョウ,コウ,さかい	kyou,kou,sakai	0,0,0	0,0,0	KANJIDIC,PYPINYIN,UNIHAN
U+757B	畻	ショウ,あぜ,くろ,つつみ	shou,aze,kuro,tsutsumi	0,0,0,0	0,0,0,0	KANJIDIC,PYPINYIN,UNIHAN
U+757C	畼	チョウ,ジョウ,のびる,ながい,にわ	chou,jou,nobiru,nagai,niwa	0,0,0,0,0	0,0,0,0,0	KANJIDIC,PYPINYIN,UNIHAN
U+757D	畽	トン,タン,トウ,ツ,そろわない	ton,tan,tou,tsu,sorowanai	0,0,0,0,0	0,0,0,0,0	KANJIDIC,PYPINYIN,UNIHAN
U+757E	畾	ルイ,ライ,スイ,とりで	rui,rai,sui,toride	0,0,0,0	0,0,0,0	KANJIDIC,PYPINYIN,UNIHAN
U+757F	畿	キ,みやこ	ki,miyako	0,0	0,0	KANJIDIC,PYPINYIN,UNIHAN,WORDSHK_CHARS
U+7581	疁	リュ,ル,キク,コク,リュウ,やきばた	ryu,ru,kiku,koku,ryuu,yakibata	0,0,0,0,0,0	0,0,0,0,0,0	KANJIDIC,PYPINYIN,UNIHAN
U+7582	疂	ジョウ,チョウ,たたむ,たたみ,かさなる,かさねる	jou,chou,tatamu,tatami,kasanaru,kasaneru	0,0,0,0,0,0	0,0,0,0,0,0	KANJIDIC,PYPINYIN,UNIHAN
U+7585	疅	キョウ,コウ,さかい	kyou,kou,sakai	0,0,0	0,0,0	KANJIDIC,PYPINYIN,UNIHAN
U+7586	疆	キョウ,さかい	kyou,sakai	0,0	0,0	KANJIDIC,PYPINYIN,UNIHAN,WORDSHK_CHARS
U+7587	疇	チュウ,うね,たぐい,ひとしい	chuu,une,tagui,hitoshii	0,0,0,0	0,0,0,0	KANJIDIC,PYPINYIN,UNIHAN,WORDSHK_CHARS
U+7589	疉	ジョウ,チョウ,たたむ,たたみ,かさなる	jou,chou,tatamu,tatami,kasanaru	0,0,0,0,0	0,0,0,0,0	KANJIDIC,PYPINYIN,UNIHAN
U+758A	疊	ジョウ,チョウ,たたむ,たたみ,かさなる,かさねる	jou,chou,tatamu,tatami,kasanaru,kasaneru	0,0,0,0,0,0	0,0,0,0,0,0	KANJIDIC,PYPINYIN,UNIHAN,WORDSHK_CHARS
U+758B	疋	ヒキ,ショ,ソ,ヒツ,あし	hiki,sho,so,hitsu,ashi	0,0,0,0,0	0,0,0,0,0	KANJIDIC,PYPINYIN,UNIHAN,WORDSHK_CHARS
U+758E	疎	ソ,ショ,うとい,うとむ,まばら	so,sho,utoi,utomu,mabara	0,0,0,0,0	0,0,0,0,0	KANJIDIC,PYPINYIN,UNIHAN
U+758F	疏	ソ,ショ,あらい,うとい,うとむ,とおる,とおす,まばら	so,sho,arai,utoi,utomu,tooru,toosu,mabara	0,0,0,0,0,0,0,0	0,0,0,0,0,0,0,0	KANJIDIC,PYPINYIN,UNIHAN,WORDSHK_CHARS
U+7590	疐	チ,シ,テイ,タイ,つまずく	chi,shi,tei,tai,tsumazuku	0,0,0,0,0	0,0,0,0,0	KANJIDIC,PYPINYIN,UNIHAN
U+7591	疑	ギ,うたがう	gi,utagau	0,0	0,0	KANJIDIC,PYPINYIN,UNIHAN,WORDSHK_CHARS
U+7592	疒	ダク,ニャク,ソウ,ジョウ,シツ,やむ	daku,nyaku,sou,jou,shitsu,yamu	0,0,0,0,0,0	0,0,0,0,0,0	KANJIDIC,PYPINYIN,UNIHAN,WORDSHK_CHARS
U+7593	疓	ザイ,ナイ,ダイ,ネ,キュウ,やむ,やまい,ほっす	zai,nai,dai,ne,kyuu,yamu,yamai,hossu	0,0,0,0,0,0,0,0	0,0,0,0,0,0,0,0	KANJIDIC,PYPINYIN,UNIHAN
U+7594	疔	テイ,チョウ	tei,chou	0,0	0,0	KANJIDIC,PYPINYIN,UNIHAN
U+7595	疕	ヒ,できもの	hi,dekimono	0,0	0,0	KANJIDIC,PYPINYIN,UNIHAN
U+7599	疙	ギツ,ゴチ,キ,ケ,おろか	gitsu,gochi,ki,ke,oroka	0,0,0,0,0	0,0,0,0,0	KANJIDIC,PYPINYIN,UNIHAN
U+759A	疚	キュウ,やましい,やむ	kyuu,yamashii,yamu	0,0,0	0,0,0	KANJIDIC,PYPINYIN,UNIHAN,WORDSHK_CHARS
U+759C	疜	カ,ゲ,はらくだし	ka,ge,harakudashi	0,0,0	0,0,0	KANJIDIC,PYPINYIN,UNIHAN
U+759D	疝	セン,サン	sen,san	0,0	0,0	KANJIDIC,PYPINYIN,UNIHAN,WORDSHK_CHARS
U+75A2	疢	チン	chin	0	0	KANJIDIC,PYPINYIN,UNIHAN
U+75A3	疣	ユ,ユウ,いぼ	yu,yuu,ibo	0,0,0	0,0,0	KANJIDIC,PYPINYIN,UNIHAN
U+75A4	疤	ハ,ヘ,やまい	ha,he,yamai	0,0,0	0,0,0	KANJIDIC,PYPINYIN,UNIHAN,WORDSHK_CHARS
U+75A5	疥	カイ,はたけ	kai,hatake	0,0	0,0	KANJIDIC,PYPINYIN,UNIHAN
U+75AB	疫	エキ,ヤク	eki,yaku	0,0	0,0	KANJIDIC,PYPINYIN,UNIHAN,WORDSHK_CHARS
U+75B1	疱	ホウ,もがさ	hou,mogasa	0,0	0,0	KANJIDIC,PYPINYIN,UNIHAN
U+75B2	疲	ヒ,つかれる,づかれ,つからす	hi,tsukareru,zukare,tsukarasu	0,0,0,0	0,0,0,0	KANJIDIC,PYPINYIN,UNIHAN,WORDSHK_CHARS
U+75B3	疳	カン	kan	0	0	KANJIDIC,PYPINYIN,UNIHAN
U+75B4	疴	ア,やまい	a,yamai	0,0	0,0	KANJIDIC,PYPINYIN,UNIHAN
U+75B5	疵	シ,きず	shi,kizu	0,0	0,0	KANJIDIC,PYPINYIN,UNIHAN,WORDSHK_CHARS
U+75B8	疸	タン	tan	0	0	KANJIDIC,PYPINYIN,UNIHAN,WORDSHK_CHARS
U+75B9	疹	シン,チン,はしか	shin,chin,hashika	0,0,0	0,0,0	KANJIDIC,PYPINYIN,UNIHAN,WORDSHK_CHARS
U+75BA	疺	ホウ,ヘン,やせる	hou,hen,yaseru	0,0,0	0,0,0	KANJIDIC,PYPINYIN,UNIHAN
U+75BC	疼	トウ,うずく,いたむ	tou,uzuku,itamu	0,0,0	0,0,0	KANJIDIC,PYPINYIN,UNIHAN,WORDSHK_CHARS
U+75BD	疽	ソ,ショ,かさ	so,sho,kasa	0,0,0	0,0,0	KANJIDIC,PYPINYIN,UNIHAN
U+75BE	疾	シツ,はやい	shitsu,hayai	0,0	0,0	KANJIDIC,PYPINYIN,UNIHAN,WORDSHK_CHARS
U+75BF	疿	ヒ,あせも	hi,asemo	0,0	0,0	KANJIDIC,PYPINYIN,UNIHAN,WORDSHK_CHARS
U+75C0	痀	ク,ウ,せむし	ku,u,semushi	0,0,0	0,0,0	KANJIDIC,PYPINYIN,UNIHAN
U+75C1	痁	セン,テン,おこり	sen,ten,okori	0,0,0	0,0,0	KANJIDIC,PYPINYIN,UNIHAN
U+75C2	痂	カ,ケ,かさ,かさぶた	ka,ke,kasa,kasabuta	0,0,0,0	0,0,0,0	KANJIDIC,PYPINYIN,UNIHAN
U+75C3	痃	ゲン,ケン	gen,ken	0,0	0,0	KANJIDIC,PYPINYIN,UNIHAN
U+75C4	痄	サ,ジャ	sa,ja	0,0	0,0	KANJIDIC,PYPINYIN,UNIHAN,WORDSHK_CHARS
U+75C5	病	ビョウ,ヘイ,やむ,やみ,やまい	byou,hei,yamu,yami,yamai	0,0,0,0,0	0,0,0,0,0	KANJIDIC,PYPINYIN,UNIHAN,WORDSHK_CHARS
U+75C6	痆	ダツ,ナチ,ジツ,ニチ,きず,きずいたみ,かゆい	datsu,nachi,jitsu,nichi,kizu,kizuitami,kayui	0,0,0,0,0,0,0	0,0,0,0,0,0,0	KANJIDIC,PYPINYIN,UNIHAN
U+75C7	症	ショウ	shou	0	0	KANJIDIC,PYPINYIN,UNIHAN,WORDSHK_CHARS
U+75CA	痊	セン	sen	0	0	KANJIDIC,PYPINYIN,UNIHAN,WORDSHK_CHARS
U+75CC	痌	トウ,ズ,いたむ	tou,zu,itamu	0,0,0	0,0,0	KANJIDIC,PYPINYIN,UNIHAN
U+75CD	痍	イ,きず	i,kizu	0,0	0,0	KANJIDIC,PYPINYIN,UNIHAN,WORDSHK_CHARS
U+75CE	痎	カイ,おこり	kai,okori	0,0	0,0	KANJIDIC,PYPINYIN,UNIHAN
U+75CF	痏	イ,ユウ,ウ,うちきず	i,yuu,u,uchikizu	0,0,0,0	0,0,0,0	KANJIDIC,PYPINYIN,UNIHAN
U+75D2	痒	ヨウ,かゆがる,かさ,かゆい	you,kayugaru,kasa,kayui	0,0,0,0	0,0,0,0	KANJIDIC,PYPINYIN,UNIHAN
U+75D4	痔	ヂ,しもがさ	ji,shimogasa	0,0	0,0	KANJIDIC,PYPINYIN,UNIHAN,WORDSHK_CHARS
U+75D5	痕	コン,あと	kon,ato	0,0	0,0	KANJIDIC,PYPINYIN,UNIHAN,WORDSHK_CHARS
U+75D7	痗	バイ,マイ,カイ,やむ	bai,mai,kai,yamu	0,0,0,0	0,0,0,0	KANJIDIC,PYPINYIN,UNIHAN
U+75D8	痘	トウ	tou	0	0	KANJIDIC,PYPINYIN,UNIHAN,WORDSHK_CHARS
U+75D9	痙	ケイ,つる,ひきつる	kei,tsuru,hikitsuru	0,0,0	0,0,0	KANJIDIC,PYPINYIN,UNIHAN,WORDSHK_CHARS
U+75DB	痛	ツウ,いたい,いたむ,いたましい,いためる	tsuu,itai,itamu,itamashii,itameru	0,0,0,0,0	0,0,0,0,0	KANJIDIC,PYPINYIN,UNIHAN,WORDSHK_CHARS
U+75DC	痜	トク,かさ	toku,kasa	0,0	0,0	KANJIDIC,PYPINYIN,UNIHAN
U+75DE	痞	ヒ,つかえ	hi,tsukae	0,0	0,0	KANJIDIC,PYPINYIN,UNIHAN,WORDSHK_CHARS
U+75DF	痟	ショウ,づつう	shou,zutsuu	0,0	0,0	KANJIDIC,PYPINYIN,UNIHAN
U+75E0	痠	サン,いたむ	san,itamu	0,0	0,0	KANJIDIC,PYPINYIN,UNIHAN,WORDSHK_CHARS
U+75E1	痡	ホ,フ,やむ	ho,fu,yamu	0,0,0	0,0,0	KANJIDIC,PYPINYIN,UNIHAN
U+75E2	痢	リ	ri	0	0	KANJIDIC,PYPINYIN,UNIHAN,WORDSHK_CHARS
U+75E3	痣	シ,あざ,ほくろ	shi,aza,hokuro	0,0,0	0,0,0	KANJIDIC,PYPINYIN,UNIHAN,WORDSHK_CHARS
U+75E4	痤	サ,はれもの,えのご	sa,haremono,enogo	0,0,0	0,0,0	KANJIDIC,PYPINYIN,UNIHAN
U+75E7	痧	サ,これら	sa,korera	0,0	0,0	KANJIDIC,PYPINYIN,UNIHAN,WORDSHK_CHARS
U+75E9	痩	ソウ,チュウ,シュウ,シュ,やせる	sou,chuu,shuu,shu,yaseru	0,0,0,0,0	0,0,0,0,0	KANJIDIC,PYPINYIN,UNIHAN
U+75EC	痬	エキ,ヤク,セキ,シャク,おろか,うつる	eki,yaku,seki,shaku,oroka,utsuru	0,0,0,0,0,0	0,0,0,0,0,0	KANJIDIC,PYPINYIN,UNIHAN
U+75EE	痮	チョウ,はれる,ふくらむ,ふくれる	chou,hareru,fukuramu,fukureru	0,0,0,0	0,0,0,0	KANJIDIC,PYPINYIN,UNIHAN
U+75EF	痯	カン,やむ	kan,yamu	0,0	0,0	KANJIDIC,PYPINYIN,UNIHAN
U+75F0	痰	タン	tan	0	0	KANJIDIC,PYPINYIN,UNIHAN,WORDSHK_CHARS
U+75F1	痱	ヒ,ハイ	hi,hai	0,0	0,0	KANJIDIC,PYPINYIN,UNIHAN,WORDSHK_CHARS
U+75F2	痲	マ,バ,しびれる	ma,ba,shibireru	0,0,0	0,0,0	KANJIDIC,PYPINYIN,UNIHAN,WORDSHK_CHARS
U+75F3	痳	リン	rin	0	0	KANJIDIC,PYPINYIN,UNIHAN
U+75F4	痴	チ,しれる,おろか	chi,shireru,oroka	0,0,0	0,0,0	KANJIDIC,PYPINYIN,UNIHAN,WORDSHK_CHARS
U+75F9	痹	ヒ,しびれる	hi,shibireru	0,0	0,0	KANJIDIC,PYPINYIN,UNIHAN,WORDSHK_CHARS
U+75FA	痺	ヒ,しびれる	hi,shibireru	0,0	0,0	KANJIDIC,PYPINYIN,UNIHAN,WORDSHK_CHARS
U+75FC	痼	コ	ko	0	0	KANJIDIC,PYPINYIN,UNIHAN
U+75FE	痾	ア,やまい	a,yamai	0,0	0,0	KANJIDIC,PYPINYIN,UNIHAN,WORDSHK_CHARS
U+75FF	痿	イ,なえる	i,naeru	0,0	0,0	KANJIDIC,PYPINYIN,UNIHAN
U+7600	瘀	ヨ,オ,やまい	yo,o,yamai	0,0,0	0,0,0	KANJIDIC,PYPINYIN,UNIHAN,WORDSHK_CHARS
U+7601	瘁	スイ,つかれる	sui,tsukareru	0,0	0,0	KANJIDIC,PYPINYIN,UNIHAN,WORDSHK_CHARS
U+7602	瘂	ア,おし	a,oshi	0,0	0,0	KANJIDIC,PYPINYIN,UNIHAN
U+7603	瘃	ショク,ソク,チョク,トク,しもやけ	shoku,soku,choku,toku,shimoyake	0,0,0,0,0	0,0,0,0,0	KANJIDIC,PYPINYIN,UNIHAN
U+7604	瘄	シャク,やまい	shaku,yamai	0,0	0,0	KANJIDIC,PYPINYIN,UNIHAN
U+7607	瘇	ショウ,ジュ,はれる	shou,ju,hareru	0,0,0	0,0,0	KANJIDIC,PYPINYIN,UNIHAN
U+7608	瘈	ケイ,セイ,くるう	kei,sei,kuruu	0,0,0	0,0,0	KANJIDIC,PYPINYIN,UNIHAN
U+7609	瘉	ユ,いえる,いやす	yu,ieru,iyasu	0,0,0	0,0,0	KANJIDIC,PYPINYIN,UNIHAN,WORDSHK_CHARS
U+760A	瘊	コウ,グ,いぼ	kou,gu,ibo	0,0,0	0,0,0	KANJIDIC,PYPINYIN,UNIHAN
U+760B	瘋	フウ	fuu	0	0	KANJIDIC,PYPINYIN,UNIHAN,WORDSHK_CHARS
U+760C	瘌	ラツ,ラチ,ライ,きず	ratsu,rachi,rai,kizu	0,0,0,0	0,0,0,0	KANJIDIC,PYPINYIN,UNIHAN,WORDSHK_CHARS
U+760D	瘍	ヨウ,かさ	you,kasa	0,0	0,0	KANJIDIC,PYPINYIN,UNIHAN,WORDSHK_CHARS
U+760F	瘏	ト,ズ,やむ	to,zu,yamu	0,0,0	0,0,0	KANJIDIC,PYPINYIN,UNIHAN
U+7612	瘒	ゴン,おろか	gon,oroka	0,0	0,0	KANJIDIC,PYPINYIN,UNIHAN
U+7613	瘓	タン,やむ	tan,yamu	0,0	0,0	KANJIDIC,PYPINYIN,UNIHAN,WORDSHK_CHARS
U+7615	瘕	カ,ケ,やまい	ka,ke,yamai	0,0,0	0,0,0	KANJIDIC,PYPINYIN,UNIHAN,WORDSHK_CHARS
U+7616	瘖	イン,オン,おし	in,on,oshi	0,0,0	0,0,0	KANJIDIC,PYPINYIN,UNIHAN
U+7619	瘙	ソウ,かさ	sou,kasa	0,0	0,0	KANJIDIC,PYPINYIN,UNIHAN,WORDSHK_CHARS
U+761B	瘛	セイ,セツ,セチ,ひきつけ	sei,setsu,sechi,hikitsuke	0,0,0,0	0,0,0,0	KANJIDIC,PYPINYIN,UNIHAN
U+761C	瘜	ショク,ソク	shoku,soku	0,0	0,0	KANJIDIC,PYPINYIN,UNIHAN
U+761D	瘝	カン,ケン,やむ	kan,ken,yamu	0,0,0	0,0,0	KANJIDIC,PYPINYIN,UNIHAN
U+761E	瘞	エイ,うずめる	ei,uzumeru	0,0	0,0	KANJIDIC,PYPINYIN,UNIHAN
U+761F	瘟	オン,えやみ	on,eyami	0,0	0,0	KANJIDIC,PYPINYIN,UNIHAN,WORDSHK_CHARS
U+7620	瘠	セキ,ジャク,やせる	seki,jaku,yaseru	0,0,0	0,0,0	KANJIDIC,PYPINYIN,UNIHAN
U+7621	瘡	ソウ,ショウ,かさ	sou,shou,kasa	0,0,0	0,0,0	KANJIDIC,PYPINYIN,UNIHAN,WORDSHK_CHARS
U+7622	瘢	ハン,きず	han,kizu	0,0	0,0	KANJIDIC,PYPINYIN,UNIHAN,WORDSHK_CHARS
U+7623	瘣	カイ,ライ,やむ	kai,rai,yamu	0,0,0	0,0,0	KANJIDIC,PYPINYIN,UNIHAN
U+7624	瘤	リュウ,ル,こぶ	ryuu,ru,kobu	0,0,0	0,0,0	KANJIDIC,PYPINYIN,UNIHAN,WORDSHK_CHARS
U+7625	瘥	サ,シャ,サイ,いえる	sa,sha,sai,ieru	0,0,0,0	0,0,0,0	KANJIDIC,PYPINYIN,UNIHAN
U+7626	瘦	ソウ,チュウ,シュウ,チュ,やせる	sou,chuu,shuu,chu,yaseru	0,0,0,0,0	0,0,0,0,0	KANJIDIC,PYPINYIN,UNIHAN,WORDSHK_CHARS
U+7627	瘧	ギャク,ガク,おこり	gyaku,gaku,okori	0,0,0	0,0,0	KANJIDIC,PYPINYIN,UNIHAN,WORDSHK_CHARS
U+7629	瘩	トウ,はれもの	tou,haremono	0,0	0,0	KANJIDIC,PYPINYIN,UNIHAN
U+762D	瘭	ヒョウ,はれもの	hyou,haremono	0,0	0,0	KANJIDIC,PYPINYIN,UNIHAN
U+7630	瘰	ルイ,ラ,ライ	rui,ra,rai	0,0,0	0,0,0	KANJIDIC,PYPINYIN,UNIHAN
U+7632	瘲	ショウ,シュ,ひきつけ	shou,shu,hikitsuke	0,0,0	0,0,0	KANJIDIC,PYPINYIN,UNIHAN
U+7633	瘳	チュウ,チュ,リョウ,いえる	chuu,chu,ryou,ieru	0,0,0,0	0,0,0,0	KANJIDIC,PYPINYIN,UNIHAN
U+7634	瘴	ショウ	shou	0	0	KANJIDIC,PYPINYIN,UNIHAN,WORDSHK_CHARS
U+7635	瘵	サイ,セイ,やむ	sai,sei,yamu	0,0,0	0,0,0	KANJIDIC,PYPINYIN,UNIHAN
U+7638	瘸	カ,クウ	ka,kuu	0,0	0,0	KANJIDIC,PYPINYIN,UNIHAN,WORDSHK_CHARS
U+7639	瘹	チョウ,くるう	chou,kuruu	0,0	0,0	KANJIDIC,PYPINYIN,UNIHAN
U+763A	瘺	ル,ロウ,せむし,かさ,できもの	ru,rou,semushi,kasa,dekimono	0,0,0,0,0	0,0,0,0,0	KANJIDIC,PYPINYIN,UNIHAN
U+763B	瘻	ル,ロウ,せむし,かさ,できもの	ru,rou,semushi,kasa,dekimono	0,0,0,0,0	0,0,0,0,0	KANJIDIC,PYPINYIN,UNIHAN
U+763C	瘼	バク,マク,やむ	baku,maku,yamu	0,0,0	0,0,0	KANJIDIC,PYPINYIN,UNIHAN
U+7640	癀	コウ,オウ	kou,ou	0,0	0,0	KANJIDIC,PYPINYIN,UNIHAN
U+7641	癁	フク,やむ	fuku,yamu	0,0	0,0	KANJIDIC,PYPINYIN,UNIHAN
U+7642	療	リョウ	ryou	0	0	KANJIDIC,PYPINYIN,UNIHAN,WORDSHK_CHARS
U+7643	癃	リュウ,リュ,つかれる	ryuu,ryu,tsukareru	0,0,0	0,0,0	KANJIDIC,PYPINYIN,UNIHAN
U+7644	癄	ショウ,ソウ,やつれる,やせる	shou,sou,yatsureru,yaseru	0,0,0,0	0,0,0,0	KANJIDIC,PYPINYIN,UNIHAN
U+7645	癅	リュウ,ル,こぶ	ryuu,ru,kobu	0,0,0	0,0,0	KANJIDIC,PYPINYIN,UNIHAN
U+7646	癆	ロウ	rou	0	0	KANJIDIC,PYPINYIN,UNIHAN,WORDSHK_CHARS
U+7647	癇	カン,ひきつけ	kan,hikitsuke	0,0	0,0	KANJIDIC,PYPINYIN,UNIHAN,WORDSHK_CHARS
U+7648	癈	ハイ	hai	0	0	KANJIDIC,PYPINYIN,UNIHAN
U+7649	癉	タン,タ,やすむ	tan,ta,yasumu	0,0,0	0,0,0	KANJIDIC,PYPINYIN,UNIHAN
U+764A	癊	イン,オン	in,on	0,0	0,0	KANJIDIC,PYPINYIN,UNIHAN
U+764B	癋	カク	kaku	0	0	KANJIDIC,PYPINYIN,UNIHAN
U+764C	癌	ガン	gan	0	0	KANJIDIC,PYPINYIN,UNIHAN,WORDSHK_CHARS
U+7652	癒	ユ,いえる,いやす	yu,ieru,iyasu	0,0,0	0,0,0	KANJIDIC,PYPINYIN,UNIHAN,WORDSHK_CHARS
U+7655	癕	ヨウ,はれもの	you,haremono	0,0	0,0	KANJIDIC,PYPINYIN,UNIHAN
U+7656	癖	ヘキ,くせ,くせに	heki,kuse,kuseni	0,0,0	0,0,0	KANJIDIC,PYPINYIN,UNIHAN,WORDSHK_CHARS
U+7658	癘	レイ,ライ,えやみ	rei,rai,eyami	0,0,0	0,0,0	KANJIDIC,PYPINYIN,UNIHAN
U+7659	癙	ショ	sho	0	0	KANJIDIC,PYPINYIN,UNIHAN
U+765C	癜	デン,テン,なまず	den,ten,namazu	0,0,0	0,0,0	KANJIDIC,PYPINYIN,UNIHAN
U+765F	癟	ハツ,ヘツ,ベチ,とべない	hatsu,hetsu,bechi,tobenai	0,0,0,0	0,0,0,0	KANJIDIC,PYPINYIN,UNIHAN,WORDSHK_CHARS
U+7661	癡	チ,しれる,おろか	chi,shireru,oroka	0,0,0	0,0,0	KANJIDIC,PYPINYIN,UNIHAN,WORDSHK_CHARS
U+7662	癢	ヨウ,かゆい	you,kayui	0,0	0,0	KANJIDIC,PYPINYIN,UNIHAN,WORDSHK_CHARS
U+7664	癤	セツ,セチ,かさ	setsu,sechi,kasa	0,0,0	0,0,0	KANJIDIC,PYPINYIN,UNIHAN
U+7665	癥	チョウ,しこり	chou,shikori	0,0	0,0	KANJIDIC,PYPINYIN,UNIHAN,WORDSHK_CHARS
U+7667	癧	レキ	reki	0	0	KANJIDIC,PYPINYIN,UNIHAN,WORDSHK_CHARS
U+7668	癨	カク	kaku	0	0	KANJIDIC,PYPINYIN,UNIHAN
U+7669	癩	ライ	rai	0	0	KANJIDIC,PYPINYIN,UNIHAN,WORDSHK_CHARS
U+766A	癪	しゃく	shaku	0	0	KANJIDIC,PYPINYIN,UNIHAN,WORDSHK_CHARS
U+766C	癬	セン,たむし	sen,tamushi	0,0	0,0	KANJIDIC,PYPINYIN,UNIHAN,WORDSHK_CHARS
U+766D	癭	エイ,ヨウ,こぶ	ei,you,kobu	0,0,0	0,0,0	KANJIDIC,PYPINYIN,UNIHAN
U+766E	癮	イン,オン,はれもの	in,on,haremono	0,0,0	0,0,0	KANJIDIC,PYPINYIN,UNIHAN,WORDSHK_CHARS
U+766F	癯	ク,やせる	ku,yaseru	0,0	0,0	KANJIDIC,PYPINYIN,UNIHAN
U+7670	癰	ヨウ,はれもの	you,haremono	0,0	0,0	KANJIDIC,PYPINYIN,UNIHAN
U+7671	癱	タン,しびれる	tan,shibireru	0,0	0,0	KANJIDIC,PYPINYIN,UNIHAN,WORDSHK_CHARS
U+7672	癲	テン	ten	0	0	KANJIDIC,PYPINYIN,UNIHAN,WORDSHK_CHARS
U+7674	癴	レン,やせる,やむ	ren,yaseru,yamu	0,0,0	0,0,0	KANJIDIC,PYPINYIN,UNIHAN
U+7676	癶	ハツ	hatsu	0	0	KANJIDIC,PYPINYIN,UNIHAN
U+7678	癸	キ,みずのと	ki,mizunoto	0,0	0,0	KANJIDIC,PYPINYIN,UNIHAN,WORDSHK_CHARS
U+767A	発	ハツ,ホツ,たつ,あばく,おこる,つかわす,はなつ	hatsu,hotsu,tatsu,abaku,okoru,tsukawasu,hanatsu	0,0,0,0,0,0,0	0,0,0,0,0,0,0	KANJIDIC,PYPINYIN,UNIHAN
U+767B	登	トウ,ト,ドウ,ショウ,チョウ,のぼる,あがる	tou,to,dou,shou,chou,noboru,agaru	0,0,0,0,0,0,0	0,0,0,0,0,0,0	KANJIDIC,PYPINYIN,UNIHAN,WORDSHK_CHARS
U+767C	發	ハツ,ホツ,たつ,あばく,おこる,つかわす,はなつ	hatsu,hotsu,tatsu,abaku,okoru,tsukawasu,hanatsu	0,0,0,0,0,0,0	0,0,0,0,0,0,0	KANJIDIC,PYPINYIN,UNIHAN,WORDSHK_CHARS
U+767D	白	ハク,ビャク,しろ,しら,しろい	haku,byaku,shiro,shira,shiroi	0,0,0,0,0	0,0,0,0,0	KANJIDIC,PYPINYIN,UNIHAN,WORDSHK_CHARS
U+767E	百	ヒャク,ビャク,もも	hyaku,byaku,momo	0,0,0	0,0,0	KANJIDIC,PYPINYIN,UNIHAN,WORDSHK_CHARS
U+7680	皀	キュウ,ヒョク,キョウ,コウ	kyuu,hyoku,kyou,kou	0,0,0,0	0,0,0,0	KANJIDIC,PYPINYIN,UNIHAN
U+7681	皁	ソウ,しもべ	sou,shimobe	0,0	0,0	KANJIDIC,PYPINYIN,UNIHAN
U+7683	皃	ボウ,バク,かたち,かたどる	bou,baku,katachi,katadoru	0,0,0,0	0,0,0,0	KANJIDIC,PYPINYIN,UNIHAN
U+7684	的	テキ,まと	teki,mato	0,0	0,0	KANJIDIC,PYPINYIN,UNIHAN,WORDSHK_CHARS
U+7685	皅	ハ,ヘ	ha,he	0,0	0,0	KANJIDIC,PYPINYIN,UNIHAN
U+7686	皆	カイ,みな,みんな	kai,mina,minna	0,0,0	0,0,0	KANJIDIC,PYPINYIN,UNIHAN,WORDSHK_CHARS
U+7687	皇	コウ,オウ	kou,ou	0,0	0,0	KANJIDIC,PYPINYIN,UNIHAN,WORDSHK_CHARS
U+7688	皈	キ,かえる,かえす,おくる,とつぐ	ki,kaeru,kaesu,okuru,totsugu	0,0,0,0,0	0,0,0,0,0	KANJIDIC,PYPINYIN,UNIHAN,WORDSHK_CHARS
U+768B	皋	コウ,さつき	kou,satsuki	0,0	0,0	KANJIDIC,PYPINYIN,UNIHAN,WORDSHK_CHARS
U+768C	皌	バツ,マチ	batsu,machi	0,0	0,0	KANJIDIC,PYPINYIN,UNIHAN
U+768D	皍	ソク,つく,つける,すなわち	soku,tsuku,tsukeru,sunawachi	0,0,0,0	0,0,0,0	KANJIDIC,PYPINYIN,UNIHAN
U+768E	皎	キョウ,コウ,きよい,しろい	kyou,kou,kiyoi,shiroi	0,0,0,0	0,0,0,0	KANJIDIC,PYPINYIN,UNIHAN,WORDSHK_CHARS
U+7690	皐	コウ,さつき	kou,satsuki	0,0	0,0	KANJIDIC,PYPINYIN,UNIHAN
U+7693	皓	コウ,しろい,ひかる	kou,shiroi,hikaru	0,0,0	0,0,0	KANJIDIC,PYPINYIN,UNIHAN,WORDSHK_CHARS
U+7695	皕	ヒョク,ヒキ,ヒ	hyoku,hiki,hi	0,0,0	0,0,0	KANJIDIC,PYPINYIN,UNIHAN
U+7696	皖	カン	kan	0	0	KANJIDIC,PYPINYIN,UNIHAN
U+7699	皙	シャク,セキ,しろい	shaku,seki,shiroi	0,0,0	0,0,0	KANJIDIC,PYPINYIN,UNIHAN,WORDSHK_CHARS
U+769A	皚	ガイ,ギ,ゲ,カイ,しろい,さむい	gai,gi,ge,kai,shiroi,samui	0,0,0,0,0,0	0,0,0,0,0,0	KANJIDIC,PYPINYIN,UNIHAN
U+769B	皛	キョウ,テイ,ハク,あらわれる	kyou,tei,haku,arawareru	0,0,0,0	0,0,0,0	KANJIDIC,PYPINYIN,UNIHAN
U+769C	皜	コウ	kou	0	0	KANJIDIC,PYPINYIN,UNIHAN
U+769D	皝	コウ,オウ	kou,ou	0,0	0,0	KANJIDIC,PYPINYIN,UNIHAN
U+769F	皟	サク,きよい,やせる	saku,kiyoi,yaseru	0,0,0	0,0,0	KANJIDIC,PYPINYIN,UNIHAN
U+76A0	皠	サイ,セ,しろい	sai,se,shiroi	0,0,0	0,0,0	KANJIDIC,PYPINYIN,UNIHAN
U+76A2	皢	キョウ,しろい,あきらか	kyou,shiroi,akiraka	0,0,0	0,0,0	KANJIDIC,PYPINYIN,UNIHAN
U+76A3	皣	ヨウ	you	0	0	KANJIDIC,PYPINYIN,UNIHAN
U+76A4	皤	ハ,ハン	ha,han	0,0	0,0	KANJIDIC,PYPINYIN,UNIHAN
U+76A5	皥	コウ,あきらか	kou,akiraka	0,0	0,0	KANJIDIC,PYPINYIN,UNIHAN
U+76A6	皦	キョウ,しろい	kyou,shiroi	0,0	0,0	KANJIDIC,PYPINYIN,UNIHAN
U+76A7	皧	アイ,きよい	ai,kiyoi	0,0	0,0	KANJIDIC,PYPINYIN,UNIHAN
U+76A8	皨	セイ,ショウ,ほし	sei,shou,hoshi	0,0,0	0,0,0	KANJIDIC,PYPINYIN,UNIHAN
U+76AA	皪	レキ,リャク,ラク,ハク,しろい	reki,ryaku,raku,haku,shiroi	0,0,0,0,0	0,0,0,0,0	KANJIDIC,PYPINYIN,UNIHAN
U+76AD	皭	シャク,ザク,ショウ,しろい	shaku,zaku,shou,shiroi	0,0,0,0	0,0,0,0	KANJIDIC,PYPINYIN,UNIHAN
U+76AE	皮	ヒ,かわ	hi,kawa	0,0	0,0	KANJIDIC,PYPINYIN,UNIHAN,WORDSHK_CHARS
U+76B0	皰	ホウ,ビョウ,にきび	hou,byou,nikibi	0,0,0	0,0,0	KANJIDIC,PYPINYIN,UNIHAN
U+76B4	皴	シュン,ひび,しわ	shun,hibi,shiwa	0,0,0	0,0,0	KANJIDIC,PYPINYIN,UNIHAN
U+76B6	皶	サ	sa	0	0	KANJIDIC,PYPINYIN,UNIHAN
U+76B7	皷	コ,つづみ	ko,tsuzumi	0,0	0,0	KANJIDIC,PYPINYIN,UNIHAN
U+76B8	皸	クン,キン,ひび,あかぎれ	kun,kin,hibi,akagire	0,0,0,0	0,0,0,0	KANJIDIC,PYPINYIN,UNIHAN
U+76B9	皹	クン,キン,ひび,あかぎれ	kun,kin,hibi,akagire	0,0,0,0	0,0,0,0	KANJIDIC,PYPINYIN,UNIHAN
U+76BA	皺	シュウ,スウ,しわ,しぼ	shuu,suu,shiwa,shibo	0,0,0,0	0,0,0,0	KANJIDIC,PYPINYIN,UNIHAN,WORDSHK_CHARS
U+76BD	皽	テン,セン,シュウ,タン,かわ	ten,sen,shuu,tan,kawa	0,0,0,0,0	0,0,0,0,0	KANJIDIC,PYPINYIN,UNIHAN
U+76BF	皿	ベイ,さら	bei,sara	0,0	0,0	KANJIDIC,PYPINYIN,UNIHAN,WORDSHK_CHARS
U+76C1	盁	エイ,み,みちる	ei,mi,michiru	0,0,0	0,0,0	KANJIDIC,PYPINYIN,UNIHAN
U+76C2	盂	ウ,はち	u,hachi	0,0	0,0	KANJIDIC,PYPINYIN,UNIHAN,WORDSHK_CHARS
U+76C3	盃	ハイ,さかずき	hai,sakazuki	0,0	0,0	KANJIDIC,PYPINYIN,UNIHAN,WORDSHK_CHARS
U+76C5	盅	チュウ,ジュ,むなしい	chuu,ju,munashii	0,0,0	0,0,0	KANJIDIC,PYPINYIN,UNIHAN,WORDSHK_CHARS
U+76C6	盆	ボン	bon	0	0	KANJIDIC,PYPINYIN,UNIHAN,WORDSHK_CHARS
U+76C8	盈	エイ,みたす,みちる	ei,mitasu,michiru	0,0,0	0,0,0	KANJIDIC,PYPINYIN,UNIHAN,WORDSHK_CHARS
U+76C9	盉	カ,ワ,クウ,ととのえる	ka,wa,kuu,totonoeru	0,0,0,0	0,0,0,0	KANJIDIC,PYPINYIN,UNIHAN
U+76CA	益	エキ,ヤク,ます	eki,yaku,masu	0,0,0	0,0,0	KANJIDIC,PYPINYIN,UNIHAN,WORDSHK_CHARS
U+76CB	盋	ハツ,ハチ,わん	hatsu,hachi,wan	0,0,0	0,0,0	KANJIDIC,PYPINYIN,UNIHAN
U+76CC	盌	ワン	wan	0	0	KANJIDIC,PYPINYIN,UNIHAN
U+76CD	盍	コウ,おおう,なんぞ	kou,oou,nanzo	0,0,0	0,0,0	KANJIDIC,PYPINYIN,UNIHAN
U+76CE	盎	オウ,はち	ou,hachi	0,0	0,0	KANJIDIC,PYPINYIN,UNIHAN,WORDSHK_CHARS
U+76D2	盒	コウ,さら,ふたもの	kou,sara,futamono	0,0,0	0,0,0	KANJIDIC,PYPINYIN,UNIHAN,WORDSHK_CHARS
U+76D4	盔	カイ,はち	kai,hachi	0,0	0,0	KANJIDIC,PYPINYIN,UNIHAN,WORDSHK_CHARS
U+76D6	盖	ガイ,カイ,コウ,ふた,けだし,おおう,かさ,かこう	gai,kai,kou,futa,kedashi,oou,kasa,kakou	0,0,0,0,0,0,0,0	0,0,0,0,0,0,0,0	KANJIDIC,PYPINYIN,UNIHAN
U+76D7	盗	トウ,ぬすむ,ぬすみ	tou,nusumu,nusumi	0,0,0	0,0,0	KANJIDIC,PYPINYIN,UNIHAN
U+76D9	盙	フ	fu	0	0	KANJIDIC,PYPINYIN,UNIHAN
U+76DB	盛	セイ,ジョウ,もる,さかる,さかん	sei,jou,moru,sakaru,sakan	0,0,0,0,0	0,0,0,0,0	KANJIDIC,PYPINYIN,UNIHAN,WORDSHK_CHARS
U+76DC	盜	トウ,ぬすむ	tou,nusumu	0,0	0,0	KANJIDIC,PYPINYIN,UNIHAN,WORDSHK_CHARS
U+76DE	盞	サン,セン,さかずき	san,sen,sakazuki	0,0,0	0,0,0	KANJIDIC,PYPINYIN,UNIHAN,WORDSHK_CHARS
U+76DF	盟	メイ	mei	0	0	KANJIDIC,PYPINYIN,UNIHAN,WORDSHK_CHARS
U+76E0	盠	レイ,ライ,リ,ひさご,わりご	rei,rai,ri,hisago,warigo	0,0,0,0,0	0,0,0,0,0	KANJIDIC,PYPINYIN,UNIHAN
U+76E1	盡	ジン,サン,つくす,つきる,つかす,さかづき,ことごとく	jin,san,tsukusu,tsukiru,tsukasu,sakazuki,kotogotoku	0,0,0,0,0,0,0	0,0,0,0,0,0,0	KANJIDIC,PYPINYIN,UNIHAN,WORDSHK_CHARS
U+76E3	監	カン	kan	0	0	KANJIDIC,PYPINYIN,UNIHAN,WORDSHK_CHARS
U+76E4	盤	バン	ban	0	0	KANJIDIC,PYPINYIN,UNIHAN,WORDSHK_CHARS
U+76E5	盥	カン,たらい,そそぐ	kan,tarai,sosogu	0,0,0	0,0,0	KANJIDIC,PYPINYIN,UNIHAN
U+76E6	盦	オウ,アン,オン,ふた	ou,an,on,futa	0,0,0,0	0,0,0,0	KANJIDIC,PYPINYIN,UNIHAN
U+76E7	盧	ロ	ro	0	0	KANJIDIC,PYPINYIN,UNIHAN,WORDSHK_CHARS
U+76E8	盨	シュ,ス,ショ,ソ,うつわ	shu,su,sho,so,utsuwa	0,0,0,0,0	0,0,0,0,0	KANJIDIC,PYPINYIN,UNIHAN
U+76EA	盪	トウ,とろかす,あらう,うごく	tou,torokasu,arau,ugoku	0,0,0,0	0,0,0,0	KANJIDIC,PYPINYIN,UNIHAN,WORDSHK_CHARS
U+76EC	盬	コ,ク,あらしお	ko,ku,arashio	0,0,0	0,0,0	KANJIDIC,PYPINYIN,UNIHAN
U+76EE	目	モク,ボク,め,ま	moku,boku,me,ma	0,0,0,0	0,0,0,0	KANJIDIC,PYPINYIN,UNIHAN,WORDSHK_CHARS
U+76F0	盰	カン,しろめ	kan,shirome	0,0	0,0	KANJIDIC,PYPINYIN,UNIHAN
U+76F1	盱	ク,ウ,コ	ku,u,ko	0,0,0	0,0,0	KANJIDIC,PYPINYIN,UNIHAN
U+76F2	盲	モウ,めくら	mou,mekura	0,0	0,0	KANJIDIC,PYPINYIN,UNIHAN,WORDSHK_CHARS
U+76F4	直	チョク,ジキ,ジカ,ただちに,なおす,なおる,なおき,すぐ	choku,jiki,jika,tadachini,naosu,naoru,naoki,sugu	0,0,0,0,0,0,0,0	0,0,0,0,0,0,0,0	KANJIDIC,PYPINYIN,UNIHAN,WORDSHK_CHARS
U+76F6	盶	ゲン,ギン,ガン,もとる,おとる	gen,gin,gan,motoru,otoru	0,0,0,0,0	0,0,0,0,0	KANJIDIC,PYPINYIN,UNIHAN
U+76F8	相	ソウ,ショウ,あい	sou,shou,ai	0,0,0	0,0,0	KANJIDIC,PYPINYIN,UNIHAN,WORDSHK_CHARS
U+76F9	盹	シュン	shun	0	0	KANJIDIC,PYPINYIN,UNIHAN
U+76FB	盻	ケイ,にらむ	kei,niramu	0,0	0,0	KANJIDIC,PYPINYIN,UNIHAN
U+76FC	盼	ハン,ヘン,フン	han,hen,fun	0,0,0	0,0,0	KANJIDIC,PYPINYIN,UNIHAN,WORDSHK_CHARS
U+76FE	盾	ジュン,たて	jun,tate	0,0	0,0	KANJIDIC,PYPINYIN,UNIHAN,WORDSHK_CHARS
U+7700	眀	ベイ,ミョウ,みる	bei,myou,miru	0,0,0	0,0,0	KANJIDIC,PYPINYIN,UNIHAN
U+7701	省	セイ,ショウ,かえりみる,はぶく	sei,shou,kaerimiru,habuku	0,0,0,0	0,0,0,0	KANJIDIC,PYPINYIN,UNIHAN,WORDSHK_CHARS
U+7704	眄	ベン,メン,かえりみる	ben,men,kaerimiru	0,0,0	0,0,0	KANJIDIC,PYPINYIN,UNIHAN
U+7706	眆	ホウ,ほのか,ならう	hou,honoka,narau	0,0,0	0,0,0	KANJIDIC,PYPINYIN,UNIHAN
U+7707	眇	ビョウ,ミョウ,びょうたる,すがめ	byou,myou,byoutaru,sugame	0,0,0,0	0,0,0,0	KANJIDIC,PYPINYIN,UNIHAN,WORDSHK_CHARS
U+7708	眈	タン,にらむ	tan,niramu	0,0	0,0	KANJIDIC,PYPINYIN,UNIHAN,WORDSHK_CHARS
U+7709	眉	ビ,ミ,まゆ	bi,mi,mayu	0,0,0	0,0,0	KANJIDIC,PYPINYIN,UNIHAN,WORDSHK_CHARS
U+770A	眊	ボウ,モウ,バク,マク,くらい	bou,mou,baku,maku,kurai	0,0,0,0,0	0,0,0,0,0	KANJIDIC,PYPINYIN,UNIHAN
U+770B	看	カン,みる	kan,miru	0,0	0,0	KANJIDIC,PYPINYIN,UNIHAN,WORDSHK_CHARS
U+770C	県	ケン,かける	ken,kakeru	0,0	0,0	KANJIDIC,PYPINYIN,UNIHAN
U+770E	眎	シ,みる	shi,miru	0,0	0,0	KANJIDIC,PYPINYIN,UNIHAN
U+7712	眒	シン,みはる,はやい,おどろく	shin,miharu,hayai,odoroku	0,0,0,0	0,0,0,0	KANJIDIC,PYPINYIN,UNIHAN
U+7714	眔	トウ	tou	0	0	KANJIDIC,PYPINYIN,UNIHAN
U+7715	眕	シン,チン	shin,chin	0,0	0,0	KANJIDIC,PYPINYIN,UNIHAN
U+7717	眗	ク,コウ	ku,kou	0,0	0,0	KANJIDIC,PYPINYIN,UNIHAN
U+7719	眙	チ,チョウ,イ,みつめる	chi,chou,i,mitsumeru	0,0,0,0	0,0,0,0	KANJIDIC,PYPINYIN,UNIHAN
U+771A	眚	セイ,ショウ	sei,shou	0,0	0,0	KANJIDIC,PYPINYIN,UNIHAN
U+771B	眛	マイ,バイ,くらい	mai,bai,kurai	0,0,0	0,0,0	KANJIDIC,PYPINYIN,UNIHAN,WORDSHK_CHARS
U+771C	眜	バツ,マチ,ベツ,メチ,くらい	batsu,machi,betsu,mechi,kurai	0,0,0,0,0	0,0,0,0,0	KANJIDIC,PYPINYIN,UNIHAN
U+771E	眞	シン,ま,まこと	shin,ma,makoto	0,0,0	0,0,0	KANJIDIC,PYPINYIN,UNIHAN
U+771F	真	シン,ま,まこと	shin,ma,makoto	0,0,0	0,0,0	KANJIDIC,PYPINYIN,UNIHAN,WORDSHK_CHARS
U+7720	眠	ミン,ねむる,ねむい	min,nemuru,nemui	0,0,0	0,0,0	KANJIDIC,PYPINYIN,UNIHAN,WORDSHK_CHARS
U+7722	眢	ワン,エン,オン	wan,en,on	0,0,0	0,0,0	KANJIDIC,PYPINYIN,UNIHAN
U+7724	眤	ケイ,ダイ,てい,い	kei,dai,tei,i	0,0,0,0	0,0,0,0	KANJIDIC,PYPINYIN,UNIHAN
U+7725	眥	セ,イシ,サイ,シ,セイ,まなじり,めじり	se,ishi,sai,shi,sei,manajiri,mejiri	0,0,0,0,0,0,0	0,0,0,0,0,0,0	KANJIDIC,PYPINYIN,UNIHAN
U+7726	眦	セ,イシ,サイ,シ,セイ,まなじり,めじり	se,ishi,sai,shi,sei,manajiri,mejiri	0,0,0,0,0,0,0	0,0,0,0,0,0,0	KANJIDIC,PYPINYIN,UNIHAN
U+7728	眨	ソウ,ショウ,またたく	sou,shou,matataku	0,0,0	0,0,0	KANJIDIC,PYPINYIN,UNIHAN,WORDSHK_CHARS
U+7729	眩	ゲン,カン,げんす,くるめく,まぶしい,くらむ,まどう,めまい,まばゆい,くれる,まう	gen,kan,gensu,kurumeku,mabushii,kuramu,madou,memai,mabayui,kureru,mau	0,0,0,0,0,0,0,0,0,0,0	0,0,0,0,0,0,0,0,0,0,0	KANJIDIC,PYPINYIN,UNIHAN,WORDSHK_CHARS
U+772D	眭	キ,ケイ,エ,スイ	ki,kei,e,sui	0,0,0,0	0,0,0,0	KANJIDIC,PYPINYIN,UNIHAN
U+772E	眮	トウ,ズ,まぶち,みまわす	tou,zu,mabuchi,mimawasu	0,0,0,0	0,0,0,0	KANJIDIC,PYPINYIN,UNIHAN
U+772F	眯	ベイ,マイ,ビ,ミ,くるむ	bei,mai,bi,mi,kurumu	0,0,0,0,0	0,0,0,0,0	KANJIDIC,PYPINYIN,UNIHAN,WORDSHK_CHARS
U+7734	眴	ケン,シュン,またたく,めくわす,めくわせる	ken,shun,matataku,mekuwasu,mekuwaseru	0,0,0,0,0	0,0,0,0,0	KANJIDIC,PYPINYIN,UNIHAN
U+7735	眵	シ	shi	0	0	KANJIDIC,PYPINYIN,UNIHAN
U+7736	眶	キョウ,コウ,まぶた	kyou,kou,mabuta	0,0,0	0,0,0	KANJIDIC,PYPINYIN,UNIHAN,WORDSHK_CHARS
U+7737	眷	ケン,かえりみる	ken,kaerimiru	0,0	0,0	KANJIDIC,PYPINYIN,UNIHAN,WORDSHK_CHARS
U+7738	眸	ボウ,ム,ひとみ	bou,mu,hitomi	0,0,0	0,0,0	KANJIDIC,PYPINYIN,UNIHAN
U+7739	眹	チン,ジン,ショウ,ひとみ	chin,jin,shou,hitomi	0,0,0,0	0,0,0,0	KANJIDIC,PYPINYIN,UNIHAN
U+773A	眺	チョウ,ながめる	chou,nagameru	0,0	0,0	KANJIDIC,PYPINYIN,UNIHAN,WORDSHK_CHARS
U+773C	眼	ガン,ゲン,まなこ,め	gan,gen,manako,me	0,0,0,0	0,0,0,0	KANJIDIC,PYPINYIN,UNIHAN,WORDSHK_CHARS
U+773D	眽	バク,ミャク,ベキ	baku,myaku,beki	0,0,0	0,0,0	KANJIDIC,PYPINYIN,UNIHAN
U+773E	眾	シュウ,シュ,おおい	shuu,shu,ooi	0,0,0	0,0,0	KANJIDIC,PYPINYIN,UNIHAN,WORDSHK_CHARS
U+7740	着	チャク,ジャク,きる,きせる,つく,つける	chaku,jaku,kiru,kiseru,tsuku,tsukeru	0,0,0,0,0,0	0,0,0,0,0,0	KANJIDIC,PYPINYIN,UNIHAN,WORDSHK_CHARS
U+7742	睂	ビ,ミ,まゆ	bi,mi,mayu	0,0,0	0,0,0	KANJIDIC,PYPINYIN,UNIHAN
U+7745	睅	カン,ゲン	kan,gen	0,0	0,0	KANJIDIC,PYPINYIN,UNIHAN
U+7746	睆	カン,ゲン,ワン	kan,gen,wan	0,0,0	0,0,0	KANJIDIC,PYPINYIN,UNIHAN
U+7747	睇	テイ,ダイ	tei,dai	0,0	0,0	KANJIDIC,PYPINYIN,UNIHAN,WORDSHK_CHARS
U+774A	睊	エン,ダン,ぬすみみる	en,dan,nusumimiru	0,0,0	0,0,0	KANJIDIC,PYPINYIN,UNIHAN
U+774D	睍	ケン	ken	0	0	KANJIDIC,PYPINYIN,UNIHAN
U+774E	睎	キ,ケ	ki,ke	0,0	0,0	KANJIDIC,PYPINYIN,UNIHAN
U+774F	睏	コン,ねむる	kon,nemuru	0,0	0,0	KANJIDIC,PYPINYIN,UNIHAN,WORDSHK_CHARS
U+7752	睒	セン,ダン,ぬすみみる	sen,dan,nusumimiru	0,0,0	0,0,0	KANJIDIC,PYPINYIN,UNIHAN
U+7756	睖	チョウ,リョウ,みる	chou,ryou,miru	0,0,0	0,0,0	KANJIDIC,PYPINYIN,UNIHAN,WORDSHK_CHARS
U+7757	睗	セキ,シャク,いなびかり	seki,shaku,inabikari	0,0,0	0,0,0	KANJIDIC,PYPINYIN,UNIHAN
U+775A	睚	ガイ,まなじり	gai,manajiri	0,0	0,0	KANJIDIC,PYPINYIN,UNIHAN
U+775B	睛	セイ,ショウ,ひとみ	sei,shou,hitomi	0,0,0	0,0,0	KANJIDIC,PYPINYIN,UNIHAN,WORDSHK_CHARS
U+775C	睜	セイ,ジョウ,めっき	sei,jou,mekki	0,0,0	0,0,0	KANJIDIC,PYPINYIN,UNIHAN,WORDSHK_CHARS
U+775E	睞	ライ,みる	rai,miru	0,0	0,0	KANJIDIC,PYPINYIN,UNIHAN,WORDSHK_CHARS
U+775F	睟	スイ,サイ,あきらか	sui,sai,akiraka	0,0,0	0,0,0	KANJIDIC,PYPINYIN,UNIHAN
U+7760	睠	ケン,かえりみる	ken,kaerimiru	0,0	0,0	KANJIDIC,PYPINYIN,UNIHAN
U+7761	睡	スイ,ねむる,ねむい	sui,nemuru,nemui	0,0,0	0,0,0	KANJIDIC,PYPINYIN,UNIHAN,WORDSHK_CHARS
U+7762	睢	キ,ケイ,ケ,スイ,みあげる	ki,kei,ke,sui,miageru	0,0,0,0,0	0,0,0,0,0	KANJIDIC,PYPINYIN,UNIHAN
U+7763	督	トク	toku	0	0	KANJIDIC,PYPINYIN,UNIHAN,WORDSHK_CHARS
U+7764	睤	ヘイ,ながしめ,みる	hei,nagashime,miru	0,0,0	0,0,0	KANJIDIC,PYPINYIN,UNIHAN
U+7765	睥	ヘイ,ながしめ,みる	hei,nagashime,miru	0,0,0	0,0,0	KANJIDIC,PYPINYIN,UNIHAN,WORDSHK_CHARS
U+7766	睦	ボク,モク,むつまじい,むつむ,むつぶ	boku,moku,mutsumajii,mutsumu,mutsubu	0,0,0,0,0	0,0,0,0,0	KANJIDIC,PYPINYIN,UNIHAN,WORDSHK_CHARS
U+7767	睧	コン,くらい	kon,kurai	0,0	0,0	KANJIDIC,PYPINYIN,UNIHAN
U+7768	睨	ゲイ,にらむ,にらみ	gei,niramu,nirami	0,0,0	0,0,0	KANJIDIC,PYPINYIN,UNIHAN
U+776A	睪	エキ,ヤク,ジョウ,ニョウ,うかがいめる	eki,yaku,jou,nyou,ukagaimeru	0,0,0,0,0	0,0,0,0,0	KANJIDIC,PYPINYIN,UNIHAN,WORDSHK_CHARS
U+776B	睫	ショウ,まつげ	shou,matsuge	0,0	0,0	KANJIDIC,PYPINYIN,UNIHAN,WORDSHK_CHARS
U+776C	睬	サイ	sai	0	0	KANJIDIC,PYPINYIN,UNIHAN,WORDSHK_CHARS
U+7770	睰	バツ,マチ,みる	batsu,machi,miru	0,0,0	0,0,0	KANJIDIC,PYPINYIN,UNIHAN
U+7772	睲	セイ,ショウ,みる,ひとみがかがやく	sei,shou,miru,hitomigakagayaku	0,0,0,0	0,0,0,0	KANJIDIC,PYPINYIN,UNIHAN
U+7773	睳	ケイ,ケ,かすむ	kei,ke,kasumu	0,0,0	0,0,0	KANJIDIC,PYPINYIN,UNIHAN
U+7774	睴	コン,みる	kon,miru	0,0	0,0	KANJIDIC,PYPINYIN,UNIHAN
U+7779	睹	ト,みる	to,miru	0,0	0,0	KANJIDIC,PYPINYIN,UNIHAN,WORDSHK_CHARS
U+777A	睺	コウ,グ,かためる	kou,gu,katameru	0,0,0	0,0,0	KANJIDIC,PYPINYIN,UNIHAN
U+777D	睽	ケイ,ケ,キ	kei,ke,ki	0,0,0	0,0,0	KANJIDIC,PYPINYIN,UNIHAN,WORDSHK_CHARS
U+777E	睾	コウ	kou	0	0	KANJIDIC,PYPINYIN,UNIHAN,WORDSHK_CHARS
U+777F	睿	エイ,あきらか	ei,akiraka	0,0	0,0	KANJIDIC,PYPINYIN,UNIHAN,WORDSHK_CHARS
U+7780	瞀	ボツ,ボウ,モ,ム,バク,マク	botsu,bou,mo,mu,baku,maku	0,0,0,0,0,0	0,0,0,0,0,0	KANJIDIC,PYPINYIN,UNIHAN
U+7784	瞄	ビョウ,みつめる	byou,mitsumeru	0,0	0,0	KANJIDIC,PYPINYIN,UNIHAN,WORDSHK_CHARS
U+778B	瞋	シン,いかる,いからす	shin,ikaru,ikarasu	0,0,0	0,0,0	KANJIDIC,PYPINYIN,UNIHAN
U+778C	瞌	コウ	kou	0	0	KANJIDIC,PYPINYIN,UNIHAN,WORDSHK_CHARS
U+778D	瞍	ソウ,ス,ショウ,めくら	sou,su,shou,mekura	0,0,0,0	0,0,0,0	KANJIDIC,PYPINYIN,UNIHAN
U+778E	瞎	カツ,めくら,かため	katsu,mekura,katame	0,0,0	0,0,0	KANJIDIC,PYPINYIN,UNIHAN,WORDSHK_CHARS
U+7791	瞑	メイ,ベン,ミョウ,ミン,メン,めいする,つぶる,つむる,くらい	mei,ben,myou,min,men,meisuru,tsuburu,tsumuru,kurai	0,0,0,0,0,0,0,0,0	0,0,0,0,0,0,0,0,0	KANJIDIC,PYPINYIN,UNIHAN,WORDSHK_CHARS
U+7794	瞔	サク,シャク	saku,shaku	0,0	0,0	KANJIDIC,PYPINYIN,UNIHAN
U+7795	瞕	ショウ,かすむ	shou,kasumu	0,0	0,0	KANJIDIC,PYPINYIN,UNIHAN
U+7796	瞖	エイ	ei	0	0	KANJIDIC,PYPINYIN,UNIHAN
U+779A	瞚	シュン,またたく	shun,matataku	0,0	0,0	KANJIDIC,PYPINYIN,UNIHAN
U+779E	瞞	マン,モン,バン,ボン,だます	man,mon,ban,bon,damasu	0,0,0,0,0	0,0,0,0,0	KANJIDIC,PYPINYIN,UNIHAN,WORDSHK_CHARS
U+779F	瞟	ヒョウ,みる	hyou,miru	0,0	0,0	KANJIDIC,PYPINYIN,UNIHAN
U+77A0	瞠	ドウ,トウ,みはる	dou,tou,miharu	0,0,0	0,0,0	KANJIDIC,PYPINYIN,UNIHAN,WORDSHK_CHARS
U+77A2	瞢	ボウ,ム,モウ,くらい	bou,mu,mou,kurai	0,0,0,0	0,0,0,0	KANJIDIC,PYPINYIN,UNIHAN
U+77A5	瞥	ベツ,ヘツ	betsu,hetsu	0,0	0,0	KANJIDIC,PYPINYIN,UNIHAN,WORDSHK_CHARS
U+77A7	瞧	ショウ,ぬすみみる	shou,nusumimiru	0,0	0,0	KANJIDIC,PYPINYIN,UNIHAN,WORDSHK_CHARS
U+77AA	瞪	トウ,みはる	tou,miharu	0,0	0,0	KANJIDIC,PYPINYIN,UNIHAN,WORDSHK_CHARS
U+77AC	瞬	シュン,またたく,まじろぐ	shun,matataku,majirogu	0,0,0	0,0,0	KANJIDIC,PYPINYIN,UNIHAN,WORDSHK_CHARS
U+77AD	瞭	リョウ,あきらか	ryou,akiraka	0,0	0,0	KANJIDIC,PYPINYIN,UNIHAN,WORDSHK_CHARS
U+77AE	瞮	テツ,テチ,あきらか	tetsu,techi,akiraka	0,0,0	0,0,0	KANJIDIC,PYPINYIN,UNIHAN
U+77AF	瞯	カン,ケン,うわめづかい,ながしめ	kan,ken,uwamezukai,nagashime	0,0,0,0	0,0,0,0	KANJIDIC,PYPINYIN,UNIHAN
U+77B0	瞰	カン,みる	kan,miru	0,0	0,0	KANJIDIC,PYPINYIN,UNIHAN,WORDSHK_CHARS
U+77B1	瞱	ヨウ	you	0	0	KANJIDIC,PYPINYIN,UNIHAN
U+77B3	瞳	ドウ,トウ,ひとみ	dou,tou,hitomi	0,0,0	0,0,0	KANJIDIC,PYPINYIN,UNIHAN,WORDSHK_CHARS
U+77B5	瞵	リン,レン,ひとみ	rin,ren,hitomi	0,0,0	0,0,0	KANJIDIC,PYPINYIN,UNIHAN
U+77B6	瞶	キ	ki	0	0	KANJIDIC,PYPINYIN,UNIHAN
U+77B9	瞹	アイ	ai	0	0	KANJIDIC,PYPINYIN,UNIHAN
U+77BB	瞻	セン,みる	sen,miru	0,0	0,0	KANJIDIC,PYPINYIN,UNIHAN,WORDSHK_CHARS
U+77BC	瞼	ケン,まぶた	ken,mabuta	0,0	0,0	KANJIDIC,PYPINYIN,UNIHAN,WORDSHK_CHARS
U+77BD	瞽	コ,めしい	ko,meshii	0,0	0,0	KANJIDIC,PYPINYIN,UNIHAN
U+77BE	瞾	ショウ,てる,てらす,てれる	shou,teru,terasu,tereru	0,0,0,0	0,0,0,0	KANJIDIC,PYPINYIN,UNIHAN
U+77BF	瞿	ク,おそれる,みる	ku,osoreru,miru	0,0,0	0,0,0	KANJIDIC,PYPINYIN,UNIHAN
U+77C3	矃	デイ,ゲイ,ニョウ,ネイ	dei,gei,nyou,nei	0,0,0,0	0,0,0,0	KANJIDIC,PYPINYIN,UNIHAN
U+77C7	矇	モウ,ボウ,くらい,めしい	mou,bou,kurai,meshii	0,0,0,0	0,0,0,0	KANJIDIC,PYPINYIN,UNIHAN,WORDSHK_CHARS
U+77C9	矉	ヒン,にらむ	hin,niramu	0,0	0,0	KANJIDIC,PYPINYIN,UNIHAN
U+77CD	矍	カク	kaku	0	0	KANJIDIC,PYPINYIN,UNIHAN
U+77D1	矑	ロ,ル,みる	ro,ru,miru	0,0,0	0,0,0	KANJIDIC,PYPINYIN,UNIHAN
U+77D2	矒	ボウ,ム,モウ,くらい	bou,mu,mou,kurai	0,0,0,0	0,0,0,0	KANJIDIC,PYPINYIN,UNIHAN
U+77D5	矕	バン,マン,ラン,みる,みそなわす	ban,man,ran,miru,misonawasu	0,0,0,0,0	0,0,0,0,0	KANJIDIC,PYPINYIN,UNIHAN
U+77D7	矗	チョク,シュク,チク,なおい	choku,shuku,chiku,naoi	0,0,0,0	0,0,0,0	KANJIDIC,PYPINYIN,UNIHAN,WORDSHK_CHARS
U+77D9	矙	カン,みる	kan,miru	0,0	0,0	KANJIDIC,PYPINYIN,UNIHAN
U+77DA	矚	ショク,ソク,みる	shoku,soku,miru	0,0,0	0,0,0	KANJIDIC,PYPINYIN,UNIHAN,WORDSHK_CHARS
U+77DB	矛	ム,ボウ,ほこ	mu,bou,hoko	0,0,0	0,0,0	KANJIDIC,PYPINYIN,UNIHAN,WORDSHK_CHARS
U+77DC	矜	キン,キョウ,ケイ,あわれむ,つつしむ,ほこる	kin,kyou,kei,awaremu,tsutsushimu,hokoru	0,0,0,0,0,0	0,0,0,0,0,0	KANJIDIC,PYPINYIN,UNIHAN,WORDSHK_CHARS
U+77DE	矞	イツ,イチ,シュツ,ジュチ	itsu,ichi,shutsu,juchi	0,0,0,0	0,0,0,0	KANJIDIC,PYPINYIN,UNIHAN
U+77DF	矟	サク,ほこ	saku,hoko	0,0	0,0	KANJIDIC,PYPINYIN,UNIHAN
U+77E0	矠	サク,シャク,ほこ	saku,shaku,hoko	0,0,0	0,0,0	KANJIDIC,PYPINYIN,UNIHAN
U+77E2	矢	シ,や	shi,ya	0,0	0,0	KANJIDIC,PYPINYIN,UNIHAN,WORDSHK_CHARS
U+77E3	矣	イ	i	0	0	KANJIDIC,PYPINYIN,UNIHAN,WORDSHK_CHARS
U+77E4	矤	シン,いわんや,はぐ,はぎ	shin,iwanya,hagu,hagi	0,0,0,0	0,0,0,0	KANJIDIC,PYPINYIN,UNIHAN
U+77E5	知	チ,しる,しらせる	chi,shiru,shiraseru	0,0,0	0,0,0	KANJIDIC,PYPINYIN,UNIHAN,WORDSHK_CHARS
U+77E6	矦	コウ	kou	0	0	KANJIDIC,PYPINYIN,UNIHAN
U+77E7	矧	シン,はぐ,いわんや,はぐき,はぎ	shin,hagu,iwanya,haguki,hagi	0,0,0,0,0	0,0,0,0,0	KANJIDIC,PYPINYIN,UNIHAN
U+77E9	矩	ク,かね,かねざし,さしがね	ku,kane,kanezashi,sashigane	0,0,0,0	0,0,0,0	KANJIDIC,PYPINYIN,UNIHAN,WORDSHK_CHARS
U+77EA	矪	チュウ,チュ,くるりや	chuu,chu,kururiya	0,0,0	0,0,0	KANJIDIC,PYPINYIN,UNIHAN
U+77EC	矬	サ	sa	0	0	KANJIDIC,PYPINYIN,UNIHAN
U+77ED	短	タン,みじかい	tan,mijikai	0,0	0,0	KANJIDIC,PYPINYIN,UNIHAN,WORDSHK_CHARS
U+77EE	矮	ワイ,アイ,ひくい	wai,ai,hikui	0,0,0	0,0,0	KANJIDIC,PYPINYIN,UNIHAN,WORDSHK_CHARS
U+77EF	矯	キョウ,ためる	kyou,tameru	0,0	0,0	KANJIDIC,PYPINYIN,UNIHAN,WORDSHK_CHARS
U+77F0	矰	ソウ	sou	0	0	KANJIDIC,PYPINYIN,UNIHAN
U+77F1	矱	ワク,ものさし	waku,monosashi	0,0	0,0	KANJIDIC,PYPINYIN,UNIHAN
U+77F3	石	セキ,シャク,コク,いし	seki,shaku,koku,ishi	0,0,0,0	0,0,0,0	KANJIDIC,PYPINYIN,UNIHAN,WORDSHK_CHARS
U+77F4	矴	テイ,いかり	tei,ikari	0,0	0,0	KANJIDIC,PYPINYIN,UNIHAN
U+77F8	矸	カン,きぬた	kan,kinuta	0,0	0,0	KANJIDIC,PYPINYIN,UNIHAN
U+77FB	矻	コツ,クチ,カツ,カチ,いし	kotsu,kuchi,katsu,kachi,ishi	0,0,0,0,0	0,0,0,0,0	KANJIDIC,PYPINYIN,UNIHAN
U+77FC	矼	コウ	kou	0	0	KANJIDIC,PYPINYIN,UNIHAN
U+7802	砂	サ,シャ,すな	sa,sha,suna	0,0,0	0,0,0	KANJIDIC,PYPINYIN,UNIHAN,WORDSHK_CHARS
U+7805	砅	レイ,リ,ヒョウ,わたる	rei,ri,hyou,wataru	0,0,0,0	0,0,0,0	KANJIDIC,PYPINYIN,UNIHAN
U+7806	砆	フ,いし	fu,ishi	0,0	0,0	KANJIDIC,PYPINYIN,UNIHAN
U+7809	砉	ケキ,キャク,カク,ワク	keki,kyaku,kaku,waku	0,0,0,0	0,0,0,0	KANJIDIC,PYPINYIN,UNIHAN
U+780C	砌	サイ,セイ,みぎり	sai,sei,migiri	0,0,0	0,0,0	KANJIDIC,PYPINYIN,UNIHAN,WORDSHK_CHARS
U+780D	砍	カン,コン,キン,きる	kan,kon,kin,kiru	0,0,0,0	0,0,0,0	KANJIDIC,PYPINYIN,UNIHAN,WORDSHK_CHARS
U+780E	砎	カイ,カツ,ケチ,かたい	kai,katsu,kechi,katai	0,0,0,0	0,0,0,0	KANJIDIC,PYPINYIN,UNIHAN
U+7811	砑	ガ,ゲ,する	ga,ge,suru	0,0,0	0,0,0	KANJIDIC,PYPINYIN,UNIHAN
U+7812	砒	ヒ,ヘイ	hi,hei	0,0	0,0	KANJIDIC,PYPINYIN,UNIHAN,WORDSHK_CHARS
U+7814	研	ケン,とぐ	ken,togu	0,0	0,0	KANJIDIC,PYPINYIN,UNIHAN,WORDSHK_CHARS
U+7815	砕	サイ,くだく,くだける	sai,kudaku,kudakeru	0,0,0	0,0,0	KANJIDIC,PYPINYIN,UNIHAN
U+781D	砝	キョウ,コウ,ホウ,かたい	kyou,kou,hou,katai	0,0,0,0	0,0,0,0	KANJIDIC,PYPINYIN,UNIHAN,WORDSHK_CHARS
U+7820	砠	ソ,ショ	so,sho	0,0	0,0	KANJIDIC,PYPINYIN,UNIHAN
U+7821	砡	ギク,ギョク,ゴク,そろえる	giku,gyoku,goku,soroeru	0,0,0,0	0,0,0,0	KANJIDIC,PYPINYIN,UNIHAN
U+7822	砢	ラ,カ,いしづみ	ra,ka,ishizumi	0,0,0	0,0,0	KANJIDIC,PYPINYIN,UNIHAN
U+7823	砣	タ,いし	ta,ishi	0,0	0,0	KANJIDIC,PYPINYIN,UNIHAN,WORDSHK_CHARS
U+7825	砥	シ,テイ,キイ,チ,と,といし,とぐ,みがく	shi,tei,kii,chi,to,toishi,togu,migaku	0,0,0,0,0,0,0,0	0,0,0,0,0,0,0,0	KANJIDIC,PYPINYIN,UNIHAN,WORDSHK_CHARS
U+7826	砦	サイ,とりで	sai,toride	0,0	0,0	KANJIDIC,PYPINYIN,UNIHAN,WORDSHK_CHARS
U+7827	砧	チン,きぬた	chin,kinuta	0,0	0,0	KANJIDIC,PYPINYIN,UNIHAN,WORDSHK_CHARS
U+782D	砭	ヘン,いしばり	hen,ishibari	0,0	0,0	KANJIDIC,PYPINYIN,UNIHAN
U+782E	砮	ド,ヌ,やじり	do,nu,yajiri	0,0,0	0,0,0	KANJIDIC,PYPINYIN,UNIHAN
U+7830	砰	ホウ,ヒョウ	hou,hyou	0,0	0,0	KANJIDIC,PYPINYIN,UNIHAN,WORDSHK_CHARS
U+7832	砲	ホウ	hou	0	0	KANJIDIC,PYPINYIN,UNIHAN,WORDSHK_CHARS
U+7834	破	ハ,やぶる,やぶれる,われる	ha,yaburu,yabureru,wareru	0,0,0,0	0,0,0,0	KANJIDIC,PYPINYIN,UNIHAN,WORDSHK_CHARS
U+7835	砵	オウ,ハツ	ou,hatsu	0,0	0,0	KANJIDIC,PYPINYIN,UNIHAN,WORDSHK_CHARS
U+7837	砷	シン	shin	0	0	KANJIDIC,PYPINYIN,UNIHAN,WORDSHK_CHARS
U+783A	砺	レイ,あらと,みがく	rei,arato,migaku	0,0,0	0,0,0	KANJIDIC,PYPINYIN,UNIHAN
U+783F	砿	コウ,あらがね	kou,aragane	0,0	0,0	KANJIDIC,PYPINYIN,UNIHAN
U+7843	硃	シュ	shu	0	0	KANJIDIC,PYPINYIN,UNIHAN,WORDSHK_CHARS
U+7844	硄	コウ	kou	0	0	KANJIDIC,PYPINYIN,UNIHAN
U+7845	硅	カク,キャク,ケイ,やぶる	kaku,kyaku,kei,yaburu	0,0,0,0	0,0,0,0	KANJIDIC,PYPINYIN,UNIHAN,WORDSHK_CHARS
U+7847	硇	ドウ,ニョウ	dou,nyou	0,0	0,0	KANJIDIC,PYPINYIN,UNIHAN
U+7848	硈	カツ,ケチ,かたい	katsu,kechi,katai	0,0,0	0,0,0	KANJIDIC,PYPINYIN,UNIHAN
U+784C	硌	ラク,レキ,リャク	raku,reki,ryaku	0,0,0	0,0,0	KANJIDIC,PYPINYIN,UNIHAN
U+784E	硎	ケイ,といし	kei,toishi	0,0	0,0	KANJIDIC,PYPINYIN,UNIHAN
U+784F	硏	ケン,とぐ,みがく	ken,togu,migaku	0,0,0	0,0,0	KANJIDIC,PYPINYIN,UNIHAN
U+7852	硒	セイ	sei	0	0	KANJIDIC,PYPINYIN,UNIHAN,WORDSHK_CHARS
U+785C	硜	コウ,キョウ,ケイ	kou,kyou,kei	0,0,0	0,0,0	KANJIDIC,PYPINYIN,UNIHAN
U+785D	硝	ショウ	shou	0	0	KANJIDIC,PYPINYIN,UNIHAN,WORDSHK_CHARS
U+785E	硞	カク,キャク,コク	kaku,kyaku,koku	0,0,0	0,0,0	KANJIDIC,PYPINYIN,UNIHAN
U+7860	硠	ロウ	rou	0	0	KANJIDIC,PYPINYIN,UNIHAN
U+7861	硡	コウ	kou	0	0	KANJIDIC,PYPINYIN,UNIHAN
U+7863	硣	コウ,キョウ	kou,kyou	0,0	0,0	KANJIDIC,PYPINYIN,UNIHAN
U+7864	硤	コウ,ギョウ	kou,gyou	0,0	0,0	KANJIDIC,PYPINYIN,UNIHAN,WORDSHK_CHARS
U+7868	硨	シャ	sha	0	0	KANJIDIC,PYPINYIN,UNIHAN
U+786A	硪	ギ,ガ,いそ,いわお	gi,ga,iso,iwao	0,0,0,0	0,0,0,0	KANJIDIC,PYPINYIN,UNIHAN
U+786B	硫	リュウ	ryuu	0	0	KANJIDIC,PYPINYIN,UNIHAN,WORDSHK_CHARS
U+786C	硬	コウ,かたい	kou,katai	0,0	0,0	KANJIDIC,PYPINYIN,UNIHAN,WORDSHK_CHARS
U+786E	确	カク	kaku	0	0	KANJIDIC,PYPINYIN,UNIHAN,WORDSHK_CHARS
U+786F	硯	ケン,ゲン,すずり	ken,gen,suzuri	0,0,0	0,0,0	KANJIDIC,PYPINYIN,UNIHAN,WORDSHK_CHARS
U+7872	硲	はざま	hazama	0	0	KANJIDIC,PYPINYIN,UNIHAN
U+7874	硴	かき	kaki	0	0	KANJIDIC,PYPINYIN,UNIHAN
U+787A	硺	タク,チョク,うつ	taku,choku,utsu	0,0,0	0,0,0	KANJIDIC,PYPINYIN,UNIHAN
U+787C	硼	ホウ	hou	0	0	KANJIDIC,PYPINYIN,UNIHAN,WORDSHK_CHARS
U+787E	硾	ツイ,ズイ,ダ,つく	tsui,zui,da,tsuku	0,0,0,0	0,0,0,0	KANJIDIC,PYPINYIN,UNIHAN
U+7881	碁	ゴ	go	0	0	KANJIDIC,PYPINYIN,UNIHAN,WORDSHK_CHARS
U+7886	碆	ハ	ha	0	0	KANJIDIC,PYPINYIN,UNIHAN
U+7887	碇	テイ,いかり	tei,ikari	0,0	0,0	KANJIDIC,PYPINYIN,UNIHAN,WORDSHK_CHARS
U+788A	碊	セン,サン,オク,のせる,そそぐ,うつる,さか	sen,san,oku,noseru,sosogu,utsuru,saka	0,0,0,0,0,0,0	0,0,0,0,0,0,0	KANJIDIC,PYPINYIN,UNIHAN
U+788C	碌	ロク,ろくな	roku,rokuna	0,0	0,0	KANJIDIC,PYPINYIN,UNIHAN,WORDSHK_CHARS
U+788D	碍	ガイ,ゲ,さまたげる	gai,ge,samatageru	0,0,0	0,0,0	KANJIDIC,PYPINYIN,UNIHAN
U+788E	碎	サイ,くだく,くだける	sai,kudaku,kudakeru	0,0,0	0,0,0	KANJIDIC,PYPINYIN,UNIHAN,WORDSHK_CHARS
U+788F	碏	シャク,サク,セキ,つつしむ	shaku,saku,seki,tsutsushimu	0,0,0,0	0,0,0,0	KANJIDIC,PYPINYIN,UNIHAN
U+7891	碑	ヒ,いしぶみ	hi,ishibumi	0,0	0,0	KANJIDIC,PYPINYIN,UNIHAN,WORDSHK_CHARS
U+7893	碓	カク,タイ,たしか,かくたる	kaku,tai,tashika,kakutaru	0,0,0,0	0,0,0,0	KANJIDIC,PYPINYIN,UNIHAN
U+7894	碔	ブ,ム	bu,mu	0,0	0,0	KANJIDIC,PYPINYIN,UNIHAN
U+7895	碕	キ,さき,さい,みさき	ki,saki,sai,misaki	0,0,0,0	0,0,0,0	KANJIDIC,PYPINYIN,UNIHAN
U+7897	碗	ワン,こばち	wan,kobachi	0,0	0,0	KANJIDIC,PYPINYIN,UNIHAN,WORDSHK_CHARS
U+7898	碘	テン	ten	0	0	KANJIDIC,PYPINYIN,UNIHAN,WORDSHK_CHARS
U+789A	碚	ハイ	hai	0	0	KANJIDIC,PYPINYIN,UNIHAN
U+789D	碝	ゼン,ネン	zen,nen	0,0	0,0	KANJIDIC,PYPINYIN,UNIHAN
U+789E	碞	ガン,いわ,けわしい	gan,iwa,kewashii	0,0,0	0,0,0	KANJIDIC,PYPINYIN,UNIHAN
U+789F	碟	カツ,ガチ,セツ,ゼチ,かわぐつ	katsu,gachi,setsu,zechi,kawagutsu	0,0,0,0,0	0,0,0,0,0	KANJIDIC,PYPINYIN,UNIHAN,WORDSHK_CHARS
U+78A1	碡	トク,チク,ジク	toku,chiku,jiku	0,0,0	0,0,0	KANJIDIC,PYPINYIN,UNIHAN
U+78A3	碣	ケツ,いしぶみ	ketsu,ishibumi	0,0	0,0	KANJIDIC,PYPINYIN,UNIHAN
U+78A4	碤	エイ,ヨウ,いし	ei,you,ishi	0,0,0	0,0,0	KANJIDIC,PYPINYIN,UNIHAN
U+78A7	碧	ヘキ,ヒャク	heki,hyaku	0,0	0,0	KANJIDIC,PYPINYIN,UNIHAN,WORDSHK_CHARS
U+78A8	碨	ワイ,エ,イ	wai,e,i	0,0,0	0,0,0	KANJIDIC,PYPINYIN,UNIHAN
U+78A9	碩	セキ,おおきい	seki,ookii	0,0	0,0	KANJIDIC,PYPINYIN,UNIHAN,WORDSHK_CHARS
U+78AA	碪	チン,きぬた	chin,kinuta	0,0	0,0	KANJIDIC,PYPINYIN,UNIHAN
U+78AC	碬	カ,ケ,ゲ,といし	ka,ke,ge,toishi	0,0,0,0	0,0,0,0	KANJIDIC,PYPINYIN,UNIHAN
U+78AD	碭	トウ,いし	tou,ishi	0,0	0,0	KANJIDIC,PYPINYIN,UNIHAN
U+78AF	碯	ノウ	nou	0	0	KANJIDIC,PYPINYIN,UNIHAN
U+78B0	碰	ホウ,ぶつかる	hou,butsukaru	0,0	0,0	KANJIDIC,PYPINYIN,UNIHAN,WORDSHK_CHARS
U+78B1	碱	ケン,カン,セン,あく	ken,kan,sen,aku	0,0,0,0	0,0,0,0	KANJIDIC,PYPINYIN,UNIHAN
U+78B2	碲	テイ	tei	0	0	KANJIDIC,PYPINYIN,UNIHAN
U+78B3	碳	タン	tan	0	0	KANJIDIC,PYPINYIN,UNIHAN,WORDSHK_CHARS
U+78BA	確	カク,コウ,たしか,たしかめる	kaku,kou,tashika,tashikameru	0,0,0,0	0,0,0,0	KANJIDIC,PYPINYIN,UNIHAN,WORDSHK_CHARS
U+78BB	碻	カク,コウ,たしかめる	kaku,kou,tashikameru	0,0,0	0,0,0	KANJIDIC,PYPINYIN,UNIHAN
U+78BC	碼	バ,メ,やーど,やある	ba,me,yaado,yaaru	0,0,0,0	0,0,0,0	KANJIDIC,PYPINYIN,UNIHAN,WORDSHK_CHARS
U+78BD	碽	コウ,ク	kou,ku	0,0	0,0	KANJIDIC,PYPINYIN,UNIHAN
U+78BE	碾	テン,ひく,うす	ten,hiku,usu	0,0,0	0,0,0	KANJIDIC,PYPINYIN,UNIHAN,WORDSHK_CHARS
U+78BF	碿	ソツ,ソチ,みがく	sotsu,sochi,migaku	0,0,0	0,0,0	KANJIDIC,PYPINYIN,UNIHAN
U+78C1	磁	ジ	ji	0	0	KANJIDIC,PYPINYIN,UNIHAN,WORDSHK_CHARS
U+78C5	磅	ボウ,ホウ,ぽんど	bou,hou,pondo	0,0,0	0,0,0	KANJIDIC,PYPINYIN,UNIHAN,WORDSHK_CHARS
U+78C6	磆	カツ	katsu	0	0	KANJIDIC,PYPINYIN,UNIHAN
U+78C7	磇	ヒ,ヘイ	hi,hei	0,0	0,0	KANJIDIC,PYPINYIN,UNIHAN
U+78C8	磈	イ,キ,カイ,けわしい	i,ki,kai,kewashii	0,0,0,0	0,0,0,0	KANJIDIC,PYPINYIN,UNIHAN
U+78C9	磉	ソウ,いしずえ	sou,ishizue	0,0	0,0	KANJIDIC,PYPINYIN,UNIHAN
U+78CA	磊	ライ	rai	0	0	KANJIDIC,PYPINYIN,UNIHAN,WORDSHK_CHARS
U+78CB	磋	サ,みがく	sa,migaku	0,0	0,0	KANJIDIC,PYPINYIN,UNIHAN,WORDSHK_CHARS
U+78CC	磌	テン,シン	ten,shin	0,0	0,0	KANJIDIC,PYPINYIN,UNIHAN
U+78CE	磎	ケイ,たに,たにがわ	kei,tani,tanigawa	0,0,0	0,0,0	KANJIDIC,PYPINYIN,UNIHAN
U+78D0	磐	バン,ハン,いわ	ban,han,iwa	0,0,0	0,0,0	KANJIDIC,PYPINYIN,UNIHAN,WORDSHK_CHARS
U+78D1	磑	ガイ,うす	gai,usu	0,0	0,0	KANJIDIC,PYPINYIN,UNIHAN
U+78D2	磒	イン,エン,ウン,おちる	in,en,un,ochiru	0,0,0,0	0,0,0,0	KANJIDIC,PYPINYIN,UNIHAN
U+78D3	磓	タイ,テ,ツイ,ズイ,おとす,うつ	tai,te,tsui,zui,otosu,utsu	0,0,0,0,0,0	0,0,0,0,0,0	KANJIDIC,PYPINYIN,UNIHAN
U+78D4	磔	タク,チャク,さく,はりつけ,ひらく	taku,chaku,saku,haritsuke,hiraku	0,0,0,0,0	0,0,0,0,0	KANJIDIC,PYPINYIN,UNIHAN
U+78D5	磕	カイ,コウ,カツ,カチ	kai,kou,katsu,kachi	0,0,0,0	0,0,0,0	KANJIDIC,PYPINYIN,UNIHAN
U+78D6	磖	ロウ	rou	0	0	KANJIDIC,PYPINYIN,UNIHAN
U+78DA	磚	セン,かわら	sen,kawara	0,0	0,0	KANJIDIC,PYPINYIN,UNIHAN,WORDSHK_CHARS
U+78DB	磛	サン,セン,けわしい	san,sen,kewashii	0,0,0	0,0,0	KANJIDIC,PYPINYIN,UNIHAN
U+78DF	磟	リク,ロク	riku,roku	0,0	0,0	KANJIDIC,PYPINYIN,UNIHAN
U+78E0	磠	ロ,すな	ro,suna	0,0	0,0	KANJIDIC,PYPINYIN,UNIHAN
U+78E1	磡	カン,コン	kan,kon	0,0	0,0	KANJIDIC,PYPINYIN,UNIHAN,WORDSHK_CHARS
U+78E4	磤	イン,オン	in,on	0,0	0,0	KANJIDIC,PYPINYIN,UNIHAN
U+78E6	磦	ヒョウ,みね	hyou,mine	0,0	0,0	KANJIDIC,PYPINYIN,UNIHAN
U+78E7	磧	セキ,かわら	seki,kawara	0,0	0,0	KANJIDIC,PYPINYIN,UNIHAN
U+78E8	磨	マ,みがく,する	ma,migaku,suru	0,0,0	0,0,0	KANJIDIC,PYPINYIN,UNIHAN,WORDSHK_CHARS
U+78EA	磪	サイ,スイ,けわしい	sai,sui,kewashii	0,0,0	0,0,0	KANJIDIC,PYPINYIN,UNIHAN
U+78EC	磬	ケイ	kei	0	0	KANJIDIC,PYPINYIN,UNIHAN
U+78EF	磯	キ,いそ	ki,iso	0,0	0,0	KANJIDIC,PYPINYIN,UNIHAN,WORDSHK_CHARS
U+78F2	磲	キョ,ゴ	kyo,go	0,0	0,0	KANJIDIC,PYPINYIN,UNIHAN
U+78F3	磳	ソウ,ジョウ,いし	sou,jou,ishi	0,0,0	0,0,0	KANJIDIC,PYPINYIN,UNIHAN
U+78F4	磴	トウ	tou	0	0	KANJIDIC,PYPINYIN,UNIHAN
U+78F6	磶	セキ,シャク,いしずえ	seki,shaku,ishizue	0,0,0	0,0,0	KANJIDIC,PYPINYIN,UNIHAN
U+78F7	磷	リン,ロウ,リョウ,ながれる,うすい,うすらぐ,きらら	rin,rou,ryou,nagareru,usui,usuragu,kirara	0,0,0,0,0,0,0	0,0,0,0,0,0,0	KANJIDIC,PYPINYIN,UNIHAN,WORDSHK_CHARS
U+78FA	磺	コウ,あらがね	kou,aragane	0,0	0,0	KANJIDIC,PYPINYIN,UNIHAN,WORDSHK_CHARS
U+78FB	磻	ハン,ハ,いし	han,ha,ishi	0,0,0	0,0,0	KANJIDIC,PYPINYIN,UNIHAN
U+78FD	磽	コウ,キョウ	kou,kyou	0,0	0,0	KANJIDIC,PYPINYIN,UNIHAN
U+78FF	磿	レキ,リャク	reki,ryaku	0,0	0,0	KANJIDIC,PYPINYIN,UNIHAN
U+7900	礀	カン,ケン,たに	kan,ken,tani	0,0,0	0,0,0	KANJIDIC,PYPINYIN,UNIHAN
U+7901	礁	ショウ	shou	0	0	KANJIDIC,PYPINYIN,UNIHAN,WORDSHK_CHARS
U+7906	礆	ケン,けわしい	ken,kewashii	0,0	0,0	KANJIDIC,PYPINYIN,UNIHAN
U+7907	礇	イク	iku	0	0	KANJIDIC,PYPINYIN,UNIHAN
U+790C	礌	ライ,おとす	rai,otosu	0,0	0,0	KANJIDIC,PYPINYIN,UNIHAN
U+790E	礎	ソ,いしずえ	so,ishizue	0,0	0,0	KANJIDIC,PYPINYIN,UNIHAN,WORDSHK_CHARS
U+7910	礐	カク,コク	kaku,koku	0,0	0,0	KANJIDIC,PYPINYIN,UNIHAN
U+7911	礑	トウ,はた,はたと	tou,hata,hatato	0,0,0	0,0,0	KANJIDIC,PYPINYIN,UNIHAN
U+7912	礒	ギ,ガ,いそ,いわお	gi,ga,iso,iwao	0,0,0,0	0,0,0,0	KANJIDIC,PYPINYIN,UNIHAN
U+7919	礙	ガイ,ゲ,さまたげる	gai,ge,samatageru	0,0,0	0,0,0	KANJIDIC,PYPINYIN,UNIHAN,WORDSHK_CHARS
U+791A	礚	カイ	kai	0	0	KANJIDIC,PYPINYIN,UNIHAN
U+791C	礜	ヨ	yo	0	0	KANJIDIC,PYPINYIN,UNIHAN
U+791E	礞	ボウ,ム,いし	bou,mu,ishi	0,0,0	0,0,0	KANJIDIC,PYPINYIN,UNIHAN
U+791F	礟	ホ,ホウ,いしはじき	ho,hou,ishihajiki	0,0,0	0,0,0	KANJIDIC,PYPINYIN,UNIHAN
U+7920	礠	ジ	ji	0	0	KANJIDIC,PYPINYIN,UNIHAN
U+7925	礥	キン,ケン,むつかしい	kin,ken,mutsukashii	0,0,0	0,0,0	KANJIDIC,PYPINYIN,UNIHAN
U+7926	礦	コウ,あらがね	kou,aragane	0,0	0,0	KANJIDIC,PYPINYIN,UNIHAN,WORDSHK_CHARS
U+7927	礧	ライ,ルイ	rai,rui	0,0	0,0	KANJIDIC,PYPINYIN,UNIHAN
U+7929	礩	シツ,シチ,いしずえ	shitsu,shichi,ishizue	0,0,0	0,0,0	KANJIDIC,PYPINYIN,UNIHAN
U+792A	礪	レイ,あらと,みがく	rei,arato,migaku	0,0,0	0,0,0	KANJIDIC,PYPINYIN,UNIHAN,WORDSHK_CHARS
U+792B	礫	レキ,つぶて,こいし	reki,tsubute,koishi	0,0,0	0,0,0	KANJIDIC,PYPINYIN,UNIHAN,WORDSHK_CHARS
U+792C	礬	バン,ハン	ban,han	0,0	0,0	KANJIDIC,PYPINYIN,UNIHAN,WORDSHK_CHARS
U+792D	礭	カク,むち	kaku,muchi	0,0	0,0	KANJIDIC,PYPINYIN,UNIHAN
U+7931	礱	ロウ,ル,とぐ	rou,ru,togu	0,0,0	0,0,0	KANJIDIC,PYPINYIN,UNIHAN
U+7934	礴	ハク,まじる	haku,majiru	0,0	0,0	KANJIDIC,PYPINYIN,UNIHAN
U+7935	礵	ソウ,ひそ	sou,hiso	0,0	0,0	KANJIDIC,PYPINYIN,UNIHAN
U+793A	示	ジ,シ,しめす	ji,shi,shimesu	0,0,0	0,0,0	KANJIDIC,PYPINYIN,UNIHAN,WORDSHK_CHARS
U+793B	礻	シ	shi	0	0	KANJIDIC,PYPINYIN,UNIHAN
U+793C	礼	レイ,ライ	rei,rai	0,0	0,0	KANJIDIC,PYPINYIN,UNIHAN
U+793D	礽	ジョウ,ニョウ,さいわい	jou,nyou,saiwai	0,0,0	0,0,0	KANJIDIC,PYPINYIN,UNIHAN
U+793E	社	シャ,やしろ	sha,yashiro	0,0	0,0	KANJIDIC,PYPINYIN,UNIHAN,WORDSHK_CHARS
U+793F	礿	ヤク,ヨウ,まつり	yaku,you,matsuri	0,0,0	0,0,0	KANJIDIC,PYPINYIN,UNIHAN
U+7940	祀	シ,まつる,まつり	shi,matsuru,matsuri	0,0,0	0,0,0	KANJIDIC,PYPINYIN,UNIHAN,WORDSHK_CHARS
U+7941	祁	キ,ケ	ki,ke	0,0	0,0	KANJIDIC,PYPINYIN,UNIHAN,WORDSHK_CHARS
U+7944	祄	カイ,たすける	kai,tasukeru	0,0	0,0	KANJIDIC,PYPINYIN,UNIHAN
U+7945	祅	ヨウ,わざわい	you,wazawai	0,0	0,0	KANJIDIC,PYPINYIN,UNIHAN
U+7946	祆	ケン,テン	ken,ten	0,0	0,0	KANJIDIC,PYPINYIN,UNIHAN,WORDSHK_CHARS
U+7947	祇	ギ,キ,シ,くにつかみ,ただ,まさに	gi,ki,shi,kunitsukami,tada,masani	0,0,0,0,0,0	0,0,0,0,0,0	KANJIDIC,PYPINYIN,UNIHAN,WORDSHK_CHARS
U+7948	祈	キ,いのる	ki,inoru	0,0	0,0	KANJIDIC,PYPINYIN,UNIHAN,WORDSHK_CHARS
U+7949	祉	シ	shi	0	0	KANJIDIC,PYPINYIN,UNIHAN,WORDSHK_CHARS
U+794A	祊	ホウ,ヒョウ,まつり	hou,hyou,matsuri	0,0,0	0,0,0	KANJIDIC,PYPINYIN,UNIHAN
U+794B	祋	タイ,タツ,タチ,ほこ	tai,tatsu,tachi,hoko	0,0,0,0	0,0,0,0	KANJIDIC,PYPINYIN,UNIHAN
U+794F	祏	セキ,ジャク,いはい	seki,jaku,ihai	0,0,0	0,0,0	KANJIDIC,PYPINYIN,UNIHAN
U+7950	祐	ユウ,ウ,たすける	yuu,u,tasukeru	0,0,0	0,0,0	KANJIDIC,PYPINYIN,UNIHAN
U+7951	祑	チツ,ジチ	chitsu,jichi	0,0	0,0	KANJIDIC,PYPINYIN,UNIHAN
U+7953	祓	フツ,ハイ,はらう	futsu,hai,harau	0,0,0	0,0,0	KANJIDIC,PYPINYIN,UNIHAN
U+7954	祔	フ,あわせまつる	fu,awasematsuru	0,0	0,0	KANJIDIC,PYPINYIN,UNIHAN
U+7955	祕	ヒ,ひめる,かくす	hi,himeru,kakusu	0,0,0	0,0,0	KANJIDIC,PYPINYIN,UNIHAN,WORDSHK_CHARS
U+7956	祖	ソ	so	0	0	KANJIDIC,PYPINYIN,UNIHAN,WORDSHK_CHARS
U+7957	祗	シ,つつしむ,まさに	shi,tsutsushimu,masani	0,0,0	0,0,0	KANJIDIC,PYPINYIN,UNIHAN
U+7958	祘	サン,かぞえる	san,kazoeru	0,0	0,0	KANJIDIC,PYPINYIN,UNIHAN
U+795A	祚	ソ,くらい,さいわい	so,kurai,saiwai	0,0,0	0,0,0	KANJIDIC,PYPINYIN,UNIHAN
U+795B	祛	キョ,コ,はらう	kyo,ko,harau	0,0,0	0,0,0	KANJIDIC,PYPINYIN,UNIHAN
U+795C	祜	コ,さいわい	ko,saiwai	0,0	0,0	KANJIDIC,PYPINYIN,UNIHAN
U+795D	祝	シュク,シュウ,いわう	shuku,shuu,iwau	0,0,0	0,0,0	KANJIDIC,PYPINYIN,UNIHAN,WORDSHK_CHARS
U+795E	神	シン,ジン,かみ,かん,こう	shin,jin,kami,kan,kou	0,0,0,0,0	0,0,0,0,0	KANJIDIC,PYPINYIN,UNIHAN,WORDSHK_CHARS
U+795F	祟	スイ,たたる,たたり	sui,tataru,tatari	0,0,0	0,0,0	KANJIDIC,PYPINYIN,UNIHAN,WORDSHK_CHARS
U+7960	祠	シ,ほこら,まつる	shi,hokora,matsuru	0,0,0	0,0,0	KANJIDIC,PYPINYIN,UNIHAN,WORDSHK_CHARS
U+7962	祢	ネ,デイ,ナイ	ne,dei,nai	0,0,0	0,0,0	KANJIDIC,PYPINYIN,UNIHAN,WORDSHK_CHARS
U+7965	祥	ショウ,さいわい,きざし,よい,つまびらか	shou,saiwai,kizashi,yoi,tsumabiraka	0,0,0,0,0	0,0,0,0,0	KANJIDIC,PYPINYIN,UNIHAN,WORDSHK_CHARS
U+7967	祧	チョウ	chou	0	0	KANJIDIC,PYPINYIN,UNIHAN
U+7968	票	ヒョウ	hyou	0	0	KANJIDIC,PYPINYIN,UNIHAN,WORDSHK_CHARS
U+7969	祩	シュ,チュ,のろう	shu,chu,norou	0,0,0	0,0,0	KANJIDIC,PYPINYIN,UNIHAN
U+796B	祫	コウ,ギョウ,まつる	kou,gyou,matsuru	0,0,0	0,0,0	KANJIDIC,PYPINYIN,UNIHAN
U+796D	祭	サイ,まつる,まつり	sai,matsuru,matsuri	0,0,0	0,0,0	KANJIDIC,PYPINYIN,UNIHAN,WORDSHK_CHARS
U+7972	祲	シン	shin	0	0	KANJIDIC,PYPINYIN,UNIHAN
U+7977	祷	トウ,いのる,いのり,まつる	tou,inoru,inori,matsuru	0,0,0,0	0,0,0,0	KANJIDIC,PYPINYIN,UNIHAN
U+7979	祹	トウ,さいわい	tou,saiwai	0,0	0,0	KANJIDIC,PYPINYIN,UNIHAN
U+797A	祺	キ,さいわい,やすい	ki,saiwai,yasui	0,0,0	0,0,0	KANJIDIC,PYPINYIN,UNIHAN
U+797B	祻	コ,ク,まつり	ko,ku,matsuri	0,0,0	0,0,0	KANJIDIC,PYPINYIN,UNIHAN
U+797C	祼	カン,まつり	kan,matsuri	0,0	0,0	KANJIDIC,PYPINYIN,UNIHAN
U+797E	祾	リョウ,ロウ,いつくしみ	ryou,rou,itsukushimi	0,0,0	0,0,0	KANJIDIC,PYPINYIN,UNIHAN
U+797F	祿	ロク,さいわい,ふち	roku,saiwai,fuchi	0,0,0	0,0,0	KANJIDIC,PYPINYIN,UNIHAN,WORDSHK_CHARS
U+7980	禀	リン,ヒン,こめぐら	rin,hin,komegura	0,0,0	0,0,0	KANJIDIC,PYPINYIN,UNIHAN
U+7981	禁	キン	kin	0	0	KANJIDIC,PYPINYIN,UNIHAN,WORDSHK_CHARS
U+7984	禄	ロク,さいわい,ふち	roku,saiwai,fuchi	0,0,0	0,0,0	KANJIDIC,PYPINYIN,UNIHAN
U+7985	禅	ゼン,セン,しずか,ゆずる	zen,sen,shizuka,yuzuru	0,0,0,0	0,0,0,0	KANJIDIC,PYPINYIN,UNIHAN
U+798A	禊	ケイ,カツ,みそぎ,はらう	kei,katsu,misogi,harau	0,0,0,0	0,0,0,0	KANJIDIC,PYPINYIN,UNIHAN
U+798B	禋	イン,エン,まつる	in,en,matsuru	0,0,0	0,0,0	KANJIDIC,PYPINYIN,UNIHAN
U+798C	禌	シ,いこう	shi,ikou	0,0	0,0	KANJIDIC,PYPINYIN,UNIHAN
U+798D	禍	カ,わざわい	ka,wazawai	0,0	0,0	KANJIDIC,PYPINYIN,UNIHAN,WORDSHK_CHARS
U+798E	禎	テイ,さいわい	tei,saiwai	0,0	0,0	KANJIDIC,PYPINYIN,UNIHAN
U+798F	福	フク	fuku	0	0	KANJIDIC,PYPINYIN,UNIHAN,WORDSHK_CHARS
U+7991	禑	グ,ゴ,さいわい	gu,go,saiwai	0,0,0	0,0,0	KANJIDIC,PYPINYIN,UNIHAN
U+7993	禓	ヨウ,ショウ,まつり	you,shou,matsuri	0,0,0	0,0,0	KANJIDIC,PYPINYIN,UNIHAN
U+7994	禔	シ,テイ,ダイ,さいわい	shi,tei,dai,saiwai	0,0,0,0	0,0,0,0	KANJIDIC,PYPINYIN,UNIHAN
U+7995	禕	イ,よい	i,yoi	0,0	0,0	KANJIDIC,PYPINYIN,UNIHAN
U+7996	禖	バイ,マイ	bai,mai	0,0	0,0	KANJIDIC,PYPINYIN,UNIHAN
U+7998	禘	テイ,ダイ,まつり	tei,dai,matsuri	0,0,0	0,0,0	KANJIDIC,PYPINYIN,UNIHAN
U+799B	禛	シン,うける	shin,ukeru	0,0	0,0	KANJIDIC,PYPINYIN,UNIHAN
U+799C	禜	エイ,ヨウ	ei,you	0,0	0,0	KANJIDIC,PYPINYIN,UNIHAN
U+799D	禝	ショク,きび	shoku,kibi	0,0	0,0	KANJIDIC,PYPINYIN,UNIHAN
U+79A1	禡	バ,メ,まつり	ba,me,matsuri	0,0,0	0,0,0	KANJIDIC,PYPINYIN,UNIHAN,WORDSHK_CHARS
U+79A6	禦	ギョ,ゴ,ふせぐ	gyo,go,fusegu	0,0,0	0,0,0	KANJIDIC,PYPINYIN,UNIHAN,WORDSHK_CHARS
U+79A7	禧	キ,さいわい	ki,saiwai	0,0	0,0	KANJIDIC,PYPINYIN,UNIHAN,WORDSHK_CHARS
U+79A8	禨	キ,ケ,きざし	ki,ke,kizashi	0,0,0	0,0,0	KANJIDIC,PYPINYIN,UNIHAN
U+79A9	禩	シ	shi	0	0	KANJIDIC,PYPINYIN,UNIHAN
U+79AA	禪	ゼン,セン,しずか,ゆずる	zen,sen,shizuka,yuzuru	0,0,0,0	0,0,0,0	KANJIDIC,PYPINYIN,UNIHAN,WORDSHK_CHARS
U+79AB	禫	タン,ドン,まつり	tan,don,matsuri	0,0,0	0,0,0	KANJIDIC,PYPINYIN,UNIHAN
U+79AE	禮	レイ,ライ	rei,rai	0,0	0,0	KANJIDIC,PYPINYIN,UNIHAN,WORDSHK_CHARS
U+79AF	禯	チョウ,ジョウ,ニュ,まつり	chou,jou,nyu,matsuri	0,0,0,0	0,0,0,0	KANJIDIC,PYPINYIN,UNIHAN
U+79B0	禰	ネ,デイ,ナイ	ne,dei,nai	0,0,0	0,0,0	KANJIDIC,PYPINYIN,UNIHAN
U+79B1	禱	トウ,いのる,まつる	tou,inoru,matsuru	0,0,0	0,0,0	KANJIDIC,PYPINYIN,UNIHAN,WORDSHK_CHARS
U+79B3	禳	ジョウ,はらう	jou,harau	0,0	0,0	KANJIDIC,PYPINYIN,UNIHAN
U+79B4	禴	ヤク,ヨウ,まつり	yaku,you,matsuri	0,0,0	0,0,0	KANJIDIC,PYPINYIN,UNIHAN
U+79B8	禸	ジュウ,ニュ,あしあと	juu,nyu,ashiato	0,0,0	0,0,0	KANJIDIC,PYPINYIN,UNIHAN,WORDSHK_CHARS
U+79B9	禹	ウ	u	0	0	KANJIDIC,PYPINYIN,UNIHAN,WORDSHK_CHARS
U+79BA	禺	グ,グウ,おながざる	gu,guu,onagazaru	0,0,0	0,0,0	KANJIDIC,PYPINYIN,UNIHAN,WORDSHK_CHARS
U+79BB	离	チ,リ	chi,ri	0,0	0,0	KANJIDIC,PYPINYIN,UNIHAN
U+79BD	禽	キン,とり,とりこ	kin,tori,toriko	0,0,0	0,0,0	KANJIDIC,PYPINYIN,UNIHAN,WORDSHK_CHARS
U+79BE	禾	カ,いね	ka,ine	0,0	0,0	KANJIDIC,PYPINYIN,UNIHAN,WORDSHK_CHARS
U+79BF	禿	トク,ちびる,かむろ,はげる,はげ	toku,chibiru,kamuro,hageru,hage	0,0,0,0,0	0,0,0,0,0	KANJIDIC,PYPINYIN,UNIHAN,WORDSHK_CHARS
U+79C0	秀	シュウ,ひいでる	shuu,hiideru	0,0	0,0	KANJIDIC,PYPINYIN,UNIHAN,WORDSHK_CHARS
U+79C1	私	シ,わたくし,わたし	shi,watakushi,watashi	0,0,0	0,0,0	KANJIDIC,PYPINYIN,UNIHAN,WORDSHK_CHARS
U+79C2	秂	ジン,ニン	jin,nin	0,0	0,0	KANJIDIC,PYPINYIN,UNIHAN
U+79C4	秄	シ,つちかう	shi,tsuchikau	0,0	0,0	KANJIDIC,PYPINYIN,UNIHAN
U+79C7	秇	ゲイ,ウン,うえる,のり,わざ	gei,un,ueru,nori,waza	0,0,0,0,0	0,0,0,0,0	KANJIDIC,PYPINYIN,UNIHAN
U+79C8	秈	セン,うるち	sen,uruchi	0,0	0,0	KANJIDIC,PYPINYIN,UNIHAN
U+79C9	秉	ヘイ,とる	hei,toru	0,0	0,0	KANJIDIC,PYPINYIN,UNIHAN,WORDSHK_CHARS
U+79CA	秊	ネン,とし	nen,toshi	0,0	0,0	KANJIDIC,PYPINYIN,UNIHAN
U+79CB	秋	シュウ,あき,とき	shuu,aki,toki	0,0,0	0,0,0	KANJIDIC,PYPINYIN,UNIHAN,WORDSHK_CHARS
U+79CD	种	チュウ,おさない	chuu,osanai	0,0	0,0	KANJIDIC,PYPINYIN,UNIHAN
U+79CF	秏	コウ,カイ,ボウ,モウ	kou,kai,bou,mou	0,0,0,0	0,0,0,0	KANJIDIC,PYPINYIN,UNIHAN
U+79D1	科	カ	ka	0	0	KANJIDIC,PYPINYIN,UNIHAN,WORDSHK_CHARS
U+79D2	秒	ビョウ	byou	0	0	KANJIDIC,PYPINYIN,UNIHAN,WORDSHK_CHARS
U+79D4	秔	コウ,うるち,ぬか	kou,uruchi,nuka	0,0,0	0,0,0	KANJIDIC,PYPINYIN,UNIHAN
U+79D5	秕	ヒ,しいな	hi,shiina	0,0	0,0	KANJIDIC,PYPINYIN,UNIHAN
U+79D6	秖	シ,みのる	shi,minoru	0,0	0,0	KANJIDIC,PYPINYIN,UNIHAN
U+79D8	秘	ヒ,ひめる,ひそか,かくす	hi,himeru,hisoka,kakusu	0,0,0,0	0,0,0,0	KANJIDIC,PYPINYIN,UNIHAN,WORDSHK_CHARS
U+79DA	秚	ハン,やわらぐ	han,yawaragu	0,0	0,0	KANJIDIC,PYPINYIN,UNIHAN
U+79DD	秝	レキ,リャク,ならぶ	reki,ryaku,narabu	0,0,0	0,0,0	KANJIDIC,PYPINYIN,UNIHAN
U+79DE	秞	ユウ,ユ,しげる	yuu,yu,shigeru	0,0,0	0,0,0	KANJIDIC,PYPINYIN,UNIHAN
U+79DF	租	ソ	so	0	0	KANJIDIC,PYPINYIN,UNIHAN,WORDSHK_CHARS
U+79E0	秠	ヒ,フウ,フ,ヒュウ,ヒュ,くろきび	hi,fuu,fu,hyuu,hyu,kurokibi	0,0,0,0,0,0	0,0,0,0,0,0	KANJIDIC,PYPINYIN,UNIHAN
U+79E1	秡	ハツ,バチ	hatsu,bachi	0,0	0,0	KANJIDIC,PYPINYIN,UNIHAN
U+79E2	秢	レイ,リョウ,よわい	rei,ryou,yowai	0,0,0	0,0,0	KANJIDIC,PYPINYIN,UNIHAN
U+79E3	秣	マツ,バツ,まぐさ,まぐさかう	matsu,batsu,magusa,magusakau	0,0,0,0	0,0,0,0	KANJIDIC,PYPINYIN,UNIHAN
U+79E4	秤	ショウ,ヒン,ビン,はかり	shou,hin,bin,hakari	0,0,0,0	0,0,0,0	KANJIDIC,PYPINYIN,UNIHAN,WORDSHK_CHARS
U+79E5	秥	デン,ネン,いね	den,nen,ine	0,0,0	0,0,0	KANJIDIC,PYPINYIN,UNIHAN
U+79E6	秦	シン,はた	shin,hata	0,0	0,0	KANJIDIC,PYPINYIN,UNIHAN,WORDSHK_CHARS
U+79E7	秧	オウ,なえ	ou,nae	0,0	0,0	KANJIDIC,PYPINYIN,UNIHAN,WORDSHK_CHARS
U+79E9	秩	チツ	chitsu	0	0	KANJIDIC,PYPINYIN,UNIHAN,WORDSHK_CHARS
U+79EA	秪	チ,みのる	chi,minoru	0,0	0,0	KANJIDIC,PYPINYIN,UNIHAN
U+79EB	秫	ジョツ,シュツ,チュツ,もちあわ,おけら	jotsu,shutsu,chutsu,mochiawa,okera	0,0,0,0,0	0,0,0,0,0	KANJIDIC,PYPINYIN,UNIHAN
U+79EC	秬	キョ,くろきび	kyo,kurokibi	0,0	0,0	KANJIDIC,PYPINYIN,UNIHAN
U+79ED	秭	シ	shi	0	0	KANJIDIC,PYPINYIN,UNIHAN
U+79F0	称	ショウ,たたえる,となえる,あげる,かなう,はかり,はかる,ほめる	shou,tataeru,tonaeru,ageru,kanau,hakari,hakaru,homeru	0,0,0,0,0,0,0,0	0,0,0,0,0,0,0,0	KANJIDIC,PYPINYIN,UNIHAN
U+79F1	秱	トウ,ズ	tou,zu	0,0	0,0	KANJIDIC,PYPINYIN,UNIHAN
U+79F8	秸	カツ,ケチ,カイ,わら	katsu,kechi,kai,wara	0,0,0,0	0,0,0,0	KANJIDIC,PYPINYIN,UNIHAN
U+79FB	移	イ,うつる,うつす	i,utsuru,utsusu	0,0,0	0,0,0	KANJIDIC,PYPINYIN,UNIHAN,WORDSHK_CHARS
U+79FC	秼	シュ,のろう	shu,norou	0,0	0,0	KANJIDIC,PYPINYIN,UNIHAN
U+7A00	稀	キ,ケ,まれ,まばら	ki,ke,mare,mabara	0,0,0,0	0,0,0,0	KANJIDIC,PYPINYIN,UNIHAN,WORDSHK_CHARS
U+7A02	稂	ロウ,リョウ,いぬあわ	rou,ryou,inuawa	0,0,0	0,0,0	KANJIDIC,PYPINYIN,UNIHAN
U+7A03	稃	フ,フウ,もみがら	fu,fuu,momigara	0,0,0	0,0,0	KANJIDIC,PYPINYIN,UNIHAN
U+7A07	稇	コン,うれる,くくる	kon,ureru,kukuru	0,0,0	0,0,0	KANJIDIC,PYPINYIN,UNIHAN
U+7A08	稈	カン,わら	kan,wara	0,0	0,0	KANJIDIC,PYPINYIN,UNIHAN,WORDSHK_CHARS
U+7A09	稉	コウ,うるち,ぬか	kou,uruchi,nuka	0,0,0	0,0,0	KANJIDIC,PYPINYIN,UNIHAN
U+7A0A	稊	テイ,ダイ,いぬびえ	tei,dai,inubie	0,0,0	0,0,0	KANJIDIC,PYPINYIN,UNIHAN
U+7A0B	程	テイ,ほど	tei,hodo	0,0	0,0	KANJIDIC,PYPINYIN,UNIHAN,WORDSHK_CHARS
U+7A0C	稌	ト,ズ,ショ,いね	to,zu,sho,ine	0,0,0,0	0,0,0,0	KANJIDIC,PYPINYIN,UNIHAN
U+7A0D	稍	ソウ,ショウ,やや,ようやく	sou,shou,yaya,youyaku	0,0,0,0	0,0,0,0	KANJIDIC,PYPINYIN,UNIHAN,WORDSHK_CHARS
U+7A0E	税	ゼイ	zei	0	0	KANJIDIC,PYPINYIN,UNIHAN,WORDSHK_CHARS
U+7A11	稑	リク,ロク,わせ	riku,roku,wase	0,0,0	0,0,0	KANJIDIC,PYPINYIN,UNIHAN
U+7A14	稔	ネン,ジン,ニン,みのる,みのり	nen,jin,nin,minoru,minori	0,0,0,0,0	0,0,0,0,0	KANJIDIC,PYPINYIN,UNIHAN,WORDSHK_CHARS
U+7A15	稕	シュン,わらたば	shun,warataba	0,0	0,0	KANJIDIC,PYPINYIN,UNIHAN
U+7A17	稗	ハイ,ヒ,ひえ	hai,hi,hie	0,0,0	0,0,0	KANJIDIC,PYPINYIN,UNIHAN
U+7A18	稘	キ	ki	0	0	KANJIDIC,PYPINYIN,UNIHAN
U+7A19	稙	ショク,チョク	shoku,choku	0,0	0,0	KANJIDIC,PYPINYIN,UNIHAN
U+7A1A	稚	チ,ジ,いとけない,おさない,おくて,おでる	chi,ji,itokenai,osanai,okute,oderu	0,0,0,0,0,0	0,0,0,0,0,0	KANJIDIC,PYPINYIN,UNIHAN,WORDSHK_CHARS
U+7A1B	稛	コン,キン,クン,くくる	kon,kin,kun,kukuru	0,0,0,0	0,0,0,0	KANJIDIC,PYPINYIN,UNIHAN
U+7A1C	稜	リョウ,ロウ,いつ,かど	ryou,rou,itsu,kado	0,0,0,0	0,0,0,0	KANJIDIC,PYPINYIN,UNIHAN,WORDSHK_CHARS
U+7A1E	稞	カ,ゲ,ラ,むぎ	ka,ge,ra,mugi	0,0,0,0	0,0,0,0	KANJIDIC,PYPINYIN,UNIHAN
U+7A1F	稟	リン,ヒン,こめぐら	rin,hin,komegura	0,0,0	0,0,0	KANJIDIC,PYPINYIN,UNIHAN,WORDSHK_CHARS
U+7A20	稠	チュウ,チョウ,おおい,しげる	chuu,chou,ooi,shigeru	0,0,0,0	0,0,0,0	KANJIDIC,PYPINYIN,UNIHAN,WORDSHK_CHARS
U+7A21	稡	ソツ,ソチ,サイ,セ,あつまる,あつめる	sotsu,sochi,sai,se,atsumaru,atsumeru	0,0,0,0,0,0	0,0,0,0,0,0	KANJIDIC,PYPINYIN,UNIHAN
U+7A27	稧	ケイ,ケツ,ケチ,わら,みそぎ	kei,ketsu,kechi,wara,misogi	0,0,0,0,0	0,0,0,0,0	KANJIDIC,PYPINYIN,UNIHAN
U+7A2B	稫	ヒョク,ヒキ,しげる	hyoku,hiki,shigeru	0,0,0	0,0,0	KANJIDIC,PYPINYIN,UNIHAN
U+7A2D	稭	カツ,ケチ,カイ,わら	katsu,kechi,kai,wara	0,0,0,0	0,0,0,0	KANJIDIC,PYPINYIN,UNIHAN
U+7A2E	種	シュ,たね,ぐさ	shu,tane,gusa	0,0,0	0,0,0	KANJIDIC,PYPINYIN,UNIHAN,WORDSHK_CHARS
U+7A2F	稯	ソウ,ス,たば	sou,su,taba	0,0,0	0,0,0	KANJIDIC,PYPINYIN,UNIHAN
U+7A30	稰	ショ	sho	0	0	KANJIDIC,PYPINYIN,UNIHAN
U+7A31	稱	ショウ,たたえる,となえる,あげる,かなう,はかる,ほめる	shou,tataeru,tonaeru,ageru,kanau,hakaru,homeru	0,0,0,0,0,0,0	0,0,0,0,0,0,0	KANJIDIC,PYPINYIN,UNIHAN,WORDSHK_CHARS
U+7A32	稲	トウ,テ,いね,いな	tou,te,ine,ina	0,0,0,0	0,0,0,0	KANJIDIC,PYPINYIN,UNIHAN
U+7A34	稴	レン,ケン,カン,うるち	ren,ken,kan,uruchi	0,0,0,0	0,0,0,0	KANJIDIC,PYPINYIN,UNIHAN
U+7A35	稵	シ,シュウ,うえる,まく,ます	shi,shuu,ueru,maku,masu	0,0,0,0,0	0,0,0,0,0	KANJIDIC,PYPINYIN,UNIHAN
U+7A37	稷	ショク,きび	shoku,kibi	0,0	0,0	KANJIDIC,PYPINYIN,UNIHAN,WORDSHK_CHARS
U+7A38	稸	キク,コク,チク,トク,つむ,たくわえる	kiku,koku,chiku,toku,tsumu,takuwaeru	0,0,0,0,0,0	0,0,0,0,0,0	KANJIDIC,PYPINYIN,UNIHAN
U+7A39	稹	シン,テン,ヘン,しげる	shin,ten,hen,shigeru	0,0,0,0	0,0,0,0	KANJIDIC,PYPINYIN,UNIHAN
U+7A3A	稺	チ,ジ,いとけない,おさない,おくて,おごる	chi,ji,itokenai,osanai,okute,ogoru	0,0,0,0,0,0	0,0,0,0,0,0	KANJIDIC,PYPINYIN,UNIHAN
U+7A3B	稻	トウ,テ,いね,いな	tou,te,ine,ina	0,0,0,0	0,0,0,0	KANJIDIC,PYPINYIN,UNIHAN,WORDSHK_CHARS
U+7A3C	稼	カ,かせぐ	ka,kasegu	0,0	0,0	KANJIDIC,PYPINYIN,UNIHAN,WORDSHK_CHARS
U+7A3D	稽	ケイ,かんがえる,とどめる	kei,kangaeru,todomeru	0,0,0	0,0,0	KANJIDIC,PYPINYIN,UNIHAN,WORDSHK_CHARS
U+7A3E	稾	コウ,わら,したがき	kou,wara,shitagaki	0,0,0	0,0,0	KANJIDIC,PYPINYIN,UNIHAN
U+7A3F	稿	コウ,わら,したがき	kou,wara,shitagaki	0,0,0	0,0,0	KANJIDIC,PYPINYIN,UNIHAN,WORDSHK_CHARS
U+7A40	穀	コク	koku	0	0	KANJIDIC,PYPINYIN,UNIHAN,WORDSHK_CHARS
U+7A42	穂	スイ,ほ	sui,ho	0,0	0,0	KANJIDIC,PYPINYIN,UNIHAN
U+7A43	穃	ヨウ	you	0	0	KANJIDIC,PYPINYIN,UNIHAN
U+7A44	穄	セイ,サイ,くろきび	sei,sai,kurokibi	0,0,0	0,0,0	KANJIDIC,PYPINYIN,UNIHAN
U+7A45	穅	コウ,ぬか,むなしい	kou,nuka,munashii	0,0,0	0,0,0	KANJIDIC,PYPINYIN,UNIHAN
U+7A46	穆	ボク,モク,やわらぐ	boku,moku,yawaragu	0,0,0	0,0,0	KANJIDIC,PYPINYIN,UNIHAN,WORDSHK_CHARS
U+7A47	穇	サン,シン,ひえ	san,shin,hie	0,0,0	0,0,0	KANJIDIC,PYPINYIN,UNIHAN
U+7A48	穈	ボン,モン,ビ,ミ	bon,mon,bi,mi	0,0,0,0	0,0,0,0	KANJIDIC,PYPINYIN,UNIHAN
U+7A49	穉	チ,ジ,いとけない,おさない,おくて,おごる	chi,ji,itokenai,osanai,okute,ogoru	0,0,0,0,0,0	0,0,0,0,0,0	KANJIDIC,PYPINYIN,UNIHAN
U+7A4C	穌	ソ,かきあつめる	so,kakiatsumeru	0,0	0,0	KANJIDIC,PYPINYIN,UNIHAN,WORDSHK_CHARS
U+7A4D	積	セキ,つむ,づみ,つもる,つもり	seki,tsumu,zumi,tsumoru,tsumori	0,0,0,0,0	0,0,0,0,0	KANJIDIC,PYPINYIN,UNIHAN,WORDSHK_CHARS
U+7A4E	穎	エイ,ほさき,のぎ	ei,hosaki,nogi	0,0,0	0,0,0	KANJIDIC,PYPINYIN,UNIHAN,WORDSHK_CHARS
U+7A4F	穏	オン,おだやか	on,odayaka	0,0	0,0	KANJIDIC,PYPINYIN,UNIHAN
U+7A50	穐	シュウ,あき,とき	shuu,aki,toki	0,0,0	0,0,0	KANJIDIC,PYPINYIN,UNIHAN
U+7A55	穕	ショウ	shou	0	0	KANJIDIC,PYPINYIN,UNIHAN
U+7A56	穖	キ,ケ	ki,ke	0,0	0,0	KANJIDIC,PYPINYIN,UNIHAN
U+7A57	穗	スイ,ほ	sui,ho	0,0	0,0	KANJIDIC,PYPINYIN,UNIHAN,WORDSHK_CHARS
U+7A59	穙	ホク,しげる	hoku,shigeru	0,0	0,0	KANJIDIC,PYPINYIN,UNIHAN
U+7A5C	穜	トウ,ズ,ショウ,シュ,おくて	tou,zu,shou,shu,okute	0,0,0,0,0	0,0,0,0,0	KANJIDIC,PYPINYIN,UNIHAN
U+7A5D	穝	サイ	sai	0	0	KANJIDIC,PYPINYIN,UNIHAN
U+7A5F	穟	スイ,ほ	sui,ho	0,0	0,0	KANJIDIC,PYPINYIN,UNIHAN
U+7A60	穠	ジョウ,ニュ,しげる	jou,nyu,shigeru	0,0,0	0,0,0	KANJIDIC,PYPINYIN,UNIHAN
U+7A61	穡	ショク	shoku	0	0	KANJIDIC,PYPINYIN,UNIHAN
U+7A62	穢	アイ,エ,ワイ,けがす,けがれ,けがれる	ai,e,wai,kegasu,kegare,kegareru	0,0,0,0,0,0	0,0,0,0,0,0	KANJIDIC,PYPINYIN,UNIHAN,WORDSHK_CHARS
U+7A63	穣	ジョウ,わら,ゆたか	jou,wara,yutaka	0,0,0	0,0,0	KANJIDIC,PYPINYIN,UNIHAN
U+7A65	穥	ヨ,うえる	yo,ueru	0,0	0,0	KANJIDIC,PYPINYIN,UNIHAN
U+7A67	穧	セイ,ザイ,シ,かりいね	sei,zai,shi,kariine	0,0,0,0	0,0,0,0	KANJIDIC,PYPINYIN,UNIHAN
U+7A69	穩	オン,おだやか	on,odayaka	0,0	0,0	KANJIDIC,PYPINYIN,UNIHAN,WORDSHK_CHARS
U+7A6A	穪	ショウ,たたえる,となえる,あげる,かなう,はかる,ほめる	shou,tataeru,tonaeru,ageru,kanau,hakaru,homeru	0,0,0,0,0,0,0	0,0,0,0,0,0,0	KANJIDIC,PYPINYIN,UNIHAN
U+7A6B	穫	カク	kaku	0	0	KANJIDIC,PYPINYIN,UNIHAN,WORDSHK_CHARS
U+7A6D	穭	リョ,ロ	ryo,ro	0,0	0,0	KANJIDIC,PYPINYIN,UNIHAN
U+7A70	穰	ジョウ,わら,ゆたか	jou,wara,yutaka	0,0,0	0,0,0	KANJIDIC,PYPINYIN,UNIHAN
U+7A74	穴	ケツ,あな	ketsu,ana	0,0	0,0	KANJIDIC,PYPINYIN,UNIHAN,WORDSHK_CHARS
U+7A75	穵	アツ,エチ,あな	atsu,echi,ana	0,0,0	0,0,0	KANJIDIC,PYPINYIN,UNIHAN
U+7A76	究	キュウ,ク,きわめる	kyuu,ku,kiwameru	0,0,0	0,0,0	KANJIDIC,PYPINYIN,UNIHAN,WORDSHK_CHARS
U+7A78	穸	セキ,ジョク,キュウ,よる	seki,joku,kyuu,yoru	0,0,0,0	0,0,0,0	KANJIDIC,PYPINYIN,UNIHAN
U+7A79	穹	キュウ,キョウ,あめ,そら	kyuu,kyou,ame,sora	0,0,0,0	0,0,0,0	KANJIDIC,PYPINYIN,UNIHAN,WORDSHK_CHARS
U+7A7A	空	クウ,そら,あく,あき,あける,から,すく,すかす,むなしい	kuu,sora,aku,aki,akeru,kara,suku,sukasu,munashii	0,0,0,0,0,0,0,0,0	0,0,0,0,0,0,0,0,0	KANJIDIC,PYPINYIN,UNIHAN,WORDSHK_CHARS
U+7A7D	穽	セイ,おとしあな	sei,otoshiana	0,0	0,0	KANJIDIC,PYPINYIN,UNIHAN
U+7A7E	穾	ヨウ,ふかい	you,fukai	0,0	0,0	KANJIDIC,PYPINYIN,UNIHAN
U+7A7F	穿	セン,うがつ,はく	sen,ugatsu,haku	0,0,0	0,0,0	KANJIDIC,PYPINYIN,UNIHAN,WORDSHK_CHARS
U+7A80	窀	チュン,トン,タン,あつい	chun,ton,tan,atsui	0,0,0,0	0,0,0,0	KANJIDIC,PYPINYIN,UNIHAN
U+7A81	突	トツ,カ,つく	totsu,ka,tsuku	0,0,0	0,0,0	KANJIDIC,PYPINYIN,UNIHAN,WORDSHK_CHARS
U+7A82	窂	ロウ,みちる,おり	rou,michiru,ori	0,0,0	0,0,0	KANJIDIC,PYPINYIN,UNIHAN
U+7A83	窃	セツ,ぬすむ,ひそか	setsu,nusumu,hisoka	0,0,0	0,0,0	KANJIDIC,PYPINYIN,UNIHAN
U+7A84	窄	サク,すぼめる,つぼめる,せまい	saku,subomeru,tsubomeru,semai	0,0,0,0	0,0,0,0	KANJIDIC,PYPINYIN,UNIHAN,WORDSHK_CHARS
U+7A85	窅	ヨウ,オウ,ベン,メン	you,ou,ben,men	0,0,0,0	0,0,0,0	KANJIDIC,PYPINYIN,UNIHAN
U+7A86	窆	ビン,ホウ,ヘン,ほうむる	bin,hou,hen,houmuru	0,0,0,0	0,0,0,0	KANJIDIC,PYPINYIN,UNIHAN
U+7A88	窈	ヨウ	you	0	0	KANJIDIC,PYPINYIN,UNIHAN,WORDSHK_CHARS
U+7A8A	窊	ワ,エ,ユ,くぼむ	wa,e,yu,kubomu	0,0,0,0	0,0,0,0	KANJIDIC,PYPINYIN,UNIHAN
U+7A8B	窋	チュツ,タツ,タチ	chutsu,tatsu,tachi	0,0,0	0,0,0	KANJIDIC,PYPINYIN,UNIHAN
U+7A90	窐	ケイ,ケ,ワ,エ,コウ,うつろ	kei,ke,wa,e,kou,utsuro	0,0,0,0,0,0	0,0,0,0,0,0	KANJIDIC,PYPINYIN,UNIHAN
U+7A91	窑	ヨウ,かま	you,kama	0,0	0,0	KANJIDIC,PYPINYIN,UNIHAN
U+7A92	窒	チツ	chitsu	0	0	KANJIDIC,PYPINYIN,UNIHAN,WORDSHK_CHARS
U+7A93	窓	ソウ,ス,まど,てんまど,けむだし	sou,su,mado,tenmado,kemudashi	0,0,0,0,0	0,0,0,0,0	KANJIDIC,PYPINYIN,UNIHAN
U+7A94	窔	ヨウ,ふかい	you,fukai	0,0	0,0	KANJIDIC,PYPINYIN,UNIHAN
U+7A95	窕	チョウ,ヨウ,うつくしい	chou,you,utsukushii	0,0,0	0,0,0	KANJIDIC,PYPINYIN,UNIHAN,WORDSHK_CHARS
U+7A96	窖	コウ,キョウ,あなぐら	kou,kyou,anagura	0,0,0	0,0,0	KANJIDIC,PYPINYIN,UNIHAN,WORDSHK_CHARS
U+7A97	窗	ソウ,ス,まど,てんまど,けむだし	sou,su,mado,tenmado,kemudashi	0,0,0,0,0	0,0,0,0,0	KANJIDIC,PYPINYIN,UNIHAN,WORDSHK_CHARS
U+7A98	窘	キン,たしなめる,くるしむ	kin,tashinameru,kurushimu	0,0,0	0,0,0	KANJIDIC,PYPINYIN,UNIHAN,WORDSHK_CHARS
U+7A9E	窞	タン,ドン,ラン,あな	tan,don,ran,ana	0,0,0,0	0,0,0,0	KANJIDIC,PYPINYIN,UNIHAN
U+7A9F	窟	クツ,コツ,いわや,いはや,あな	kutsu,kotsu,iwaya,ihaya,ana	0,0,0,0,0	0,0,0,0,0	KANJIDIC,PYPINYIN,UNIHAN,WORDSHK_CHARS
U+7AA0	窠	カ,す	ka,su	0,0	0,0	KANJIDIC,PYPINYIN,UNIHAN
U+7AA3	窣	ソツ,ソチ	sotsu,sochi	0,0	0,0	KANJIDIC,PYPINYIN,UNIHAN
U+7AA9	窩	カ,ワ,むろ	ka,wa,muro	0,0,0	0,0,0	KANJIDIC,PYPINYIN,UNIHAN,WORDSHK_CHARS
U+7AAA	窪	ワ,ア,くぼむ,くぼみ,くぼまる,くぼ	wa,a,kubomu,kubomi,kubomaru,kubo	0,0,0,0,0,0	0,0,0,0,0,0	KANJIDIC,PYPINYIN,UNIHAN,WORDSHK_CHARS
U+7AAC	窬	ユ,トウ,ズ,くぐりど	yu,tou,zu,kugurido	0,0,0,0	0,0,0,0	KANJIDIC,PYPINYIN,UNIHAN,WORDSHK_CHARS
U+7AAE	窮	キュウ,キョウ,きわめる,きわまる,きわまり,きわみ	kyuu,kyou,kiwameru,kiwamaru,kiwamari,kiwami	0,0,0,0,0,0	0,0,0,0,0,0	KANJIDIC,PYPINYIN,UNIHAN,WORDSHK_CHARS
U+7AAF	窯	ヨウ,かま	you,kama	0,0	0,0	KANJIDIC,PYPINYIN,UNIHAN,WORDSHK_CHARS
U+7AB0	窰	ヨウ,かま	you,kama	0,0	0,0	KANJIDIC,PYPINYIN,UNIHAN
U+7AB3	窳	ワ,エ,ユ,くぼむ	wa,e,yu,kubomu	0,0,0,0	0,0,0,0	KANJIDIC,PYPINYIN,UNIHAN
U+7AB5	窵	チョウ,トウ,おくふかい	chou,tou,okufukai	0,0,0	0,0,0	KANJIDIC,PYPINYIN,UNIHAN
U+7AB6	窶	ロウ,ク,ル,やつる,やつれる	rou,ku,ru,yatsuru,yatsureru	0,0,0,0,0	0,0,0,0,0	KANJIDIC,PYPINYIN,UNIHAN
U+7AB9	窹	ゴ,かまど	go,kamado	0,0	0,0	KANJIDIC,PYPINYIN,UNIHAN
U+7ABA	窺	キ,うかがう,のぞく	ki,ukagau,nozoku	0,0,0	0,0,0	KANJIDIC,PYPINYIN,UNIHAN,WORDSHK_CHARS
U+7ABB	窻	ソウ,ス,まど,てんまど,けむだし	sou,su,mado,tenmado,kemudashi	0,0,0,0,0	0,0,0,0,0	KANJIDIC,PYPINYIN,UNIHAN
U+7ABC	窼	ソウ,ショウ,ねぐら	sou,shou,negura	0,0,0	0,0,0	KANJIDIC,PYPINYIN,UNIHAN
U+7ABF	窿	リュウ	ryuu	0	0	KANJIDIC,PYPINYIN,UNIHAN,WORDSHK_CHARS
U+7AC3	竃	ソウ,かまど,かま,へっつい	sou,kamado,kama,hettsui	0,0,0,0	0,0,0,0	KANJIDIC,PYPINYIN,UNIHAN
U+7AC4	竄	ザン,サン,かくれる,のがれる	zan,san,kakureru,nogareru	0,0,0,0	0,0,0,0	KANJIDIC,PYPINYIN,UNIHAN,WORDSHK_CHARS
U+7AC5	竅	キョウ,あな	kyou,ana	0,0	0,0	KANJIDIC,PYPINYIN,UNIHAN,WORDSHK_CHARS
U+7AC6	竆	キュウ,キョウ,きわめる,きわまる,きわみ	kyuu,kyou,kiwameru,kiwamaru,kiwami	0,0,0,0,0	0,0,0,0,0	KANJIDIC,PYPINYIN,UNIHAN
U+7AC7	竇	トウ,トク,あな	tou,toku,ana	0,0,0	0,0,0	KANJIDIC,PYPINYIN,UNIHAN,WORDSHK_CHARS
U+7AC8	竈	ソウ,かまど,かま,へっつい	sou,kamado,kama,hettsui	0,0,0,0	0,0,0,0	KANJIDIC,PYPINYIN,UNIHAN,WORDSHK_CHARS
U+7AC9	竉	ロウ,ル,あな	rou,ru,ana	0,0,0	0,0,0	KANJIDIC,PYPINYIN,UNIHAN,WORDSHK_CHARS
U+7ACA	竊	セツ,ぬすむ,ひそかに	setsu,nusumu,hisokani	0,0,0	0,0,0	KANJIDIC,PYPINYIN,UNIHAN,WORDSHK_CHARS
U+7ACB	立	リツ,リュウ,リットル,たつ,たち,たてる,たて,だて,だてる	ritsu,ryuu,rittoru,tatsu,tachi,tateru,tate,date,dateru	0,0,0,0,0,0,0,0,0	0,0,0,0,0,0,0,0,0	KANJIDIC,PYPINYIN,UNIHAN,WORDSHK_CHARS
U+7ACC	竌	ショ,ただしい	sho,tadashii	0,0	0,0	KANJIDIC,PYPINYIN,UNIHAN
U+7ACD	竍	デカリットル	dekarittoru	0	0	KANJIDIC,PYPINYIN,UNIHAN
U+7ACE	竎	フウ,フ,のぼる	fuu,fu,noboru	0,0,0	0,0,0	KANJIDIC,PYPINYIN,UNIHAN
U+7ACF	竏	キロリットル	kirorittoru	0	0	KANJIDIC,PYPINYIN,UNIHAN
U+7AD1	竑	コウ,オウ,ひろい	kou,ou,hiroi	0,0,0	0,0,0	KANJIDIC,PYPINYIN,UNIHAN
U+7AD2	竒	キ,くしき,あやしい,くしくも,めずらしい	ki,kushiki,ayashii,kushikumo,mezurashii	0,0,0,0,0	0,0,0,0,0	KANJIDIC,PYPINYIN,UNIHAN
U+7AD3	竓	ミリリットル	miririttoru	0	0	KANJIDIC,PYPINYIN,UNIHAN
U+7AD5	竕	デシリットル	deshirittoru	0	0	KANJIDIC,PYPINYIN,UNIHAN
U+7AD9	站	タン,たつ,たたずむ,えき	tan,tatsu,tatazumu,eki	0,0,0,0	0,0,0,0	KANJIDIC,PYPINYIN,UNIHAN,WORDSHK_CHARS
U+7ADA	竚	チョ,たたずむ	cho,tatazumu	0,0	0,0	KANJIDIC,PYPINYIN,UNIHAN
U+7ADB	竛	レイ,リョウ,いく	rei,ryou,iku	0,0,0	0,0,0	KANJIDIC,PYPINYIN,UNIHAN
U+7ADC	竜	リュウ,リョウ,ロウ,たつ,いせ	ryuu,ryou,rou,tatsu,ise	0,0,0,0,0	0,0,0,0,0	KANJIDIC,PYPINYIN,UNIHAN
U+7ADD	竝	ヘイ,ホウ,なみ,ならべる,ならぶ,ならびに	hei,hou,nami,naraberu,narabu,narabini	0,0,0,0,0,0	0,0,0,0,0,0	KANJIDIC,PYPINYIN,UNIHAN
U+7ADF	竟	キョウ,ケイ,おわる,ついに,わたる	kyou,kei,owaru,tsuini,wataru	0,0,0,0,0	0,0,0,0,0	KANJIDIC,PYPINYIN,UNIHAN,WORDSHK_CHARS
U+7AE0	章	ショウ	shou	0	0	KANJIDIC,PYPINYIN,UNIHAN,WORDSHK_CHARS
U+7AE1	竡	ヘクトリットル	hekutorittoru	0	0	KANJIDIC,PYPINYIN,UNIHAN
U+7AE2	竢	シ,まつ	shi,matsu	0,0	0,0	KANJIDIC,PYPINYIN,UNIHAN
U+7AE3	竣	ドウ,シュン,わらわ,わらべ,おわる	dou,shun,warawa,warabe,owaru	0,0,0,0,0	0,0,0,0,0	KANJIDIC,PYPINYIN,UNIHAN,WORDSHK_CHARS
U+7AE5	童	ドウ,わらべ	dou,warabe	0,0	0,0	KANJIDIC,PYPINYIN,UNIHAN,WORDSHK_CHARS
U+7AE6	竦	ショウ,すくむ,おそれる,つつしむ	shou,sukumu,osoreru,tsutsushimu	0,0,0,0	0,0,0,0	KANJIDIC,PYPINYIN,UNIHAN
U+7AE8	竨	チョウ,たかくけわしい	chou,takakukewashii	0,0	0,0	KANJIDIC,PYPINYIN,UNIHAN
U+7AE9	竩	ギ,よしみ,よい	gi,yoshimi,yoi	0,0,0	0,0,0	KANJIDIC,PYPINYIN,UNIHAN
U+7AEA	竪	ジュ,たて,たてる,こども	ju,tate,tateru,kodomo	0,0,0,0	0,0,0,0	KANJIDIC,PYPINYIN,UNIHAN
U+7AEB	竫	セイ,ジョウ,やすらか	sei,jou,yasuraka	0,0,0	0,0,0	KANJIDIC,PYPINYIN,UNIHAN
U+7AEC	竬	ク,たつ	ku,tatsu	0,0	0,0	KANJIDIC,PYPINYIN,UNIHAN
U+7AED	竭	ケツ,つくす	ketsu,tsukusu	0,0	0,0	KANJIDIC,PYPINYIN,UNIHAN,WORDSHK_CHARS
U+7AEF	端	タン,はし,は,はた,ばた,はな	tan,hashi,ha,hata,bata,hana	0,0,0,0,0,0	0,0,0,0,0,0	KANJIDIC,PYPINYIN,UNIHAN,WORDSHK_CHARS
U+7AF0	竰	センチリットル	senchirittoru	0	0	KANJIDIC,PYPINYIN,UNIHAN
U+7AF1	竱	セン,テン,タン,ひとしい,ひとしくする	sen,ten,tan,hitoshii,hitoshikusuru	0,0,0,0,0	0,0,0,0,0	KANJIDIC,PYPINYIN,UNIHAN
U+7AF4	竴	シュン,よろこぶ	shun,yorokobu	0,0	0,0	KANJIDIC,PYPINYIN,UNIHAN
U+7AF6	競	キョウ,ケイ,きそう,せる,くらべる	kyou,kei,kisou,seru,kuraberu	0,0,0,0,0	0,0,0,0,0	KANJIDIC,PYPINYIN,UNIHAN,WORDSHK_CHARS
U+7AF8	竸	キョウ,ケイ,きそう,せる,くらべる	kyou,kei,kisou,seru,kuraberu	0,0,0,0,0	0,0,0,0,0	KANJIDIC,PYPINYIN,UNIHAN
U+7AF9	竹	チク,たけ	chiku,take	0,0	0,0	KANJIDIC,PYPINYIN,UNIHAN,WORDSHK_CHARS
U+7AFA	竺	ジク,チク,トク	jiku,chiku,toku	0,0,0	0,0,0	KANJIDIC,PYPINYIN,UNIHAN,WORDSHK_CHARS
U+7AFB	竻	ロク,キン,コン,すじ	roku,kin,kon,suji	0,0,0,0	0,0,0,0	KANJIDIC,PYPINYIN,UNIHAN,WORDSHK_CHARS
U+7AFD	竽	ウ,ふえ	u,fue	0,0	0,0	KANJIDIC,PYPINYIN,UNIHAN,WORDSHK_CHARS
U+7AFE	竾	チ,シ,ふえ	chi,shi,fue	0,0,0	0,0,0	KANJIDIC,PYPINYIN,UNIHAN
U+7AFF	竿	カン,さお	kan,sao	0,0	0,0	KANJIDIC,PYPINYIN,UNIHAN,WORDSHK_CHARS
U+7B02	笂	うつぼ	utsubo	0	0	KANJIDIC,PYPINYIN,UNIHAN
U+7B04	笄	ケイ,こうがい	kei,kougai	0,0	0,0	KANJIDIC,PYPINYIN,UNIHAN
U+7B06	笆	ハ	ha	0	0	KANJIDIC,PYPINYIN,UNIHAN,WORDSHK_CHARS
U+7B07	笇	サン,かぞえる	san,kazoeru	0,0	0,0	KANJIDIC,PYPINYIN,UNIHAN
U+7B08	笈	キュウ	kyuu	0	0	KANJIDIC,PYPINYIN,UNIHAN,WORDSHK_CHARS
U+7B0A	笊	ソウ,ざる,す	sou,zaru,su	0,0,0	0,0,0	KANJIDIC,PYPINYIN,UNIHAN
U+7B0B	笋	ジュン,シュン,イン,たけのこ,たかんな	jun,shun,in,takenoko,takanna	0,0,0,0,0	0,0,0,0,0	KANJIDIC,PYPINYIN,UNIHAN
U+7B0F	笏	コツ,しゃく	kotsu,shaku	0,0	0,0	KANJIDIC,PYPINYIN,UNIHAN,WORDSHK_CHARS
U+7B11	笑	ショウ,わらう,えむ	shou,warau,emu	0,0,0	0,0,0	KANJIDIC,PYPINYIN,UNIHAN,WORDSHK_CHARS
U+7B14	笔	ヒツ,ふで	hitsu,fude	0,0	0,0	KANJIDIC,PYPINYIN,UNIHAN
U+7B18	笘	セン,チョウ	sen,chou	0,0	0,0	KANJIDIC,PYPINYIN,UNIHAN
U+7B19	笙	ショウ,ソウ,ふえ	shou,sou,fue	0,0,0	0,0,0	KANJIDIC,PYPINYIN,UNIHAN,WORDSHK_CHARS
U+7B1B	笛	テキ,ふえ	teki,fue	0,0	0,0	KANJIDIC,PYPINYIN,UNIHAN,WORDSHK_CHARS
U+7B1E	笞	チ,むち,しもと	chi,muchi,shimoto	0,0,0	0,0,0	KANJIDIC,PYPINYIN,UNIHAN,WORDSHK_CHARS
U+7B1F	笟	コ,たが	ko,taga	0,0	0,0	KANJIDIC,PYPINYIN,UNIHAN
U+7B20	笠	リュウ,かさ	ryuu,kasa	0,0	0,0	KANJIDIC,PYPINYIN,UNIHAN,WORDSHK_CHARS
U+7B23	笣	ホウ,ヒョウ,コウ,キョウ	hou,hyou,kou,kyou	0,0,0,0	0,0,0,0	KANJIDIC,PYPINYIN,UNIHAN
U+7B25	笥	ス,シ,け,はこ	su,shi,ke,hako	0,0,0,0	0,0,0,0	KANJIDIC,PYPINYIN,UNIHAN
U+7B26	符	フ	fu	0	0	KANJIDIC,PYPINYIN,UNIHAN,WORDSHK_CHARS
U+7B27	笧	サク,しがらむ	saku,shigaramu	0,0	0,0	KANJIDIC,PYPINYIN,UNIHAN
U+7B28	笨	ホン,あらい	hon,arai	0,0	0,0	KANJIDIC,PYPINYIN,UNIHAN,WORDSHK_CHARS
U+7B29	笩	ハイ,とびあがる	hai,tobiagaru	0,0	0,0	KANJIDIC,PYPINYIN,UNIHAN
U+7B2A	笪	タン,タツ,タチ,うつ	tan,tatsu,tachi,utsu	0,0,0,0	0,0,0,0	KANJIDIC,PYPINYIN,UNIHAN,WORDSHK_CHARS
U+7B2B	笫	シ,シツ,シチ,ゆか	shi,shitsu,shichi,yuka	0,0,0,0	0,0,0,0	KANJIDIC,PYPINYIN,UNIHAN,WORDSHK_CHARS
U+7B2C	第	ダイ,テイ	dai,tei	0,0	0,0	KANJIDIC,PYPINYIN,UNIHAN,WORDSHK_CHARS
U+7B2D	笭	レイ,リョウ,ちりよけ	rei,ryou,chiriyoke	0,0,0	0,0,0	KANJIDIC,PYPINYIN,UNIHAN,WORDSHK_CHARS
U+7B2E	笮	サク,シャク,せまい	saku,shaku,semai	0,0,0	0,0,0	KANJIDIC,PYPINYIN,UNIHAN,WORDSHK_CHARS
U+7B2F	笯	ド,ヌ,ダ,ナ,とりかご	do,nu,da,na,torikago	0,0,0,0,0	0,0,0,0,0	KANJIDIC,PYPINYIN,UNIHAN
U+7B30	笰	フツ,フチ,ヒ,おおい	futsu,fuchi,hi,ooi	0,0,0,0	0,0,0,0	KANJIDIC,PYPINYIN,UNIHAN
U+7B31	笱	コウ,ク	kou,ku	0,0	0,0	KANJIDIC,PYPINYIN,UNIHAN,WORDSHK_CHARS
U+7B33	笳	カ,あしぶえ	ka,ashibue	0,0	0,0	KANJIDIC,PYPINYIN,UNIHAN,WORDSHK_CHARS
U+7B34	笴	カ,コウ,カン,やがら	ka,kou,kan,yagara	0,0,0,0	0,0,0,0	KANJIDIC,PYPINYIN,UNIHAN
U+7B35	笵	ハン,ボン,のり	han,bon,nori	0,0,0	0,0,0	KANJIDIC,PYPINYIN,UNIHAN
U+7B36	笶	シ	shi	0	0	KANJIDIC,PYPINYIN,UNIHAN
U+7B39	笹	ささ	sasa	0	0	KANJIDIC,PYPINYIN,UNIHAN
U+7B3D	笽	ミン,そうけ,ざる	min,souke,zaru	0,0,0	0,0,0	KANJIDIC,PYPINYIN,UNIHAN
U+7B3F	笿	ラク,わんかご,たばねる,つかねる	raku,wankago,tabaneru,tsukaneru	0,0,0,0	0,0,0,0	KANJIDIC,PYPINYIN,UNIHAN
U+7B40	筀	ケイ,ケ,たけ	kei,ke,take	0,0,0	0,0,0	KANJIDIC,PYPINYIN,UNIHAN
U+7B41	筁	キョク,コク,かいこのす	kyoku,koku,kaikonosu	0,0,0	0,0,0	KANJIDIC,PYPINYIN,UNIHAN
U+7B45	筅	セン,ささら	sen,sasara	0,0	0,0	KANJIDIC,PYPINYIN,UNIHAN
U+7B46	筆	ヒツ,ふで	hitsu,fude	0,0	0,0	KANJIDIC,PYPINYIN,UNIHAN,WORDSHK_CHARS
U+7B47	筇	キョウ,ク,たけ	kyou,ku,take	0,0,0	0,0,0	KANJIDIC,PYPINYIN,UNIHAN
U+7B48	筈	カツ,はず,やはず	katsu,hazu,yahazu	0,0,0	0,0,0	KANJIDIC,PYPINYIN,UNIHAN
U+7B49	等	トウ,ひとしい,など,ら	tou,hitoshii,nado,ra	0,0,0,0	0,0,0,0	KANJIDIC,PYPINYIN,UNIHAN,WORDSHK_CHARS
U+7B4B	筋	キン,すじ	kin,suji	0,0	0,0	KANJIDIC,PYPINYIN,UNIHAN,WORDSHK_CHARS
U+7B4C	筌	セン,うけ,うえ	sen,uke,ue	0,0,0	0,0,0	KANJIDIC,PYPINYIN,UNIHAN
U+7B4D	筍	ジュン,シュン,イン,たけのこ,たかんな	jun,shun,in,takenoko,takanna	0,0,0,0,0	0,0,0,0,0	KANJIDIC,PYPINYIN,UNIHAN,WORDSHK_CHARS
U+7B4E	筎	ジョ,ニョ,まきはだ	jo,nyo,makihada	0,0,0	0,0,0	KANJIDIC,PYPINYIN,UNIHAN
U+7B4F	筏	バツ,ハツ,ボチ,いかだ	batsu,hatsu,bochi,ikada	0,0,0,0	0,0,0,0	KANJIDIC,PYPINYIN,UNIHAN,WORDSHK_CHARS
U+7B50	筐	キョウ,かたみ,かご,はこ	kyou,katami,kago,hako	0,0,0,0	0,0,0,0	KANJIDIC,PYPINYIN,UNIHAN,WORDSHK_CHARS
U+7B51	筑	チク	chiku	0	0	KANJIDIC,PYPINYIN,UNIHAN
U+7B52	筒	トウ,つつ	tou,tsutsu	0,0	0,0	KANJIDIC,PYPINYIN,UNIHAN,WORDSHK_CHARS
U+7B54	答	トウ,こたえる,こたえ	tou,kotaeru,kotae	0,0,0	0,0,0	KANJIDIC,PYPINYIN,UNIHAN,WORDSHK_CHARS
U+7B55	筕	コウ,ギョウ,グウ,たけむしろ	kou,gyou,guu,takemushiro	0,0,0,0	0,0,0,0	KANJIDIC,PYPINYIN,UNIHAN
U+7B56	策	サク	saku	0	0	KANJIDIC,PYPINYIN,UNIHAN,WORDSHK_CHARS
U+7B5D	筝	ソウ,ショウ,こと	sou,shou,koto	0,0,0	0,0,0	KANJIDIC,PYPINYIN,UNIHAN
U+7B60	筠	イン,ウン,たけ	in,un,take	0,0,0	0,0,0	KANJIDIC,PYPINYIN,UNIHAN
U+7B64	筤	ロウ,リョウ,かご	rou,ryou,kago	0,0,0	0,0,0	KANJIDIC,PYPINYIN,UNIHAN
U+7B65	筥	キョ	kyo	0	0	KANJIDIC,PYPINYIN,UNIHAN
U+7B66	筦	カン,ふえ,くだ	kan,fue,kuda	0,0,0	0,0,0	KANJIDIC,PYPINYIN,UNIHAN
U+7B67	筧	ケン,かけひ	ken,kakehi	0,0	0,0	KANJIDIC,PYPINYIN,UNIHAN
U+7B69	筩	トウ,ズ,ヨウ,ユ	tou,zu,you,yu	0,0,0,0	0,0,0,0	KANJIDIC,PYPINYIN,UNIHAN
U+7B6A	筪	コウ,ギョウ,たけ	kou,gyou,take	0,0,0	0,0,0	KANJIDIC,PYPINYIN,UNIHAN
U+7B6C	筬	セイ,おさ	sei,osa	0,0	0,0	KANJIDIC,PYPINYIN,UNIHAN
U+7B6D	筭	サン,そろばん,かぞえる	san,soroban,kazoeru	0,0,0	0,0,0	KANJIDIC,PYPINYIN,UNIHAN
U+7B6E	筮	ゼイ,セイ,うらなう,めどぎ	zei,sei,uranau,medogi	0,0,0,0	0,0,0,0	KANJIDIC,PYPINYIN,UNIHAN
U+7B6F	筯	チョ,ジョ,はし	cho,jo,hashi	0,0,0	0,0,0	KANJIDIC,PYPINYIN,UNIHAN
U+7B70	筰	サク,しゃく	saku,shaku	0,0	0,0	KANJIDIC,PYPINYIN,UNIHAN
U+7B71	筱	ゾウ,ショウ,しの	zou,shou,shino	0,0,0	0,0,0	KANJIDIC,PYPINYIN,UNIHAN
U+7B72	筲	ソウ,ショウ,サク,かご	sou,shou,saku,kago	0,0,0,0	0,0,0,0	KANJIDIC,PYPINYIN,UNIHAN,WORDSHK_CHARS
U+7B73	筳	テイ,チョウ,ジョウ,いとくだ	tei,chou,jou,itokuda	0,0,0,0	0,0,0,0	KANJIDIC,PYPINYIN,UNIHAN
U+7B74	筴	キョウ,サク,めどぎ	kyou,saku,medogi	0,0,0	0,0,0	KANJIDIC,PYPINYIN,UNIHAN
U+7B75	筵	エン,むしろ	en,mushiro	0,0	0,0	KANJIDIC,PYPINYIN,UNIHAN,WORDSHK_CHARS
U+7B77	筷	カイ,はし	kai,hashi	0,0	0,0	KANJIDIC,PYPINYIN,UNIHAN,WORDSHK_CHARS
U+7B7A	筺	キョウ,かたみ,かご,はこ	kyou,katami,kago,hako	0,0,0,0	0,0,0,0	KANJIDIC,PYPINYIN,UNIHAN
U+7B7F	筿	ショウ,しの	shou,shino	0,0	0,0	KANJIDIC,PYPINYIN,UNIHAN
U+7B84	箄	ハイ,ヒ,ヘキ,ヘイ,ビャク,かご	hai,hi,heki,hei,byaku,kago	0,0,0,0,0,0	0,0,0,0,0,0	KANJIDIC,PYPINYIN,UNIHAN
U+7B86	箆	ヘイ,ハイ,へら,の,くし	hei,hai,hera,no,kushi	0,0,0,0,0	0,0,0,0,0	KANJIDIC,PYPINYIN,UNIHAN
U+7B87	箇	カ,コ	ka,ko	0,0	0,0	KANJIDIC,PYPINYIN,UNIHAN,WORDSHK_CHARS
U+7B89	箉	カイ,ゲ	kai,ge	0,0	0,0	KANJIDIC,PYPINYIN,UNIHAN
U+7B8B	箋	セン,ふだ	sen,fuda	0,0	0,0	KANJIDIC,PYPINYIN,UNIHAN
U+7B8D	箍	コ,たが	ko,taga	0,0	0,0	KANJIDIC,PYPINYIN,UNIHAN,WORDSHK_CHARS
U+7B8E	箎	コ,ク,チ,ジ	ko,ku,chi,ji	0,0,0,0	0,0,0,0	KANJIDIC,PYPINYIN,UNIHAN
U+7B8F	箏	ソウ,ショウ,こと	sou,shou,koto	0,0,0	0,0,0	KANJIDIC,PYPINYIN,UNIHAN,WORDSHK_CHARS
U+7B90	箐	セイ,ショウ,セン	sei,shou,sen	0,0,0	0,0,0	KANJIDIC,PYPINYIN,UNIHAN
U+7B91	箑	ソウ,ショウ,おうぎ	sou,shou,ougi	0,0,0	0,0,0	KANJIDIC,PYPINYIN,UNIHAN
U+7B92	箒	ソウ,シュウ,ほうき	sou,shuu,houki	0,0,0	0,0,0	KANJIDIC,PYPINYIN,UNIHAN
U+7B94	箔	ハク,すだれ	haku,sudare	0,0	0,0	KANJIDIC,PYPINYIN,UNIHAN,WORDSHK_CHARS
U+7B95	箕	キ,み	ki,mi	0,0	0,0	KANJIDIC,PYPINYIN,UNIHAN,WORDSHK_CHARS
U+7B96	箖	リン,たけ	rin,take	0,0	0,0	KANJIDIC,PYPINYIN,UNIHAN
U+7B97	算	サン,そろ	san,soro	0,0	0,0	KANJIDIC,PYPINYIN,UNIHAN,WORDSHK_CHARS
U+7B98	箘	キン	kin	0	0	KANJIDIC,PYPINYIN,UNIHAN
U+7B99	箙	フク,えびら	fuku,ebira	0,0	0,0	KANJIDIC,PYPINYIN,UNIHAN
U+7B9A	箚	トウ,サツ,チョウ,さす	tou,satsu,chou,sasu	0,0,0,0	0,0,0,0	KANJIDIC,PYPINYIN,UNIHAN
U+7B9B	箛	コ,ク,ふえ	ko,ku,fue	0,0,0	0,0,0	KANJIDIC,PYPINYIN,UNIHAN
U+7B9C	箜	ク,コウ	ku,kou	0,0	0,0	KANJIDIC,PYPINYIN,UNIHAN
U+7B9D	箝	カン,ケン,すげる,くびかせ,はさむ	kan,ken,sugeru,kubikase,hasamu	0,0,0,0,0	0,0,0,0,0	KANJIDIC,PYPINYIN,UNIHAN,WORDSHK_CHARS
U+7B9E	箞	ケン,たわめる	ken,tawameru	0,0	0,0	KANJIDIC,PYPINYIN,UNIHAN
U+7B9F	箟	キン	kin	0	0	KANJIDIC,PYPINYIN,UNIHAN
U+7BA0	箠	スイ,たけ	sui,take	0,0	0,0	KANJIDIC,PYPINYIN,UNIHAN
U+7BA1	管	カン,くだ	kan,kuda	0,0	0,0	KANJIDIC,PYPINYIN,UNIHAN,WORDSHK_CHARS
U+7BA5	箥	ハ	ha	0	0	KANJIDIC,PYPINYIN,UNIHAN
U+7BAA	箪	タン,はこ	tan,hako	0,0	0,0	KANJIDIC,PYPINYIN,UNIHAN
U+7BAC	箬	ジャク,ジョク,ニャク,ヒャク,たけのかわ	jaku,joku,nyaku,hyaku,takenokawa	0,0,0,0,0	0,0,0,0,0	KANJIDIC,PYPINYIN,UNIHAN
U+7BAD	箭	セン,や	sen,ya	0,0	0,0	KANJIDIC,PYPINYIN,UNIHAN,WORDSHK_CHARS
U+7BAF	箯	ヘン,たけごし	hen,takegoshi	0,0	0,0	KANJIDIC,PYPINYIN,UNIHAN
U+7BB0	箰	シュン,イン,たけのこ,たかんな	shun,in,takenoko,takanna	0,0,0,0	0,0,0,0	KANJIDIC,PYPINYIN,UNIHAN
U+7BB1	箱	ソウ,はこ	sou,hako	0,0	0,0	KANJIDIC,PYPINYIN,UNIHAN,WORDSHK_CHARS
U+7BB2	箲	セン,ささら	sen,sasara	0,0	0,0	KANJIDIC,PYPINYIN,UNIHAN
U+7BB4	箴	シン,いましめる,はり	shin,imashimeru,hari	0,0,0	0,0,0	KANJIDIC,PYPINYIN,UNIHAN,WORDSHK_CHARS
U+7BB5	箵	セイ,ショウ	sei,shou	0,0	0,0	KANJIDIC,PYPINYIN,UNIHAN
U+7BB6	箶	コ,たけ	ko,take	0,0	0,0	KANJIDIC,PYPINYIN,UNIHAN
U+7BB8	箸	チョ,チャク,はし	cho,chaku,hashi	0,0,0	0,0,0	KANJIDIC,PYPINYIN,UNIHAN,WORDSHK_CHARS
U+7BBA	箺	シュン,たけ	shun,take	0,0	0,0	KANJIDIC,PYPINYIN,UNIHAN
U+7BBB	箻	リツ	ritsu	0	0	KANJIDIC,PYPINYIN,UNIHAN
U+7BBC	箼	オク,しげる	oku,shigeru	0,0	0,0	KANJIDIC,PYPINYIN,UNIHAN
U+7BBD	箽	トウ,ツ,たけ	tou,tsu,take	0,0,0	0,0,0	KANJIDIC,PYPINYIN,UNIHAN
U+7BC0	節	セツ,セチ,ふし,ぶし,のっと	setsu,sechi,fushi,bushi,notto	0,0,0,0,0	0,0,0,0,0	KANJIDIC,PYPINYIN,UNIHAN,WORDSHK_CHARS
U+7BC1	篁	コウ,たかむら	kou,takamura	0,0	0,0	KANJIDIC,PYPINYIN,UNIHAN
U+7BC2	篂	セイ,ショウ	sei,shou	0,0	0,0	KANJIDIC,PYPINYIN,UNIHAN
U+7BC4	範	ハン	han	0	0	KANJIDIC,PYPINYIN,UNIHAN,WORDSHK_CHARS
U+7BC5	篅	スイ,セン,テン,タン,ざる	sui,sen,ten,tan,zaru	0,0,0,0,0	0,0,0,0,0	KANJIDIC,PYPINYIN,UNIHAN
U+7BC6	篆	テン	ten	0	0	KANJIDIC,PYPINYIN,UNIHAN,WORDSHK_CHARS
U+7BC7	篇	ヘン	hen	0	0	KANJIDIC,PYPINYIN,UNIHAN,WORDSHK_CHARS
U+7BC8	篈	ホウ,フ	hou,fu	0,0	0,0	KANJIDIC,PYPINYIN,UNIHAN
U+7BC9	築	チク,きずく	chiku,kizuku	0,0	0,0	KANJIDIC,PYPINYIN,UNIHAN,WORDSHK_CHARS
U+7BCA	篊	コウ,グ,とい	kou,gu,toi	0,0,0	0,0,0	KANJIDIC,PYPINYIN,UNIHAN
U+7BCB	篋	キョウ,はこ	kyou,hako	0,0	0,0	KANJIDIC,PYPINYIN,UNIHAN,WORDSHK_CHARS
U+7BCC	篌	ゴ,コウ	go,kou	0,0	0,0	KANJIDIC,PYPINYIN,UNIHAN
U+7BCF	篏	カン,はめる,はまる,あな	kan,hameru,hamaru,ana	0,0,0,0	0,0,0,0	KANJIDIC,PYPINYIN,UNIHAN
U+7BD4	篔	ウン,エン,たけ	un,en,take	0,0,0	0,0,0	KANJIDIC,PYPINYIN,UNIHAN
U+7BD6	篖	トウ	tou	0	0	KANJIDIC,PYPINYIN,UNIHAN
U+7BD7	篗	ワク,いとわく	waku,itowaku	0,0	0,0	KANJIDIC,PYPINYIN,UNIHAN
U+7BD9	篙	コウ,さお	kou,sao	0,0	0,0	KANJIDIC,PYPINYIN,UNIHAN,WORDSHK_CHARS
U+7BDA	篚	ヒ,はこ	hi,hako	0,0	0,0	KANJIDIC,PYPINYIN,UNIHAN
U+7BDB	篛	ジャク,ジョク,ニャク,ヒャク,たけのかわ	jaku,joku,nyaku,hyaku,takenokawa	0,0,0,0,0	0,0,0,0,0	KANJIDIC,PYPINYIN,UNIHAN
U+7BDD	篝	コウ,かがりび,かがり,ふせご	kou,kagaribi,kagari,fusego	0,0,0,0	0,0,0,0	KANJIDIC,PYPINYIN,UNIHAN
U+7BE0	篠	ゾウ,ショウ,しの,ささ,すず	zou,shou,shino,sasa,suzu	0,0,0,0,0	0,0,0,0,0	KANJIDIC,PYPINYIN,UNIHAN
U+7BE4	篤	トク,あつい	toku,atsui	0,0	0,0	KANJIDIC,PYPINYIN,UNIHAN,WORDSHK_CHARS
U+7BE5	篥	リキ,リツ,リチ	riki,ritsu,richi	0,0,0	0,0,0	KANJIDIC,PYPINYIN,UNIHAN
U+7BE6	篦	ヘイ,ハイ,へら,の	hei,hai,hera,no	0,0,0,0	0,0,0,0	KANJIDIC,PYPINYIN,UNIHAN,WORDSHK_CHARS
U+7BE8	篨	チョ,ジョ,たけむしろ	cho,jo,takemushiro	0,0,0	0,0,0	KANJIDIC,PYPINYIN,UNIHAN
U+7BE9	篩	シ,サイ,ふるう	shi,sai,furuu	0,0,0	0,0,0	KANJIDIC,PYPINYIN,UNIHAN,WORDSHK_CHARS
U+7BEA	篪	チ,シ,ふえ	chi,shi,fue	0,0,0	0,0,0	KANJIDIC,PYPINYIN,UNIHAN
U+7BED	篭	ロウ,ル,かご,こめる,こもる,こむ	rou,ru,kago,komeru,komoru,komu	0,0,0,0,0,0	0,0,0,0,0,0	KANJIDIC,PYPINYIN,UNIHAN
U+7BF2	篲	スイ,エ,ケイ,セイ,ほうき	sui,e,kei,sei,houki	0,0,0,0,0	0,0,0,0,0	KANJIDIC,PYPINYIN,UNIHAN
U+7BF3	篳	ヒチ,ヒツ,まがき	hichi,hitsu,magaki	0,0,0	0,0,0	KANJIDIC,PYPINYIN,UNIHAN
U+7BF4	篴	テキ,チャク,チク,ジク,ふえ	teki,chaku,chiku,jiku,fue	0,0,0,0,0	0,0,0,0,0	KANJIDIC,PYPINYIN,UNIHAN
U+7BF5	篵	ソウ,ス	sou,su	0,0	0,0	KANJIDIC,PYPINYIN,UNIHAN
U+7BF6	篶	エン,くろだけ,すず	en,kurodake,suzu	0,0,0	0,0,0	KANJIDIC,PYPINYIN,UNIHAN
U+7BF7	篷	ホウ,とま	hou,toma	0,0	0,0	KANJIDIC,PYPINYIN,UNIHAN,WORDSHK_CHARS
U+7BF8	篸	シン,サン,そろわない	shin,san,sorowanai	0,0,0	0,0,0	KANJIDIC,PYPINYIN,UNIHAN
U+7BF9	篹	サン,ゼン,かたみ	san,zen,katami	0,0,0	0,0,0	KANJIDIC,PYPINYIN,UNIHAN
U+7BFA	篺	ハイ,ヒ,ヘン,ベ,いかだ	hai,hi,hen,be,ikada	0,0,0,0,0	0,0,0,0,0	KANJIDIC,PYPINYIN,UNIHAN
U+7BFC	篼	トウ,ツ,かいばおけ	tou,tsu,kaibaoke	0,0,0	0,0,0	KANJIDIC,PYPINYIN,UNIHAN,WORDSHK_CHARS
U+7BFE	篾	ベツ,メチ	betsu,mechi	0,0	0,0	KANJIDIC,PYPINYIN,UNIHAN,WORDSHK_CHARS
U+7C00	簀	サク,ジャク,セキ,す	saku,jaku,seki,su	0,0,0,0	0,0,0,0	KANJIDIC,PYPINYIN,UNIHAN
U+7C01	簁	シ,サイ,ふるう	shi,sai,furuu	0,0,0	0,0,0	KANJIDIC,PYPINYIN,UNIHAN
U+7C02	簂	ケ,カク,かたみのもの	ke,kaku,kataminomono	0,0,0	0,0,0	KANJIDIC,PYPINYIN,UNIHAN
U+7C03	簃	イ,チ,ジ,わきべや	i,chi,ji,wakibeya	0,0,0,0	0,0,0,0	KANJIDIC,PYPINYIN,UNIHAN
U+7C04	簄	コウ,コ	kou,ko	0,0	0,0	KANJIDIC,PYPINYIN,UNIHAN
U+7C06	簆	コウ,ク,おさ	kou,ku,osa	0,0,0	0,0,0	KANJIDIC,PYPINYIN,UNIHAN
U+7C07	簇	ゾク,ソウ,ソク,むらがる	zoku,sou,soku,muragaru	0,0,0,0	0,0,0,0	KANJIDIC,PYPINYIN,UNIHAN,WORDSHK_CHARS
U+7C09	簉	シュウ,シュ,そえる	shuu,shu,soeru	0,0,0	0,0,0	KANJIDIC,PYPINYIN,UNIHAN
U+7C0B	簋	キ	ki	0	0	KANJIDIC,PYPINYIN,UNIHAN,WORDSHK_CHARS
U+7C0C	簌	ソク,ふるい	soku,furui	0,0	0,0	KANJIDIC,PYPINYIN,UNIHAN
U+7C0D	簍	ル,ロウ	ru,rou	0,0	0,0	KANJIDIC,PYPINYIN,UNIHAN,WORDSHK_CHARS
U+7C0E	簎	サク,シャク,セキ,やす	saku,shaku,seki,yasu	0,0,0,0	0,0,0,0	KANJIDIC,PYPINYIN,UNIHAN
U+7C0F	簏	ロク,はこ	roku,hako	0,0	0,0	KANJIDIC,PYPINYIN,UNIHAN
U+7C11	簑	サ,サイ,みの	sa,sai,mino	0,0,0	0,0,0	KANJIDIC,PYPINYIN,UNIHAN
U+7C12	簒	サン,セン,うばう	san,sen,ubau	0,0,0	0,0,0	KANJIDIC,PYPINYIN,UNIHAN
U+7C13	簓	ささら	sasara	0	0	KANJIDIC,PYPINYIN,UNIHAN
U+7C14	簔	サ,サイ,みの	sa,sai,mino	0,0,0	0,0,0	KANJIDIC,PYPINYIN,UNIHAN
U+7C17	簗	リョウ,やな	ryou,yana	0,0	0,0	KANJIDIC,PYPINYIN,UNIHAN
U+7C19	簙	ハク,すごろく	haku,sugoroku	0,0	0,0	KANJIDIC,PYPINYIN,UNIHAN
U+7C1B	簛	シ,ふるい	shi,furui	0,0	0,0	KANJIDIC,PYPINYIN,UNIHAN
U+7C1E	簞	タン,はこ	tan,hako	0,0	0,0	KANJIDIC,PYPINYIN,UNIHAN
U+7C1F	簟	タン,テン,たかむしろ	tan,ten,takamushiro	0,0,0	0,0,0	KANJIDIC,PYPINYIN,UNIHAN
U+7C20	簠	フ	fu	0	0	KANJIDIC,PYPINYIN,UNIHAN
U+7C21	簡	カン,ケン,えらぶ,ふだ	kan,ken,erabu,fuda	0,0,0,0	0,0,0,0	KANJIDIC,PYPINYIN,UNIHAN,WORDSHK_CHARS
U+7C23	簣	キ,もっこ,あじか	ki,mokko,ajika	0,0,0	0,0,0	KANJIDIC,PYPINYIN,UNIHAN,WORDSHK_CHARS
U+7C25	簥	キョウ	kyou	0	0	KANJIDIC,PYPINYIN,UNIHAN
U+7C26	簦	トウ,かさ	tou,kasa	0,0	0,0	KANJIDIC,PYPINYIN,UNIHAN
U+7C27	簧	コウ,した	kou,shita	0,0	0,0	KANJIDIC,PYPINYIN,UNIHAN,WORDSHK_CHARS
U+7C28	簨	シュン,サン,ゼン,よこぎ	shun,san,zen,yokogi	0,0,0,0	0,0,0,0	KANJIDIC,PYPINYIN,UNIHAN
U+7C2A	簪	シン,サン,かんざし	shin,san,kanzashi	0,0,0	0,0,0	KANJIDIC,PYPINYIN,UNIHAN,WORDSHK_CHARS
U+7C2B	簫	ショウ,ふえ	shou,fue	0,0	0,0	KANJIDIC,PYPINYIN,UNIHAN,WORDSHK_CHARS
U+7C2C	簬	ロ,ル,たけ	ro,ru,take	0,0,0	0,0,0	KANJIDIC,PYPINYIN,UNIHAN
U+7C31	簱	キ,はた	ki,hata	0,0	0,0	KANJIDIC,PYPINYIN,UNIHAN
U+7C33	簳	カン,しの,やがら	kan,shino,yagara	0,0,0	0,0,0	KANJIDIC,PYPINYIN,UNIHAN
U+7C34	簴	キョ,ゴ	kyo,go	0,0	0,0	KANJIDIC,PYPINYIN,UNIHAN
U+7C36	簶	ロク	roku	0	0	KANJIDIC,PYPINYIN,UNIHAN
U+7C37	簷	エン,ひさし	en,hisashi	0,0	0,0	KANJIDIC,PYPINYIN,UNIHAN,WORDSHK_CHARS
U+7C38	簸	ハ,ひる	ha,hiru	0,0	0,0	KANJIDIC,PYPINYIN,UNIHAN,WORDSHK_CHARS
U+7C39	簹	トウ,たけ	tou,take	0,0	0,0	KANJIDIC,PYPINYIN,UNIHAN
U+7C3A	簺	サイ,そご,ふだ	sai,sogo,fuda	0,0,0	0,0,0	KANJIDIC,PYPINYIN,UNIHAN
U+7C3D	簽	セン,かご	sen,kago	0,0	0,0	KANJIDIC,PYPINYIN,UNIHAN,WORDSHK_CHARS
U+7C3E	簾	レン,すだれ,す	ren,sudare,su	0,0,0	0,0,0	KANJIDIC,PYPINYIN,UNIHAN,WORDSHK_CHARS
U+7C3F	簿	ボ	bo	0	0	KANJIDIC,PYPINYIN,UNIHAN,WORDSHK_CHARS
U+7C40	籀	チュウ,シュウ,ジュ,よむ	chuu,shuu,ju,yomu	0,0,0,0	0,0,0,0	KANJIDIC,PYPINYIN,UNIHAN
U+7C43	籃	ラン,かご	ran,kago	0,0	0,0	KANJIDIC,PYPINYIN,UNIHAN,WORDSHK_CHARS
U+7C46	籆	ワク,いとわく	waku,itowaku	0,0	0,0	KANJIDIC,PYPINYIN,UNIHAN
U+7C4A	籊	テキ,チャク	teki,chaku	0,0	0,0	KANJIDIC,PYPINYIN,UNIHAN
U+7C4C	籌	チュウ,かずとり,はかりごと	chuu,kazutori,hakarigoto	0,0,0	0,0,0	KANJIDIC,PYPINYIN,UNIHAN,WORDSHK_CHARS
U+7C4D	籍	セキ	seki	0	0	KANJIDIC,PYPINYIN,UNIHAN,WORDSHK_CHARS
U+7C4F	籏	キ,はた	ki,hata	0,0	0,0	KANJIDIC,PYPINYIN,UNIHAN
U+7C50	籐	トウ	tou	0	0	KANJIDIC,PYPINYIN,UNIHAN,WORDSHK_CHARS
U+7C51	籑	セン	sen	0	0	KANJIDIC,PYPINYIN,UNIHAN
U+7C52	籒	チュウ,シュウ,ジュ,よむ	chuu,shuu,ju,yomu	0,0,0,0	0,0,0,0	KANJIDIC,PYPINYIN,UNIHAN
U+7C53	籓	ハン,ホン	han,hon	0,0	0,0	KANJIDIC,PYPINYIN,UNIHAN
U+7C54	籔	ソウ,やぶ	sou,yabu	0,0	0,0	KANJIDIC,PYPINYIN,UNIHAN
U+7C55	籕	リュウ	ryuu	0	0	KANJIDIC,PYPINYIN,UNIHAN
U+7C56	籖	セン,くじ,かずとり	sen,kuji,kazutori	0,0,0	0,0,0	KANJIDIC,PYPINYIN,UNIHAN
U+7C58	籘	トウ	tou	0	0	KANJIDIC,PYPINYIN,UNIHAN
U+7C59	籙	リョク,ロク,ほんばこ	ryoku,roku,honbako	0,0,0	0,0,0	KANJIDIC,PYPINYIN,UNIHAN
U+7C5A	籚	ロ,ル,え,かご	ro,ru,e,kago	0,0,0,0	0,0,0,0	KANJIDIC,PYPINYIN,UNIHAN
U+7C5B	籛	セン,サン,たけ	sen,san,take	0,0,0	0,0,0	KANJIDIC,PYPINYIN,UNIHAN
U+7C5C	籜	タク,たけのかわ	taku,takenokawa	0,0	0,0	KANJIDIC,PYPINYIN,UNIHAN
U+7C5D	籝	エイ,ヨウ,かご,はしづつ	ei,you,kago,hashizutsu	0,0,0,0	0,0,0,0	KANJIDIC,PYPINYIN,UNIHAN
U+7C5E	籞	ギョ,ゴ,とめば	gyo,go,tomeba	0,0,0	0,0,0	KANJIDIC,PYPINYIN,UNIHAN
U+7C5F	籟	ライ,ふえ	rai,fue	0,0	0,0	KANJIDIC,PYPINYIN,UNIHAN,WORDSHK_CHARS
U+7C60	籠	ロウ,ル,かご,こめる,こもる,こむ	rou,ru,kago,komeru,komoru,komu	0,0,0,0,0,0	0,0,0,0,0,0	KANJIDIC,PYPINYIN,UNIHAN,WORDSHK_CHARS
U+7C61	籡	しんし	shinshi	0	0	KANJIDIC,PYPINYIN,UNIHAN
U+7C63	籣	ラン,えびら	ran,ebira	0,0	0,0	KANJIDIC,PYPINYIN,UNIHAN
U+7C64	籤	セン,くじ,かずとり	sen,kuji,kazutori	0,0,0	0,0,0	KANJIDIC,PYPINYIN,UNIHAN,WORDSHK_CHARS
U+7C65	籥	ヤク,ふえ	yaku,fue	0,0	0,0	KANJIDIC,PYPINYIN,UNIHAN
U+7C67	籧	キョ,ゴ	kyo,go	0,0	0,0	KANJIDIC,PYPINYIN,UNIHAN
U+7C69	籩	ヘン,たかつき	hen,takatsuki	0,0	0,0	KANJIDIC,PYPINYIN,UNIHAN
U+7C6C	籬	リ,まがき,かき	ri,magaki,kaki	0,0,0	0,0,0	KANJIDIC,PYPINYIN,UNIHAN,WORDSHK_CHARS
U+7C6D	籭	シ,サイ,ふるう	shi,sai,furuu	0,0,0	0,0,0	KANJIDIC,PYPINYIN,UNIHAN
U+7C6E	籮	ラ,み	ra,mi	0,0	0,0	KANJIDIC,PYPINYIN,UNIHAN,WORDSHK_CHARS
U+7C70	籰	ワク,ヨク,イキ,いとわく	waku,yoku,iki,itowaku	0,0,0,0	0,0,0,0	KANJIDIC,PYPINYIN,UNIHAN
U+7C72	籲	ユ,ヤク,よぶ	yu,yaku,yobu	0,0,0	0,0,0	KANJIDIC,PYPINYIN,UNIHAN,WORDSHK_CHARS
U+7C73	米	ベイ,マイ,メエトル,こめ,よね	bei,mai,meetoru,kome,yone	0,0,0,0,0	0,0,0,0,0	KANJIDIC,PYPINYIN,UNIHAN,WORDSHK_CHARS
U+7C75	籵	デカメートル	dekameetoru	0	0	KANJIDIC,PYPINYIN,UNIHAN
U+7C79	籹	ジョ,ニョ	jo,nyo	0,0	0,0	KANJIDIC,PYPINYIN,UNIHAN
U+7C7C	籼	セン,うるち	sen,uruchi	0,0	0,0	KANJIDIC,PYPINYIN,UNIHAN
U+7C7D	籽	シ	shi	0	0	KANJIDIC,PYPINYIN,UNIHAN,WORDSHK_CHARS
U+7C7E	籾	もみ	momi	0	0	KANJIDIC,PYPINYIN,UNIHAN
U+7C81	粁	キロメートル	kiromeetoru	0	0	KANJIDIC,PYPINYIN,UNIHAN
U+7C82	粂	くめ	kume	0	0	KANJIDIC,PYPINYIN,UNIHAN
U+7C83	粃	ヒ,しな,しいな	hi,shina,shiina	0,0,0	0,0,0	KANJIDIC,PYPINYIN,UNIHAN
U+7C86	粆	サ,シャ,ショウ	sa,sha,shou	0,0,0	0,0,0	KANJIDIC,PYPINYIN,UNIHAN
U+7C87	粇	コウ,ぬか,むなしい	kou,nuka,munashii	0,0,0	0,0,0	KANJIDIC,PYPINYIN,UNIHAN
U+7C89	粉	フン,デシメートル,こ,こな	fun,deshimeetoru,ko,kona	0,0,0,0	0,0,0,0	KANJIDIC,PYPINYIN,UNIHAN,WORDSHK_CHARS
U+7C8B	粋	スイ,いき	sui,iki	0,0	0,0	KANJIDIC,PYPINYIN,UNIHAN
U+7C8D	粍	ミリ,ミリメートル	miri,mirimeetoru	0,0	0,0	KANJIDIC,PYPINYIN,UNIHAN
U+7C8F	粏	タ,ぬかみそ	ta,nukamiso	0,0	0,0	KANJIDIC,PYPINYIN,UNIHAN
U+7C90	粐	ロ,コ,ぬか	ro,ko,nuka	0,0,0	0,0,0	KANJIDIC,PYPINYIN,UNIHAN
U+7C92	粒	リュウ,つぶ	ryuu,tsubu	0,0	0,0	KANJIDIC,PYPINYIN,UNIHAN,WORDSHK_CHARS
U+7C94	粔	キョ,ご	kyo,go	0,0	0,0	KANJIDIC,PYPINYIN,UNIHAN
U+7C95	粕	ハク,かす	haku,kasu	0,0	0,0	KANJIDIC,PYPINYIN,UNIHAN
U+7C97	粗	ソ,あらい,あら	so,arai,ara	0,0,0	0,0,0	KANJIDIC,PYPINYIN,UNIHAN,WORDSHK_CHARS
U+7C98	粘	ネン,ねばる	nen,nebaru	0,0	0,0	KANJIDIC,PYPINYIN,UNIHAN,WORDSHK_CHARS
U+7C9B	粛	シュク,スク,つつしむ	shuku,suku,tsutsushimu	0,0,0	0,0,0	KANJIDIC,PYPINYIN,UNIHAN
U+7C9E	粞	セイ,サイ,こごめ	sei,sai,kogome	0,0,0	0,0,0	KANJIDIC,PYPINYIN,UNIHAN
U+7C9F	粟	ゾク,ショク,ソク,あわ,もみ	zoku,shoku,soku,awa,momi	0,0,0,0,0	0,0,0,0,0	KANJIDIC,PYPINYIN,UNIHAN,WORDSHK_CHARS
U+7CA0	粠	コウ,すくも	kou,sukumo	0,0	0,0	KANJIDIC,PYPINYIN,UNIHAN
U+7CA1	粡	トウ	tou	0	0	KANJIDIC,PYPINYIN,UNIHAN
U+7CA2	粢	シ,しとぎ	shi,shitogi	0,0	0,0	KANJIDIC,PYPINYIN,UNIHAN,WORDSHK_CHARS
U+7CA4	粤	エツ,ここに	etsu,kokoni	0,0	0,0	KANJIDIC,PYPINYIN,UNIHAN
U+7CA5	粥	イク,シュク,ジュク,かゆ,かい,ひさぐ	iku,shuku,juku,kayu,kai,hisagu	0,0,0,0,0,0	0,0,0,0,0,0	KANJIDIC,PYPINYIN,UNIHAN,WORDSHK_CHARS
U+7CA6	粦	リン	rin	0	0	KANJIDIC,PYPINYIN,UNIHAN
U+7CA7	粧	ショウ	shou	0	0	KANJIDIC,PYPINYIN,UNIHAN,WORDSHK_CHARS
U+7CA8	粨	ヘクトメートル	hekutomeetoru	0	0	KANJIDIC,PYPINYIN,UNIHAN
U+7CAB	粫	うるち,ジ,メン	uruchi,ji,men	0,0,0	0,0,0	KANJIDIC,PYPINYIN,UNIHAN
U+7CAD	粭	すくも	sukumo	0	0	KANJIDIC,PYPINYIN,UNIHAN
U+7CAE	粮	リョウ,ロウ,かて	ryou,rou,kate	0,0,0	0,0,0	KANJIDIC,PYPINYIN,UNIHAN
U+7CB0	粰	フウ,フ,おこし,かゆ,もみがら,かす	fuu,fu,okoshi,kayu,momigara,kasu	0,0,0,0,0,0	0,0,0,0,0,0	KANJIDIC,PYPINYIN,UNIHAN
U+7CB1	粱	リョウ,あわ	ryou,awa	0,0	0,0	KANJIDIC,PYPINYIN,UNIHAN,WORDSHK_CHARS
U+7CB2	粲	サン,いい	san,ii	0,0	0,0	KANJIDIC,PYPINYIN,UNIHAN
U+7CB3	粳	コウ,うるち,ぬか	kou,uruchi,nuka	0,0,0	0,0,0	KANJIDIC,PYPINYIN,UNIHAN
U+7CB6	粶	ロク,はぜこめ	roku,hazekome	0,0	0,0	KANJIDIC,PYPINYIN,UNIHAN
U+7CB7	粷	キク,コク,こな	kiku,koku,kona	0,0,0	0,0,0	KANJIDIC,PYPINYIN,UNIHAN
U+7CB9	粹	スイ,いき	sui,iki	0,0	0,0	KANJIDIC,PYPINYIN,UNIHAN,WORDSHK_CHARS
U+7CBA	粺	ハイ,ハ,ベ,しらげよね	hai,ha,be,shirageyone	0,0,0,0	0,0,0,0	KANJIDIC,PYPINYIN,UNIHAN
U+7CBB	粻	チョウ,トウ,ジョウ,かて	chou,tou,jou,kate	0,0,0,0	0,0,0,0	KANJIDIC,PYPINYIN,UNIHAN
U+7CBC	粼	リン,せせらぎ	rin,seseragi	0,0	0,0	KANJIDIC,PYPINYIN,UNIHAN,WORDSHK_CHARS
U+7CBD	粽	ソウ,ちまき	sou,chimaki	0,0	0,0	KANJIDIC,PYPINYIN,UNIHAN,WORDSHK_CHARS
U+7CBE	精	セイ,ショウ,しらげる,くわしい	sei,shou,shirageru,kuwashii	0,0,0,0	0,0,0,0	KANJIDIC,PYPINYIN,UNIHAN,WORDSHK_CHARS
U+7CBF	粿	カ,ゲ,しらげよね	ka,ge,shirageyone	0,0,0	0,0,0	KANJIDIC,PYPINYIN,UNIHAN,WORDSHK_CHARS
U+7CC0	糀	こうじ	kouji	0	0	KANJIDIC,PYPINYIN,UNIHAN
U+7CC2	糂	ジン	jin	0	0	KANJIDIC,PYPINYIN,UNIHAN
U+7CC4	糄	ヘン,こめ,やきごめ	hen,kome,yakigome	0,0,0	0,0,0	KANJIDIC,PYPINYIN,UNIHAN
U+7CC5	糅	ジュウ,まじる	juu,majiru	0,0	0,0	KANJIDIC,PYPINYIN,UNIHAN,WORDSHK_CHARS
U+7CC7	糇	コウ,グ,ほしいい	kou,gu,hoshiii	0,0,0	0,0,0	KANJIDIC,PYPINYIN,UNIHAN
U+7CC8	糈	ショ,かて	sho,kate	0,0	0,0	KANJIDIC,PYPINYIN,UNIHAN
U+7CC9	糉	ソウ,ちまき	sou,chimaki	0,0	0,0	KANJIDIC,PYPINYIN,UNIHAN,WORDSHK_CHARS
U+7CCA	糊	コ,ゴ,コツ,のり	ko,go,kotsu,nori	0,0,0,0	0,0,0,0	KANJIDIC,PYPINYIN,UNIHAN,WORDSHK_CHARS
U+7CCD	糍	シ	shi	0	0	KANJIDIC,PYPINYIN,UNIHAN,WORDSHK_CHARS
U+7CCE	糎	センチ,センチメートル	senchi,senchimeetoru	0,0	0,0	KANJIDIC,PYPINYIN,UNIHAN
U+7CCF	糏	セツ,セチ,ソツ,ソチ,こごめ	setsu,sechi,sotsu,sochi,kogome	0,0,0,0,0	0,0,0,0,0	KANJIDIC,PYPINYIN,UNIHAN
U+7CD2	糒	ビ,ハイ,ほしい,ほしいい	bi,hai,hoshii,hoshiii	0,0,0,0	0,0,0,0	KANJIDIC,PYPINYIN,UNIHAN
U+7CD3	糓	コク	koku	0	0	KANJIDIC,PYPINYIN,UNIHAN
U+7CD4	糔	シュウ,シュ,ソウ,しる	shuu,shu,sou,shiru	0,0,0,0	0,0,0,0	KANJIDIC,PYPINYIN,UNIHAN
U+7CD5	糕	コウ,こなもち	kou,konamochi	0,0	0,0	KANJIDIC,PYPINYIN,UNIHAN,WORDSHK_CHARS
U+7CD6	糖	トウ	tou	0	0	KANJIDIC,PYPINYIN,UNIHAN,WORDSHK_CHARS
U+7CD7	糗	キュウ,ク,ショウ,いりごめ	kyuu,ku,shou,irigome	0,0,0,0	0,0,0,0	KANJIDIC,PYPINYIN,UNIHAN
U+7CD8	糘	すくも	sukumo	0	0	KANJIDIC,PYPINYIN,UNIHAN
U+7CD9	糙	ソウ,くろごめ	sou,kurogome	0,0	0,0	KANJIDIC,PYPINYIN,UNIHAN,WORDSHK_CHARS
U+7CDA	糚	ソウ,ショウ,よそう	sou,shou,yosou	0,0,0	0,0,0	KANJIDIC,PYPINYIN,UNIHAN
U+7CDC	糜	ビ,ただれる	bi,tadareru	0,0	0,0	KANJIDIC,PYPINYIN,UNIHAN,WORDSHK_CHARS
U+7CDD	糝	サン,シン,こながき	san,shin,konagaki	0,0,0	0,0,0	KANJIDIC,PYPINYIN,UNIHAN,WORDSHK_CHARS
U+7CDE	糞	フン,くそ	fun,kuso	0,0	0,0	KANJIDIC,PYPINYIN,UNIHAN,WORDSHK_CHARS
U+7CDF	糟	コウ,ソウ,ぬか	kou,sou,nuka	0,0,0	0,0,0	KANJIDIC,PYPINYIN,UNIHAN,WORDSHK_CHARS
U+7CE0	糠	コウ,ぬか	kou,nuka	0,0	0,0	KANJIDIC,PYPINYIN,UNIHAN,WORDSHK_CHARS
U+7CE2	糢	ボ,モ,かた,のっとる	bo,mo,kata,nottoru	0,0,0,0	0,0,0,0	KANJIDIC,PYPINYIN,UNIHAN
U+7CE6	糦	シ,キ,さけさかな,むす	shi,ki,sakesakana,musu	0,0,0,0	0,0,0,0	KANJIDIC,PYPINYIN,UNIHAN
U+7CE7	糧	リョウ,ロウ,かて	ryou,rou,kate	0,0,0	0,0,0	KANJIDIC,PYPINYIN,UNIHAN,WORDSHK_CHARS
U+7CE9	糩	カイ,ケ,ぬか	kai,ke,nuka	0,0,0	0,0,0	KANJIDIC,PYPINYIN,UNIHAN
U+7CEB	糫	カイ,ゲン,カン,もち,おこし	kai,gen,kan,mochi,okoshi	0,0,0,0,0	0,0,0,0,0	KANJIDIC,PYPINYIN,UNIHAN
U+7CEF	糯	ダ,ナ,もちごめ	da,na,mochigome	0,0,0	0,0,0	KANJIDIC,PYPINYIN,UNIHAN,WORDSHK_CHARS
U+7CF2	糲	レイ,ラツ,あらい,くろごめ	rei,ratsu,arai,kurogome	0,0,0,0	0,0,0,0	KANJIDIC,PYPINYIN,UNIHAN
U+7CF4	糴	チョウ,テキ,うる,せり,かいよね	chou,teki,uru,seri,kaiyone	0,0,0,0,0	0,0,0,0,0	KANJIDIC,PYPINYIN,UNIHAN,WORDSHK_CHARS
U+7CF5	糵	ゲツ	getsu	0	0	KANJIDIC,PYPINYIN,UNIHAN
U+7CF6	糶	チョウ,せり,うりよね	chou,seri,uriyone	0,0,0	0,0,0	KANJIDIC,PYPINYIN,UNIHAN,WORDSHK_CHARS
U+7CF8	糸	シ,いと	shi,ito	0,0	0,0	KANJIDIC,PYPINYIN,UNIHAN
U+7CFA	糺	キュウ,ただす,あざなう	kyuu,tadasu,azanau	0,0,0	0,0,0	KANJIDIC,PYPINYIN,UNIHAN
U+7CFB	系	ケイ	kei	0	0	KANJIDIC,PYPINYIN,UNIHAN,WORDSHK_CHARS
U+7CFE	糾	キュウ,ただす	kyuu,tadasu	0,0	0,0	KANJIDIC,PYPINYIN,UNIHAN,WORDSHK_CHARS
U+7D00	紀	キ	ki	0	0	KANJIDIC,PYPINYIN,UNIHAN,WORDSHK_CHARS
U+7D02	紂	チュウ,しりがい	chuu,shirigai	0,0	0,0	KANJIDIC,PYPINYIN,UNIHAN,WORDSHK_CHARS
U+7D03	紃	シュン,セン,ひも	shun,sen,himo	0,0,0	0,0,0	KANJIDIC,PYPINYIN,UNIHAN
U+7D04	約	ヤク,つづまる,つづめる,つづまやか	yaku,tsuzumaru,tsuzumeru,tsuzumayaka	0,0,0,0	0,0,0,0	KANJIDIC,PYPINYIN,UNIHAN,WORDSHK_CHARS
U+7D05	紅	コウ,ク,べに,くれない,あかい	kou,ku,beni,kurenai,akai	0,0,0,0,0	0,0,0,0,0	KANJIDIC,PYPINYIN,UNIHAN,WORDSHK_CHARS
U+7D06	紆	ウ,まがる,めぐる	u,magaru,meguru	0,0,0	0,0,0	KANJIDIC,PYPINYIN,UNIHAN,WORDSHK_CHARS
U+7D07	紇	コツ,ゴチ,ケツ,ゲチ	kotsu,gochi,ketsu,gechi	0,0,0,0	0,0,0,0	KANJIDIC,PYPINYIN,UNIHAN
U+7D08	紈	カン,しろぎぬ,むすぶ,かさなる	kan,shiroginu,musubu,kasanaru	0,0,0,0	0,0,0,0	KANJIDIC,PYPINYIN,UNIHAN
U+7D09	紉	ジン,ニン,キン,コン,なわ	jin,nin,kin,kon,nawa	0,0,0,0,0	0,0,0,0,0	KANJIDIC,PYPINYIN,UNIHAN,WORDSHK_CHARS
U+7D0A	紊	ビン,ブン,みだれる	bin,bun,midareru	0,0,0	0,0,0	KANJIDIC,PYPINYIN,UNIHAN,WORDSHK_CHARS
U+7D0B	紋	モン	mon	0	0	KANJIDIC,PYPINYIN,UNIHAN,WORDSHK_CHARS
U+7D0D	納	ノウ,ナッ,ナン,トウ,おさめる,おさまる	nou,na,nan,tou,osameru,osamaru	0,0,0,0,0,0	0,0,0,0,0,0	KANJIDIC,PYPINYIN,UNIHAN,WORDSHK_CHARS
U+7D0F	紏	トウ,ツ,つげる	tou,tsu,tsugeru	0,0,0	0,0,0	KANJIDIC,PYPINYIN,UNIHAN
U+7D10	紐	チュウ,ジュウ,ひも	chuu,juu,himo	0,0,0	0,0,0	KANJIDIC,PYPINYIN,UNIHAN,WORDSHK_CHARS
U+7D11	紑	フウ,フ,ハイ,あざやか	fuu,fu,hai,azayaka	0,0,0,0	0,0,0,0	KANJIDIC,PYPINYIN,UNIHAN
U+7D12	紒	ケイ,ケツ,ケチ,カイ,ゆう,むすぶ	kei,ketsu,kechi,kai,yuu,musubu	0,0,0,0,0,0	0,0,0,0,0,0	KANJIDIC,PYPINYIN,UNIHAN
U+7D13	紓	ショ,ゆるい	sho,yurui	0,0	0,0	KANJIDIC,PYPINYIN,UNIHAN,WORDSHK_CHARS
U+7D14	純	ジュン	jun	0	0	KANJIDIC,PYPINYIN,UNIHAN,WORDSHK_CHARS
U+7D15	紕	ヒ	hi	0	0	KANJIDIC,PYPINYIN,UNIHAN,WORDSHK_CHARS
U+7D16	紖	チン,ジン,イン	chin,jin,in	0,0,0	0,0,0	KANJIDIC,PYPINYIN,UNIHAN
U+7D17	紗	サ,シャ,うすぎぬ	sa,sha,usuginu	0,0,0	0,0,0	KANJIDIC,PYPINYIN,UNIHAN,WORDSHK_CHARS
U+7D18	紘	コウ,おおづな,つな,つなぐ	kou,oozuna,tsuna,tsunagu	0,0,0,0	0,0,0,0	KANJIDIC,PYPINYIN,UNIHAN
U+7D19	紙	シ,かみ	shi,kami	0,0	0,0	KANJIDIC,PYPINYIN,UNIHAN,WORDSHK_CHARS
U+7D1A	級	キュウ	kyuu	0	0	KANJIDIC,PYPINYIN,UNIHAN,WORDSHK_CHARS
U+7D1B	紛	フン,まぎれる,まぎれ,まぎらす,まぎらわす,まぎらわしい	fun,magireru,magire,magirasu,magirawasu,magirawashii	0,0,0,0,0,0	0,0,0,0,0,0	KANJIDIC,PYPINYIN,UNIHAN,WORDSHK_CHARS
U+7D1C	紜	ウン,みだれる	un,midareru	0,0	0,0	KANJIDIC,PYPINYIN,UNIHAN,WORDSHK_CHARS
U+7D1D	紝	ジン,ニン,はたいと	jin,nin,hataito	0,0,0	0,0,0	KANJIDIC,PYPINYIN,UNIHAN
U+7D1E	紞	タン,トン,ひも	tan,ton,himo	0,0,0	0,0,0	KANJIDIC,PYPINYIN,UNIHAN
U+7D20	素	ソ,ス,もと	so,su,moto	0,0,0	0,0,0	KANJIDIC,PYPINYIN,UNIHAN,WORDSHK_CHARS
U+7D21	紡	ボウ,つむぐ	bou,tsumugu	0,0	0,0	KANJIDIC,PYPINYIN,UNIHAN,WORDSHK_CHARS
U+7D22	索	サク	saku	0	0	KANJIDIC,PYPINYIN,UNIHAN,WORDSHK_CHARS
U+7D23	紣	サイ,スイ,シュツ,シュチ	sai,sui,shutsu,shuchi	0,0,0,0	0,0,0,0	KANJIDIC,PYPINYIN,UNIHAN
U+7D26	紦	ハ,きぬ	ha,kinu	0,0	0,0	KANJIDIC,PYPINYIN,UNIHAN
U+7D2A	紪	セイ,サイ,きぬのあや	sei,sai,kinunoaya	0,0,0	0,0,0	KANJIDIC,PYPINYIN,UNIHAN
U+7D2B	紫	シ,むらさき	shi,murasaki	0,0	0,0	KANJIDIC,PYPINYIN,UNIHAN,WORDSHK_CHARS
U+7D2C	紬	チュウ,つむぎ,つむぐ	chuu,tsumugi,tsumugu	0,0,0	0,0,0	KANJIDIC,PYPINYIN,UNIHAN
U+7D2D	紭	コウ,ギョウ,あみのつな,かかる	kou,gyou,aminotsuna,kakaru	0,0,0,0	0,0,0,0	KANJIDIC,PYPINYIN,UNIHAN
U+7D2E	紮	サツ,からげる	satsu,karageru	0,0	0,0	KANJIDIC,PYPINYIN,UNIHAN,WORDSHK_CHARS
U+7D2F	累	ルイ	rui	0	0	KANJIDIC,PYPINYIN,UNIHAN,WORDSHK_CHARS
U+7D30	細	サイ,ほそい,ほそる,こまか,こまかい	sai,hosoi,hosoru,komaka,komakai	0,0,0,0,0	0,0,0,0,0	KANJIDIC,PYPINYIN,UNIHAN,WORDSHK_CHARS
U+7D31	紱	フツ,フチ,ひも	futsu,fuchi,himo	0,0,0	0,0,0	KANJIDIC,PYPINYIN,UNIHAN
U+7D32	紲	セツ,きずな	setsu,kizuna	0,0	0,0	KANJIDIC,PYPINYIN,UNIHAN
U+7D33	紳	シン	shin	0	0	KANJIDIC,PYPINYIN,UNIHAN,WORDSHK_CHARS
U+7D35	紵	チョ	cho	0	0	KANJIDIC,PYPINYIN,UNIHAN
U+7D39	紹	ショウ	shou	0	0	KANJIDIC,PYPINYIN,UNIHAN,WORDSHK_CHARS
U+7D3A	紺	コン	kon	0	0	KANJIDIC,PYPINYIN,UNIHAN
U+7D3C	紼	フツ,フチ,ヒ,つな	futsu,fuchi,hi,tsuna	0,0,0,0	0,0,0,0	KANJIDIC,PYPINYIN,UNIHAN
U+7D3D	紽	タ	ta	0	0	KANJIDIC,PYPINYIN,UNIHAN
U+7D3E	紾	シン,テン,もとる	shin,ten,motoru	0,0,0	0,0,0	KANJIDIC,PYPINYIN,UNIHAN
U+7D3F	紿	タイ,あざむく	tai,azamuku	0,0	0,0	KANJIDIC,PYPINYIN,UNIHAN
U+7D40	絀	チュツ,チュチ,あかい	chutsu,chuchi,akai	0,0,0	0,0,0	KANJIDIC,PYPINYIN,UNIHAN,WORDSHK_CHARS
U+7D41	絁	シ,つむぎ	shi,tsumugi	0,0	0,0	KANJIDIC,PYPINYIN,UNIHAN
U+7D42	終	シュウ,おわる,おえる,つい,ついに	shuu,owaru,oeru,tsui,tsuini	0,0,0,0,0	0,0,0,0,0	KANJIDIC,PYPINYIN,UNIHAN,WORDSHK_CHARS
U+7D43	絃	ゲン,いと	gen,ito	0,0	0,0	KANJIDIC,PYPINYIN,UNIHAN,WORDSHK_CHARS
U+7D44	組	ソ,くむ,くみ,ぐみ	so,kumu,kumi,gumi	0,0,0,0	0,0,0,0	KANJIDIC,PYPINYIN,UNIHAN,WORDSHK_CHARS
U+7D45	絅	ケイ,ひく	kei,hiku	0,0	0,0	KANJIDIC,PYPINYIN,UNIHAN
U+7D46	絆	ハン,きずな,ほだす,つなぐ	han,kizuna,hodasu,tsunagu	0,0,0,0	0,0,0,0	KANJIDIC,PYPINYIN,UNIHAN,WORDSHK_CHARS
U+7D47	絇	ク,くつかざり	ku,kutsukazari	0,0	0,0	KANJIDIC,PYPINYIN,UNIHAN
U+7D48	絈	バツ,メチ,ハ,ヘ,ハク,ミャク,ミュク,つつむ	batsu,mechi,ha,he,haku,myaku,myuku,tsutsumu	0,0,0,0,0,0,0,0	0,0,0,0,0,0,0,0	KANJIDIC,PYPINYIN,UNIHAN
U+7D4B	絋	コウ	kou	0	0	KANJIDIC,PYPINYIN,UNIHAN
U+7D4C	経	ケイ,キョウ,キン,へる,たつ,たていと,はかる,のり	kei,kyou,kin,heru,tatsu,tateito,hakaru,nori	0,0,0,0,0,0,0,0	0,0,0,0,0,0,0,0	KANJIDIC,PYPINYIN,UNIHAN
U+7D4D	絍	ジン,ニン,はたいと	jin,nin,hataito	0,0,0	0,0,0	KANJIDIC,PYPINYIN,UNIHAN
U+7D4E	絎	コウ,くれる,くける	kou,kureru,kukeru	0,0,0	0,0,0	KANJIDIC,PYPINYIN,UNIHAN
U+7D4F	絏	セツ	setsu	0	0	KANJIDIC,PYPINYIN,UNIHAN
U+7D50	結	ケツ,ケチ,むすぶ,ゆう,ゆわえる	ketsu,kechi,musubu,yuu,yuwaeru	0,0,0,0,0	0,0,0,0,0	KANJIDIC,PYPINYIN,UNIHAN,WORDSHK_CHARS
U+7D51	絑	シュ,チュ	shu,chu	0,0	0,0	KANJIDIC,PYPINYIN,UNIHAN
U+7D53	絓	カイ,ゲ,カ,ワ,かかる,つむぎ	kai,ge,ka,wa,kakaru,tsumugi	0,0,0,0,0,0	0,0,0,0,0,0	KANJIDIC,PYPINYIN,UNIHAN
U+7D56	絖	コウ,ぬめ,わた	kou,nume,wata	0,0,0	0,0,0	KANJIDIC,PYPINYIN,UNIHAN
U+7D57	絗	コツ,ゴチ,いとがめぐる	kotsu,gochi,itogameguru	0,0,0	0,0,0	KANJIDIC,PYPINYIN,UNIHAN
U+7D59	絙	カン,コウ,くみひも	kan,kou,kumihimo	0,0,0	0,0,0	KANJIDIC,PYPINYIN,UNIHAN
U+7D5A	絚	コウ	kou	0	0	KANJIDIC,PYPINYIN,UNIHAN
U+7D5B	絛	ジュウ,ジョウ,トウ,さなだ	juu,jou,tou,sanada	0,0,0,0	0,0,0,0	KANJIDIC,PYPINYIN,UNIHAN
U+7D5C	絜	ケツ,ケチ,ケイ,カツ,あさ,たば,きよい	ketsu,kechi,kei,katsu,asa,taba,kiyoi	0,0,0,0,0,0,0	0,0,0,0,0,0,0	KANJIDIC,PYPINYIN,UNIHAN
U+7D5D	絝	コ,ク,はかま,ずぼん	ko,ku,hakama,zubon	0,0,0,0	0,0,0,0	KANJIDIC,PYPINYIN,UNIHAN
U+7D5E	絞	コウ,しぼる,しめる,しまる	kou,shiboru,shimeru,shimaru	0,0,0,0	0,0,0,0	KANJIDIC,PYPINYIN,UNIHAN,WORDSHK_CHARS
U+7D61	絡	ラク,からむ,からまる	raku,karamu,karamaru	0,0,0	0,0,0	KANJIDIC,PYPINYIN,UNIHAN,WORDSHK_CHARS
U+7D62	絢	ケン	ken	0	0	KANJIDIC,PYPINYIN,UNIHAN,WORDSHK_CHARS
U+7D63	絣	ホウ,かすり	hou,kasuri	0,0	0,0	KANJIDIC,PYPINYIN,UNIHAN
U+7D65	絥	フク,ヒ	fuku,hi	0,0	0,0	KANJIDIC,PYPINYIN,UNIHAN
U+7D66	給	キュウ,たまう,たもう,たまえ	kyuu,tamau,tamou,tamae	0,0,0,0	0,0,0,0	KANJIDIC,PYPINYIN,UNIHAN,WORDSHK_CHARS
U+7D67	絧	トウ,ズ,ぬの	tou,zu,nuno	0,0,0	0,0,0	KANJIDIC,PYPINYIN,UNIHAN
U+7D68	絨	ジュウ	juu	0	0	KANJIDIC,PYPINYIN,UNIHAN,WORDSHK_CHARS
U+7D6A	絪	イン	in	0	0	KANJIDIC,PYPINYIN,UNIHAN
U+7D6E	絮	ジョ,ショ,わた	jo,sho,wata	0,0,0	0,0,0	KANJIDIC,PYPINYIN,UNIHAN,WORDSHK_CHARS
U+7D70	絰	テツ,デチ	tetsu,dechi	0,0	0,0	KANJIDIC,PYPINYIN,UNIHAN
U+7D71	統	トウ,すべる	tou,suberu	0,0	0,0	KANJIDIC,PYPINYIN,UNIHAN,WORDSHK_CHARS
U+7D72	絲	シ,いと	shi,ito	0,0	0,0	KANJIDIC,PYPINYIN,UNIHAN,WORDSHK_CHARS
U+7D73	絳	コウ,あか	kou,aka	0,0	0,0	KANJIDIC,PYPINYIN,UNIHAN
U+7D75	絵	カイ,エ	kai,e	0,0	0,0	KANJIDIC,PYPINYIN,UNIHAN
U+7D76	絶	ゼツ,たえる,たやす,たつ	zetsu,taeru,tayasu,tatsu	0,0,0,0	0,0,0,0	KANJIDIC,PYPINYIN,UNIHAN
U+7D78	絸	ケン,まゆ,きぬ	ken,mayu,kinu	0,0,0	0,0,0	KANJIDIC,PYPINYIN,UNIHAN
U+7D79	絹	ケン,きぬ	ken,kinu	0,0	0,0	KANJIDIC,PYPINYIN,UNIHAN,WORDSHK_CHARS
U+7D7A	絺	チ,ほそぬの	chi,hosonuno	0,0	0,0	KANJIDIC,PYPINYIN,UNIHAN
U+7D7B	絻	ブン,モン,ベン,メン,バン,マン,もふく	bun,mon,ben,men,ban,man,mofuku	0,0,0,0,0,0,0	0,0,0,0,0,0,0	KANJIDIC,PYPINYIN,UNIHAN
U+7D7D	絽	ロ,リョ	ro,ryo	0,0	0,0	KANJIDIC,PYPINYIN,UNIHAN
U+7D7F	絿	キュウ,ク,きびしい	kyuu,ku,kibishii	0,0,0	0,0,0	KANJIDIC,PYPINYIN,UNIHAN
U+7D81	綁	ホウ,しばる	hou,shibaru	0,0	0,0	KANJIDIC,PYPINYIN,UNIHAN,WORDSHK_CHARS
U+7D82	綂	トウ,すべて	tou,subete	0,0	0,0	KANJIDIC,PYPINYIN,UNIHAN
U+7D83	綃	ショウ,ソウ,きいと	shou,sou,kiito	0,0,0	0,0,0	KANJIDIC,PYPINYIN,UNIHAN
U+7D85	綅	シン,セン,いと	shin,sen,ito	0,0,0	0,0,0	KANJIDIC,PYPINYIN,UNIHAN
U+7D86	綆	コウ,キョウ,ヘイ,ヒョイ,ハン,つるべなわ	kou,kyou,hei,hyoi,han,tsurubenawa	0,0,0,0,0,0	0,0,0,0,0,0	KANJIDIC,PYPINYIN,UNIHAN
U+7D88	綈	テイ,タイ,つむぎ	tei,tai,tsumugi	0,0,0	0,0,0	KANJIDIC,PYPINYIN,UNIHAN
U+7D89	綉	シュウ,ツ,トウ	shuu,tsu,tou	0,0,0	0,0,0	KANJIDIC,PYPINYIN,UNIHAN
U+7D8B	綋	コウ,おおづな,つな,つなぐ	kou,oozuna,tsuna,tsunagu	0,0,0,0	0,0,0,0	KANJIDIC,PYPINYIN,UNIHAN
U+7D8C	綌	ケキ,キャク,くずぬの	keki,kyaku,kuzununo	0,0,0	0,0,0	KANJIDIC,PYPINYIN,UNIHAN
U+7D8D	綍	フツ,フチ,ヒ,ひつぎなわ	futsu,fuchi,hi,hitsuginawa	0,0,0,0	0,0,0,0	KANJIDIC,PYPINYIN,UNIHAN
U+7D8F	綏	スイ,タ,やすい	sui,ta,yasui	0,0,0	0,0,0	KANJIDIC,PYPINYIN,UNIHAN,WORDSHK_CHARS
U+7D91	綑	コン,おる	kon,oru	0,0	0,0	KANJIDIC,PYPINYIN,UNIHAN,WORDSHK_CHARS
U+7D93	經	ケイ,キョウ,へる,たつ,たていと,はかる,のり	kei,kyou,heru,tatsu,tateito,hakaru,nori	0,0,0,0,0,0,0	0,0,0,0,0,0,0	KANJIDIC,PYPINYIN,UNIHAN,WORDSHK_CHARS
U+7D96	綖	エン,セン	en,sen	0,0	0,0	KANJIDIC,PYPINYIN,UNIHAN
U+7D97	綗	ケイ,ひく	kei,hiku	0,0	0,0	KANJIDIC,PYPINYIN,UNIHAN
U+7D99	継	ケイ,つぐ,まま	kei,tsugu,mama	0,0,0	0,0,0	KANJIDIC,PYPINYIN,UNIHAN
U+7D9A	続	ゾク,ショク,コウ,キョウ,つづく,つづける,つぐない	zoku,shoku,kou,kyou,tsuzuku,tsuzukeru,tsugunai	0,0,0,0,0,0,0	0,0,0,0,0,0,0	KANJIDIC,PYPINYIN,UNIHAN
U+7D9B	綛	かせ,かすり	kase,kasuri	0,0	0,0	KANJIDIC,PYPINYIN,UNIHAN
U+7D9C	綜	ソウ,おさめる,すべる	sou,osameru,suberu	0,0,0	0,0,0	KANJIDIC,PYPINYIN,UNIHAN,WORDSHK_CHARS
U+7D9D	綝	チン,リン,シン,とめる	chin,rin,shin,tomeru	0,0,0,0	0,0,0,0	KANJIDIC,PYPINYIN,UNIHAN
U+7D9E	綞	タ,あや	ta,aya	0,0	0,0	KANJIDIC,PYPINYIN,UNIHAN
U+7D9F	綟	レイ,もじ	rei,moji	0,0	0,0	KANJIDIC,PYPINYIN,UNIHAN,WORDSHK_CHARS
U+7DA0	綠	リョク,ロク,みどり	ryoku,roku,midori	0,0,0	0,0,0	KANJIDIC,PYPINYIN,UNIHAN,WORDSHK_CHARS
U+7DA2	綢	チュウ,トウ,まとう	chuu,tou,matou	0,0,0	0,0,0	KANJIDIC,PYPINYIN,UNIHAN,WORDSHK_CHARS
U+7DA3	綣	ケン	ken	0	0	KANJIDIC,PYPINYIN,UNIHAN
U+7DA6	綦	キ,あやぎぬ	ki,ayaginu	0,0	0,0	KANJIDIC,PYPINYIN,UNIHAN
U+7DA7	綧	シュン,みだれる	shun,midareru	0,0	0,0	KANJIDIC,PYPINYIN,UNIHAN
U+7DAA	綪	セン,セイ,ショウ,ソウ	sen,sei,shou,sou	0,0,0,0	0,0,0,0	KANJIDIC,PYPINYIN,UNIHAN
U+7DAB	綫	セン,すじ	sen,suji	0,0	0,0	KANJIDIC,PYPINYIN,UNIHAN,WORDSHK_CHARS
U+7DAC	綬	ジュ,ひも	ju,himo	0,0	0,0	KANJIDIC,PYPINYIN,UNIHAN
U+7DAD	維	イ	i	0	0	KANJIDIC,PYPINYIN,UNIHAN,WORDSHK_CHARS
U+7DAE	綮	ケイ	kei	0	0	KANJIDIC,PYPINYIN,UNIHAN
U+7DAF	綯	トウ,なう,なわ,よる	tou,nau,nawa,yoru	0,0,0,0	0,0,0,0	KANJIDIC,PYPINYIN,UNIHAN,WORDSHK_CHARS
U+7DB0	綰	ワン,わがねる,たがねる,たかねる	wan,waganeru,taganeru,takaneru	0,0,0,0	0,0,0,0	KANJIDIC,PYPINYIN,UNIHAN
U+7DB1	綱	コウ,つな	kou,tsuna	0,0	0,0	KANJIDIC,PYPINYIN,UNIHAN,WORDSHK_CHARS
U+7DB2	網	モウ,あみ	mou,ami	0,0	0,0	KANJIDIC,PYPINYIN,UNIHAN,WORDSHK_CHARS
U+7DB3	綳	ホウ,ヒョウ,まく,たばねる	hou,hyou,maku,tabaneru	0,0,0,0	0,0,0,0	KANJIDIC,PYPINYIN,UNIHAN
U+7DB4	綴	テイ,テツ,テチ,ゲツ,とじる,つづる,つづり,すみやか	tei,tetsu,techi,getsu,tojiru,tsuzuru,tsuzuri,sumiyaka	0,0,0,0,0,0,0,0	0,0,0,0,0,0,0,0	KANJIDIC,PYPINYIN,UNIHAN,WORDSHK_CHARS
U+7DB5	綵	サイ,あや,あやぎぬ	sai,aya,ayaginu	0,0,0	0,0,0	KANJIDIC,PYPINYIN,UNIHAN,WORDSHK_CHARS
U+7DB6	綶	カ,クワ,まとう	ka,kuwa,matou	0,0,0	0,0,0	KANJIDIC,PYPINYIN,UNIHAN
U+7DB7	綷	サイ,スイ,シュツ,シュチ	sai,sui,shutsu,shuchi	0,0,0,0	0,0,0,0	KANJIDIC,PYPINYIN,UNIHAN
U+7DB8	綸	リン,カン,いと	rin,kan,ito	0,0,0	0,0,0	KANJIDIC,PYPINYIN,UNIHAN,WORDSHK_CHARS
U+7DB9	綹	リュウ,ル,いと	ryuu,ru,ito	0,0,0	0,0,0	KANJIDIC,PYPINYIN,UNIHAN
U+7DBA	綺	キ,あや	ki,aya	0,0	0,0	KANJIDIC,PYPINYIN,UNIHAN,WORDSHK_CHARS
U+7DBB	綻	タン,ほころびる	tan,hokorobiru	0,0	0,0	KANJIDIC,PYPINYIN,UNIHAN,WORDSHK_CHARS
U+7DBD	綽	シャク,あだ,しなやか,ゆるやか	shaku,ada,shinayaka,yuruyaka	0,0,0,0	0,0,0,0	KANJIDIC,PYPINYIN,UNIHAN,WORDSHK_CHARS
U+7DBE	綾	リン,あや	rin,aya	0,0	0,0	KANJIDIC,PYPINYIN,UNIHAN
U+7DBF	綿	メン,わた	men,wata	0,0	0,0	KANJIDIC,PYPINYIN,UNIHAN,WORDSHK_CHARS
U+7DC2	緂	タン,セン,サン,あざやか	tan,sen,san,azayaka	0,0,0,0	0,0,0,0	KANJIDIC,PYPINYIN,UNIHAN
U+7DC3	緃	ショウ,シュ,いろぎぬ	shou,shu,iroginu	0,0,0	0,0,0	KANJIDIC,PYPINYIN,UNIHAN
U+7DC4	緄	コン,おび	kon,obi	0,0	0,0	KANJIDIC,PYPINYIN,UNIHAN,WORDSHK_CHARS
U+7DC5	緅	シュウ,シュ,ソウ,ス	shuu,shu,sou,su	0,0,0,0	0,0,0,0	KANJIDIC,PYPINYIN,UNIHAN
U+7DC6	緆	セキ,シャク,イ,ほそぬの	seki,shaku,i,hosonuno	0,0,0,0	0,0,0,0	KANJIDIC,PYPINYIN,UNIHAN
U+7DC7	緇	シ,くろ	shi,kuro	0,0	0,0	KANJIDIC,PYPINYIN,UNIHAN
U+7DCA	緊	キン,しめる,しまる	kin,shimeru,shimaru	0,0,0	0,0,0	KANJIDIC,PYPINYIN,UNIHAN,WORDSHK_CHARS
U+7DCB	緋	ヒ,あけ,あか	hi,ake,aka	0,0,0	0,0,0	KANJIDIC,PYPINYIN,UNIHAN,WORDSHK_CHARS
U+7DCC	緌	ズイ,ニ,かんむりのひも	zui,ni,kanmurinohimo	0,0,0	0,0,0	KANJIDIC,PYPINYIN,UNIHAN
U+7DCD	緍	ビン,コン,ミン,さし,つりいと,なわ,ぜにさし	bin,kon,min,sashi,tsuriito,nawa,zenisashi	0,0,0,0,0,0,0	0,0,0,0,0,0,0	KANJIDIC,PYPINYIN,UNIHAN
U+7DCE	緎	ヨク,イキ,キョク,コク,イク,ぬいかがり	yoku,iki,kyoku,koku,iku,nuikagari	0,0,0,0,0,0	0,0,0,0,0,0	KANJIDIC,PYPINYIN,UNIHAN
U+7DCF	総	ソウ,すべて,ふさ	sou,subete,fusa	0,0,0	0,0,0	KANJIDIC,PYPINYIN,UNIHAN
U+7DD1	緑	リョク,ロク,みどり	ryoku,roku,midori	0,0,0	0,0,0	KANJIDIC,PYPINYIN,UNIHAN
U+7DD2	緒	ショ,チョ,お,いとぐち	sho,cho,o,itoguchi	0,0,0,0	0,0,0,0	KANJIDIC,PYPINYIN,UNIHAN,WORDSHK_CHARS
U+7DD5	緕	かすり	kasuri	0	0	KANJIDIC,PYPINYIN,UNIHAN
U+7DD6	緖	ショ,チョ,お,いとぐち	sho,cho,o,itoguchi	0,0,0,0	0,0,0,0	KANJIDIC,PYPINYIN,UNIHAN
U+7DD7	緗	ショウ,ソウ,あさぎ	shou,sou,asagi	0,0,0	0,0,0	KANJIDIC,PYPINYIN,UNIHAN
U+7DD8	緘	カン,かんする,とじる	kan,kansuru,tojiru	0,0,0	0,0,0	KANJIDIC,PYPINYIN,UNIHAN,WORDSHK_CHARS
U+7DD9	緙	カク,キャク,ぬう	kaku,kyaku,nuu	0,0,0	0,0,0	KANJIDIC,PYPINYIN,UNIHAN
U+7DDA	線	セン,すじ	sen,suji	0,0	0,0	KANJIDIC,PYPINYIN,UNIHAN,WORDSHK_CHARS
U+7DDC	緜	メン,わた,つらなる	men,wata,tsuranaru	0,0,0	0,0,0	KANJIDIC,PYPINYIN,UNIHAN
U+7DDD	緝	シュウ,つむぐ	shuu,tsumugu	0,0	0,0	KANJIDIC,PYPINYIN,UNIHAN,WORDSHK_CHARS
U+7DDE	緞	ドン,タン	don,tan	0,0	0,0	KANJIDIC,PYPINYIN,UNIHAN,WORDSHK_CHARS
U+7DE0	締	テイ,しまる,しまり,しめる,しめ,じめ	tei,shimaru,shimari,shimeru,shime,jime	0,0,0,0,0,0	0,0,0,0,0,0	KANJIDIC,PYPINYIN,UNIHAN,WORDSHK_CHARS
U+7DE1	緡	ビン,コン,ミン,さし,つりいと,なわ,ぜにさし	bin,kon,min,sashi,tsuriito,nawa,zenisashi	0,0,0,0,0,0,0	0,0,0,0,0,0,0	KANJIDIC,PYPINYIN,UNIHAN,WORDSHK_CHARS
U+7DE2	緢	ボウ,ミョウ,ビョウ	bou,myou,byou	0,0,0	0,0,0	KANJIDIC,PYPINYIN,UNIHAN
U+7DE3	緣	エン,ふち,へり,よる	en,fuchi,heri,yoru	0,0,0,0	0,0,0,0	KANJIDIC,PYPINYIN,UNIHAN,WORDSHK_CHARS
U+7DE4	緤	セツ,セチ,きずな,つなぐ	setsu,sechi,kizuna,tsunagu	0,0,0,0	0,0,0,0	KANJIDIC,PYPINYIN,UNIHAN
U+7DE5	緥	ホ,ホウ,むつき	ho,hou,mutsuki	0,0,0	0,0,0	KANJIDIC,PYPINYIN,UNIHAN
U+7DE6	緦	シ,ぬの	shi,nuno	0,0	0,0	KANJIDIC,PYPINYIN,UNIHAN
U+7DE8	編	ヘン,あむ,あみ	hen,amu,ami	0,0,0	0,0,0	KANJIDIC,PYPINYIN,UNIHAN,WORDSHK_CHARS
U+7DE9	緩	カン,ゆるい,ゆるやか,ゆるむ,ゆるめる	kan,yurui,yuruyaka,yurumu,yurumeru	0,0,0,0,0	0,0,0,0,0	KANJIDIC,PYPINYIN,UNIHAN,WORDSHK_CHARS
U+7DEA	緪	コウ	kou	0	0	KANJIDIC,PYPINYIN,UNIHAN
U+7DEB	緫	ソウ,すべる,すべて,ふさ	sou,suberu,subete,fusa	0,0,0,0	0,0,0,0	KANJIDIC,PYPINYIN,UNIHAN
U+7DEC	緬	メン,ベン	men,ben	0,0	0,0	KANJIDIC,PYPINYIN,UNIHAN,WORDSHK_CHARS
U+7DED	緭	イ,キ,きぬ,うちひも,ひも	i,ki,kinu,uchihimo,himo	0,0,0,0,0	0,0,0,0,0	KANJIDIC,PYPINYIN,UNIHAN
U+7DEF	緯	イ,よこいと,ぬき	i,yokoito,nuki	0,0,0	0,0,0	KANJIDIC,PYPINYIN,UNIHAN,WORDSHK_CHARS
U+7DF1	緱	コウ,ク,つか	kou,ku,tsuka	0,0,0	0,0,0	KANJIDIC,PYPINYIN,UNIHAN
U+7DF2	緲	ビョウ,ミョウ	byou,myou	0,0	0,0	KANJIDIC,PYPINYIN,UNIHAN,WORDSHK_CHARS
U+7DF4	練	レン,ねる,ねり	ren,neru,neri	0,0,0	0,0,0	KANJIDIC,PYPINYIN,UNIHAN,WORDSHK_CHARS
U+7DF5	緵	ソウ,ス,いと	sou,su,ito	0,0,0	0,0,0	KANJIDIC,PYPINYIN,UNIHAN
U+7DF6	緶	ヘン,とる	hen,toru	0,0	0,0	KANJIDIC,PYPINYIN,UNIHAN
U+7DF9	緹	テイ,タイ,あかぎぬ	tei,tai,akaginu	0,0,0	0,0,0	KANJIDIC,PYPINYIN,UNIHAN
U+7DFA	緺	カイ,ケ,カ,ラ	kai,ke,ka,ra	0,0,0,0	0,0,0,0	KANJIDIC,PYPINYIN,UNIHAN
U+7DFB	緻	チ,こまかい	chi,komakai	0,0	0,0	KANJIDIC,PYPINYIN,UNIHAN,WORDSHK_CHARS
U+7E00	縀	カ,ゲ,くつ	ka,ge,kutsu	0,0,0	0,0,0	KANJIDIC,PYPINYIN,UNIHAN
U+7E01	縁	エン,ネン,ふち,ふちどる,ゆかり,よすが,へり,えにし	en,nen,fuchi,fuchidoru,yukari,yosuga,heri,enishi	0,0,0,0,0,0,0,0	0,0,0,0,0,0,0,0	KANJIDIC,PYPINYIN,UNIHAN
U+7E04	縄	ジョウ,なわ,ただす	jou,nawa,tadasu	0,0,0	0,0,0	KANJIDIC,PYPINYIN,UNIHAN
U+7E05	縅	おどす	odosu	0	0	KANJIDIC,PYPINYIN,UNIHAN
U+7E08	縈	エイ,ヨウ,めぐる	ei,you,meguru	0,0,0	0,0,0	KANJIDIC,PYPINYIN,UNIHAN,WORDSHK_CHARS
U+7E09	縉	シン,さしはさむ	shin,sashihasamu	0,0	0,0	KANJIDIC,PYPINYIN,UNIHAN
U+7E0A	縊	イ,エイ,くびる,くびれる	i,ei,kubiru,kubireru	0,0,0,0	0,0,0,0	KANJIDIC,PYPINYIN,UNIHAN,WORDSHK_CHARS
U+7E0B	縋	ツイ,すがる	tsui,sugaru	0,0	0,0	KANJIDIC,PYPINYIN,UNIHAN
U+7E10	縐	シュウ,シュ,ス,シュク,ちぢみ	shuu,shu,su,shuku,chijimi	0,0,0,0,0	0,0,0,0,0	KANJIDIC,PYPINYIN,UNIHAN,WORDSHK_CHARS
U+7E11	縑	ケン,きぬ	ken,kinu	0,0	0,0	KANJIDIC,PYPINYIN,UNIHAN
U+7E12	縒	シ,サ,よる	shi,sa,yoru	0,0,0	0,0,0	KANJIDIC,PYPINYIN,UNIHAN
U+7E15	縕	ウン,オン,ふるい	un,on,furui	0,0,0	0,0,0	KANJIDIC,PYPINYIN,UNIHAN
U+7E17	縗	サイ,スイ,サ	sai,sui,sa	0,0,0	0,0,0	KANJIDIC,PYPINYIN,UNIHAN
U+7E1B	縛	バク,しばる	baku,shibaru	0,0	0,0	KANJIDIC,PYPINYIN,UNIHAN,WORDSHK_CHARS
U+7E1C	縜	イン,ウン,ほそひも	in,un,hosohimo	0,0,0	0,0,0	KANJIDIC,PYPINYIN,UNIHAN
U+7E1D	縝	シン,チン,あさいと	shin,chin,asaito	0,0,0	0,0,0	KANJIDIC,PYPINYIN,UNIHAN,WORDSHK_CHARS
U+7E1E	縞	コウ,しま,しろぎぬ	kou,shima,shiroginu	0,0,0	0,0,0	KANJIDIC,PYPINYIN,UNIHAN
U+7E1F	縟	ジョク,しげし	joku,shigeshi	0,0	0,0	KANJIDIC,PYPINYIN,UNIHAN,WORDSHK_CHARS
U+7E20	縠	コク,もじり,ちりめん	koku,mojiri,chirimen	0,0,0	0,0,0	KANJIDIC,PYPINYIN,UNIHAN
U+7E21	縡	サイ,こと	sai,koto	0,0	0,0	KANJIDIC,PYPINYIN,UNIHAN
U+7E22	縢	トウ,かがる,かな,からげる,むかばき	tou,kagaru,kana,karageru,mukabaki	0,0,0,0,0	0,0,0,0,0	KANJIDIC,PYPINYIN,UNIHAN
U+7E23	縣	ケン,かける	ken,kakeru	0,0	0,0	KANJIDIC,PYPINYIN,UNIHAN,WORDSHK_CHARS
U+7E26	縦	ジュウ,たて	juu,tate	0,0	0,0	KANJIDIC,PYPINYIN,UNIHAN
U+7E27	縧	ジュウ,ジョウ,トウ,さなだ	juu,jou,tou,sanada	0,0,0,0	0,0,0,0	KANJIDIC,PYPINYIN,UNIHAN
U+7E28	縨	コウ,ほろ,とばり	kou,horo,tobari	0,0,0	0,0,0	KANJIDIC,PYPINYIN,UNIHAN
U+7E2B	縫	ホウ,ぬう	hou,nuu	0,0	0,0	KANJIDIC,PYPINYIN,UNIHAN,WORDSHK_CHARS
U+7E2C	縬	シュク,ちぢむ,ちぢみあや,きぬのあや	shuku,chijimu,chijimiaya,kinunoaya	0,0,0,0	0,0,0,0	KANJIDIC,PYPINYIN,UNIHAN
U+7E2D	縭	リ,チ,かぎる	ri,chi,kagiru	0,0,0	0,0,0	KANJIDIC,PYPINYIN,UNIHAN
U+7E2E	縮	シュク,ちぢむ,ちぢまる,ちぢめる,ちぢれる,ちぢらす	shuku,chijimu,chijimaru,chijimeru,chijireru,chijirasu	0,0,0,0,0,0	0,0,0,0,0,0	KANJIDIC,PYPINYIN,UNIHAN,WORDSHK_CHARS
U+7E2F	縯	エン,イン,ながい	en,in,nagai	0,0,0	0,0,0	KANJIDIC,PYPINYIN,UNIHAN
U+7E31	縱	ジュウ,たて	juu,tate	0,0	0,0	KANJIDIC,PYPINYIN,UNIHAN,WORDSHK_CHARS
U+7E32	縲	ルイ	rui	0	0	KANJIDIC,PYPINYIN,UNIHAN
U+7E33	縳	テン,セン,ケン,しろぎぬ	ten,sen,ken,shiroginu	0,0,0,0	0,0,0,0	KANJIDIC,PYPINYIN,UNIHAN
U+7E35	縵	マン,バン	man,ban	0,0	0,0	KANJIDIC,PYPINYIN,UNIHAN
U+7E36	縶	チュウ,ショウ,つなぐ	chuu,shou,tsunagu	0,0,0	0,0,0	KANJIDIC,PYPINYIN,UNIHAN
U+7E37	縷	ル,ロウ,いと	ru,rou,ito	0,0,0	0,0,0	KANJIDIC,PYPINYIN,UNIHAN,WORDSHK_CHARS
U+7E39	縹	ヒョウ,はなだ	hyou,hanada	0,0	0,0	KANJIDIC,PYPINYIN,UNIHAN,WORDSHK_CHARS
U+7E3A	縺	レン,もつれる	ren,motsureru	0,0	0,0	KANJIDIC,PYPINYIN,UNIHAN
U+7E3B	縻	ビ,ミ,きずな	bi,mi,kizuna	0,0,0	0,0,0	KANJIDIC,PYPINYIN,UNIHAN
U+7E3D	總	ソウ,すべて,ふさ	sou,subete,fusa	0,0,0	0,0,0	KANJIDIC,PYPINYIN,UNIHAN,WORDSHK_CHARS
U+7E3E	績	セキ	seki	0	0	KANJIDIC,PYPINYIN,UNIHAN,WORDSHK_CHARS
U+7E3F	縿	サン,セン,ショウ,ソウ,はたあし	san,sen,shou,sou,hataashi	0,0,0,0,0	0,0,0,0,0	KANJIDIC,PYPINYIN,UNIHAN
U+7E41	繁	ハン,しげる,しげく	han,shigeru,shigeku	0,0,0	0,0,0	KANJIDIC,PYPINYIN,UNIHAN,WORDSHK_CHARS
U+7E43	繃	ホウ,ヒョウ,まく,たばねる	hou,hyou,maku,tabaneru	0,0,0,0	0,0,0,0	KANJIDIC,PYPINYIN,UNIHAN,WORDSHK_CHARS
U+7E44	繄	エイ,イ,ほこぶくろ	ei,i,hokobukuro	0,0,0	0,0,0	KANJIDIC,PYPINYIN,UNIHAN
U+7E45	繅	ソウ,くる	sou,kuru	0,0	0,0	KANJIDIC,PYPINYIN,UNIHAN
U+7E46	繆	ビュウ,キュウ,ボク,リョウ,あやまる,まとう	byuu,kyuu,boku,ryou,ayamaru,matou	0,0,0,0,0,0	0,0,0,0,0,0	KANJIDIC,PYPINYIN,UNIHAN,WORDSHK_CHARS
U+7E47	繇	ヨウ,ユウ,ユ,チュウ,ジュ,したがう	you,yuu,yu,chuu,ju,shitagau	0,0,0,0,0,0	0,0,0,0,0,0	KANJIDIC,PYPINYIN,UNIHAN
U+7E4A	繊	セン	sen	0	0	KANJIDIC,PYPINYIN,UNIHAN
U+7E4B	繋	ケイ,つなぐ,かかる,かける	kei,tsunagu,kakaru,kakeru	0,0,0,0	0,0,0,0	KANJIDIC,PYPINYIN,UNIHAN
U+7E4D	繍	シュウ,ぬいとり	shuu,nuitori	0,0	0,0	KANJIDIC,PYPINYIN,UNIHAN
U+7E4E	繎	ビン,ネン,もつれる,いとのもつれ,くれない	bin,nen,motsureru,itonomotsure,kurenai	0,0,0,0,0	0,0,0,0,0	KANJIDIC,PYPINYIN,UNIHAN
U+7E50	繐	ケイ,エ,セイ,サイ	kei,e,sei,sai	0,0,0,0	0,0,0,0	KANJIDIC,PYPINYIN,UNIHAN
U+7E52	繒	ショウ,ソウ,きぬ	shou,sou,kinu	0,0,0	0,0,0	KANJIDIC,PYPINYIN,UNIHAN
U+7E54	織	ショク,シキ,おる,おり	shoku,shiki,oru,ori	0,0,0,0	0,0,0,0	KANJIDIC,PYPINYIN,UNIHAN,WORDSHK_CHARS
U+7E55	繕	ゼン,つくろう	zen,tsukurou	0,0	0,0	KANJIDIC,PYPINYIN,UNIHAN
U+7E56	繖	サン	san	0	0	KANJIDIC,PYPINYIN,UNIHAN
U+7E58	繘	キツ,イツ,イチ,キチ,つるべなわ	kitsu,itsu,ichi,kichi,tsurubenawa	0,0,0,0,0	0,0,0,0,0	KANJIDIC,PYPINYIN,UNIHAN
U+7E59	繙	ハン,ホン,ひもとく	han,hon,himotoku	0,0,0	0,0,0	KANJIDIC,PYPINYIN,UNIHAN,WORDSHK_CHARS
U+7E5A	繚	リョウ,まとう,めぐる	ryou,matou,meguru	0,0,0	0,0,0	KANJIDIC,PYPINYIN,UNIHAN,WORDSHK_CHARS
U+7E5D	繝	カン,ケン	kan,ken	0,0	0,0	KANJIDIC,PYPINYIN,UNIHAN
U+7E5E	繞	ジョウ,ニョウ,めぐる,まわる,もとうる,まとう	jou,nyou,meguru,mawaru,motouru,matou	0,0,0,0,0,0	0,0,0,0,0,0	KANJIDIC,PYPINYIN,UNIHAN,WORDSHK_CHARS
U+7E5F	繟	セン,タン,ゆるい	sen,tan,yurui	0,0,0	0,0,0	KANJIDIC,PYPINYIN,UNIHAN
U+7E61	繡	シュウ,ぬいとり	shuu,nuitori	0,0	0,0	KANJIDIC,PYPINYIN,UNIHAN,WORDSHK_CHARS
U+7E62	繢	カイ,コツ,ゴチ,キ,おりあまり	kai,kotsu,gochi,ki,oriamari	0,0,0,0,0	0,0,0,0,0	KANJIDIC,PYPINYIN,UNIHAN
U+7E65	繥	キ,わらう,たのしむ	ki,warau,tanoshimu	0,0,0	0,0,0	KANJIDIC,PYPINYIN,UNIHAN
U+7E66	繦	キョウ,むつき,ぜにさし	kyou,mutsuki,zenisashi	0,0,0	0,0,0	KANJIDIC,PYPINYIN,UNIHAN
U+7E67	繧	ウン	un	0	0	KANJIDIC,PYPINYIN,UNIHAN
U+7E69	繩	ジョウ,なわ,ただす	jou,nawa,tadasu	0,0,0	0,0,0	KANJIDIC,PYPINYIN,UNIHAN,WORDSHK_CHARS
U+7E6A	繪	カイ,エ	kai,e	0,0	0,0	KANJIDIC,PYPINYIN,UNIHAN,WORDSHK_CHARS
U+7E6B	繫	ケイ,つなぐ,かかる,かける	kei,tsunagu,kakaru,kakeru	0,0,0,0	0,0,0,0	KANJIDIC,PYPINYIN,UNIHAN,WORDSHK_CHARS
U+7E6D	繭	ケン,まゆ,きぬ	ken,mayu,kinu	0,0,0	0,0,0	KANJIDIC,PYPINYIN,UNIHAN,WORDSHK_CHARS
U+7E6E	繮	キョウ,コウ,たづな	kyou,kou,tazuna	0,0,0	0,0,0	KANJIDIC,PYPINYIN,UNIHAN
U+7E6F	繯	ケン,カン,からむ	ken,kan,karamu	0,0,0	0,0,0	KANJIDIC,PYPINYIN,UNIHAN
U+7E70	繰	ソウ,くる	sou,kuru	0,0	0,0	KANJIDIC,PYPINYIN,UNIHAN
U+7E73	繳	シャク,キョウ,カク,ギャク,かえす	shaku,kyou,kaku,gyaku,kaesu	0,0,0,0,0	0,0,0,0,0	KANJIDIC,PYPINYIN,UNIHAN,WORDSHK_CHARS
U+7E78	繸	スイ,ひも	sui,himo	0,0	0,0	KANJIDIC,PYPINYIN,UNIHAN
U+7E79	繹	エキ,ヤク,たずねる,ぬく	eki,yaku,tazuneru,nuku	0,0,0,0	0,0,0,0	KANJIDIC,PYPINYIN,UNIHAN,WORDSHK_CHARS
U+7E7B	繻	シュ,うすぎぬ	shu,usuginu	0,0	0,0	KANJIDIC,PYPINYIN,UNIHAN
U+7E7C	繼	ケイ,つぐ,まま	kei,tsugu,mama	0,0,0	0,0,0	KANJIDIC,PYPINYIN,UNIHAN,WORDSHK_CHARS
U+7E7D	繽	ヒン,おおし	hin,ooshi	0,0	0,0	KANJIDIC,PYPINYIN,UNIHAN,WORDSHK_CHARS
U+7E7E	繾	ケン,テン,キン,てあつい	ken,ten,kin,teatsui	0,0,0,0	0,0,0,0	KANJIDIC,PYPINYIN,UNIHAN
U+7E7F	繿	ラン,ぼろ	ran,boro	0,0	0,0	KANJIDIC,PYPINYIN,UNIHAN
U+7E81	纁	クン,うすいあかいろ	kun,usuiakairo	0,0	0,0	KANJIDIC,PYPINYIN,UNIHAN
U+7E82	纂	サン,あつめる	san,atsumeru	0,0	0,0	KANJIDIC,PYPINYIN,UNIHAN,WORDSHK_CHARS
U+7E83	纃	かすり	kasuri	0	0	KANJIDIC,PYPINYIN,UNIHAN
U+7E86	纆	ボク,モク,なわ	boku,moku,nawa	0,0,0	0,0,0	KANJIDIC,PYPINYIN,UNIHAN
U+7E87	纇	ライ,ふしいと	rai,fushiito	0,0	0,0	KANJIDIC,PYPINYIN,UNIHAN
U+7E88	纈	ケツ,ケチ,しぼり	ketsu,kechi,shibori	0,0,0	0,0,0	KANJIDIC,PYPINYIN,UNIHAN,WORDSHK_CHARS
U+7E89	纉	サン,サブ,つぐ	san,sabu,tsugu	0,0,0	0,0,0	KANJIDIC,PYPINYIN,UNIHAN
U+7E8A	纊	コウ,ぬめ,わた	kou,nume,wata	0,0,0	0,0,0	KANJIDIC,PYPINYIN,UNIHAN,WORDSHK_CHARS
U+7E8C	續	ゾク,ショク,コウ,キョウ,つづく,つづける,つぐない	zoku,shoku,kou,kyou,tsuzuku,tsuzukeru,tsugunai	0,0,0,0,0,0,0	0,0,0,0,0,0,0	KANJIDIC,PYPINYIN,UNIHAN,WORDSHK_CHARS
U+7E8D	纍	ルイ,ライ,つづる	rui,rai,tsuzuru	0,0,0	0,0,0	KANJIDIC,PYPINYIN,UNIHAN
U+7E8E	纎	セン	sen	0	0	KANJIDIC,PYPINYIN,UNIHAN
U+7E8F	纏	テン,デン,まつわる,まとう,まとめる,まとまる,まとい	ten,den,matsuwaru,matou,matomeru,matomaru,matoi	0,0,0,0,0,0,0	0,0,0,0,0,0,0	KANJIDIC,PYPINYIN,UNIHAN,WORDSHK_CHARS
U+7E90	纐	コウ	kou	0	0	KANJIDIC,PYPINYIN,UNIHAN
U+7E91	纑	ロ,ル,ぬのいと	ro,ru,nunoito	0,0,0	0,0,0	KANJIDIC,PYPINYIN,UNIHAN
U+7E92	纒	テン,まつわる,まとう,まとめる,まとまる	ten,matsuwaru,matou,matomeru,matomaru	0,0,0,0,0	0,0,0,0,0	KANJIDIC,PYPINYIN,UNIHAN
U+7E93	纓	エイ,ヨウ	ei,you	0,0	0,0	KANJIDIC,PYPINYIN,UNIHAN,WORDSHK_CHARS
U+7E94	纔	サン,ザン,サイ,わずか,ひたた	san,zan,sai,wazuka,hitata	0,0,0,0,0	0,0,0,0,0	KANJIDIC,PYPINYIN,UNIHAN,WORDSHK_CHARS
U+7E95	纕	ショウ,ソウ,うでまくりする	shou,sou,udemakurisuru	0,0,0	0,0,0	KANJIDIC,PYPINYIN,UNIHAN
U+7E96	纖	セン	sen	0	0	KANJIDIC,PYPINYIN,UNIHAN,WORDSHK_CHARS
U+7E98	纘	サン,サブ,つぐ	san,sabu,tsugu	0,0,0	0,0,0	KANJIDIC,PYPINYIN,UNIHAN
U+7E9A	纚	シ,リ,サイ,シャ,かみづつみ,つづく	shi,ri,sai,sha,kamizutsumi,tsuzuku	0,0,0,0,0,0	0,0,0,0,0,0	KANJIDIC,PYPINYIN,UNIHAN
U+7E9B	纛	トウ,トク,はたぼこ,おにがしら	tou,toku,hataboko,onigashira	0,0,0,0	0,0,0,0	KANJIDIC,PYPINYIN,UNIHAN
U+7E9C	纜	ラン,ともづな	ran,tomozuna	0,0	0,0	KANJIDIC,PYPINYIN,UNIHAN,WORDSHK_CHARS
U+7E9D	纝	ルイ,まとう,からめる,くろなわ	rui,matou,karameru,kuronawa	0,0,0,0	0,0,0,0	KANJIDIC,PYPINYIN,UNIHAN
U+7E9E	纞	レン,つづく	ren,tsuzuku	0,0	0,0	KANJIDIC,PYPINYIN,UNIHAN
U+7F36	缶	カン,かま	kan,kama	0,0	0,0	KANJIDIC,PYPINYIN,UNIHAN
U+7F38	缸	コウ,かめ	kou,kame	0,0	0,0	KANJIDIC,PYPINYIN,UNIHAN,WORDSHK_CHARS
U+7F3A	缺	ケツ,ケン,かける,かく	ketsu,ken,kakeru,kaku	0,0,0,0	0,0,0,0	KANJIDIC,PYPINYIN,UNIHAN,WORDSHK_CHARS
U+7F3B	缻	カン,かま	kan,kama	0,0	0,0	KANJIDIC,PYPINYIN,UNIHAN
U+7F3C	缼	ケツ,ケン,かける,かく	ketsu,ken,kakeru,kaku	0,0,0,0	0,0,0,0	KANJIDIC,PYPINYIN,UNIHAN
U+7F3D	缽	ハチ,ハツ	hachi,hatsu	0,0	0,0	KANJIDIC,PYPINYIN,UNIHAN,WORDSHK_CHARS
U+7F3E	缾	ヘイ,びん	hei,bin	0,0	0,0	KANJIDIC,PYPINYIN,UNIHAN
U+7F3F	缿	トウ,ズ,コウ,グ,ぜにがめ	tou,zu,kou,gu,zenigame	0,0,0,0,0	0,0,0,0,0	KANJIDIC,PYPINYIN,UNIHAN
U+7F43	罃	オウ,ヨウ	ou,you	0,0	0,0	KANJIDIC,PYPINYIN,UNIHAN
U+7F44	罄	ケイ,キョウ,むなしい	kei,kyou,munashii	0,0,0	0,0,0	KANJIDIC,PYPINYIN,UNIHAN,WORDSHK_CHARS
U+7F45	罅	カ,ケ,ひび,すき	ka,ke,hibi,suki	0,0,0,0	0,0,0,0	KANJIDIC,PYPINYIN,UNIHAN,WORDSHK_CHARS
U+7F47	罇	ソン,かめ	son,kame	0,0	0,0	KANJIDIC,PYPINYIN,UNIHAN
U+7F4C	罌	オウ,エイ,ヨウ,もたい,ほとぎ,かめ	ou,ei,you,motai,hotogi,kame	0,0,0,0,0,0	0,0,0,0,0,0	KANJIDIC,PYPINYIN,UNIHAN,WORDSHK_CHARS
U+7F4D	罍	ライ,さかだる	rai,sakadaru	0,0	0,0	KANJIDIC,PYPINYIN,UNIHAN
U+7F4E	罎	ドン,タン,びん	don,tan,bin	0,0,0	0,0,0	KANJIDIC,PYPINYIN,UNIHAN
U+7F4F	罏	ロ,ル,さかだる	ro,ru,sakadaru	0,0,0	0,0,0	KANJIDIC,PYPINYIN,UNIHAN
U+7F50	罐	カン,かま	kan,kama	0,0	0,0	KANJIDIC,PYPINYIN,UNIHAN,WORDSHK_CHARS
U+7F51	网	モウ,ボウ,あみ	mou,bou,ami	0,0,0	0,0,0	KANJIDIC,PYPINYIN,UNIHAN
U+7F52	罒	モウ,ボウ,あみがしら,よこめ	mou,bou,amigashira,yokome	0,0,0,0	0,0,0,0	KANJIDIC,PYPINYIN,UNIHAN
U+7F53	罓	モウ,ボウ,あみがしら,よこめ	mou,bou,amigashira,yokome	0,0,0,0	0,0,0,0	KANJIDIC,PYPINYIN,UNIHAN
U+7F54	罔	モウ,ボウ,あみ,しいる,ない	mou,bou,ami,shiiru,nai	0,0,0,0,0	0,0,0,0,0	KANJIDIC,PYPINYIN,UNIHAN,WORDSHK_CHARS
U+7F55	罕	カン,まれ	kan,mare	0,0	0,0	KANJIDIC,PYPINYIN,UNIHAN,WORDSHK_CHARS
U+7F58	罘	フ,うさぎあみ	fu,usagiami	0,0	0,0	KANJIDIC,PYPINYIN,UNIHAN
U+7F5B	罛	コ,ロ,ク,うおあみ	ko,ro,ku,uoami	0,0,0,0	0,0,0,0	KANJIDIC,PYPINYIN,UNIHAN
U+7F5C	罜	シュ,トク,あみ	shu,toku,ami	0,0,0	0,0,0	KANJIDIC,PYPINYIN,UNIHAN
U+7F5D	罝	シャ,ショ,あみ	sha,sho,ami	0,0,0	0,0,0	KANJIDIC,PYPINYIN,UNIHAN
U+7F5F	罟	コ,あみ	ko,ami	0,0	0,0	KANJIDIC,PYPINYIN,UNIHAN
U+7F60	罠	ビン,ミン,わな,あみ	bin,min,wana,ami	0,0,0,0	0,0,0,0	KANJIDIC,PYPINYIN,UNIHAN
U+7F61	罡	コウ	kou	0	0	KANJIDIC,PYPINYIN,UNIHAN,WORDSHK_CHARS
U+7F63	罣	カイ,ケ,ケイ,かける	kai,ke,kei,kakeru	0,0,0,0	0,0,0,0	KANJIDIC,PYPINYIN,UNIHAN
U+7F64	罤	テイ,ダイ,コン,いさぎあみ,あに	tei,dai,kon,isagiami,ani	0,0,0,0,0	0,0,0,0,0	KANJIDIC,PYPINYIN,UNIHAN
U+7F65	罥	ケン,かける	ken,kakeru	0,0	0,0	KANJIDIC,PYPINYIN,UNIHAN
U+7F66	罦	フ,フウ,あみ	fu,fuu,ami	0,0,0	0,0,0	KANJIDIC,PYPINYIN,UNIHAN
U+7F67	罧	リン	rin	0	0	KANJIDIC,PYPINYIN,UNIHAN
U+7F68	罨	アン,エン,あみ	an,en,ami	0,0,0	0,0,0	KANJIDIC,PYPINYIN,UNIHAN,WORDSHK_CHARS
U+7F69	罩	トウ,こめる	tou,komeru	0,0	0,0	KANJIDIC,PYPINYIN,UNIHAN,WORDSHK_CHARS
U+7F6A	罪	ザイ,つみ	zai,tsumi	0,0	0,0	KANJIDIC,PYPINYIN,UNIHAN,WORDSHK_CHARS
U+7F6B	罫	ケイ,カイ,ケ	kei,kai,ke	0,0,0	0,0,0	KANJIDIC,PYPINYIN,UNIHAN
U+7F6D	罭	ヨク,イキ,キョク	yoku,iki,kyoku	0,0,0	0,0,0	KANJIDIC,PYPINYIN,UNIHAN
U+7F6E	置	チ,おく,おき	chi,oku,oki	0,0,0	0,0,0	KANJIDIC,PYPINYIN,UNIHAN,WORDSHK_CHARS
U+7F70	罰	バツ,バチ,ハツ,ばっする	batsu,bachi,hatsu,bassuru	0,0,0,0	0,0,0,0	KANJIDIC,PYPINYIN,UNIHAN,WORDSHK_CHARS
U+7F71	罱	ダン,グン,ナン,ラン	dan,gun,nan,ran	0,0,0,0	0,0,0,0	KANJIDIC,PYPINYIN,UNIHAN
U+7F72	署	ショ	sho	0	0	KANJIDIC,PYPINYIN,UNIHAN,WORDSHK_CHARS
U+7F75	罵	バ,ののしる	ba,nonoshiru	0,0	0,0	KANJIDIC,PYPINYIN,UNIHAN,WORDSHK_CHARS
U+7F77	罷	ヒ,まかり,やめる	hi,makari,yameru	0,0,0	0,0,0	KANJIDIC,PYPINYIN,UNIHAN,WORDSHK_CHARS
U+7F78	罸	バツ,バチ,ハツ,はっする	batsu,bachi,hatsu,hassuru	0,0,0,0	0,0,0,0	KANJIDIC,PYPINYIN,UNIHAN
U+7F79	罹	リ,ラ,かかる	ri,ra,kakaru	0,0,0	0,0,0	KANJIDIC,PYPINYIN,UNIHAN,WORDSHK_CHARS
U+7F7D	罽	ケイ,うおあみ	kei,uoami	0,0	0,0	KANJIDIC,PYPINYIN,UNIHAN
U+7F7E	罾	ソウ	sou	0	0	KANJIDIC,PYPINYIN,UNIHAN
U+7F7F	罿	ショウ,シュ,トウ,ズ,むそうあみ	shou,shu,tou,zu,musouami	0,0,0,0,0	0,0,0,0,0	KANJIDIC,PYPINYIN,UNIHAN
U+7F80	羀	リュウ,ル,やな,うえ,うけ	ryuu,ru,yana,ue,uke	0,0,0,0,0	0,0,0,0,0	KANJIDIC,PYPINYIN,UNIHAN
U+7F82	羂	ケン,わな	ken,wana	0,0	0,0	KANJIDIC,PYPINYIN,UNIHAN
U+7F83	羃	ベキ	beki	0	0	KANJIDIC,PYPINYIN,UNIHAN
U+7F85	羅	ラ,うすもの	ra,usumono	0,0	0,0	KANJIDIC,PYPINYIN,UNIHAN,WORDSHK_CHARS
U+7F86	羆	ヒ,ひぐま,しぐま	hi,higuma,shiguma	0,0,0	0,0,0	KANJIDIC,PYPINYIN,UNIHAN
U+7F87	羇	キ,ハ,おもがい,たづな,たび,つなぐ	ki,ha,omogai,tazuna,tabi,tsunagu	0,0,0,0,0,0	0,0,0,0,0,0	KANJIDIC,PYPINYIN,UNIHAN
U+7F88	羈	キ,ハ,おもがい,たづな,たび,つなぐ	ki,ha,omogai,tazuna,tabi,tsunagu	0,0,0,0,0,0	0,0,0,0,0,0	KANJIDIC,PYPINYIN,UNIHAN,WORDSHK_CHARS
U+7F8A	羊	ヨウ,ひつじ	you,hitsuji	0,0	0,0	KANJIDIC,PYPINYIN,UNIHAN,WORDSHK_CHARS
U+7F8B	羋	バ,メ,マ,ビ,ミ	ba,me,ma,bi,mi	0,0,0,0,0	0,0,0,0,0	KANJIDIC,PYPINYIN,UNIHAN
U+7F8C	羌	キョウ,ああ,えびす	kyou,aa,ebisu	0,0,0	0,0,0	KANJIDIC,PYPINYIN,UNIHAN,WORDSHK_CHARS
U+7F8D	羍	タツ,タチ	tatsu,tachi	0,0	0,0	KANJIDIC,PYPINYIN,UNIHAN
U+7F8E	美	ビ,ミ,うつくしい	bi,mi,utsukushii	0,0,0	0,0,0	KANJIDIC,PYPINYIN,UNIHAN,WORDSHK_CHARS
U+7F8F	羏	ヨウ,よい,うるわしい	you,yoi,uruwashii	0,0,0	0,0,0	KANJIDIC,PYPINYIN,UNIHAN
U+7F90	羐	ユウ,ユ,みちびく,いざなう,すすめる	yuu,yu,michibiku,izanau,susumeru	0,0,0,0,0	0,0,0,0,0	KANJIDIC,PYPINYIN,UNIHAN
U+7F91	羑	ユウ,ユ,みちびく,いざなう,すすめる	yuu,yu,michibiku,izanau,susumeru	0,0,0,0,0	0,0,0,0,0	KANJIDIC,PYPINYIN,UNIHAN
U+7F94	羔	コウ,こひつじ	kou,kohitsuji	0,0	0,0	KANJIDIC,PYPINYIN,UNIHAN,WORDSHK_CHARS
U+7F96	羖	コ,ク,ひつじ	ko,ku,hitsuji	0,0,0	0,0,0	KANJIDIC,PYPINYIN,UNIHAN
U+7F97	羗	キョウ,ああ,えびす	kyou,aa,ebisu	0,0,0	0,0,0	KANJIDIC,PYPINYIN,UNIHAN
U+7F9A	羚	レイ,リョウ,かもしか	rei,ryou,kamoshika	0,0,0	0,0,0	KANJIDIC,PYPINYIN,UNIHAN,WORDSHK_CHARS
U+7F9C	羜	チョ,ショ,こひつじ	cho,sho,kohitsuji	0,0,0	0,0,0	KANJIDIC,PYPINYIN,UNIHAN
U+7F9D	羝	ラン,テイ,おひつじ	ran,tei,ohitsuji	0,0,0	0,0,0	KANJIDIC,PYPINYIN,UNIHAN
U+7F9E	羞	シュウ,はじる,すすめる,はずかしい	shuu,hajiru,susumeru,hazukashii	0,0,0,0	0,0,0,0	KANJIDIC,PYPINYIN,UNIHAN,WORDSHK_CHARS
U+7FA1	羡	イ,セン,エン,うらやむ,あまり	i,sen,en,urayamu,amari	0,0,0,0,0	0,0,0,0,0	KANJIDIC,PYPINYIN,UNIHAN,WORDSHK_CHARS
U+7FA2	羢	ジョウ,ニュ	jou,nyu	0,0	0,0	KANJIDIC,PYPINYIN,UNIHAN
U+7FA3	羣	グン,むれる,むれ,むら,むらがる	gun,mureru,mure,mura,muragaru	0,0,0,0,0	0,0,0,0,0	KANJIDIC,PYPINYIN,UNIHAN
U+7FA4	群	グン,むれる,むれ,むら,むらがる	gun,mureru,mure,mura,muragaru	0,0,0,0,0	0,0,0,0,0	KANJIDIC,PYPINYIN,UNIHAN,WORDSHK_CHARS
U+7FA6	羦	カン	kan	0	0	KANJIDIC,PYPINYIN,UNIHAN
U+7FA8	羨	セン,エン,うらやむ,あまり	sen,en,urayamu,amari	0,0,0,0	0,0,0,0	KANJIDIC,PYPINYIN,UNIHAN,WORDSHK_CHARS
U+7FA9	義	ギ	gi	0	0	KANJIDIC,PYPINYIN,UNIHAN,WORDSHK_CHARS
U+7FAA	羪	ヨウ,リョウ,やしなう	you,ryou,yashinau	0,0,0	0,0,0	KANJIDIC,PYPINYIN,UNIHAN
U+7FAD	羭	ユ	yu	0	0	KANJIDIC,PYPINYIN,UNIHAN
U+7FAE	羮	コウ,カン,あつもの	kou,kan,atsumono	0,0,0	0,0,0	KANJIDIC,PYPINYIN,UNIHAN
U+7FAF	羯	カツ,ケツ	katsu,ketsu	0,0	0,0	KANJIDIC,PYPINYIN,UNIHAN,WORDSHK_CHARS
U+7FB2	羲	ギ,キ	gi,ki	0,0	0,0	KANJIDIC,PYPINYIN,UNIHAN
U+7FB4	羴	セン,なまぐさい	sen,namagusai	0,0	0,0	KANJIDIC,PYPINYIN,UNIHAN
U+7FB6	羶	セン,なまぐさい	sen,namagusai	0,0	0,0	KANJIDIC,PYPINYIN,UNIHAN
U+7FB8	羸	ルイ,つかれる,よわい	rui,tsukareru,yowai	0,0,0	0,0,0	KANJIDIC,PYPINYIN,UNIHAN
U+7FB9	羹	コウ,カン,あつもの	kou,kan,atsumono	0,0,0	0,0,0	KANJIDIC,PYPINYIN,UNIHAN,WORDSHK_CHARS
U+7FBC	羼	サン,セン,まじりあう	san,sen,majiriau	0,0,0	0,0,0	KANJIDIC,PYPINYIN,UNIHAN
U+7FBD	羽	ウ,は,わ,はね	u,ha,wa,hane	0,0,0,0	0,0,0,0	KANJIDIC,PYPINYIN,UNIHAN,WORDSHK_CHARS
U+7FBF	羿	ゲイ	gei	0	0	KANJIDIC,PYPINYIN,UNIHAN,WORDSHK_CHARS
U+7FC0	翀	チュウ,ジュ,とびあがる	chuu,ju,tobiagaru	0,0,0	0,0,0	KANJIDIC,PYPINYIN,UNIHAN
U+7FC1	翁	オウ,おきな	ou,okina	0,0	0,0	KANJIDIC,PYPINYIN,UNIHAN,WORDSHK_CHARS
U+7FC3	翃	コウ	kou	0	0	KANJIDIC,PYPINYIN,UNIHAN
U+7FC5	翅	シ,はね,つばさ	shi,hane,tsubasa	0,0,0	0,0,0	KANJIDIC,PYPINYIN,UNIHAN,WORDSHK_CHARS
U+7FC6	翆	スイ,かわせみ,みどり	sui,kawasemi,midori	0,0,0	0,0,0	KANJIDIC,PYPINYIN,UNIHAN
U+7FC8	翈	コウ,はね	kou,hane	0,0	0,0	KANJIDIC,PYPINYIN,UNIHAN
U+7FCA	翊	ヨク	yoku	0	0	KANJIDIC,PYPINYIN,UNIHAN
U+7FCC	翌	ヨク	yoku	0	0	KANJIDIC,PYPINYIN,UNIHAN,WORDSHK_CHARS
U+7FCE	翎	レイ,リョウ,はね	rei,ryou,hane	0,0,0	0,0,0	KANJIDIC,PYPINYIN,UNIHAN
U+7FCF	翏	リュウ,ル,リョウ,リク	ryuu,ru,ryou,riku	0,0,0,0	0,0,0,0	KANJIDIC,PYPINYIN,UNIHAN
U+7FD2	習	シュウ,ジュ,ならう,ならい	shuu,ju,narau,narai	0,0,0,0	0,0,0,0	KANJIDIC,PYPINYIN,UNIHAN,WORDSHK_CHARS
U+7FD4	翔	ショウ,かける,とぶ	shou,kakeru,tobu	0,0,0	0,0,0	KANJIDIC,PYPINYIN,UNIHAN,WORDSHK_CHARS
U+7FD5	翕	キュウ,あう	kyuu,au	0,0	0,0	KANJIDIC,PYPINYIN,UNIHAN,WORDSHK_CHARS
U+7FDB	翛	ショウ,ユウ,ユ,シュク,はやい	shou,yuu,yu,shuku,hayai	0,0,0,0,0	0,0,0,0,0	KANJIDIC,PYPINYIN,UNIHAN
U+7FDF	翟	ケキ,ジャク,タク,タイ,きじ	keki,jaku,taku,tai,kiji	0,0,0,0,0	0,0,0,0,0	KANJIDIC,PYPINYIN,UNIHAN
U+7FE0	翠	スイ,かわせみ,みどり	sui,kawasemi,midori	0,0,0	0,0,0	KANJIDIC,PYPINYIN,UNIHAN,WORDSHK_CHARS
U+7FE1	翡	ヒ	hi	0	0	KANJIDIC,PYPINYIN,UNIHAN,WORDSHK_CHARS
U+7FE3	翣	ソウ,ショウ,ひつぎかざり	sou,shou,hitsugikazari	0,0,0	0,0,0	KANJIDIC,PYPINYIN,UNIHAN
U+7FE5	翥	ショ,あがる	sho,agaru	0,0	0,0	KANJIDIC,PYPINYIN,UNIHAN
U+7FE6	翦	セン	sen	0	0	KANJIDIC,PYPINYIN,UNIHAN,WORDSHK_CHARS
U+7FE8	翨	シ,キ,あらい	shi,ki,arai	0,0,0	0,0,0	KANJIDIC,PYPINYIN,UNIHAN
U+7FE9	翩	ヘン,ひるがえる	hen,hirugaeru	0,0	0,0	KANJIDIC,PYPINYIN,UNIHAN,WORDSHK_CHARS
U+7FEB	翫	ガン,もてあそぶ	gan,moteasobu	0,0	0,0	KANJIDIC,PYPINYIN,UNIHAN
U+7FEC	翬	キ,とぶ	ki,tobu	0,0	0,0	KANJIDIC,PYPINYIN,UNIHAN
U+7FEE	翮	カク,ギャク,レキ,リャク,はねのもと	kaku,gyaku,reki,ryaku,hanenomoto	0,0,0,0,0	0,0,0,0,0	KANJIDIC,PYPINYIN,UNIHAN
U+7FEF	翯	コク,カク,つやがある	koku,kaku,tsuyagaaru	0,0,0	0,0,0	KANJIDIC,PYPINYIN,UNIHAN
U+7FF0	翰	カン,はね,ふで,やまどり,ふみ	kan,hane,fude,yamadori,fumi	0,0,0,0,0	0,0,0,0,0	KANJIDIC,PYPINYIN,UNIHAN
U+7FF2	翲	ヒョウ,とぶ	hyou,tobu	0,0	0,0	KANJIDIC,PYPINYIN,UNIHAN
U+7FF3	翳	エイ,かげ,かげる,かざす,きぬがさ,くもる,くもり	ei,kage,kageru,kazasu,kinugasa,kumoru,kumori	0,0,0,0,0,0,0	0,0,0,0,0,0,0	KANJIDIC,PYPINYIN,UNIHAN,WORDSHK_CHARS
U+7FF9	翹	ギョウ,あげる,つまだてる	gyou,ageru,tsumadateru	0,0,0	0,0,0	KANJIDIC,PYPINYIN,UNIHAN,WORDSHK_CHARS
U+7FFA	翺	コウ,かける	kou,kakeru	0,0	0,0	KANJIDIC,PYPINYIN,UNIHAN
U+7FFB	翻	ホン,ハン,ひるがえる,ひるがえす	hon,han,hirugaeru,hirugaesu	0,0,0,0	0,0,0,0	KANJIDIC,PYPINYIN,UNIHAN,WORDSHK_CHARS
U+7FFC	翼	ヨク,つばさ	yoku,tsubasa	0,0	0,0	KANJIDIC,PYPINYIN,UNIHAN,WORDSHK_CHARS
U+7FFD	翽	カイ,ケ,はばたき	kai,ke,habataki	0,0,0	0,0,0	KANJIDIC,PYPINYIN,UNIHAN
U+7FFE	翾	ケン,とぶ	ken,tobu	0,0	0,0	KANJIDIC,PYPINYIN,UNIHAN
U+7FFF	翿	トウ,はたぼこ	tou,hataboko	0,0	0,0	KANJIDIC,PYPINYIN,UNIHAN
U+8000	耀	ヨウ,かがやく,ひかり	you,kagayaku,hikari	0,0,0	0,0,0	KANJIDIC,PYPINYIN,UNIHAN,WORDSHK_CHARS
U+8001	老	ロウ,おいる,ふける	rou,oiru,fukeru	0,0,0	0,0,0	KANJIDIC,PYPINYIN,UNIHAN,WORDSHK_CHARS
U+8003	考	コウ,かんがえる,かんがえ	kou,kangaeru,kangae	0,0,0	0,0,0	KANJIDIC,PYPINYIN,UNIHAN,WORDSHK_CHARS
U+8004	耄	ボウ,モウ,おいぼれる	bou,mou,oiboreru	0,0,0	0,0,0	KANJIDIC,PYPINYIN,UNIHAN
U+8005	者	シャ,もの	sha,mono	0,0	0,0	KANJIDIC,PYPINYIN,UNIHAN,WORDSHK_CHARS
U+8006	耆	キ,シ,おいる	ki,shi,oiru	0,0,0	0,0,0	KANJIDIC,PYPINYIN,UNIHAN,WORDSHK_CHARS
U+8007	耇	コウ,ク,おいる	kou,ku,oiru	0,0,0	0,0,0	KANJIDIC,PYPINYIN,UNIHAN
U+8008	耈	コウ,ク,おいる	kou,ku,oiru	0,0,0	0,0,0	KANJIDIC,PYPINYIN,UNIHAN
U+800A	耊	テツ,としより	tetsu,toshiyori	0,0	0,0	KANJIDIC,PYPINYIN,UNIHAN
U+800B	耋	テツ,としより	tetsu,toshiyori	0,0	0,0	KANJIDIC,PYPINYIN,UNIHAN
U+800C	而	ジ,ニ,しこうして,しかして,しかも,しかれども,すなわち,なんじ,しかるに	ji,ni,shikoushite,shikashite,shikamo,shikaredomo,sunawachi,nanji,shikaruni	0,0,0,0,0,0,0,0,0	0,0,0,0,0,0,0,0,0	KANJIDIC,PYPINYIN,UNIHAN,WORDSHK_CHARS
U+800D	耍	サ,シャ,すばやい	sa,sha,subayai	0,0,0	0,0,0	KANJIDIC,PYPINYIN,UNIHAN,WORDSHK_CHARS
U+800E	耎	ゼン,ネン,よわい	zen,nen,yowai	0,0,0	0,0,0	KANJIDIC,PYPINYIN,UNIHAN
U+800F	耏	ジ,ニ,ダイ,ナイ,ほおひげ	ji,ni,dai,nai,hoohige	0,0,0,0,0	0,0,0,0,0	KANJIDIC,PYPINYIN,UNIHAN
U+8010	耐	タイ,たえる	tai,taeru	0,0	0,0	KANJIDIC,PYPINYIN,UNIHAN,WORDSHK_CHARS
U+8011	耑	タン,セン,はし	tan,sen,hashi	0,0,0	0,0,0	KANJIDIC,PYPINYIN,UNIHAN
U+8012	耒	ライ,ルイ,き,く,すき	rai,rui,ki,ku,suki	0,0,0,0,0	0,0,0,0,0	KANJIDIC,PYPINYIN,UNIHAN
U+8013	耓	テイ,チョウ,すきのは	tei,chou,sukinoha	0,0,0	0,0,0	KANJIDIC,PYPINYIN,UNIHAN
U+8014	耔	シ,つちかう	shi,tsuchikau	0,0	0,0	KANJIDIC,PYPINYIN,UNIHAN
U+8015	耕	コウ,たがやす	kou,tagayasu	0,0	0,0	KANJIDIC,PYPINYIN,UNIHAN,WORDSHK_CHARS
U+8016	耖	ソウ,ショウ,たがやす	sou,shou,tagayasu	0,0,0	0,0,0	KANJIDIC,PYPINYIN,UNIHAN,WORDSHK_CHARS
U+8017	耗	モウ,コウ	mou,kou	0,0	0,0	KANJIDIC,PYPINYIN,UNIHAN,WORDSHK_CHARS
U+8018	耘	ウン,くさぎる	un,kusagiru	0,0	0,0	KANJIDIC,PYPINYIN,UNIHAN,WORDSHK_CHARS
U+8019	耙	ハ	ha	0	0	KANJIDIC,PYPINYIN,UNIHAN,WORDSHK_CHARS
U+801C	耜	シ,すき	shi,suki	0,0	0,0	KANJIDIC,PYPINYIN,UNIHAN
U+801D	耝	ショ,ゾ,すき	sho,zo,suki	0,0,0	0,0,0	KANJIDIC,PYPINYIN,UNIHAN
U+801E	耞	カ,ケ,からざお	ka,ke,karazao	0,0,0	0,0,0	KANJIDIC,PYPINYIN,UNIHAN
U+801F	耟	キョ,ゴ,すきのは	kyo,go,sukinoha	0,0,0	0,0,0	KANJIDIC,PYPINYIN,UNIHAN
U+8020	耠	コウ,たがやす	kou,tagayasu	0,0	0,0	KANJIDIC,PYPINYIN,UNIHAN
U+8021	耡	ジョ,すく,すき	jo,suku,suki	0,0,0	0,0,0	KANJIDIC,PYPINYIN,UNIHAN
U+8024	耤	セキ,ジャク,シャ,かりる	seki,jaku,sha,kariru	0,0,0,0	0,0,0,0	KANJIDIC,PYPINYIN,UNIHAN
U+8026	耦	ゴウ,グ,グウ	gou,gu,guu	0,0,0	0,0,0	KANJIDIC,PYPINYIN,UNIHAN
U+8028	耨	ドウ,ジョク,ヌ,ジュク,くさぎる,くわ,すき	dou,joku,nu,juku,kusagiru,kuwa,suki	0,0,0,0,0,0,0	0,0,0,0,0,0,0	KANJIDIC,PYPINYIN,UNIHAN,WORDSHK_CHARS
U+802C	耬	ロウ,ル	rou,ru	0,0	0,0	KANJIDIC,PYPINYIN,UNIHAN
U+802E	耮	ロウ	rou	0	0	KANJIDIC,PYPINYIN,UNIHAN
U+8030	耰	ユウ,ウ,ならす	yuu,u,narasu	0,0,0	0,0,0	KANJIDIC,PYPINYIN,UNIHAN
U+8033	耳	ジ,みみ	ji,mimi	0,0	0,0	KANJIDIC,PYPINYIN,UNIHAN,WORDSHK_CHARS
U+8034	耴	チョウ,ジョウ,ニョウ	chou,jou,nyou	0,0,0	0,0,0	KANJIDIC,PYPINYIN,UNIHAN
U+8035	耵	テイ,チョウ,みみくそ	tei,chou,mimikuso	0,0,0	0,0,0	KANJIDIC,PYPINYIN,UNIHAN
U+8036	耶	ヤ,ジャ,か	ya,ja,ka	0,0,0	0,0,0	KANJIDIC,PYPINYIN,UNIHAN,WORDSHK_CHARS
U+8037	耷	トウ,チョウ	tou,chou	0,0	0,0	KANJIDIC,PYPINYIN,UNIHAN,WORDSHK_CHARS
U+8039	耹	キン,ゴン,ケン,おと	kin,gon,ken,oto	0,0,0,0	0,0,0,0	KANJIDIC,PYPINYIN,UNIHAN
U+803A	耺	ウン,ヨウ,みみなり	un,you,miminari	0,0,0	0,0,0	KANJIDIC,PYPINYIN,UNIHAN
U+803B	耻	チ,はじる,はじ,はじらう,はずかしい	chi,hajiru,haji,hajirau,hazukashii	0,0,0,0,0	0,0,0,0,0	KANJIDIC,PYPINYIN,UNIHAN,WORDSHK_CHARS
U+803C	耼	タン,バン,マン,ナン	tan,ban,man,nan	0,0,0,0	0,0,0,0	KANJIDIC,PYPINYIN,UNIHAN
U+803D	耽	タン,ふける	tan,fukeru	0,0	0,0	KANJIDIC,PYPINYIN,UNIHAN,WORDSHK_CHARS
U+803E	耾	コウ,オウ,ささやく	kou,ou,sasayaku	0,0,0	0,0,0	KANJIDIC,PYPINYIN,UNIHAN
U+803F	耿	コウ,ひかり	kou,hikari	0,0	0,0	KANJIDIC,PYPINYIN,UNIHAN,WORDSHK_CHARS
U+8040	聀	ショク,ソク	shoku,soku	0,0	0,0	KANJIDIC,PYPINYIN,UNIHAN
U+8044	聄	シン	shin	0	0	KANJIDIC,PYPINYIN,UNIHAN
U+8046	聆	レイ,リョウ,きく	rei,ryou,kiku	0,0,0	0,0,0	KANJIDIC,PYPINYIN,UNIHAN,WORDSHK_CHARS
U+804A	聊	リョウ,いささか	ryou,isasaka	0,0	0,0	KANJIDIC,PYPINYIN,UNIHAN,WORDSHK_CHARS
U+8052	聒	カツ,かまびすしい	katsu,kamabisushii	0,0	0,0	KANJIDIC,PYPINYIN,UNIHAN
U+8056	聖	セイ,ショウ,ひじり	sei,shou,hijiri	0,0,0	0,0,0	KANJIDIC,PYPINYIN,UNIHAN,WORDSHK_CHARS
U+8058	聘	ヘイ,へいする,とう,めす	hei,heisuru,tou,mesu	0,0,0,0	0,0,0,0	KANJIDIC,PYPINYIN,UNIHAN,WORDSHK_CHARS
U+805A	聚	シュウ,シュ,あつまる	shuu,shu,atsumaru	0,0,0	0,0,0	KANJIDIC,PYPINYIN,UNIHAN,WORDSHK_CHARS
U+805E	聞	ブン,モン,きく,きこえる	bun,mon,kiku,kikoeru	0,0,0,0	0,0,0,0	KANJIDIC,PYPINYIN,UNIHAN,WORDSHK_CHARS
U+805F	聟	セイ,むこ	sei,muko	0,0	0,0	KANJIDIC,PYPINYIN,UNIHAN
U+8060	聠	ヘイ,ヒョウ,とじる	hei,hyou,tojiru	0,0,0	0,0,0	KANJIDIC,PYPINYIN,UNIHAN
U+8061	聡	ソウ,さとい,みみざとい	sou,satoi,mimizatoi	0,0,0	0,0,0	KANJIDIC,PYPINYIN,UNIHAN
U+8062	聢	しか,しかと	shika,shikato	0,0	0,0	KANJIDIC,PYPINYIN,UNIHAN
U+8064	聤	テイ,ジョウ,みみだれ	tei,jou,mimidare	0,0,0	0,0,0	KANJIDIC,PYPINYIN,UNIHAN
U+8066	聦	ソウ,さとい,みみざとい	sou,satoi,mimizatoi	0,0,0	0,0,0	KANJIDIC,PYPINYIN,UNIHAN
U+8068	聨	レン,つらなる,つらねる	ren,tsuranaru,tsuraneru	0,0,0	0,0,0	KANJIDIC,PYPINYIN,UNIHAN
U+806D	聭	キ,はじる,はじらう,はずかしめる,とがめる	ki,hajiru,hajirau,hazukashimeru,togameru	0,0,0,0,0	0,0,0,0,0	KANJIDIC,PYPINYIN,UNIHAN
U+806F	聯	レン,つらなる,つらねる	ren,tsuranaru,tsuraneru	0,0,0	0,0,0	KANJIDIC,PYPINYIN,UNIHAN,WORDSHK_CHARS
U+8070	聰	ソウ,さとい,みみざとい	sou,satoi,mimizatoi	0,0,0	0,0,0	KANJIDIC,PYPINYIN,UNIHAN,WORDSHK_CHARS
U+8071	聱	ゴウ,ギョウ,きかない	gou,gyou,kikanai	0,0,0	0,0,0	KANJIDIC,PYPINYIN,UNIHAN
U+8072	聲	セイ,ショウ,こえ,こわ	sei,shou,koe,kowa	0,0,0,0	0,0,0,0	KANJIDIC,PYPINYIN,UNIHAN,WORDSHK_CHARS
U+8073	聳	ショウ,そびえる	shou,sobieru	0,0	0,0	KANJIDIC,PYPINYIN,UNIHAN,WORDSHK_CHARS
U+8074	聴	チョウ,テイ,きく,ゆるす	chou,tei,kiku,yurusu	0,0,0,0	0,0,0,0	KANJIDIC,PYPINYIN,UNIHAN
U+8075	聵	ゲ,カイ,つんぼ	ge,kai,tsunbo	0,0,0	0,0,0	KANJIDIC,PYPINYIN,UNIHAN
U+8076	聶	ショウ,ジョウ,ニョウ,ささやく	shou,jou,nyou,sasayaku	0,0,0,0	0,0,0,0	KANJIDIC,PYPINYIN,UNIHAN,WORDSHK_CHARS
U+8077	職	ショク,ソク	shoku,soku	0,0	0,0	KANJIDIC,PYPINYIN,UNIHAN,WORDSHK_CHARS
U+8079	聹	ネイ	nei	0	0	KANJIDIC,PYPINYIN,UNIHAN
U+807D	聽	チョウ,きく,ゆるす	chou,kiku,yurusu	0,0,0	0,0,0	KANJIDIC,PYPINYIN,UNIHAN,WORDSHK_CHARS
U+807E	聾	ロウ,ろうする,つんぼ,みみしい	rou,rousuru,tsunbo,mimishii	0,0,0,0	0,0,0,0	KANJIDIC,PYPINYIN,UNIHAN,WORDSHK_CHARS
U+807F	聿	イチ,イツ,ふで,ここに	ichi,itsu,fude,kokoni	0,0,0,0	0,0,0,0	KANJIDIC,PYPINYIN,UNIHAN
U+8081	肁	チョウ,ジョウ,トウ,はかる,はじめる	chou,jou,tou,hakaru,hajimeru	0,0,0,0,0	0,0,0,0,0	KANJIDIC,PYPINYIN,UNIHAN
U+8084	肄	イ,ならう	i,narau	0,0	0,0	KANJIDIC,PYPINYIN,UNIHAN,WORDSHK_CHARS
U+8085	肅	シュク,スク,つつしむ	shuku,suku,tsutsushimu	0,0,0	0,0,0	KANJIDIC,PYPINYIN,UNIHAN,WORDSHK_CHARS
U+8086	肆	シ,つらねる,ほしいまま,みせ	shi,tsuraneru,hoshiimama,mise	0,0,0,0	0,0,0,0	KANJIDIC,PYPINYIN,UNIHAN,WORDSHK_CHARS
U+8087	肇	チョウ,ジョウ,トウ,はじめる,はじめ	chou,jou,tou,hajimeru,hajime	0,0,0,0,0	0,0,0,0,0	KANJIDIC,PYPINYIN,UNIHAN,WORDSHK_CHARS
U+8088	肈	チョウ,ジョウ,トウ,はかる,はじめる	chou,jou,tou,hakaru,hajimeru	0,0,0,0,0	0,0,0,0,0	KANJIDIC,PYPINYIN,UNIHAN
U+8089	肉	ニク,しし	niku,shishi	0,0	0,0	KANJIDIC,PYPINYIN,UNIHAN,WORDSHK_CHARS
U+808B	肋	ロク,あばら	roku,abara	0,0	0,0	KANJIDIC,PYPINYIN,UNIHAN,WORDSHK_CHARS
U+808C	肌	キ,はだ	ki,hada	0,0	0,0	KANJIDIC,PYPINYIN,UNIHAN,WORDSHK_CHARS
U+808E	肎	コウ,がえんじる	kou,gaenjiru	0,0	0,0	KANJIDIC,PYPINYIN,UNIHAN
U+8093	肓	コウ	kou	0	0	KANJIDIC,PYPINYIN,UNIHAN,WORDSHK_CHARS
U+8096	肖	ショウ,あやかる	shou,ayakaru	0,0	0,0	KANJIDIC,PYPINYIN,UNIHAN,WORDSHK_CHARS
U+8098	肘	チュウ,ひじ	chuu,hiji	0,0	0,0	KANJIDIC,PYPINYIN,UNIHAN,WORDSHK_CHARS
U+809A	肚	ト,はら	to,hara	0,0	0,0	KANJIDIC,PYPINYIN,UNIHAN,WORDSHK_CHARS
U+809B	肛	コウ	kou	0	0	KANJIDIC,PYPINYIN,UNIHAN,WORDSHK_CHARS
U+809C	肜	ユウ,ユ,チン,まつり	yuu,yu,chin,matsuri	0,0,0,0	0,0,0,0	KANJIDIC,PYPINYIN,UNIHAN
U+809D	肝	カン,きも	kan,kimo	0,0	0,0	KANJIDIC,PYPINYIN,UNIHAN,WORDSHK_CHARS
U+809E	肞	サ	sa	0	0	KANJIDIC,PYPINYIN,UNIHAN
U+80A1	股	コ,また,もも	ko,mata,momo	0,0,0	0,0,0	KANJIDIC,PYPINYIN,UNIHAN,WORDSHK_CHARS
U+80A2	肢	シ	shi	0	0	KANJIDIC,PYPINYIN,UNIHAN,WORDSHK_CHARS
U+80A5	肥	ヒ,こえる,こえ,こやす,こやし,ふとる	hi,koeru,koe,koyasu,koyashi,futoru	0,0,0,0,0,0	0,0,0,0,0,0	KANJIDIC,PYPINYIN,UNIHAN,WORDSHK_CHARS
U+80A6	肦	フン,ハン,たかい,わける	fun,han,takai,wakeru	0,0,0,0	0,0,0,0	KANJIDIC,PYPINYIN,UNIHAN
U+80A7	肧	ハイ,はらみ,はらむ	hai,harami,haramu	0,0,0	0,0,0	KANJIDIC,PYPINYIN,UNIHAN
U+80A9	肩	ケン,かた	ken,kata	0,0	0,0	KANJIDIC,PYPINYIN,UNIHAN,WORDSHK_CHARS
U+80AA	肪	ボウ	bou	0	0	KANJIDIC,PYPINYIN,UNIHAN,WORDSHK_CHARS
U+80AB	肫	シュン,サイ,スイ	shun,sai,sui	0,0,0	0,0,0	KANJIDIC,PYPINYIN,UNIHAN
U+80AC	肬	ユ,ユウ,いぼ	yu,yuu,ibo	0,0,0	0,0,0	KANJIDIC,PYPINYIN,UNIHAN
U+80AD	肭	トツ,ジク	totsu,jiku	0,0	0,0	KANJIDIC,PYPINYIN,UNIHAN
U+80AF	肯	コウ,がえんじる	kou,gaenjiru	0,0	0,0	KANJIDIC,PYPINYIN,UNIHAN,WORDSHK_CHARS
U+80B1	肱	コウ,かいな,ひじ,まるい	kou,kaina,hiji,marui	0,0,0,0	0,0,0,0	KANJIDIC,PYPINYIN,UNIHAN
U+80B2	育	イク,そだつ,そだち,そだてる,はぐくむ	iku,sodatsu,sodachi,sodateru,hagukumu	0,0,0,0,0	0,0,0,0,0	KANJIDIC,PYPINYIN,UNIHAN,WORDSHK_CHARS
U+80B4	肴	コウ,さかな	kou,sakana	0,0	0,0	KANJIDIC,PYPINYIN,UNIHAN,WORDSHK_CHARS
U+80B8	肸	キツ,キチ,コチ,ケツ,ケチ,ひろがる	kitsu,kichi,kochi,ketsu,kechi,hirogaru	0,0,0,0,0,0	0,0,0,0,0,0	KANJIDIC,PYPINYIN,UNIHAN
U+80B9	肹	ヒ,キツ	hi,kitsu	0,0	0,0	KANJIDIC,PYPINYIN,UNIHAN
U+80BA	肺	ハイ	hai	0	0	KANJIDIC,PYPINYIN,UNIHAN,WORDSHK_CHARS
U+80C3	胃	イ	i	0	0	KANJIDIC,PYPINYIN,UNIHAN,WORDSHK_CHARS
U+80C4	胄	チュウ,かぶと,ちすじ,よつぎ	chuu,kabuto,chisuji,yotsugi	0,0,0,0	0,0,0,0	KANJIDIC,PYPINYIN,UNIHAN
U+80C6	胆	タン,きも	tan,kimo	0,0	0,0	KANJIDIC,PYPINYIN,UNIHAN,WORDSHK_CHARS
U+80C8	胈	ハツ,バチ,ハイ	hatsu,bachi,hai	0,0,0	0,0,0	KANJIDIC,PYPINYIN,UNIHAN
U+80CA	胊	ク,グ,キョウ,コク	ku,gu,kyou,koku	0,0,0,0	0,0,0,0	KANJIDIC,PYPINYIN,UNIHAN
U+80CC	背	ハイ,せ,せい,そむく,そむける	hai,se,sei,somuku,somukeru	0,0,0,0,0	0,0,0,0,0	KANJIDIC,PYPINYIN,UNIHAN,WORDSHK_CHARS
U+80CD	胍	コ,ク,カ,ケ	ko,ku,ka,ke	0,0,0,0	0,0,0,0	KANJIDIC,PYPINYIN,UNIHAN
U+80CE	胎	タイ	tai	0	0	KANJIDIC,PYPINYIN,UNIHAN,WORDSHK_CHARS
U+80CF	胏	シ	shi	0	0	KANJIDIC,PYPINYIN,UNIHAN
U+80D2	胒	デイ,ハイ	dei,hai	0,0	0,0	KANJIDIC,PYPINYIN,UNIHAN
U+80D4	胔	シ,セキ,ジャク	shi,seki,jaku	0,0,0	0,0,0	KANJIDIC,PYPINYIN,UNIHAN
U+80D5	胕	フ,はらわた	fu,harawata	0,0	0,0	KANJIDIC,PYPINYIN,UNIHAN
U+80D6	胖	ハン	han	0	0	KANJIDIC,PYPINYIN,UNIHAN,WORDSHK_CHARS
U+80D7	胗	シン,キン,くちのひび	shin,kin,kuchinohibi	0,0,0	0,0,0	KANJIDIC,PYPINYIN,UNIHAN,WORDSHK_CHARS
U+80D8	胘	ケン,い	ken,i	0,0	0,0	KANJIDIC,PYPINYIN,UNIHAN
U+80D9	胙	ソ,サク,ひもろぎ	so,saku,himorogi	0,0,0	0,0,0	KANJIDIC,PYPINYIN,UNIHAN
U+80DA	胚	ハイ,はらみ,はらむ	hai,harami,haramu	0,0,0	0,0,0	KANJIDIC,PYPINYIN,UNIHAN,WORDSHK_CHARS
U+80DB	胛	コウ,かいがらぼね	kou,kaigarabone	0,0	0,0	KANJIDIC,PYPINYIN,UNIHAN
U+80DD	胝	チ,あかぎれ	chi,akagire	0,0	0,0	KANJIDIC,PYPINYIN,UNIHAN
U+80DE	胞	ホウ	hou	0	0	KANJIDIC,PYPINYIN,UNIHAN,WORDSHK_CHARS
U+80E0	胠	キョ,コ,キョウ,コウ,わきのした	kyo,ko,kyou,kou,wakinoshita	0,0,0,0,0	0,0,0,0,0	KANJIDIC,PYPINYIN,UNIHAN
U+80E1	胡	ウ,コ,ゴ,なんぞ	u,ko,go,nanzo	0,0,0,0	0,0,0,0	KANJIDIC,PYPINYIN,UNIHAN,WORDSHK_CHARS
U+80E4	胤	イン,たね	in,tane	0,0	0,0	KANJIDIC,PYPINYIN,UNIHAN
U+80E5	胥	ショ,ソ,あい,みる,みな	sho,so,ai,miru,mina	0,0,0,0,0	0,0,0,0,0	KANJIDIC,PYPINYIN,UNIHAN
U+80ED	胭	イン,エン,エツ,むせぶ,むせる,のど,のむ	in,en,etsu,musebu,museru,nodo,nomu	0,0,0,0,0,0,0	0,0,0,0,0,0,0	KANJIDIC,PYPINYIN,UNIHAN,WORDSHK_CHARS
U+80EE	胮	ホウ	hou	0	0	KANJIDIC,PYPINYIN,UNIHAN
U+80EF	胯	コウ,カ,コ,また	kou,ka,ko,mata	0,0,0,0	0,0,0,0	KANJIDIC,PYPINYIN,UNIHAN
U+80F0	胰	イ,せにく	i,seniku	0,0	0,0	KANJIDIC,PYPINYIN,UNIHAN,WORDSHK_CHARS
U+80F1	胱	コウ	kou	0	0	KANJIDIC,PYPINYIN,UNIHAN,WORDSHK_CHARS
U+80F2	胲	カイ,おやゆび	kai,oyayubi	0,0	0,0	KANJIDIC,PYPINYIN,UNIHAN
U+80F3	胳	カク,ギャク,わき	kaku,gyaku,waki	0,0,0	0,0,0	KANJIDIC,PYPINYIN,UNIHAN,WORDSHK_CHARS
U+80F4	胴	ドウ	dou	0	0	KANJIDIC,PYPINYIN,UNIHAN,WORDSHK_CHARS
U+80F6	胶	コウ,ギョウ,こえ,はぎのほね	kou,gyou,koe,haginohone	0,0,0,0	0,0,0,0	KANJIDIC,PYPINYIN,UNIHAN
U+80F8	胸	キョウ,むね,むな	kyou,mune,muna	0,0,0	0,0,0	KANJIDIC,PYPINYIN,UNIHAN,WORDSHK_CHARS
U+80F9	胹	ジ,ニ,にる	ji,ni,niru	0,0,0	0,0,0	KANJIDIC,PYPINYIN,UNIHAN
U+80FA	胺	アツ,アチ,におう	atsu,achi,niou	0,0,0	0,0,0	KANJIDIC,PYPINYIN,UNIHAN,WORDSHK_CHARS
U+80FC	胼	ヘン	hen	0	0	KANJIDIC,PYPINYIN,UNIHAN
U+80FD	能	ノウ,よく,あたう	nou,yoku,atau	0,0,0	0,0,0	KANJIDIC,PYPINYIN,UNIHAN,WORDSHK_CHARS
U+80FE	胾	シ,きりみ	shi,kirimi	0,0	0,0	KANJIDIC,PYPINYIN,UNIHAN
U+8102	脂	シ,あぶら	shi,abura	0,0	0,0	KANJIDIC,PYPINYIN,UNIHAN,WORDSHK_CHARS
U+8103	脃	セイ,セツ,もろ,もろい,よわい	sei,setsu,moro,moroi,yowai	0,0,0,0,0	0,0,0,0,0	KANJIDIC,PYPINYIN,UNIHAN
U+8105	脅	キョウ,おびやかす,おどす,おどかす	kyou,obiyakasu,odosu,odokasu	0,0,0,0	0,0,0,0	KANJIDIC,PYPINYIN,UNIHAN,WORDSHK_CHARS
U+8106	脆	ゼイ,セイ,セツ,もろい,よわい	zei,sei,setsu,moroi,yowai	0,0,0,0,0	0,0,0,0,0	KANJIDIC,PYPINYIN,UNIHAN,WORDSHK_CHARS
U+8107	脇	キョウ,わき,わけ	kyou,waki,wake	0,0,0	0,0,0	KANJIDIC,PYPINYIN,UNIHAN,WORDSHK_CHARS
U+8108	脈	ミャク,すじ	myaku,suji	0,0	0,0	KANJIDIC,PYPINYIN,UNIHAN,WORDSHK_CHARS
U+8109	脉	ミャク,すじ	myaku,suji	0,0	0,0	KANJIDIC,PYPINYIN,UNIHAN
U+810A	脊	セキ,せ,せい	seki,se,sei	0,0,0	0,0,0	KANJIDIC,PYPINYIN,UNIHAN,WORDSHK_CHARS
U+810B	脋	キョウ,おびやかす,おどす,おどかす	kyou,obiyakasu,odosu,odokasu	0,0,0,0	0,0,0,0	KANJIDIC,PYPINYIN,UNIHAN
U+8116	脖	ホツ,ボチ	hotsu,bochi	0,0	0,0	KANJIDIC,PYPINYIN,UNIHAN,WORDSHK_CHARS
U+8117	脗	モン,ビン,ミン,フン,あう	mon,bin,min,fun,au	0,0,0,0,0	0,0,0,0,0	KANJIDIC,PYPINYIN,UNIHAN
U+8118	脘	カン,ゲン	kan,gen	0,0	0,0	KANJIDIC,PYPINYIN,UNIHAN
U+811A	脚	キャク,キャ,カク,あし	kyaku,kya,kaku,ashi	0,0,0,0	0,0,0,0	KANJIDIC,PYPINYIN,UNIHAN
U+811B	脛	ケイ,すね,はぎ	kei,sune,hagi	0,0,0	0,0,0	KANJIDIC,PYPINYIN,UNIHAN,WORDSHK_CHARS
U+811C	脜	ジュ,ニュ,やわらぐ	ju,nyu,yawaragu	0,0,0	0,0,0	KANJIDIC,PYPINYIN,UNIHAN
U+811E	脞	サ,こまかい	sa,komakai	0,0	0,0	KANJIDIC,PYPINYIN,UNIHAN
U+8120	脠	セン,テン,ひしお,しおづけ	sen,ten,hishio,shiozuke	0,0,0,0	0,0,0,0	KANJIDIC,PYPINYIN,UNIHAN
U+8123	脣	シン,くちびる	shin,kuchibiru	0,0	0,0	KANJIDIC,PYPINYIN,UNIHAN,WORDSHK_CHARS
U+8124	脤	シン,ひもろぎ,くちびる	shin,himorogi,kuchibiru	0,0,0	0,0,0	KANJIDIC,PYPINYIN,UNIHAN
U+8127	脧	サイ,スイ,サ,セン,へる	sai,sui,sa,sen,heru	0,0,0,0,0	0,0,0,0,0	KANJIDIC,PYPINYIN,UNIHAN,WORDSHK_CHARS
U+8129	脩	シュウ,おさめる,ながい,ほじし	shuu,osameru,nagai,hojishi	0,0,0,0	0,0,0,0	KANJIDIC,PYPINYIN,UNIHAN
U+812C	脬	ホウ,ヒョウ,ぼうこう	hou,hyou,boukou	0,0,0	0,0,0	KANJIDIC,PYPINYIN,UNIHAN
U+812F	脯	フ,ホ,こじし,ほじし	fu,ho,kojishi,hojishi	0,0,0,0	0,0,0,0	KANJIDIC,PYPINYIN,UNIHAN,WORDSHK_CHARS
U+8130	脰	トウ,ズ,うなじ	tou,zu,unaji	0,0,0	0,0,0	KANJIDIC,PYPINYIN,UNIHAN
U+8131	脱	ダツ,ぬぐ,ぬげる	datsu,nugu,nugeru	0,0,0	0,0,0	KANJIDIC,PYPINYIN,UNIHAN,WORDSHK_CHARS
U+8133	脳	ノウ,ドウ,のうずる	nou,dou,nouzuru	0,0,0	0,0,0	KANJIDIC,PYPINYIN,UNIHAN
U+8135	脵	コ,また,もも	ko,mata,momo	0,0,0	0,0,0	KANJIDIC,PYPINYIN,UNIHAN
U+8139	脹	チョウ,はれる,ふくらむ,ふくれる	chou,hareru,fukuramu,fukureru	0,0,0,0	0,0,0,0	KANJIDIC,PYPINYIN,UNIHAN,WORDSHK_CHARS
U+813A	脺	セイ,セツ,もろい,よわい	sei,setsu,moroi,yowai	0,0,0,0	0,0,0,0	KANJIDIC,PYPINYIN,UNIHAN
U+813C	脼	リョウ,ほじし	ryou,hojishi	0,0	0,0	KANJIDIC,PYPINYIN,UNIHAN
U+813E	脾	ヒ	hi	0	0	KANJIDIC,PYPINYIN,UNIHAN,WORDSHK_CHARS
U+8145	腅	タン,にく,さかな	tan,niku,sakana	0,0,0	0,0,0	KANJIDIC,PYPINYIN,UNIHAN
U+8146	腆	テン,あつい	ten,atsui	0,0	0,0	KANJIDIC,PYPINYIN,UNIHAN,WORDSHK_CHARS
U+8147	腇	ダイ,ナイ,ワ,ワイ,うえる	dai,nai,wa,wai,ueru	0,0,0,0,0	0,0,0,0,0	KANJIDIC,PYPINYIN,UNIHAN
U+814A	腊	セキ,シャク,ロウ,ほじし	seki,shaku,rou,hojishi	0,0,0,0	0,0,0,0	KANJIDIC,PYPINYIN,UNIHAN,WORDSHK_CHARS
U+814B	腋	エキ,セキ,わき	eki,seki,waki	0,0,0	0,0,0	KANJIDIC,PYPINYIN,UNIHAN,WORDSHK_CHARS
U+814C	腌	ヨウ,オウ,エン,しおづけ	you,ou,en,shiozuke	0,0,0,0	0,0,0,0	KANJIDIC,PYPINYIN,UNIHAN,WORDSHK_CHARS
U+814E	腎	ジン	jin	0	0	KANJIDIC,PYPINYIN,UNIHAN,WORDSHK_CHARS
U+8150	腐	フ,くさる,くされる,くされ,くさらす,くさす	fu,kusaru,kusareru,kusare,kusarasu,kusasu	0,0,0,0,0,0	0,0,0,0,0,0	KANJIDIC,PYPINYIN,UNIHAN,WORDSHK_CHARS
U+8151	腑	フ,はらわた	fu,harawata	0,0	0,0	KANJIDIC,PYPINYIN,UNIHAN,WORDSHK_CHARS
U+8152	腒	キョ,コ,ほじし	kyo,ko,hojishi	0,0,0	0,0,0	KANJIDIC,PYPINYIN,UNIHAN
U+8153	腓	ヒ,ふくらはぎ,こむら,こぶら	hi,fukurahagi,komura,kobura	0,0,0,0	0,0,0,0	KANJIDIC,PYPINYIN,UNIHAN
U+8154	腔	コウ	kou	0	0	KANJIDIC,PYPINYIN,UNIHAN,WORDSHK_CHARS
U+8155	腕	ワン,うで	wan,ude	0,0	0,0	KANJIDIC,PYPINYIN,UNIHAN,WORDSHK_CHARS
U+8157	腗	ヒ	hi	0	0	KANJIDIC,PYPINYIN,UNIHAN
U+815F	腟	チツ	chitsu	0	0	KANJIDIC,PYPINYIN,UNIHAN
U+8160	腠	ソウ,ス,きめ	sou,su,kime	0,0,0	0,0,0	KANJIDIC,PYPINYIN,UNIHAN
U+8161	腡	ラ,カ,ケ,カイ	ra,ka,ke,kai	0,0,0,0	0,0,0,0	KANJIDIC,PYPINYIN,UNIHAN,WORDSHK_CHARS
U+8165	腥	セイ,ショウ,なまぐさい	sei,shou,namagusai	0,0,0	0,0,0	KANJIDIC,PYPINYIN,UNIHAN,WORDSHK_CHARS
U+8166	腦	ノウ,ドウ,のうずる	nou,dou,nouzuru	0,0,0	0,0,0	KANJIDIC,PYPINYIN,UNIHAN,WORDSHK_CHARS
U+8167	腧	シュ,ユ	shu,yu	0,0	0,0	KANJIDIC,PYPINYIN,UNIHAN
U+8168	腨	セン,こむら	sen,komura	0,0	0,0	KANJIDIC,PYPINYIN,UNIHAN
U+8169	腩	ナン,タン,ドン	nan,tan,don	0,0,0	0,0,0	KANJIDIC,PYPINYIN,UNIHAN,WORDSHK_CHARS
U+816B	腫	シュ,ショウ,はれる,はれ,はらす,はれもの	shu,shou,hareru,hare,harasu,haremono	0,0,0,0,0,0	0,0,0,0,0,0	KANJIDIC,PYPINYIN,UNIHAN,WORDSHK_CHARS
U+816D	腭	ガク,あご,はぐき	gaku,ago,haguki	0,0,0	0,0,0	KANJIDIC,PYPINYIN,UNIHAN
U+816E	腮	サイ,あご,えら	sai,ago,era	0,0,0	0,0,0	KANJIDIC,PYPINYIN,UNIHAN,WORDSHK_CHARS
U+816F	腯	トツ,トチ,トン,こえる	totsu,tochi,ton,koeru	0,0,0,0	0,0,0,0	KANJIDIC,PYPINYIN,UNIHAN,WORDSHK_CHARS
U+8170	腰	ヨウ,こし	you,koshi	0,0	0,0	KANJIDIC,PYPINYIN,UNIHAN,WORDSHK_CHARS
U+8171	腱	ケン,キン	ken,kin	0,0	0,0	KANJIDIC,PYPINYIN,UNIHAN,WORDSHK_CHARS
U+8174	腴	ユ,あぶら,こえる	yu,abura,koeru	0,0,0	0,0,0	KANJIDIC,PYPINYIN,UNIHAN
U+8177	腷	ヒョク,ビキ,こもる	hyoku,biki,komoru	0,0,0	0,0,0	KANJIDIC,PYPINYIN,UNIHAN
U+8178	腸	チョウ,はらわた,わた	chou,harawata,wata	0,0,0	0,0,0	KANJIDIC,PYPINYIN,UNIHAN,WORDSHK_CHARS
U+8179	腹	フク,はら	fuku,hara	0,0	0,0	KANJIDIC,PYPINYIN,UNIHAN,WORDSHK_CHARS
U+817A	腺	セン	sen	0	0	KANJIDIC,PYPINYIN,UNIHAN,WORDSHK_CHARS
U+817F	腿	タイ,もも	tai,momo	0,0	0,0	KANJIDIC,PYPINYIN,UNIHAN,WORDSHK_CHARS
U+8180	膀	ボウ,ホウ	bou,hou	0,0	0,0	KANJIDIC,PYPINYIN,UNIHAN,WORDSHK_CHARS
U+8181	膁	ケン,カン,うまい,あん	ken,kan,umai,an	0,0,0,0	0,0,0,0	KANJIDIC,PYPINYIN,UNIHAN
U+8182	膂	リョ,ロ,せぼね	ryo,ro,sebone	0,0,0	0,0,0	KANJIDIC,PYPINYIN,UNIHAN
U+8183	膃	オツ	otsu	0	0	KANJIDIC,PYPINYIN,UNIHAN
U+8184	膄	シュウ,ニュ,やせる,かける	shuu,nyu,yaseru,kakeru	0,0,0,0	0,0,0,0	KANJIDIC,PYPINYIN,UNIHAN
U+8185	膅	トウ	tou	0	0	KANJIDIC,PYPINYIN,UNIHAN
U+8186	膆	ソ,こえる	so,koeru	0,0	0,0	KANJIDIC,PYPINYIN,UNIHAN
U+8188	膈	カク	kaku	0	0	KANJIDIC,PYPINYIN,UNIHAN,WORDSHK_CHARS
U+818A	膊	ハク,ほじし	haku,hojishi	0,0	0,0	KANJIDIC,PYPINYIN,UNIHAN,WORDSHK_CHARS
U+818B	膋	リョウ,あぶる	ryou,aburu	0,0	0,0	KANJIDIC,PYPINYIN,UNIHAN
U+818E	膎	カイ,ゲ,ほじし,にく,さかな,はだへ	kai,ge,hojishi,niku,sakana,hadahe	0,0,0,0,0,0	0,0,0,0,0,0	KANJIDIC,PYPINYIN,UNIHAN
U+818F	膏	コウ,あぶら	kou,abura	0,0	0,0	KANJIDIC,PYPINYIN,UNIHAN,WORDSHK_CHARS
U+8190	膐	リョ,ロ,せぼね,ちから	ryo,ro,sebone,chikara	0,0,0,0	0,0,0,0	KANJIDIC,PYPINYIN,UNIHAN
U+8193	膓	チョウ,はらわた	chou,harawata	0,0	0,0	KANJIDIC,PYPINYIN,UNIHAN
U+8195	膕	カク,コク,キョク,ひかがみ	kaku,koku,kyoku,hikagami	0,0,0,0	0,0,0,0	KANJIDIC,PYPINYIN,UNIHAN
U+8196	膖	ホウ,チョウ,チュ,はれる	hou,chou,chu,hareru	0,0,0,0	0,0,0,0	KANJIDIC,PYPINYIN,UNIHAN
U+8198	膘	ヒョウ,ショウ,あばら	hyou,shou,abara	0,0,0	0,0,0	KANJIDIC,PYPINYIN,UNIHAN
U+819A	膚	フ,はだ	fu,hada	0,0	0,0	KANJIDIC,PYPINYIN,UNIHAN,WORDSHK_CHARS
U+819B	膛	トウ	tou	0	0	KANJIDIC,PYPINYIN,UNIHAN,WORDSHK_CHARS
U+819C	膜	マク	maku	0	0	KANJIDIC,PYPINYIN,UNIHAN,WORDSHK_CHARS
U+819D	膝	シツ,ひざ	shitsu,hiza	0,0	0,0	KANJIDIC,PYPINYIN,UNIHAN,WORDSHK_CHARS
U+819E	膞	セン,シュン,きりみ	sen,shun,kirimi	0,0,0	0,0,0	KANJIDIC,PYPINYIN,UNIHAN
U+81A0	膠	コウ,キョウ,にかわ,にべ	kou,kyou,nikawa,nibe	0,0,0,0	0,0,0,0	KANJIDIC,PYPINYIN,UNIHAN,WORDSHK_CHARS
U+81A2	膢	ロウ,ル,リュウ,リョ,ロ	rou,ru,ryuu,ryo,ro	0,0,0,0,0	0,0,0,0,0	KANJIDIC,PYPINYIN,UNIHAN
U+81A3	膣	チツ	chitsu	0	0	KANJIDIC,PYPINYIN,UNIHAN,WORDSHK_CHARS
U+81A4	膤	セツ,ゆき,たら,そり	setsu,yuki,tara,sori	0,0,0,0	0,0,0,0	KANJIDIC,PYPINYIN,UNIHAN
U+81A8	膨	ボウ,ふくらむ,ふくれる	bou,fukuramu,fukureru	0,0,0	0,0,0	KANJIDIC,PYPINYIN,UNIHAN,WORDSHK_CHARS
U+81A9	膩	ジ,ニ,あぶら,あぶらあか	ji,ni,abura,aburaaka	0,0,0,0	0,0,0,0	KANJIDIC,PYPINYIN,UNIHAN,WORDSHK_CHARS
U+81AE	膮	キョウ,キュウ,ク,あつもの	kyou,kyuu,ku,atsumono	0,0,0,0	0,0,0,0	KANJIDIC,PYPINYIN,UNIHAN
U+81B0	膰	ハン,ひもごり,ひもろぎ	han,himogori,himorogi	0,0,0	0,0,0	KANJIDIC,PYPINYIN,UNIHAN
U+81B2	膲	ショウ,みのわた	shou,minowata	0,0	0,0	KANJIDIC,PYPINYIN,UNIHAN
U+81B3	膳	ゼン,セン,かしわ,すすめる,そなえる	zen,sen,kashiwa,susumeru,sonaeru	0,0,0,0,0	0,0,0,0,0	KANJIDIC,PYPINYIN,UNIHAN,WORDSHK_CHARS
U+81B4	膴	コ,ク,ブ,ム,ほじし	ko,ku,bu,mu,hojishi	0,0,0,0,0	0,0,0,0,0	KANJIDIC,PYPINYIN,UNIHAN
U+81B5	膵	スイ	sui	0	0	KANJIDIC,PYPINYIN,UNIHAN
U+81B8	膸	ズイ	zui	0	0	KANJIDIC,PYPINYIN,UNIHAN
U+81BA	膺	ヨウ,オウ,むね	you,ou,mune	0,0,0	0,0,0	KANJIDIC,PYPINYIN,UNIHAN,WORDSHK_CHARS
U+81BB	膻	タン,きも	tan,kimo	0,0	0,0	KANJIDIC,PYPINYIN,UNIHAN
U+81BD	膽	タン,きも	tan,kimo	0,0	0,0	KANJIDIC,PYPINYIN,UNIHAN,WORDSHK_CHARS
U+81BE	膾	カイ,ケ,なます	kai,ke,namasu	0,0,0	0,0,0	KANJIDIC,PYPINYIN,UNIHAN,WORDSHK_CHARS
U+81BF	膿	ノウ,ドウ,うむ,うみ	nou,dou,umu,umi	0,0,0,0	0,0,0,0	KANJIDIC,PYPINYIN,UNIHAN,WORDSHK_CHARS
U+81C0	臀	デン,トン,しり	den,ton,shiri	0,0,0	0,0,0	KANJIDIC,PYPINYIN,UNIHAN,WORDSHK_CHARS
U+81C2	臂	ヒ,ひじ	hi,hiji	0,0	0,0	KANJIDIC,PYPINYIN,UNIHAN,WORDSHK_CHARS
U+81C3	臃	ヨウ,はれもの	you,haremono	0,0	0,0	KANJIDIC,PYPINYIN,UNIHAN,WORDSHK_CHARS
U+81C5	臅	ショク,ソク	shoku,soku	0,0	0,0	KANJIDIC,PYPINYIN,UNIHAN
U+81C6	臆	オク,ヨク,むね,おくする	oku,yoku,mune,okusuru	0,0,0,0	0,0,0,0	KANJIDIC,PYPINYIN,UNIHAN,WORDSHK_CHARS
U+81C8	臈	ロウ	rou	0	0	KANJIDIC,PYPINYIN,UNIHAN
U+81C9	臉	ケン,セン,レン	ken,sen,ren	0,0,0	0,0,0	KANJIDIC,PYPINYIN,UNIHAN,WORDSHK_CHARS
U+81CA	臊	ソウ,あぶら	sou,abura	0,0	0,0	KANJIDIC,PYPINYIN,UNIHAN,WORDSHK_CHARS
U+81CB	臋	デン,トン,しり	den,ton,shiri	0,0,0	0,0,0	KANJIDIC,PYPINYIN,UNIHAN
U+81CD	臍	セイ,サイ,へそ,ほぞ	sei,sai,heso,hozo	0,0,0,0	0,0,0,0	KANJIDIC,PYPINYIN,UNIHAN,WORDSHK_CHARS
U+81CE	臎	スイ	sui	0	0	KANJIDIC,PYPINYIN,UNIHAN
U+81CF	臏	ヒン	hin	0	0	KANJIDIC,PYPINYIN,UNIHAN,WORDSHK_CHARS
U+81D1	臑	ジ,ドウ,ジュ,デイ,すね	ji,dou,ju,dei,sune	0,0,0,0,0	0,0,0,0,0	KANJIDIC,PYPINYIN,UNIHAN
U+81D3	臓	ゾウ,はらわた	zou,harawata	0,0	0,0	KANJIDIC,PYPINYIN,UNIHAN
U+81D5	臕	ヒョウ	hyou	0	0	KANJIDIC,PYPINYIN,UNIHAN
U+81D7	臗	コン,カン,からだ	kon,kan,karada	0,0,0	0,0,0	KANJIDIC,PYPINYIN,UNIHAN
U+81D8	臘	ロウ	rou	0	0	KANJIDIC,PYPINYIN,UNIHAN,WORDSHK_CHARS
U+81D9	臙	エン,のど,べに	en,nodo,beni	0,0,0	0,0,0	KANJIDIC,PYPINYIN,UNIHAN
U+81DA	臚	ロ,リョ	ro,ryo	0,0	0,0	KANJIDIC,PYPINYIN,UNIHAN
U+81DB	臛	コク,カク,あつもの	koku,kaku,atsumono	0,0,0	0,0,0	KANJIDIC,PYPINYIN,UNIHAN
U+81DD	臝	ラ,はだか	ra,hadaka	0,0	0,0	KANJIDIC,PYPINYIN,UNIHAN
U+81DE	臞	ク,やせる	ku,yaseru	0,0	0,0	KANJIDIC,PYPINYIN,UNIHAN
U+81DF	臟	ゾウ,はらわた	zou,harawata	0,0	0,0	KANJIDIC,PYPINYIN,UNIHAN,WORDSHK_CHARS
U+81E0	臠	レン,きりみ	ren,kirimi	0,0	0,0	KANJIDIC,PYPINYIN,UNIHAN,WORDSHK_CHARS
U+81E1	臡	デイ,ナイ,ゼイ,ひしお	dei,nai,zei,hishio	0,0,0,0	0,0,0,0	KANJIDIC,PYPINYIN,UNIHAN
U+81E3	臣	シン,ジン	shin,jin	0,0	0,0	KANJIDIC,PYPINYIN,UNIHAN,WORDSHK_CHARS
U+81E4	臤	カン,ケン,コウ,キョウ,かたい	kan,ken,kou,kyou,katai	0,0,0,0,0	0,0,0,0,0	KANJIDIC,PYPINYIN,UNIHAN
U+81E5	臥	ガ,ふせる,ふす	ga,fuseru,fusu	0,0,0	0,0,0	KANJIDIC,PYPINYIN,UNIHAN,WORDSHK_CHARS
U+81E7	臧	ゾウ,ソウ,よい	zou,sou,yoi	0,0,0	0,0,0	KANJIDIC,PYPINYIN,UNIHAN
U+81E8	臨	リン,のぞむ	rin,nozomu	0,0	0,0	KANJIDIC,PYPINYIN,UNIHAN,WORDSHK_CHARS
U+81EA	自	ジ,シ,みずから,おのずから,おのずと	ji,shi,mizukara,onozukara,onozuto	0,0,0,0,0	0,0,0,0,0	KANJIDIC,PYPINYIN,UNIHAN,WORDSHK_CHARS
U+81EB	臫	キョウ,つつしむ	kyou,tsutsushimu	0,0	0,0	KANJIDIC,PYPINYIN,UNIHAN
U+81EC	臬	ゲツ	getsu	0	0	KANJIDIC,PYPINYIN,UNIHAN
U+81ED	臭	シュウ,くさい,におう,におい	shuu,kusai,niou,nioi	0,0,0,0	0,0,0,0	KANJIDIC,PYPINYIN,UNIHAN,WORDSHK_CHARS
U+81F0	臰	シュウ,くさい,におう	shuu,kusai,niou	0,0,0	0,0,0	KANJIDIC,PYPINYIN,UNIHAN
U+81F1	臱	ベン,メン	ben,men	0,0	0,0	KANJIDIC,PYPINYIN,UNIHAN
U+81F2	臲	ゲツ,ゲチ,あやうい	getsu,gechi,ayaui	0,0,0	0,0,0	KANJIDIC,PYPINYIN,UNIHAN
U+81F3	至	シ,いたる	shi,itaru	0,0	0,0	KANJIDIC,PYPINYIN,UNIHAN,WORDSHK_CHARS
U+81F4	致	チ,いたす	chi,itasu	0,0	0,0	KANJIDIC,PYPINYIN,UNIHAN,WORDSHK_CHARS
U+81F5	臵	カク,いたる	kaku,itaru	0,0	0,0	KANJIDIC,PYPINYIN,UNIHAN
U+81F6	臶	セン,ソン,ふたたび	sen,son,futatabi	0,0,0	0,0,0	KANJIDIC,PYPINYIN,UNIHAN
U+81F8	臸	ジツ,ニチ,チョク,チキ,シン,シ,いたる	jitsu,nichi,choku,chiki,shin,shi,itaru	0,0,0,0,0,0,0	0,0,0,0,0,0,0	KANJIDIC,PYPINYIN,UNIHAN
U+81F9	臹	シュウ,シュ,ならう	shuu,shu,narau	0,0,0	0,0,0	KANJIDIC,PYPINYIN,UNIHAN
U+81FA	臺	ダイ,タイ,うてな,われ,つかさ	dai,tai,utena,ware,tsukasa	0,0,0,0,0	0,0,0,0,0	KANJIDIC,PYPINYIN,UNIHAN,WORDSHK_CHARS
U+81FB	臻	シン,いたる	shin,itaru	0,0	0,0	KANJIDIC,PYPINYIN,UNIHAN
U+81FC	臼	キュウ,グ,うす,うすづく	kyuu,gu,usu,usuzuku	0,0,0,0	0,0,0,0	KANJIDIC,PYPINYIN,UNIHAN,WORDSHK_CHARS
U+81FD	臽	カン,ゲン,コン,おとしあな	kan,gen,kon,otoshiana	0,0,0,0	0,0,0,0	KANJIDIC,PYPINYIN,UNIHAN
U+81FE	臾	ユ,ヨ,ヨウ	yu,yo,you	0,0,0	0,0,0	KANJIDIC,PYPINYIN,UNIHAN
U+81FF	臿	ソウ,ショウ,うすじく	sou,shou,usujiku	0,0,0	0,0,0	KANJIDIC,PYPINYIN,UNIHAN
U+8200	舀	ヨウ,くむ	you,kumu	0,0	0,0	KANJIDIC,PYPINYIN,UNIHAN,WORDSHK_CHARS
U+8201	舁	ヨ,かく	yo,kaku	0,0	0,0	KANJIDIC,PYPINYIN,UNIHAN
U+8202	舂	ショウ,うすつく,うすづく,つく	shou,usutsuku,usuzuku,tsuku	0,0,0,0	0,0,0,0	KANJIDIC,PYPINYIN,UNIHAN,WORDSHK_CHARS
U+8203	舃	シャク,サク,セキ,タク,かささぎ	shaku,saku,seki,taku,kasasagi	0,0,0,0,0	0,0,0,0,0	KANJIDIC,PYPINYIN,UNIHAN
U+8204	舄	シャク,サク,セキ,タク,かささぎ	shaku,saku,seki,taku,kasasagi	0,0,0,0,0	0,0,0,0,0	KANJIDIC,PYPINYIN,UNIHAN
U+8205	舅	キュウ,しゅうと	kyuu,shuuto	0,0	0,0	KANJIDIC,PYPINYIN,UNIHAN,WORDSHK_CHARS
U+8207	與	ヨ,あたえる,あずかる,くみする,ともに	yo,ataeru,azukaru,kumisuru,tomoni	0,0,0,0,0	0,0,0,0,0	KANJIDIC,PYPINYIN,UNIHAN,WORDSHK_CHARS
U+8208	興	コウ,キョウ,おこる,おこす	kou,kyou,okoru,okosu	0,0,0,0	0,0,0,0	KANJIDIC,PYPINYIN,UNIHAN,WORDSHK_CHARS
U+8209	舉	キョ,あげる,あがる,こぞる	kyo,ageru,agaru,kozoru	0,0,0,0	0,0,0,0	KANJIDIC,PYPINYIN,UNIHAN,WORDSHK_CHARS
U+820A	舊	キュウ,ふるい,もと	kyuu,furui,moto	0,0,0	0,0,0	KANJIDIC,PYPINYIN,UNIHAN,WORDSHK_CHARS
U+820C	舌	ゼツ,した	zetsu,shita	0,0	0,0	KANJIDIC,PYPINYIN,UNIHAN,WORDSHK_CHARS
U+820D	舍	セキ,シャ,やどる	seki,sha,yadoru	0,0,0	0,0,0	KANJIDIC,PYPINYIN,UNIHAN,WORDSHK_CHARS
U+820E	舎	シャ,セキ,やどる	sha,seki,yadoru	0,0,0	0,0,0	KANJIDIC,PYPINYIN,UNIHAN
U+820F	舏	キュウ,ク,なめとる	kyuu,ku,nametoru	0,0,0	0,0,0	KANJIDIC,PYPINYIN,UNIHAN
U+8210	舐	シ,ねぶる,なめる	shi,neburu,nameru	0,0,0	0,0,0	KANJIDIC,PYPINYIN,UNIHAN,WORDSHK_CHARS
U+8212	舒	ジョ,ショ,のべる	jo,sho,noberu	0,0,0	0,0,0	KANJIDIC,PYPINYIN,UNIHAN,WORDSHK_CHARS
U+8213	舓	シ,ねぶる,なめる	shi,neburu,nameru	0,0,0	0,0,0	KANJIDIC,PYPINYIN,UNIHAN
U+8214	舔	テン,なめる	ten,nameru	0,0	0,0	KANJIDIC,PYPINYIN,UNIHAN,WORDSHK_CHARS
U+8216	舖	ホ	ho	0	0	KANJIDIC,PYPINYIN,UNIHAN,WORDSHK_CHARS
U+8217	舗	ホ	ho	0	0	KANJIDIC,PYPINYIN,UNIHAN
U+8218	舘	カン,やかた,たて	kan,yakata,tate	0,0,0	0,0,0	KANJIDIC,PYPINYIN,UNIHAN
U+8219	舙	カン,クウ,ゲ,たばかる	kan,kuu,ge,tabakaru	0,0,0,0	0,0,0,0	KANJIDIC,PYPINYIN,UNIHAN
U+821A	舚	テン	ten	0	0	KANJIDIC,PYPINYIN,UNIHAN
U+821B	舛	ブ,セン,まい,そむく	bu,sen,mai,somuku	0,0,0,0	0,0,0,0	KANJIDIC,PYPINYIN,UNIHAN
U+821C	舜	シュン	shun	0	0	KANJIDIC,PYPINYIN,UNIHAN,WORDSHK_CHARS
U+821D	舝	カツ,ゲチ,くさび	katsu,gechi,kusabi	0,0,0	0,0,0	KANJIDIC,PYPINYIN,UNIHAN
U+821E	舞	ブ,まう,まい	bu,mau,mai	0,0,0	0,0,0	KANJIDIC,PYPINYIN,UNIHAN,WORDSHK_CHARS
U+821F	舟	シュウ,ふね,ふな,ぶね	shuu,fune,funa,bune	0,0,0,0	0,0,0,0	KANJIDIC,PYPINYIN,UNIHAN,WORDSHK_CHARS
U+8221	舡	コウ,セン,ふね	kou,sen,fune	0,0,0	0,0,0	KANJIDIC,PYPINYIN,UNIHAN
U+8222	舢	サン	san	0	0	KANJIDIC,PYPINYIN,UNIHAN,WORDSHK_CHARS
U+8228	舨	ハン	han	0	0	KANJIDIC,PYPINYIN,UNIHAN,WORDSHK_CHARS
U+8229	舩	セン,ふね,ふな	sen,fune,funa	0,0,0	0,0,0	KANJIDIC,PYPINYIN,UNIHAN
U+822A	航	コウ	kou	0	0	KANJIDIC,PYPINYIN,UNIHAN,WORDSHK_CHARS
U+822B	舫	ホウ,もやう,もやいぶね	hou,moyau,moyaibune	0,0,0	0,0,0	KANJIDIC,PYPINYIN,UNIHAN,WORDSHK_CHARS
U+822C	般	ハン	han	0	0	KANJIDIC,PYPINYIN,UNIHAN,WORDSHK_CHARS
U+822E	舮	ロ,とも,へさき	ro,tomo,hesaki	0,0,0	0,0,0	KANJIDIC,PYPINYIN,UNIHAN
U+8232	舲	レイ,リョウ,こぶね	rei,ryou,kobune	0,0,0	0,0,0	KANJIDIC,PYPINYIN,UNIHAN
U+8233	舳	ジク,チク,チュウ,へ,へさき	jiku,chiku,chuu,he,hesaki	0,0,0,0,0	0,0,0,0,0	KANJIDIC,PYPINYIN,UNIHAN
U+8234	舴	タク,チャク,サク,シャク	taku,chaku,saku,shaku	0,0,0,0	0,0,0,0	KANJIDIC,PYPINYIN,UNIHAN
U+8235	舵	ダ,タ,かじ	da,ta,kaji	0,0,0	0,0,0	KANJIDIC,PYPINYIN,UNIHAN,WORDSHK_CHARS
U+8236	舶	ハク	haku	0	0	KANJIDIC,PYPINYIN,UNIHAN,WORDSHK_CHARS
U+8237	舷	ゲン,ふなばた,ふなべり	gen,funabata,funaberi	0,0,0	0,0,0	KANJIDIC,PYPINYIN,UNIHAN
U+8238	舸	カ,ふね	ka,fune	0,0	0,0	KANJIDIC,PYPINYIN,UNIHAN
U+8239	船	セン,ふね,ふな	sen,fune,funa	0,0,0	0,0,0	KANJIDIC,PYPINYIN,UNIHAN,WORDSHK_CHARS
U+823A	舺	コウ,ギョウ,ふね	kou,gyou,fune	0,0,0	0,0,0	KANJIDIC,PYPINYIN,UNIHAN
U+8240	艀	フ,はしけ	fu,hashike	0,0	0,0	KANJIDIC,PYPINYIN,UNIHAN
U+8243	艃	リ	ri	0	0	KANJIDIC,PYPINYIN,UNIHAN
U+8244	艄	ソウ,ショウ,とも	sou,shou,tomo	0,0,0	0,0,0	KANJIDIC,PYPINYIN,UNIHAN
U+8245	艅	ヨ	yo	0	0	KANJIDIC,PYPINYIN,UNIHAN
U+8246	艆	ロウ,ふね,ふなばた	rou,fune,funabata	0,0,0	0,0,0	KANJIDIC,PYPINYIN,UNIHAN
U+8247	艇	テイ	tei	0	0	KANJIDIC,PYPINYIN,UNIHAN,WORDSHK_CHARS
U+824B	艋	ボウ,モウ,ミョウ,ふね	bou,mou,myou,fune	0,0,0,0	0,0,0,0	KANJIDIC,PYPINYIN,UNIHAN,WORDSHK_CHARS
U+824E	艎	コウ,オウ,ふね	kou,ou,fune	0,0,0	0,0,0	KANJIDIC,PYPINYIN,UNIHAN
U+824F	艏	シュウ,オウ,ふね	shuu,ou,fune	0,0,0	0,0,0	KANJIDIC,PYPINYIN,UNIHAN
U+8251	艑	ヘン	hen	0	0	KANJIDIC,PYPINYIN,UNIHAN
U+8256	艖	サ,シャ,サイ,セ,こぶね,ふね	sa,sha,sai,se,kobune,fune	0,0,0,0,0,0	0,0,0,0,0,0	KANJIDIC,PYPINYIN,UNIHAN
U+8258	艘	ショウ,シュウ,ソウ,ふね	shou,shuu,sou,fune	0,0,0,0	0,0,0,0	KANJIDIC,PYPINYIN,UNIHAN,WORDSHK_CHARS
U+8259	艙	ソウ	sou	0	0	KANJIDIC,PYPINYIN,UNIHAN,WORDSHK_CHARS
U+825A	艚	ソウ	sou	0	0	KANJIDIC,PYPINYIN,UNIHAN
U+825C	艜	タイ	tai	0	0	KANJIDIC,PYPINYIN,UNIHAN
U+825D	艝	そり	sori	0	0	KANJIDIC,PYPINYIN,UNIHAN
U+825F	艟	ドウ,ショウ,トウ,いくさぶね	dou,shou,tou,ikusabune	0,0,0,0	0,0,0,0	KANJIDIC,PYPINYIN,UNIHAN
U+8260	艠	トウ,よふね	tou,yofune	0,0	0,0	KANJIDIC,PYPINYIN,UNIHAN
U+8262	艢	ロ,ショウ,ゾウ,とも,ほばしら	ro,shou,zou,tomo,hobashira	0,0,0,0,0	0,0,0,0,0	KANJIDIC,PYPINYIN,UNIHAN
U+8263	艣	ロ,やぐら,かい	ro,yagura,kai	0,0,0	0,0,0	KANJIDIC,PYPINYIN,UNIHAN
U+8264	艤	ギ,ふなよそおい	gi,funayosooi	0,0	0,0	KANJIDIC,PYPINYIN,UNIHAN
U+8266	艦	カン	kan	0	0	KANJIDIC,PYPINYIN,UNIHAN,WORDSHK_CHARS
U+8267	艧	ワク,ふね	waku,fune	0,0	0,0	KANJIDIC,PYPINYIN,UNIHAN
U+8268	艨	モウ,ボウ,いくさぶね	mou,bou,ikusabune	0,0,0	0,0,0	KANJIDIC,PYPINYIN,UNIHAN
U+826A	艪	ロ,やぐら,かい	ro,yagura,kai	0,0,0	0,0,0	KANJIDIC,PYPINYIN,UNIHAN
U+826B	艫	ロ,とも	ro,tomo	0,0	0,0	KANJIDIC,PYPINYIN,UNIHAN
U+826D	艭	ソウ	sou	0	0	KANJIDIC,PYPINYIN,UNIHAN
U+826E	艮	コン,ゴン,うしとら	kon,gon,ushitora	0,0,0	0,0,0	KANJIDIC,PYPINYIN,UNIHAN,WORDSHK_CHARS
U+826F	良	リョウ,よい,いい	ryou,yoi,ii	0,0,0	0,0,0	KANJIDIC,PYPINYIN,UNIHAN,WORDSHK_CHARS
U+8271	艱	カン,ケン,なやむ,かたい,なやみ	kan,ken,nayamu,katai,nayami	0,0,0,0,0	0,0,0,0,0	KANJIDIC,PYPINYIN,UNIHAN,WORDSHK_CHARS
U+8272	色	ショク,シキ,いろ	shoku,shiki,iro	0,0,0	0,0,0	KANJIDIC,PYPINYIN,UNIHAN,WORDSHK_CHARS
U+8274	艴	ホツ,フツ,フチ,ハイ,おこる	hotsu,futsu,fuchi,hai,okoru	0,0,0,0,0	0,0,0,0,0	KANJIDIC,PYPINYIN,UNIHAN
U+8276	艶	エン,つや,なまめかしい,あでやか,つやめく,なまめく	en,tsuya,namamekashii,adeyaka,tsuyameku,namameku	0,0,0,0,0,0	0,0,0,0,0,0	KANJIDIC,PYPINYIN,UNIHAN
U+8277	艷	エン,つや,なまめかしい,あでやか,つやめく,なまめく	en,tsuya,namamekashii,adeyaka,tsuyameku,namameku	0,0,0,0,0,0	0,0,0,0,0,0	KANJIDIC,PYPINYIN,UNIHAN
U+8278	艸	ソウ,くさ	sou,kusa	0,0	0,0	KANJIDIC,PYPINYIN,UNIHAN
U+827B	艻	ロク,キョク,ゆびのまた,なつめ	roku,kyoku,yubinomata,natsume	0,0,0,0	0,0,0,0	KANJIDIC,PYPINYIN,UNIHAN
U+827D	艽	キュウ,グ,キ,あれの	kyuu,gu,ki,areno	0,0,0,0	0,0,0,0	KANJIDIC,PYPINYIN,UNIHAN
U+827E	艾	カイ,ゲイ,もぐさ,よもぎ,おさめる,かる	kai,gei,mogusa,yomogi,osameru,karu	0,0,0,0,0,0	0,0,0,0,0,0	KANJIDIC,PYPINYIN,UNIHAN,WORDSHK_CHARS
U+827F	艿	ジョウ,ニョウ,ジ,ニ	jou,nyou,ji,ni	0,0,0,0	0,0,0,0	KANJIDIC,PYPINYIN,UNIHAN
U+8280	芀	チョウ,ショウ	chou,shou	0,0	0,0	KANJIDIC,PYPINYIN,UNIHAN
U+8281	芁	コウ	kou	0	0	KANJIDIC,PYPINYIN,UNIHAN
U+8283	芃	ホウ,ブ,フウ,さかん	hou,bu,fuu,sakan	0,0,0,0	0,0,0,0	KANJIDIC,PYPINYIN,UNIHAN
U+8284	芄	カン,ががいも	kan,gagaimo	0,0	0,0	KANJIDIC,PYPINYIN,UNIHAN
U+8287	芇	ベン,メン,バン,マン,あたる,じご	ben,men,ban,man,ataru,jigo	0,0,0,0,0,0	0,0,0,0,0,0	KANJIDIC,PYPINYIN,UNIHAN
U+8289	芉	カイ,カン,はとむぎ	kai,kan,hatomugi	0,0,0	0,0,0	KANJIDIC,PYPINYIN,UNIHAN
U+828A	芊	セン,しげる	sen,shigeru	0,0	0,0	KANJIDIC,PYPINYIN,UNIHAN
U+828B	芋	ウ,いも	u,imo	0,0	0,0	KANJIDIC,PYPINYIN,UNIHAN,WORDSHK_CHARS
U+828D	芍	シャク	shaku	0	0	KANJIDIC,PYPINYIN,UNIHAN,WORDSHK_CHARS
U+828E	芎	キュウ,ク	kyuu,ku	0,0	0,0	KANJIDIC,PYPINYIN,UNIHAN
U+8291	芑	キ,ちさ	ki,chisa	0,0	0,0	KANJIDIC,PYPINYIN,UNIHAN
U+8292	芒	ボウ,コウ,モウ,すすき,のぎ,のげ	bou,kou,mou,susuki,nogi,noge	0,0,0,0,0,0	0,0,0,0,0,0	KANJIDIC,PYPINYIN,UNIHAN,WORDSHK_CHARS
U+8294	芔	キ,ケ,くさ	ki,ke,kusa	0,0,0	0,0,0	KANJIDIC,PYPINYIN,UNIHAN
U+8296	芖	チ,おさめる,おさまる	chi,osameru,osamaru	0,0,0	0,0,0	KANJIDIC,PYPINYIN,UNIHAN
U+8298	芘	ヒ	hi	0	0	KANJIDIC,PYPINYIN,UNIHAN
U+8299	芙	フ	fu	0	0	KANJIDIC,PYPINYIN,UNIHAN,WORDSHK_CHARS
U+829A	芚	トン,チュン	ton,chun	0,0	0,0	KANJIDIC,PYPINYIN,UNIHAN
U+829B	芛	イ,シュン,シュツ,ジュチ	i,shun,shutsu,juchi	0,0,0,0	0,0,0,0	KANJIDIC,PYPINYIN,UNIHAN
U+829D	芝	シ,しば	shi,shiba	0,0	0,0	KANJIDIC,PYPINYIN,UNIHAN,WORDSHK_CHARS
U+829F	芟	セン,サン,かる	sen,san,karu	0,0,0	0,0,0	KANJIDIC,PYPINYIN,UNIHAN
U+82A0	芠	ブン,モン,ゆきのした	bun,mon,yukinoshita	0,0,0	0,0,0	KANJIDIC,PYPINYIN,UNIHAN
U+82A1	芡	ケン	ken	0	0	KANJIDIC,PYPINYIN,UNIHAN,WORDSHK_CHARS
U+82A3	芣	フウ,フ,さかん	fuu,fu,sakan	0,0,0	0,0,0	KANJIDIC,PYPINYIN,UNIHAN
U+82A4	芤	コウ,ク,ねぎ	kou,ku,negi	0,0,0	0,0,0	KANJIDIC,PYPINYIN,UNIHAN
U+82A5	芥	カイ,ケ,からし,ごみ,あくた	kai,ke,karashi,gomi,akuta	0,0,0,0,0	0,0,0,0,0	KANJIDIC,PYPINYIN,UNIHAN,WORDSHK_CHARS
U+82A6	芦	ロ,あし,よし	ro,ashi,yoshi	0,0,0	0,0,0	KANJIDIC,PYPINYIN,UNIHAN
U+82A7	芧	チョ,ショ,ヨ,みくり	cho,sho,yo,mikuri	0,0,0,0	0,0,0,0	KANJIDIC,PYPINYIN,UNIHAN
U+82A8	芨	キュウ,コウ,そくず	kyuu,kou,sokuzu	0,0,0	0,0,0	KANJIDIC,PYPINYIN,UNIHAN
U+82A9	芩	キン,ゴン,ケン,じしばり	kin,gon,ken,jishibari	0,0,0,0	0,0,0,0	KANJIDIC,PYPINYIN,UNIHAN
U+82AA	芪	キ,シ,チ,はなすげ	ki,shi,chi,hanasuge	0,0,0,0	0,0,0,0	KANJIDIC,PYPINYIN,UNIHAN,WORDSHK_CHARS
U+82AB	芫	ゲン,ガン	gen,gan	0,0	0,0	KANJIDIC,PYPINYIN,UNIHAN,WORDSHK_CHARS
U+82AC	芬	フン,かおり,こうばしい	fun,kaori,koubashii	0,0,0	0,0,0	KANJIDIC,PYPINYIN,UNIHAN,WORDSHK_CHARS
U+82AD	芭	バ,ハ	ba,ha	0,0	0,0	KANJIDIC,PYPINYIN,UNIHAN,WORDSHK_CHARS
U+82AE	芮	ゼイ,ネイ,ゼツ,ネチ	zei,nei,zetsu,nechi	0,0,0,0	0,0,0,0	KANJIDIC,PYPINYIN,UNIHAN,WORDSHK_CHARS
U+82AF	芯	シン	shin	0	0	KANJIDIC,PYPINYIN,UNIHAN,WORDSHK_CHARS
U+82B0	芰	キ,ひし	ki,hishi	0,0	0,0	KANJIDIC,PYPINYIN,UNIHAN
U+82B1	花	カ,ケ,はな	ka,ke,hana	0,0,0	0,0,0	KANJIDIC,PYPINYIN,UNIHAN,WORDSHK_CHARS
U+82B2	芲	カ,ケ,はな	ka,ke,hana	0,0,0	0,0,0	KANJIDIC,PYPINYIN,UNIHAN
U+82B3	芳	ホウ,かんばしい	hou,kanbashii	0,0	0,0	KANJIDIC,PYPINYIN,UNIHAN,WORDSHK_CHARS
U+82B4	芴	ブツ,モチ,コツ,コチ	butsu,mochi,kotsu,kochi	0,0,0,0	0,0,0,0	KANJIDIC,PYPINYIN,UNIHAN
U+82B7	芷	シ,くさ	shi,kusa	0,0	0,0	KANJIDIC,PYPINYIN,UNIHAN
U+82B8	芸	ゲイ,ウン,うえる,のり,わざ	gei,un,ueru,nori,waza	0,0,0,0,0	0,0,0,0,0	KANJIDIC,PYPINYIN,UNIHAN,WORDSHK_CHARS
U+82B9	芹	キン,せり	kin,seri	0,0	0,0	KANJIDIC,PYPINYIN,UNIHAN,WORDSHK_CHARS
U+82BA	芺	オウ,ヨウ,あざみ	ou,you,azami	0,0,0	0,0,0	KANJIDIC,PYPINYIN,UNIHAN
U+82BB	芻	スウ,シュウ,ス,まぐさ	suu,shuu,su,magusa	0,0,0,0	0,0,0,0	KANJIDIC,PYPINYIN,UNIHAN,WORDSHK_CHARS
U+82BC	芼	ボウ,モウ,はびこる	bou,mou,habikoru	0,0,0	0,0,0	KANJIDIC,PYPINYIN,UNIHAN
U+82BD	芽	ガ,め	ga,me	0,0	0,0	KANJIDIC,PYPINYIN,UNIHAN,WORDSHK_CHARS
U+82BE	芾	ヒ,ハイ,フツ,フチ	hi,hai,futsu,fuchi	0,0,0,0	0,0,0,0	KANJIDIC,PYPINYIN,UNIHAN
U+82BF	芿	ジョウ,ニョウ	jou,nyou	0,0	0,0	KANJIDIC,PYPINYIN,UNIHAN
U+82C5	苅	ガイ,カイ,かる	gai,kai,karu	0,0,0	0,0,0	KANJIDIC,PYPINYIN,UNIHAN
U+82C6	苆	すさ,つた	susa,tsuta	0,0	0,0	KANJIDIC,PYPINYIN,UNIHAN
U+82D0	苐	テイ,ダイ,イ,つばな	tei,dai,i,tsubana	0,0,0,0	0,0,0,0	KANJIDIC,PYPINYIN,UNIHAN
U+82D1	苑	エン,オン,その,うつ	en,on,sono,utsu	0,0,0,0	0,0,0,0	KANJIDIC,PYPINYIN,UNIHAN,WORDSHK_CHARS
U+82D2	苒	ゼン	zen	0	0	KANJIDIC,PYPINYIN,UNIHAN
U+82D3	苓	レイ,リョウ,みみなぐさ	rei,ryou,miminagusa	0,0,0	0,0,0	KANJIDIC,PYPINYIN,UNIHAN,WORDSHK_CHARS
U+82D4	苔	タイ,こけ,こけら	tai,koke,kokera	0,0,0	0,0,0	KANJIDIC,PYPINYIN,UNIHAN,WORDSHK_CHARS
U+82D5	苕	チョウ,ショウ,えんどう	chou,shou,endou	0,0,0	0,0,0	KANJIDIC,PYPINYIN,UNIHAN
U+82D7	苗	ビョウ,ミョウ,なえ,なわ	byou,myou,nae,nawa	0,0,0,0	0,0,0,0	KANJIDIC,PYPINYIN,UNIHAN,WORDSHK_CHARS
U+82D9	苙	リュウ,キュウ	ryuu,kyuu	0,0	0,0	KANJIDIC,PYPINYIN,UNIHAN
U+82DA	苚	ヨウ,ユ	you,yu	0,0	0,0	KANJIDIC,PYPINYIN,UNIHAN
U+82DB	苛	カ,いじめる,さいなむ,いらだつ,からい,こまかい	ka,ijimeru,sainamu,iradatsu,karai,komakai	0,0,0,0,0,0	0,0,0,0,0,0	KANJIDIC,PYPINYIN,UNIHAN,WORDSHK_CHARS
U+82DC	苜	モク,ボク	moku,boku	0,0	0,0	KANJIDIC,PYPINYIN,UNIHAN
U+82DE	苞	ホウ,ヒョウ,つと	hou,hyou,tsuto	0,0,0	0,0,0	KANJIDIC,PYPINYIN,UNIHAN,WORDSHK_CHARS
U+82DF	苟	コウ,ク,いやしくも	kou,ku,iyashikumo	0,0,0	0,0,0	KANJIDIC,PYPINYIN,UNIHAN,WORDSHK_CHARS
U+82E0	苠	ビン,ミン,おおい	bin,min,ooi	0,0,0	0,0,0	KANJIDIC,PYPINYIN,UNIHAN
U+82E1	苡	イ,シ,ワ,くさ	i,shi,wa,kusa	0,0,0,0	0,0,0,0	KANJIDIC,PYPINYIN,UNIHAN
U+82E2	苢	イ,シ,ワ,くさ	i,shi,wa,kusa	0,0,0,0	0,0,0,0	KANJIDIC,PYPINYIN,UNIHAN
U+82E3	苣	キョ,ちしゃ	kyo,chisha	0,0	0,0	KANJIDIC,PYPINYIN,UNIHAN
U+82E4	苤	ヒ	hi	0	0	KANJIDIC,PYPINYIN,UNIHAN
U+82E5	若	ジャク,ニャク,ニャ,わかい,わか,もしくわ,もし,もしくは,ごとし	jaku,nyaku,nya,wakai,waka,moshikuwa,moshi,moshikuha,gotoshi	0,0,0,0,0,0,0,0,0	0,0,0,0,0,0,0,0,0	KANJIDIC,PYPINYIN,UNIHAN,WORDSHK_CHARS
U+82E6	苦	ク,くるしい,ぐるしい,くるしむ,くるしめる,にがい,にがる	ku,kurushii,gurushii,kurushimu,kurushimeru,nigai,nigaru	0,0,0,0,0,0,0	0,0,0,0,0,0,0	KANJIDIC,PYPINYIN,UNIHAN,WORDSHK_CHARS
U+82E7	苧	チョ,お,からんし,からむし	cho,o,karanshi,karamushi	0,0,0,0	0,0,0,0	KANJIDIC,PYPINYIN,UNIHAN
U+82E8	苨	デイ,ナイ,つりがねそう	dei,nai,tsuriganesou	0,0,0	0,0,0	KANJIDIC,PYPINYIN,UNIHAN
U+82EA	苪	ヘイ,ヒョウ,あきらか	hei,hyou,akiraka	0,0,0	0,0,0	KANJIDIC,PYPINYIN,UNIHAN
U+82EB	苫	セン,とま	sen,toma	0,0	0,0	KANJIDIC,PYPINYIN,UNIHAN,WORDSHK_CHARS
U+82ED	苭	ヨウ	you	0	0	KANJIDIC,PYPINYIN,UNIHAN
U+82EF	苯	ホン	hon	0	0	KANJIDIC,PYPINYIN,UNIHAN,WORDSHK_CHARS
U+82F1	英	エイ,はなぶさ	ei,hanabusa	0,0	0,0	KANJIDIC,PYPINYIN,UNIHAN,WORDSHK_CHARS
U+82F3	苳	トウ,ふき	tou,fuki	0,0	0,0	KANJIDIC,PYPINYIN,UNIHAN
U+82F4	苴	ソ,サ,シャ,ショ,つと,あさ	so,sa,sha,sho,tsuto,asa	0,0,0,0,0,0	0,0,0,0,0,0	KANJIDIC,PYPINYIN,UNIHAN,WORDSHK_CHARS
U+82F6	苶	デツ,ネチ,ジョウ,ニョウ,つかれる	detsu,nechi,jou,nyou,tsukareru	0,0,0,0,0	0,0,0,0,0	KANJIDIC,PYPINYIN,UNIHAN
U+82F7	苷	カン,コン	kan,kon	0,0	0,0	KANJIDIC,PYPINYIN,UNIHAN
U+82F9	苹	ヘイ,ビョウ,ホウ,ほ	hei,byou,hou,ho	0,0,0,0	0,0,0,0	KANJIDIC,PYPINYIN,UNIHAN
U+82FA	苺	バイ,マイ,いちご	bai,mai,ichigo	0,0,0	0,0,0	KANJIDIC,PYPINYIN,UNIHAN
U+82FB	苻	フ	fu	0	0	KANJIDIC,PYPINYIN,UNIHAN
U+82FD	苽	コ,こも,まこも	ko,komo,makomo	0,0,0	0,0,0	KANJIDIC,PYPINYIN,UNIHAN
U+82FE	苾	ヒツ,ビチ,ヘツ,かおる	hitsu,bichi,hetsu,kaoru	0,0,0,0	0,0,0,0	KANJIDIC,PYPINYIN,UNIHAN
U+8300	茀	フツ,ブチ,ホツ,ボチ,ヒ,ふさぐ	futsu,buchi,hotsu,bochi,hi,fusagu	0,0,0,0,0,0	0,0,0,0,0,0	KANJIDIC,PYPINYIN,UNIHAN
U+8301	茁	サツ,セチ,キツ,キチ,めばえ	satsu,sechi,kitsu,kichi,mebae	0,0,0,0,0	0,0,0,0,0	KANJIDIC,PYPINYIN,UNIHAN,WORDSHK_CHARS
U+8302	茂	モ,しげる	mo,shigeru	0,0	0,0	KANJIDIC,PYPINYIN,UNIHAN,WORDSHK_CHARS
U+8303	范	ハン,いがた	han,igata	0,0	0,0	KANJIDIC,PYPINYIN,UNIHAN,WORDSHK_CHARS
U+8304	茄	カ	ka	0	0	KANJIDIC,PYPINYIN,UNIHAN,WORDSHK_CHARS
U+8305	茅	ボウ,ミョウ,かや,ちがや	bou,myou,kaya,chigaya	0,0,0,0	0,0,0,0	KANJIDIC,PYPINYIN,UNIHAN,WORDSHK_CHARS
U+8306	茆	エン,ボウ,その,かや,ぬなわ	en,bou,sono,kaya,nunawa	0,0,0,0,0	0,0,0,0,0	KANJIDIC,PYPINYIN,UNIHAN
U+8307	茇	ハツ,バチ,ハイ,フツ,フチ,ね	hatsu,bachi,hai,futsu,fuchi,ne	0,0,0,0,0,0	0,0,0,0,0,0	KANJIDIC,PYPINYIN,UNIHAN
U+8308	茈	シ,サイ,ジュ,むらさき	shi,sai,ju,murasaki	0,0,0,0	0,0,0,0	KANJIDIC,PYPINYIN,UNIHAN
U+8309	茉	マツ,バツ,マ	matsu,batsu,ma	0,0,0	0,0,0	KANJIDIC,PYPINYIN,UNIHAN,WORDSHK_CHARS
U+830A	茊	シ,ここ,しげる	shi,koko,shigeru	0,0,0	0,0,0	KANJIDIC,PYPINYIN,UNIHAN
U+830B	茋	シ,つりがねそう	shi,tsuriganesou	0,0	0,0	KANJIDIC,PYPINYIN,UNIHAN
U+830E	茎	ケイ,キョウ,くき	kei,kyou,kuki	0,0,0	0,0,0	KANJIDIC,PYPINYIN,UNIHAN
U+8316	茖	カク	kaku	0	0	KANJIDIC,PYPINYIN,UNIHAN
U+8317	茗	ミョウ,メイ,ちゃ	myou,mei,cha	0,0,0	0,0,0	KANJIDIC,PYPINYIN,UNIHAN,WORDSHK_CHARS
U+8318	茘	レイ,リ,レン,おおにら	rei,ri,ren,oonira	0,0,0,0	0,0,0,0	KANJIDIC,PYPINYIN,UNIHAN,WORDSHK_CHARS
U+831B	茛	コン,ケン,とりかぶと	kon,ken,torikabuto	0,0,0	0,0,0	KANJIDIC,PYPINYIN,UNIHAN
U+831C	茜	セン,あかね	sen,akane	0,0	0,0	KANJIDIC,PYPINYIN,UNIHAN,WORDSHK_CHARS
U+831D	茝	サイ,セイ,シ,よろいぐさ	sai,sei,shi,yoroigusa	0,0,0,0	0,0,0,0	KANJIDIC,PYPINYIN,UNIHAN
U+831E	茞	シン	shin	0	0	KANJIDIC,PYPINYIN,UNIHAN
U+831F	茟	イツ,イチ,ワイ,エ,ヒツ,あかざ,つぼみ	itsu,ichi,wai,e,hitsu,akaza,tsubomi	0,0,0,0,0,0,0	0,0,0,0,0,0,0	KANJIDIC,PYPINYIN,UNIHAN
U+8321	茡	シ,ウ	shi,u	0,0	0,0	KANJIDIC,PYPINYIN,UNIHAN
U+8322	茢	レツ,レチ,レイ,あしのほ	retsu,rechi,rei,ashinoho	0,0,0,0	0,0,0,0	KANJIDIC,PYPINYIN,UNIHAN
U+8323	茣	ゴ	go	0	0	KANJIDIC,PYPINYIN,UNIHAN
U+8328	茨	シ,ジ,いばら,かや,くさぶき	shi,ji,ibara,kaya,kusabuki	0,0,0,0,0	0,0,0,0,0	KANJIDIC,PYPINYIN,UNIHAN,WORDSHK_CHARS
U+832B	茫	ボウ,とおい	bou,tooi	0,0	0,0	KANJIDIC,PYPINYIN,UNIHAN,WORDSHK_CHARS
U+832C	茬	シ,しげる	shi,shigeru	0,0	0,0	KANJIDIC,PYPINYIN,UNIHAN
U+832D	茭	ケキ,キャク,コウ,キョウ,まぐさ	keki,kyaku,kou,kyou,magusa	0,0,0,0,0	0,0,0,0,0	KANJIDIC,PYPINYIN,UNIHAN,WORDSHK_CHARS
U+832E	茮	ショウ,ノウ,なるはじかみ	shou,nou,naruhajikami	0,0,0	0,0,0	KANJIDIC,PYPINYIN,UNIHAN
U+832F	茯	フク,ブク,ヒ,ビ	fuku,buku,hi,bi	0,0,0,0	0,0,0,0	KANJIDIC,PYPINYIN,UNIHAN
U+8330	茰	ユ	yu	0	0	KANJIDIC,PYPINYIN,UNIHAN
U+8331	茱	シュ	shu	0	0	KANJIDIC,PYPINYIN,UNIHAN
U+8332	茲	シ,ジ,ここに,しげる	shi,ji,kokoni,shigeru	0,0,0,0	0,0,0,0	KANJIDIC,PYPINYIN,UNIHAN,WORDSHK_CHARS
U+8333	茳	コウ	kou	0	0	KANJIDIC,PYPINYIN,UNIHAN
U+8334	茴	ウイ,カイ	ui,kai	0,0	0,0	KANJIDIC,PYPINYIN,UNIHAN
U+8335	茵	イン,しとね	in,shitone	0,0	0,0	KANJIDIC,PYPINYIN,UNIHAN
U+8336	茶	チャ,サ	cha,sa	0,0	0,0	KANJIDIC,PYPINYIN,UNIHAN,WORDSHK_CHARS
U+8337	茷	ハイ,ヒツ,ホチ,しげる	hai,hitsu,hochi,shigeru	0,0,0,0	0,0,0,0	KANJIDIC,PYPINYIN,UNIHAN
U+8338	茸	ジョウ,ニュ,きのこ,たけ,しげる	jou,nyu,kinoko,take,shigeru	0,0,0,0,0	0,0,0,0,0	KANJIDIC,PYPINYIN,UNIHAN,WORDSHK_CHARS
U+8339	茹	ジョ,ニョ,ゆでる,うでる	jo,nyo,yuderu,uderu	0,0,0,0	0,0,0,0	KANJIDIC,PYPINYIN,UNIHAN,WORDSHK_CHARS
U+833A	茺	シュウ,シュ	shuu,shu	0,0	0,0	KANJIDIC,PYPINYIN,UNIHAN
U+833C	茼	トウ,ズ,しゅんぎく	tou,zu,shungiku	0,0,0	0,0,0	KANJIDIC,PYPINYIN,UNIHAN,WORDSHK_CHARS
U+833D	茽	チュウ,ジユ,むらがる	chuu,jiyu,muragaru	0,0,0	0,0,0	KANJIDIC,PYPINYIN,UNIHAN
U+8340	荀	ジュン,シュン	jun,shun	0,0	0,0	KANJIDIC,PYPINYIN,UNIHAN,WORDSHK_CHARS
U+8342	荂	カ,ケ,フ,ク,はな	ka,ke,fu,ku,hana	0,0,0,0,0	0,0,0,0,0	KANJIDIC,PYPINYIN,UNIHAN
U+8343	荃	セン,ソン,セツ,セチ,サツ,からしあえ	sen,son,setsu,sechi,satsu,karashiae	0,0,0,0,0,0	0,0,0,0,0,0	KANJIDIC,PYPINYIN,UNIHAN,WORDSHK_CHARS
U+8344	荄	カイ,ね	kai,ne	0,0	0,0	KANJIDIC,PYPINYIN,UNIHAN
U+8345	荅	トウ,あずき,こたえる	tou,azuki,kotaeru	0,0,0	0,0,0	KANJIDIC,PYPINYIN,UNIHAN
U+8347	荇	コウ,ギョウ,はなじゅんさい	kou,gyou,hanajunsai	0,0,0	0,0,0	KANJIDIC,PYPINYIN,UNIHAN
U+8349	草	ソウ,くさ,ぐさ	sou,kusa,gusa	0,0,0	0,0,0	KANJIDIC,PYPINYIN,UNIHAN,WORDSHK_CHARS
U+834A	荊	ケイ,いばら	kei,ibara	0,0	0,0	KANJIDIC,PYPINYIN,UNIHAN,WORDSHK_CHARS
U+834D	荍	キョウ,シュウ,シュ,ぜにあおい	kyou,shuu,shu,zeniaoi	0,0,0,0	0,0,0,0	KANJIDIC,PYPINYIN,UNIHAN
U+834E	荎	チ,ジ,チツ,ジチ,テツ,デチ	chi,ji,chitsu,jichi,tetsu,dechi	0,0,0,0,0,0	0,0,0,0,0,0	KANJIDIC,PYPINYIN,UNIHAN
U+834F	荏	ジン,ニン	jin,nin	0,0	0,0	KANJIDIC,PYPINYIN,UNIHAN,WORDSHK_CHARS
U+8350	荐	セン,しきりに	sen,shikirini	0,0	0,0	KANJIDIC,PYPINYIN,UNIHAN,WORDSHK_CHARS
U+8351	荑	テイ,ダイ,イ,つばな	tei,dai,i,tsubana	0,0,0,0	0,0,0,0	KANJIDIC,PYPINYIN,UNIHAN
U+8352	荒	コウ,あらす,あれる,あらい,すさぶ,すさむ,あらし	kou,arasu,areru,arai,susabu,susamu,arashi	0,0,0,0,0,0,0	0,0,0,0,0,0,0	KANJIDIC,PYPINYIN,UNIHAN,WORDSHK_CHARS
U+8353	荓	ヘイ,ビョウ	hei,byou	0,0	0,0	KANJIDIC,PYPINYIN,UNIHAN
U+8354	荔	レイ,リ,レン,おおにら	rei,ri,ren,oonira	0,0,0,0	0,0,0,0	KANJIDIC,PYPINYIN,UNIHAN,WORDSHK_CHARS
U+8355	荕	キン,ほね	kin,hone	0,0	0,0	KANJIDIC,PYPINYIN,UNIHAN
U+8356	荖	ハイ,ホウ,ロウ,きんま	hai,hou,rou,kinma	0,0,0,0	0,0,0,0	KANJIDIC,PYPINYIN,UNIHAN
U+8357	荗	ショク,ジキ	shoku,jiki	0,0	0,0	KANJIDIC,PYPINYIN,UNIHAN
U+8358	荘	ソウ,ショウ,チャン,ほうき,おごそか	sou,shou,chan,houki,ogosoka	0,0,0,0,0	0,0,0,0,0	KANJIDIC,PYPINYIN,UNIHAN
U+8370	荰	ト,ズ	to,zu	0,0	0,0	KANJIDIC,PYPINYIN,UNIHAN
U+8373	荳	トウ,ズ,まめ	tou,zu,mame	0,0,0	0,0,0	KANJIDIC,PYPINYIN,UNIHAN,WORDSHK_CHARS
U+8375	荵	ニン,ジン,しのぶ	nin,jin,shinobu	0,0,0	0,0,0	KANJIDIC,PYPINYIN,UNIHAN
U+8377	荷	カ,に	ka,ni	0,0	0,0	KANJIDIC,PYPINYIN,UNIHAN,WORDSHK_CHARS
U+8378	荸	ホツ,ボチ	hotsu,bochi	0,0	0,0	KANJIDIC,PYPINYIN,UNIHAN
U+837B	荻	テキ,おぎ	teki,ogi	0,0	0,0	KANJIDIC,PYPINYIN,UNIHAN
U+837C	荼	タ,ズ,ト,ダ,にがな	ta,zu,to,da,nigana	0,0,0,0,0	0,0,0,0,0	KANJIDIC,PYPINYIN,UNIHAN,WORDSHK_CHARS
U+837D	荽	イ,スイ,ニ	i,sui,ni	0,0,0	0,0,0	KANJIDIC,PYPINYIN,UNIHAN,WORDSHK_CHARS
U+837F	荿	セイ,ジョウ	sei,jou	0,0	0,0	KANJIDIC,PYPINYIN,UNIHAN
U+8380	莀	シン,ドウ,ノウ	shin,dou,nou	0,0,0	0,0,0	KANJIDIC,PYPINYIN,UNIHAN
U+8382	莂	ヘツ,ヘチ,うつしうえる	hetsu,hechi,utsushiueru	0,0,0	0,0,0	KANJIDIC,PYPINYIN,UNIHAN
U+8384	莄	コウ,キョウ	kou,kyou	0,0	0,0	KANJIDIC,PYPINYIN,UNIHAN
U+8385	莅	リ,レイ,るい,のぞむ,つく	ri,rei,rui,nozomu,tsuku	0,0,0,0,0	0,0,0,0,0	KANJIDIC,PYPINYIN,UNIHAN
U+8386	莆	フ,ホ	fu,ho	0,0	0,0	KANJIDIC,PYPINYIN,UNIHAN
U+8387	莇	ジョ,あさがら	jo,asagara	0,0	0,0	KANJIDIC,PYPINYIN,UNIHAN
U+8389	莉	リ,ライ,レイ	ri,rai,rei	0,0,0	0,0,0	KANJIDIC,PYPINYIN,UNIHAN,WORDSHK_CHARS
U+838A	莊	ソウ,ショウ,チャン,ほうき,おごそか	sou,shou,chan,houki,ogosoka	0,0,0,0,0	0,0,0,0,0	KANJIDIC,PYPINYIN,UNIHAN,WORDSHK_CHARS
U+838D	莍	キュウ,グ,キク	kyuu,gu,kiku	0,0,0	0,0,0	KANJIDIC,PYPINYIN,UNIHAN
U+838E	莎	サ,シャ,はますげ	sa,sha,hamasuge	0,0,0	0,0,0	KANJIDIC,PYPINYIN,UNIHAN,WORDSHK_CHARS
U+8392	莒	キョ,コ,いも	kyo,ko,imo	0,0,0	0,0,0	KANJIDIC,PYPINYIN,UNIHAN,WORDSHK_CHARS
U+8393	莓	バイ,マイ,いちご	bai,mai,ichigo	0,0,0	0,0,0	KANJIDIC,PYPINYIN,UNIHAN,WORDSHK_CHARS
U+8394	莔	ボウ,モウ,ミョウ,キツ,コチ,テイ,キョウ,ははぐり	bou,mou,myou,kitsu,kochi,tei,kyou,hahaguri	0,0,0,0,0,0,0,0	0,0,0,0,0,0,0,0	KANJIDIC,PYPINYIN,UNIHAN
U+8395	莕	コウ,ギョウ,はなじゅんさい	kou,gyou,hanajunsai	0,0,0	0,0,0	KANJIDIC,PYPINYIN,UNIHAN
U+8396	莖	ケイ,キョウ,くき	kei,kyou,kuki	0,0,0	0,0,0	KANJIDIC,PYPINYIN,UNIHAN,WORDSHK_CHARS
U+8398	莘	シン	shin	0	0	KANJIDIC,PYPINYIN,UNIHAN,WORDSHK_CHARS
U+8399	莙	キン,クン,ウン,も	kin,kun,un,mo	0,0,0,0	0,0,0,0	KANJIDIC,PYPINYIN,UNIHAN
U+839A	莚	エン,むしろ	en,mushiro	0,0	0,0	KANJIDIC,PYPINYIN,UNIHAN
U+839B	莛	テイ,ジョウ,くき	tei,jou,kuki	0,0,0	0,0,0	KANJIDIC,PYPINYIN,UNIHAN
U+839C	莜	テキ,ジュク,チョウ,ジョウ,くさとり	teki,juku,chou,jou,kusatori	0,0,0,0,0	0,0,0,0,0	KANJIDIC,PYPINYIN,UNIHAN
U+839D	莝	サ,きりわら	sa,kiriwara	0,0	0,0	KANJIDIC,PYPINYIN,UNIHAN
U+839E	莞	カン,い	kan,i	0,0	0,0	KANJIDIC,PYPINYIN,UNIHAN,WORDSHK_CHARS
U+839F	莟	ガン,カン,つぼみ	gan,kan,tsubomi	0,0,0	0,0,0	KANJIDIC,PYPINYIN,UNIHAN
U+83A0	莠	ユウ,はぐさ	yuu,hagusa	0,0	0,0	KANJIDIC,PYPINYIN,UNIHAN,WORDSHK_CHARS
U+83A2	莢	キョウ,さや	kyou,saya	0,0	0,0	KANJIDIC,PYPINYIN,UNIHAN,WORDSHK_CHARS
U+83A6	莦	ソウ,ショウ,みだれる	sou,shou,midareru	0,0,0	0,0,0	KANJIDIC,PYPINYIN,UNIHAN
U+83A7	莧	カン,ケン,ひゆ	kan,ken,hiyu	0,0,0	0,0,0	KANJIDIC,PYPINYIN,UNIHAN,WORDSHK_CHARS
U+83A8	莨	ロウ,たばこ	rou,tabako	0,0	0,0	KANJIDIC,PYPINYIN,UNIHAN
U+83A9	莩	フ,ヒョウ	fu,hyou	0,0	0,0	KANJIDIC,PYPINYIN,UNIHAN
U+83AA	莪	ガ	ga	0	0	KANJIDIC,PYPINYIN,UNIHAN
U+83AB	莫	バク,ボ,マク,モ,ナイ,くれ,なかれ,なし	baku,bo,maku,mo,nai,kure,nakare,nashi	0,0,0,0,0,0,0,0	0,0,0,0,0,0,0,0	KANJIDIC,PYPINYIN,UNIHAN,WORDSHK_CHARS
U+83AC	莬	ブン,モン,バン,マン,ベン,メン	bun,mon,ban,man,ben,men	0,0,0,0,0,0	0,0,0,0,0,0	KANJIDIC,PYPINYIN,UNIHAN
U+83AD	莭	セツ,セチ,ふし	setsu,sechi,fushi	0,0,0	0,0,0	KANJIDIC,PYPINYIN,UNIHAN
U+83B1	莱	ライ,リ,あかざ,あわち,こうがい	rai,ri,akaza,awachi,kougai	0,0,0,0,0	0,0,0,0,0	KANJIDIC,PYPINYIN,UNIHAN
U+83B5	莵	ト,ツ,うさぎ	to,tsu,usagi	0,0,0	0,0,0	KANJIDIC,PYPINYIN,UNIHAN
U+83BD	莽	ボウ,モウ,くさ	bou,mou,kusa	0,0,0	0,0,0	KANJIDIC,PYPINYIN,UNIHAN,WORDSHK_CHARS
U+83BE	莾	ボウ,モウ,くさ	bou,mou,kusa	0,0,0	0,0,0	KANJIDIC,PYPINYIN,UNIHAN
U+83BF	莿	シ,セキ,シャク,とげ	shi,seki,shaku,toge	0,0,0,0	0,0,0,0	KANJIDIC,PYPINYIN,UNIHAN
U+83C0	菀	エン,オン,ウツ,ウチ,ウン,その,つむ	en,on,utsu,uchi,un,sono,tsumu	0,0,0,0,0,0,0	0,0,0,0,0,0,0	KANJIDIC,PYPINYIN,UNIHAN
U+83C1	菁	セイ,ショウ	sei,shou	0,0	0,0	KANJIDIC,PYPINYIN,UNIHAN,WORDSHK_CHARS
U+83C5	菅	カン,ケン,すげ	kan,ken,suge	0,0,0	0,0,0	KANJIDIC,PYPINYIN,UNIHAN,WORDSHK_CHARS
U+83C7	菇	コ,ク,からすうり	ko,ku,karasuuri	0,0,0	0,0,0	KANJIDIC,PYPINYIN,UNIHAN,WORDSHK_CHARS
U+83C9	菉	リョク,ロク,かりやす	ryoku,roku,kariyasu	0,0,0	0,0,0	KANJIDIC,PYPINYIN,UNIHAN
U+83CA	菊	キク	kiku	0	0	KANJIDIC,PYPINYIN,UNIHAN,WORDSHK_CHARS
U+83CC	菌	キン	kin	0	0	KANJIDIC,PYPINYIN,UNIHAN,WORDSHK_CHARS
U+83CE	菎	コン	kon	0	0	KANJIDIC,PYPINYIN,UNIHAN
U+83CF	菏	カ,くさ	ka,kusa	0,0	0,0	KANJIDIC,PYPINYIN,UNIHAN
U+83D0	菐	ホク,わずらわしい	hoku,wazurawashii	0,0	0,0	KANJIDIC,PYPINYIN,UNIHAN
U+83D1	菑	シ,サイ,あれち	shi,sai,arechi	0,0,0	0,0,0	KANJIDIC,PYPINYIN,UNIHAN
U+83D3	菓	カ	ka	0	0	KANJIDIC,PYPINYIN,UNIHAN
U+83D4	菔	ホク,フク,だいこん	hoku,fuku,daikon	0,0,0	0,0,0	KANJIDIC,PYPINYIN,UNIHAN
U+83D6	菖	ショウ	shou	0	0	KANJIDIC,PYPINYIN,UNIHAN,WORDSHK_CHARS
U+83D8	菘	スウ,シュウ	suu,shuu	0,0	0,0	KANJIDIC,PYPINYIN,UNIHAN
U+83DC	菜	サイ,な	sai,na	0,0	0,0	KANJIDIC,PYPINYIN,UNIHAN,WORDSHK_CHARS
U+83DD	菝	ハツ,バチ	hatsu,bachi	0,0	0,0	KANJIDIC,PYPINYIN,UNIHAN
U+83DF	菟	ト,ツ,うさぎ	to,tsu,usagi	0,0,0	0,0,0	KANJIDIC,PYPINYIN,UNIHAN
U+83E0	菠	ハ,ホ,ほうれんそう	ha,ho,hourensou	0,0,0	0,0,0	KANJIDIC,PYPINYIN,UNIHAN,WORDSHK_CHARS
U+83E8	菨	ショウ,あさぎ	shou,asagi	0,0	0,0	KANJIDIC,PYPINYIN,UNIHAN
U+83E9	菩	ボ	bo	0	0	KANJIDIC,PYPINYIN,UNIHAN,WORDSHK_CHARS
U+83EA	菪	トウ,おにひるぐさ	tou,onihirugusa	0,0	0,0	KANJIDIC,PYPINYIN,UNIHAN
U+83EB	菫	キン,すみれ	kin,sumire	0,0	0,0	KANJIDIC,PYPINYIN,UNIHAN
U+83EF	華	カ,ケ,はな	ka,ke,hana	0,0,0	0,0,0	KANJIDIC,PYPINYIN,UNIHAN,WORDSHK_CHARS
U+83F0	菰	コ,こも,まこも	ko,komo,makomo	0,0,0	0,0,0	KANJIDIC,PYPINYIN,UNIHAN,WORDSHK_CHARS
U+83F1	菱	リョウ,ひし	ryou,hishi	0,0	0,0	KANJIDIC,PYPINYIN,UNIHAN,WORDSHK_CHARS
U+83F2	菲	ヒ,うすい	hi,usui	0,0	0,0	KANJIDIC,PYPINYIN,UNIHAN,WORDSHK_CHARS
U+83F4	菴	アン,いおり,いお	an,iori,io	0,0,0	0,0,0	KANJIDIC,PYPINYIN,UNIHAN
U+83F6	菶	ホウ,フ,ボ	hou,fu,bo	0,0,0	0,0,0	KANJIDIC,PYPINYIN,UNIHAN
U+83F7	菷	シュウ,ソウ,ほうき	shuu,sou,houki	0,0,0	0,0,0	KANJIDIC,PYPINYIN,UNIHAN
U+83F8	菸	エン,ヨ,オン	en,yo,on	0,0,0	0,0,0	KANJIDIC,PYPINYIN,UNIHAN,WORDSHK_CHARS
U+83F9	菹	ショ,シャ,つけもの	sho,sha,tsukemono	0,0,0	0,0,0	KANJIDIC,PYPINYIN,UNIHAN
U+83FB	菻	リン	rin	0	0	KANJIDIC,PYPINYIN,UNIHAN
U+83FC	菼	タン,おぎ	tan,ogi	0,0	0,0	KANJIDIC,PYPINYIN,UNIHAN
U+83FD	菽	シュク,まめ	shuku,mame	0,0	0,0	KANJIDIC,PYPINYIN,UNIHAN
U+8401	萁	キ,カイ,まめがら	ki,kai,mamegara	0,0,0	0,0,0	KANJIDIC,PYPINYIN,UNIHAN
U+8403	萃	スイ,サイ,あつまる	sui,sai,atsumaru	0,0,0	0,0,0	KANJIDIC,PYPINYIN,UNIHAN,WORDSHK_CHARS
U+8404	萄	ドウ,トウ	dou,tou	0,0	0,0	KANJIDIC,PYPINYIN,UNIHAN,WORDSHK_CHARS
U+8406	萆	ヒ,ヘイ,ハツ,バチ	hi,hei,hatsu,bachi	0,0,0,0	0,0,0,0	KANJIDIC,PYPINYIN,UNIHAN
U+8407	萇	チョウ	chou	0	0	KANJIDIC,PYPINYIN,UNIHAN
U+840A	萊	ライ,リ,あかざ,あれわ,こうがい	rai,ri,akaza,arewa,kougai	0,0,0,0,0	0,0,0,0,0	KANJIDIC,PYPINYIN,UNIHAN,WORDSHK_CHARS
U+840B	萋	セイ,サイ	sei,sai	0,0	0,0	KANJIDIC,PYPINYIN,UNIHAN
U+840C	萌	ホウ,もえる,きざす,めばえ,きざし	hou,moeru,kizasu,mebae,kizashi	0,0,0,0,0	0,0,0,0,0	KANJIDIC,PYPINYIN,UNIHAN,WORDSHK_CHARS
U+840D	萍	ヘイ,ヒョウ,うきくさ	hei,hyou,ukikusa	0,0,0	0,0,0	KANJIDIC,PYPINYIN,UNIHAN,WORDSHK_CHARS
U+840E	萎	イ,な,しおれる,しなびる,しぼむ,なえる	i,na,shioreru,shinabiru,shibomu,naeru	0,0,0,0,0,0	0,0,0,0,0,0	KANJIDIC,PYPINYIN,UNIHAN,WORDSHK_CHARS
U+840F	萏	タン,ドン,はなやか	tan,don,hanayaka	0,0,0	0,0,0	KANJIDIC,PYPINYIN,UNIHAN
U+8411	萑	カン,スイ,おぎ	kan,sui,ogi	0,0,0	0,0,0	KANJIDIC,PYPINYIN,UNIHAN
U+8413	萓	ギ	gi	0	0	KANJIDIC,PYPINYIN,UNIHAN
U+8415	萕	セイ,ザイ,ひとしい,ととのえる,なづな	sei,zai,hitoshii,totonoeru,nazuna	0,0,0,0,0	0,0,0,0,0	KANJIDIC,PYPINYIN,UNIHAN
U+8419	萙	くたびれる	kutabireru	0	0	KANJIDIC,PYPINYIN,UNIHAN
U+8420	萠	ホウ,もえる,きざす,めばえ,きざし	hou,moeru,kizasu,mebae,kizashi	0,0,0,0,0	0,0,0,0,0	KANJIDIC,PYPINYIN,UNIHAN
U+8422	萢	やち,やら	yachi,yara	0,0	0,0	KANJIDIC,PYPINYIN,UNIHAN
U+8429	萩	シュウ,はぎ	shuu,hagi	0,0	0,0	KANJIDIC,PYPINYIN,UNIHAN
U+842A	萪	カ	ka	0	0	KANJIDIC,PYPINYIN,UNIHAN
U+842C	萬	マン,バン,よろず	man,ban,yorozu	0,0,0	0,0,0	KANJIDIC,PYPINYIN,UNIHAN,WORDSHK_CHARS
U+842F	萯	フウ,フ,ハイ,からすうり	fuu,fu,hai,karasuuri	0,0,0,0	0,0,0,0	KANJIDIC,PYPINYIN,UNIHAN
U+8431	萱	ケン,かや,かんぞう	ken,kaya,kanzou	0,0,0	0,0,0	KANJIDIC,PYPINYIN,UNIHAN
U+8435	萵	ワ	wa	0	0	KANJIDIC,PYPINYIN,UNIHAN,WORDSHK_CHARS
U+8438	萸	ユ	yu	0	0	KANJIDIC,PYPINYIN,UNIHAN
U+8439	萹	ヘン,にわやなぎ	hen,niwayanagi	0,0	0,0	KANJIDIC,PYPINYIN,UNIHAN
U+843C	萼	ガク,うてな	gaku,utena	0,0	0,0	KANJIDIC,PYPINYIN,UNIHAN
U+843D	落	ラク,おちる,おち,おとす	raku,ochiru,ochi,otosu	0,0,0,0	0,0,0,0	KANJIDIC,PYPINYIN,UNIHAN,WORDSHK_CHARS
U+8445	葅	ショ,シャ,つけもの	sho,sha,tsukemono	0,0,0	0,0,0	KANJIDIC,PYPINYIN,UNIHAN
U+8446	葆	ホウ,ホ,しげる	hou,ho,shigeru	0,0,0	0,0,0	KANJIDIC,PYPINYIN,UNIHAN
U+8447	葇	ジュウ,ニュ	juu,nyu	0,0	0,0	KANJIDIC,PYPINYIN,UNIHAN
U+8448	葈	シ,からむし	shi,karamushi	0,0	0,0	KANJIDIC,PYPINYIN,UNIHAN
U+8449	葉	ヨウ,は	you,ha	0,0	0,0	KANJIDIC,PYPINYIN,UNIHAN,WORDSHK_CHARS
U+844A	葊	アン,いおり,いお	an,iori,io	0,0,0	0,0,0	KANJIDIC,PYPINYIN,UNIHAN
U+844D	葍	フク,ひるがお	fuku,hirugao	0,0	0,0	KANJIDIC,PYPINYIN,UNIHAN
U+844E	葎	リツ,むぐら	ritsu,mugura	0,0	0,0	KANJIDIC,PYPINYIN,UNIHAN
U+844F	葏	セン,セイ,ショウ,シン,しげる	sen,sei,shou,shin,shigeru	0,0,0,0,0	0,0,0,0,0	KANJIDIC,PYPINYIN,UNIHAN
U+8451	葑	ホウ,フ,フウ,かぶら	hou,fu,fuu,kabura	0,0,0,0	0,0,0,0	KANJIDIC,PYPINYIN,UNIHAN
U+8452	葒	コウ,グ,おおたで	kou,gu,ootade	0,0,0	0,0,0	KANJIDIC,PYPINYIN,UNIHAN
U+8456	葖	トツ,トチ,だいこん	totsu,tochi,daikon	0,0,0	0,0,0	KANJIDIC,PYPINYIN,UNIHAN
U+8457	著	チョ,チャク,あらわす,いちじるしい	cho,chaku,arawasu,ichijirushii	0,0,0,0	0,0,0,0	KANJIDIC,PYPINYIN,UNIHAN,WORDSHK_CHARS
U+8458	葘	シ,サイ,あれち	shi,sai,arechi	0,0,0	0,0,0	KANJIDIC,PYPINYIN,UNIHAN
U+8459	葙	ショウ,ソウ,のげいとう	shou,sou,nogeitou	0,0,0	0,0,0	KANJIDIC,PYPINYIN,UNIHAN
U+845A	葚	チン,シン,さわら,あてぎ,くわのみ	chin,shin,sawara,ategi,kuwanomi	0,0,0,0,0	0,0,0,0,0	KANJIDIC,PYPINYIN,UNIHAN
U+845B	葛	カツ,カチ,つづら,くず	katsu,kachi,tsuzura,kuzu	0,0,0,0	0,0,0,0	KANJIDIC,PYPINYIN,UNIHAN,WORDSHK_CHARS
U+845C	葜	カツ,くさ	katsu,kusa	0,0	0,0	KANJIDIC,PYPINYIN,UNIHAN
U+8460	葠	シン,セン,にんじん,ちょうせんにんじん	shin,sen,ninjin,chousenninjin	0,0,0,0	0,0,0,0	KANJIDIC,PYPINYIN,UNIHAN
U+8461	葡	ブ,ホ	bu,ho	0,0	0,0	KANJIDIC,PYPINYIN,UNIHAN,WORDSHK_CHARS
U+8462	葢	ガイ,カイ,コウ,ふた,けだし,おおう,かさ,かこう	gai,kai,kou,futa,kedashi,oou,kasa,kakou	0,0,0,0,0,0,0,0	0,0,0,0,0,0,0,0	KANJIDIC,PYPINYIN,UNIHAN
U+8463	董	トウ,ただす	tou,tadasu	0,0	0,0	KANJIDIC,PYPINYIN,UNIHAN,WORDSHK_CHARS
U+8464	葤	チュウ,ジュウ,つつむ,つと	chuu,juu,tsutsumu,tsuto	0,0,0,0	0,0,0,0	KANJIDIC,PYPINYIN,UNIHAN
U+8465	葥	セン,きいちご	sen,kiichigo	0,0	0,0	KANJIDIC,PYPINYIN,UNIHAN
U+8466	葦	イ,あし,よし,しおれる,しなびる,しぼむ,なえる	i,ashi,yoshi,shioreru,shinabiru,shibomu,naeru	0,0,0,0,0,0,0	0,0,0,0,0,0,0	KANJIDIC,PYPINYIN,UNIHAN,WORDSHK_CHARS
U+8467	葧	ホツ,ボチ,しろよもぎ	hotsu,bochi,shiroyomogi	0,0,0	0,0,0	KANJIDIC,PYPINYIN,UNIHAN
U+8469	葩	ハ,はな	ha,hana	0,0	0,0	KANJIDIC,PYPINYIN,UNIHAN,WORDSHK_CHARS
U+846A	葪	ケイ,キ,カイ,ケ,あざみ,さく,とげ	kei,ki,kai,ke,azami,saku,toge	0,0,0,0,0,0,0	0,0,0,0,0,0,0	KANJIDIC,PYPINYIN,UNIHAN
U+846B	葫	コ	ko	0	0	KANJIDIC,PYPINYIN,UNIHAN,WORDSHK_CHARS
U+846C	葬	ソウ,ほうむる	sou,houmuru	0,0	0,0	KANJIDIC,PYPINYIN,UNIHAN,WORDSHK_CHARS
U+846D	葭	カ,よし,あし	ka,yoshi,ashi	0,0,0	0,0,0	KANJIDIC,PYPINYIN,UNIHAN
U+846E	葮	ダン,タン,むくげ	dan,tan,mukuge	0,0,0	0,0,0	KANJIDIC,PYPINYIN,UNIHAN
U+846F	葯	ヤク	yaku	0	0	KANJIDIC,PYPINYIN,UNIHAN
U+8470	葰	スイ,サ,セ,シュン,しょうが	sui,sa,se,shun,shouga	0,0,0,0,0	0,0,0,0,0	KANJIDIC,PYPINYIN,UNIHAN
U+8471	葱	ソウ,ねぎ	sou,negi	0,0	0,0	KANJIDIC,PYPINYIN,UNIHAN,WORDSHK_CHARS
U+8473	葳	イ	i	0	0	KANJIDIC,PYPINYIN,UNIHAN
U+8474	葴	シン,カン,ケン,やまあい	shin,kan,ken,yamaai	0,0,0,0	0,0,0,0	KANJIDIC,PYPINYIN,UNIHAN
U+8475	葵	キ,あおい	ki,aoi	0,0	0,0	KANJIDIC,PYPINYIN,UNIHAN,WORDSHK_CHARS
U+8476	葶	テイ,ジョウ,チョウ,いぬなずな	tei,jou,chou,inunazuna	0,0,0,0	0,0,0,0	KANJIDIC,PYPINYIN,UNIHAN
U+8477	葷	クン	kun	0	0	KANJIDIC,PYPINYIN,UNIHAN,WORDSHK_CHARS
U+8478	葸	サイ,シ,よい	sai,shi,yoi	0,0,0	0,0,0	KANJIDIC,PYPINYIN,UNIHAN
U+8479	葹	シ,おなもみ	shi,onamomi	0,0	0,0	KANJIDIC,PYPINYIN,UNIHAN
U+847A	葺	シュウ,あし,ふく,ふき	shuu,ashi,fuku,fuki	0,0,0,0	0,0,0,0	KANJIDIC,PYPINYIN,UNIHAN,WORDSHK_CHARS
U+847C	葼	ソウ,ス,こえだ	sou,su,koeda	0,0,0	0,0,0	KANJIDIC,PYPINYIN,UNIHAN
U+847D	葽	ヨウ	you	0	0	KANJIDIC,PYPINYIN,UNIHAN
U+8481	蒁	シュツ,ジュチ,イツ,イチ,リツ,リチ	shutsu,juchi,itsu,ichi,ritsu,richi	0,0,0,0,0,0	0,0,0,0,0,0	KANJIDIC,PYPINYIN,UNIHAN
U+8482	蒂	テイ,タイ,へた	tei,tai,heta	0,0,0	0,0,0	KANJIDIC,PYPINYIN,UNIHAN,WORDSHK_CHARS
U+8484	蒄	カン	kan	0	0	KANJIDIC,PYPINYIN,UNIHAN
U+8485	蒅	すくも	sukumo	0	0	KANJIDIC,PYPINYIN,UNIHAN
U+848B	蒋	ショウ,ソウ,まこも,はげます	shou,sou,makomo,hagemasu	0,0,0,0	0,0,0,0	KANJIDIC,PYPINYIN,UNIHAN
U+8490	蒐	シュウ,あかね,あつまる,あつめる	shuu,akane,atsumaru,atsumeru	0,0,0,0	0,0,0,0	KANJIDIC,PYPINYIN,UNIHAN,WORDSHK_CHARS
U+8492	蒒	シ,こうぼうむぎ	shi,kouboumugi	0,0	0,0	KANJIDIC,PYPINYIN,UNIHAN
U+8493	蒓	シュン,ぬなわ	shun,nunawa	0,0	0,0	KANJIDIC,PYPINYIN,UNIHAN
U+8494	蒔	シ,ジ,うえる,まく	shi,ji,ueru,maku	0,0,0,0	0,0,0,0	KANJIDIC,PYPINYIN,UNIHAN,WORDSHK_CHARS
U+8495	蒕	ウン	un	0	0	KANJIDIC,PYPINYIN,UNIHAN
U+8499	蒙	モウ,ボウ,こうむる,おおう,くらい	mou,bou,koumuru,oou,kurai	0,0,0,0,0	0,0,0,0,0	KANJIDIC,PYPINYIN,UNIHAN,WORDSHK_CHARS
U+849C	蒜	サン,にんにく,ひる,のびる	san,ninniku,hiru,nobiru	0,0,0,0	0,0,0,0	KANJIDIC,PYPINYIN,UNIHAN,WORDSHK_CHARS
U+849E	蒞	リ,レイ,ルイ,のぞむ,つく	ri,rei,rui,nozomu,tsuku	0,0,0,0,0	0,0,0,0,0	KANJIDIC,PYPINYIN,UNIHAN,WORDSHK_CHARS
U+849F	蒟	コン,ク	kon,ku	0,0	0,0	KANJIDIC,PYPINYIN,UNIHAN,WORDSHK_CHARS
U+84A1	蒡	ボウ,ホウ	bou,hou	0,0	0,0	KANJIDIC,PYPINYIN,UNIHAN
U+84A6	蒦	ワク,キャク,カク,ヤク,はかり,ものさし,のり	waku,kyaku,kaku,yaku,hakari,monosashi,nori	0,0,0,0,0,0,0	0,0,0,0,0,0,0	KANJIDIC,PYPINYIN,UNIHAN
U+84A8	蒨	セン,あかね	sen,akane	0,0	0,0	KANJIDIC,PYPINYIN,UNIHAN
U+84A9	蒩	ソ,ショ,シャ	so,sho,sha	0,0,0	0,0,0	KANJIDIC,PYPINYIN,UNIHAN
U+84AA	蒪	ハク,ホク	haku,hoku	0,0	0,0	KANJIDIC,PYPINYIN,UNIHAN
U+84AD	蒭	シュウ,ス,スウ,まぐさ	shuu,su,suu,magusa	0,0,0,0	0,0,0,0	KANJIDIC,PYPINYIN,UNIHAN
U+84AF	蒯	カイ,ケ	kai,ke	0,0	0,0	KANJIDIC,PYPINYIN,UNIHAN
U+84B1	蒱	ホ,ブ	ho,bu	0,0	0,0	KANJIDIC,PYPINYIN,UNIHAN
U+84B2	蒲	ホ,ボ,フ,ブ,がま,かば,かま	ho,bo,fu,bu,gama,kaba,kama	0,0,0,0,0,0,0	0,0,0,0,0,0,0	KANJIDIC,PYPINYIN,UNIHAN,WORDSHK_CHARS
U+84B4	蒴	サク,そくず	saku,sokuzu	0,0	0,0	KANJIDIC,PYPINYIN,UNIHAN
U+84B8	蒸	ジョウ,セイ,むす,むれる,むらす	jou,sei,musu,mureru,murasu	0,0,0,0,0	0,0,0,0,0	KANJIDIC,PYPINYIN,UNIHAN,WORDSHK_CHARS
U+84B9	蒹	ケン,おぎ	ken,ogi	0,0	0,0	KANJIDIC,PYPINYIN,UNIHAN
U+84BA	蒺	シツ,ジチ,ショク,ジ,キ,はまびし	shitsu,jichi,shoku,ji,ki,hamabishi	0,0,0,0,0,0	0,0,0,0,0,0	KANJIDIC,PYPINYIN,UNIHAN
U+84BB	蒻	ジャク,ニャク	jaku,nyaku	0,0	0,0	KANJIDIC,PYPINYIN,UNIHAN,WORDSHK_CHARS
U+84BC	蒼	ソウ,あおい	sou,aoi	0,0	0,0	KANJIDIC,PYPINYIN,UNIHAN,WORDSHK_CHARS
U+84BD	蒽	オン	on	0	0	KANJIDIC,PYPINYIN,UNIHAN
U+84BE	蒾	ベイ,メイ,がまずみ	bei,mei,gamazumi	0,0,0	0,0,0	KANJIDIC,PYPINYIN,UNIHAN
U+84BF	蒿	コウ,よもぎ	kou,yomogi	0,0	0,0	KANJIDIC,PYPINYIN,UNIHAN,WORDSHK_CHARS
U+84C0	蓀	ソン	son	0	0	KANJIDIC,PYPINYIN,UNIHAN
U+84C1	蓁	シン	shin	0	0	KANJIDIC,PYPINYIN,UNIHAN
U+84C2	蓂	ベイ,メイ,ミョウ,ベキ	bei,mei,myou,beki	0,0,0,0	0,0,0,0	KANJIDIC,PYPINYIN,UNIHAN
U+84C4	蓄	チク,たくわえる	chiku,takuwaeru	0,0	0,0	KANJIDIC,PYPINYIN,UNIHAN,WORDSHK_CHARS
U+84C6	蓆	セキ,むしろ	seki,mushiro	0,0	0,0	KANJIDIC,PYPINYIN,UNIHAN,WORDSHK_CHARS
U+84C7	蓇	コツ,コチ	kotsu,kochi	0,0	0,0	KANJIDIC,PYPINYIN,UNIHAN
U+84C8	蓈	コウ,ロウ,いぬあわ	kou,rou,inuawa	0,0,0	0,0,0	KANJIDIC,PYPINYIN,UNIHAN
U+84C9	蓉	ヨウ	you	0	0	KANJIDIC,PYPINYIN,UNIHAN,WORDSHK_CHARS
U+84CA	蓊	オウ,とう	ou,tou	0,0	0,0	KANJIDIC,PYPINYIN,UNIHAN
U+84CB	蓋	ガイ,カイ,コウ,ふた,けだし,おおう,かさ,かこう	gai,kai,kou,futa,kedashi,oou,kasa,kakou	0,0,0,0,0,0,0,0	0,0,0,0,0,0,0,0	KANJIDIC,PYPINYIN,UNIHAN,WORDSHK_CHARS
U+84CC	蓌	サ,シャ,サイ,スイ,いつわる	sa,sha,sai,sui,itsuwaru	0,0,0,0,0	0,0,0,0,0	KANJIDIC,PYPINYIN,UNIHAN
U+84CD	蓍	シ,めどぎ	shi,medogi	0,0	0,0	KANJIDIC,PYPINYIN,UNIHAN
U+84CF	蓏	ラ,うり,くさのみ	ra,uri,kusanomi	0,0,0	0,0,0	KANJIDIC,PYPINYIN,UNIHAN
U+84D0	蓐	ジョク,ニク,しとね	joku,niku,shitone	0,0,0	0,0,0	KANJIDIC,PYPINYIN,UNIHAN
U+84D1	蓑	サ,サイ,みの	sa,sai,mino	0,0,0	0,0,0	KANJIDIC,PYPINYIN,UNIHAN,WORDSHK_CHARS
U+84D3	蓓	ハイ,つぼみ	hai,tsubomi	0,0	0,0	KANJIDIC,PYPINYIN,UNIHAN
U+84D6	蓖	ヒ,ヘイ	hi,hei	0,0	0,0	KANJIDIC,PYPINYIN,UNIHAN
U+84D9	蓙	ザ,ござ	za,goza	0,0	0,0	KANJIDIC,PYPINYIN,UNIHAN
U+84DA	蓚	シュウ	shuu	0	0	KANJIDIC,PYPINYIN,UNIHAN
U+84DC	蓜	ハイ	hai	0	0	KANJIDIC,PYPINYIN,UNIHAN
U+84E7	蓧	チョウ,ショウ,しの	chou,shou,shino	0,0,0	0,0,0	KANJIDIC,PYPINYIN,UNIHAN
U+84EA	蓪	トウ,ツ,あけび	tou,tsu,akebi	0,0,0	0,0,0	KANJIDIC,PYPINYIN,UNIHAN
U+84EC	蓬	ホウ,ブ,よもぎ	hou,bu,yomogi	0,0,0	0,0,0	KANJIDIC,PYPINYIN,UNIHAN,WORDSHK_CHARS
U+84EE	蓮	レン,はす,はちす	ren,hasu,hachisu	0,0,0	0,0,0	KANJIDIC,PYPINYIN,UNIHAN,WORDSHK_CHARS
U+84EF	蓯	ソウ,ス,ショウ,シュ,かぶら	sou,su,shou,shu,kabura	0,0,0,0,0	0,0,0,0,0	KANJIDIC,PYPINYIN,UNIHAN
U+84F0	蓰	シ	shi	0	0	KANJIDIC,PYPINYIN,UNIHAN
U+84F1	蓱	ヘイ,ヒョウ,うきくさ	hei,hyou,ukikusa	0,0,0	0,0,0	KANJIDIC,PYPINYIN,UNIHAN
U+84F2	蓲	キュウ,ク,シュ,ウ,ぬなわ	kyuu,ku,shu,u,nunawa	0,0,0,0,0	0,0,0,0,0	KANJIDIC,PYPINYIN,UNIHAN
U+84F4	蓴	シュン,ぬなわ	shun,nunawa	0,0	0,0	KANJIDIC,PYPINYIN,UNIHAN
U+84F7	蓷	タイ,ツイ,スイ,めはじき	tai,tsui,sui,mehajiki	0,0,0,0	0,0,0,0	KANJIDIC,PYPINYIN,UNIHAN
U+84FA	蓺	ゲイ	gei	0	0	KANJIDIC,PYPINYIN,UNIHAN
U+84FB	蓻	シュウ,ジョウ,ニョウ,キク	shuu,jou,nyou,kiku	0,0,0,0	0,0,0,0	KANJIDIC,PYPINYIN,UNIHAN
U+84FC	蓼	シン,リク,リョウ,たで	shin,riku,ryou,tade	0,0,0,0	0,0,0,0	KANJIDIC,PYPINYIN,UNIHAN
U+84FD	蓽	ヒツ,ヒチ,まめ	hitsu,hichi,mame	0,0,0	0,0,0	KANJIDIC,PYPINYIN,UNIHAN
U+84FF	蓿	シュク	shuku	0	0	KANJIDIC,PYPINYIN,UNIHAN
U+8500	蔀	ホウ,ダ,ダン,ブ,しとみ	hou,da,dan,bu,shitomi	0,0,0,0,0	0,0,0,0,0	KANJIDIC,PYPINYIN,UNIHAN
U+8502	蔂	ルイ,ラ,ライ,もっこ	rui,ra,rai,mokko	0,0,0,0	0,0,0,0	KANJIDIC,PYPINYIN,UNIHAN
U+8503	蔃	キョウ,ゴウ	kyou,gou	0,0	0,0	KANJIDIC,PYPINYIN,UNIHAN,WORDSHK_CHARS
U+8506	蔆	リョウ,ひし	ryou,hishi	0,0	0,0	KANJIDIC,PYPINYIN,UNIHAN
U+8507	蔇	キ,キケ	ki,kike	0,0	0,0	KANJIDIC,PYPINYIN,UNIHAN
U+850C	蔌	ソク,ソウ,ス,な,やさい	soku,sou,su,na,yasai	0,0,0,0,0	0,0,0,0,0	KANJIDIC,PYPINYIN,UNIHAN
U+850E	蔎	セツ,セチ,サツ,かんばしい	setsu,sechi,satsu,kanbashii	0,0,0,0	0,0,0,0	KANJIDIC,PYPINYIN,UNIHAN
U+8510	蔐	テキ,おぎ	teki,ogi	0,0	0,0	KANJIDIC,PYPINYIN,UNIHAN
U+8511	蔑	ベツ,ないがしろ,なみする,くらい,さげすむ	betsu,naigashiro,namisuru,kurai,sagesumu	0,0,0,0,0	0,0,0,0,0	KANJIDIC,PYPINYIN,UNIHAN,WORDSHK_CHARS
U+8513	蔓	マン,バン,はびこる,つる	man,ban,habikoru,tsuru	0,0,0,0	0,0,0,0	KANJIDIC,PYPINYIN,UNIHAN,WORDSHK_CHARS
U+8514	蔔	フク,ホク	fuku,hoku	0,0	0,0	KANJIDIC,PYPINYIN,UNIHAN,WORDSHK_CHARS
U+8515	蔕	テイ,タイ,へた	tei,tai,heta	0,0,0	0,0,0	KANJIDIC,PYPINYIN,UNIHAN
U+8517	蔗	シャ,ショ,さとうきび	sha,sho,satoukibi	0,0,0	0,0,0	KANJIDIC,PYPINYIN,UNIHAN,WORDSHK_CHARS
U+8518	蔘	シン,サン	shin,san	0,0	0,0	KANJIDIC,PYPINYIN,UNIHAN,WORDSHK_CHARS
U+851A	蔚	ウツ,イ,うち,おとこよもぎ	utsu,i,uchi,otokoyomogi	0,0,0,0	0,0,0,0	KANJIDIC,PYPINYIN,UNIHAN,WORDSHK_CHARS
U+851C	蔜	ゴウ,はこべ	gou,hakobe	0,0	0,0	KANJIDIC,PYPINYIN,UNIHAN
U+851E	蔞	ロウ,ル,リュウ,ク,よもぎ	rou,ru,ryuu,ku,yomogi	0,0,0,0,0	0,0,0,0,0	KANJIDIC,PYPINYIN,UNIHAN
U+851F	蔟	ゾク,ソウ,まぶし	zoku,sou,mabushi	0,0,0	0,0,0	KANJIDIC,PYPINYIN,UNIHAN
U+8521	蔡	サイ	sai	0	0	KANJIDIC,PYPINYIN,UNIHAN,WORDSHK_CHARS
U+8522	蔢	ハ	ha	0	0	KANJIDIC,PYPINYIN,UNIHAN
U+8523	蔣	ショウ,ソウ,まこも,はげます	shou,sou,makomo,hagemasu	0,0,0,0	0,0,0,0	KANJIDIC,PYPINYIN,UNIHAN,WORDSHK_CHARS
U+8524	蔤	ビツ,ミチ,ミツ	bitsu,michi,mitsu	0,0,0	0,0,0	KANJIDIC,PYPINYIN,UNIHAN
U+8525	蔥	ソウ,ねぎ	sou,negi	0,0	0,0	KANJIDIC,PYPINYIN,UNIHAN
U+8526	蔦	チョウ,つた	chou,tsuta	0,0	0,0	KANJIDIC,PYPINYIN,UNIHAN
U+8527	蔧	セイ,スイ,ほうきぐさ	sei,sui,houkigusa	0,0,0	0,0,0	KANJIDIC,PYPINYIN,UNIHAN
U+852A	蔪	セン,サン,つつむ	sen,san,tsutsumu	0,0,0	0,0,0	KANJIDIC,PYPINYIN,UNIHAN
U+852B	蔫	エン,オン,しぼむ	en,on,shibomu	0,0,0	0,0,0	KANJIDIC,PYPINYIN,UNIHAN,WORDSHK_CHARS
U+852C	蔬	ソ,ショ,あおもの	so,sho,aomono	0,0,0	0,0,0	KANJIDIC,PYPINYIN,UNIHAN,WORDSHK_CHARS
U+852D	蔭	イン,オン,かげ	in,on,kage	0,0,0	0,0,0	KANJIDIC,PYPINYIN,UNIHAN,WORDSHK_CHARS
U+852F	蔯	チン,ジン,かわらよもぎ	chin,jin,kawarayomogi	0,0,0	0,0,0	KANJIDIC,PYPINYIN,UNIHAN
U+8532	蔲	コウ,ク	kou,ku	0,0	0,0	KANJIDIC,PYPINYIN,UNIHAN
U+8533	蔳	セン,あかね	sen,akane	0,0	0,0	KANJIDIC,PYPINYIN,UNIHAN
U+8534	蔴	マ,マア,あさ	ma,maa,asa	0,0,0	0,0,0	KANJIDIC,PYPINYIN,UNIHAN,WORDSHK_CHARS
U+8535	蔵	ゾウ,ソウ,くら,おさめる,かくれる	zou,sou,kura,osameru,kakureru	0,0,0,0,0	0,0,0,0,0	KANJIDIC,PYPINYIN,UNIHAN
U+8536	蔶	サク,ジャク,セキ,す,すのこ	saku,jaku,seki,su,sunoko	0,0,0,0,0	0,0,0,0,0	KANJIDIC,PYPINYIN,UNIHAN
U+853D	蔽	ヘイ,ヘツ,フツ,おおう,おおい	hei,hetsu,futsu,oou,ooi	0,0,0,0,0	0,0,0,0,0	KANJIDIC,PYPINYIN,UNIHAN,WORDSHK_CHARS
U+853F	蔿	イ,カ,ケ	i,ka,ke	0,0,0	0,0,0	KANJIDIC,PYPINYIN,UNIHAN
U+8540	蕀	キョク	kyoku	0	0	KANJIDIC,PYPINYIN,UNIHAN
U+8541	蕁	ジン,タン	jin,tan	0,0	0,0	KANJIDIC,PYPINYIN,UNIHAN
U+8543	蕃	バン,ハン	ban,han	0,0	0,0	KANJIDIC,PYPINYIN,UNIHAN,WORDSHK_CHARS
U+8546	蕆	テン,いましめる	ten,imashimeru	0,0	0,0	KANJIDIC,PYPINYIN,UNIHAN
U+8548	蕈	ジン,シン,きのこ,たけ	jin,shin,kinoko,take	0,0,0,0	0,0,0,0	KANJIDIC,PYPINYIN,UNIHAN,WORDSHK_CHARS
U+8549	蕉	ショウ	shou	0	0	KANJIDIC,PYPINYIN,UNIHAN,WORDSHK_CHARS
U+854A	蕊	ズイ,しべ	zui,shibe	0,0	0,0	KANJIDIC,PYPINYIN,UNIHAN,WORDSHK_CHARS
U+854B	蕋	ズイ,しべ	zui,shibe	0,0	0,0	KANJIDIC,PYPINYIN,UNIHAN
U+854E	蕎	キョウ,そば	kyou,soba	0,0	0,0	KANJIDIC,PYPINYIN,UNIHAN,WORDSHK_CHARS
U+854F	蕏	チョ	cho	0	0	KANJIDIC,PYPINYIN,UNIHAN
U+8550	蕐	カ,ケ,はな	ka,ke,hana	0,0,0	0,0,0	KANJIDIC,PYPINYIN,UNIHAN
U+8551	蕑	カン,ゲン,ふじばかま	kan,gen,fujibakama	0,0,0	0,0,0	KANJIDIC,PYPINYIN,UNIHAN
U+8552	蕒	バイ,メイ,のげし	bai,mei,nogeshi	0,0,0	0,0,0	KANJIDIC,PYPINYIN,UNIHAN
U+8553	蕓	ウン,あぶらな	un,aburana	0,0	0,0	KANJIDIC,PYPINYIN,UNIHAN
U+8555	蕕	ユウ,ユ	yuu,yu	0,0	0,0	KANJIDIC,PYPINYIN,UNIHAN
U+8556	蕖	キョ,ゴ,おやいも	kyo,go,oyaimo	0,0,0	0,0,0	KANJIDIC,PYPINYIN,UNIHAN
U+8557	蕗	ロ,ル,ふき	ro,ru,fuki	0,0,0	0,0,0	KANJIDIC,PYPINYIN,UNIHAN
U+8558	蕘	ジョウ,たきぎ,きこり	jou,takigi,kikori	0,0,0	0,0,0	KANJIDIC,PYPINYIN,UNIHAN
U+8559	蕙	ケイ,エ,かおりぐさ	kei,e,kaorigusa	0,0,0	0,0,0	KANJIDIC,PYPINYIN,UNIHAN,WORDSHK_CHARS
U+855A	蕚	ガク,うてな	gaku,utena	0,0	0,0	KANJIDIC,PYPINYIN,UNIHAN
U+855C	蕜	ヒ,いたむ,かなしむ	hi,itamu,kanashimu	0,0,0	0,0,0	KANJIDIC,PYPINYIN,UNIHAN
U+855D	蕝	セツ,セチ,セイ,サイ	setsu,sechi,sei,sai	0,0,0,0	0,0,0,0	KANJIDIC,PYPINYIN,UNIHAN
U+855E	蕞	サイ,セツ,セチ	sai,setsu,sechi	0,0,0	0,0,0	KANJIDIC,PYPINYIN,UNIHAN
U+855F	蕟	ハイ,ヒツ,ホチ,ヒイ	hai,hitsu,hochi,hii	0,0,0,0	0,0,0,0	KANJIDIC,PYPINYIN,UNIHAN
U+8560	蕠	ジョ,ニョ	jo,nyo	0,0	0,0	KANJIDIC,PYPINYIN,UNIHAN
U+8561	蕡	フン,ハン,ボン,しげる	fun,han,bon,shigeru	0,0,0,0	0,0,0,0	KANJIDIC,PYPINYIN,UNIHAN
U+8562	蕢	カイ,ケ,キ,あれる	kai,ke,ki,areru	0,0,0,0	0,0,0,0	KANJIDIC,PYPINYIN,UNIHAN
U+8563	蕣	シュン,むくげ,あさがお	shun,mukuge,asagao	0,0,0	0,0,0	KANJIDIC,PYPINYIN,UNIHAN
U+8564	蕤	ニ,ソウ,ショウ,スイ	ni,sou,shou,sui	0,0,0,0	0,0,0,0	KANJIDIC,PYPINYIN,UNIHAN
U+8568	蕨	ケツ,わらび	ketsu,warabi	0,0	0,0	KANJIDIC,PYPINYIN,UNIHAN,WORDSHK_CHARS
U+8569	蕩	トウ,とろかす,とろける,うごく	tou,torokasu,torokeru,ugoku	0,0,0,0	0,0,0,0	KANJIDIC,PYPINYIN,UNIHAN,WORDSHK_CHARS
U+856A	蕪	ブ,ム,かぶ,かぶら,あれる	bu,mu,kabu,kabura,areru	0,0,0,0,0	0,0,0,0,0	KANJIDIC,PYPINYIN,UNIHAN,WORDSHK_CHARS
U+856B	蕫	トウ,ツ,ズ	tou,tsu,zu	0,0,0	0,0,0	KANJIDIC,PYPINYIN,UNIHAN
U+856D	蕭	ショウ,よもぎ	shou,yomogi	0,0	0,0	KANJIDIC,PYPINYIN,UNIHAN,WORDSHK_CHARS
U+856F	蕯	ロウ,ル,リュウ	rou,ru,ryuu	0,0,0	0,0,0	KANJIDIC,PYPINYIN,UNIHAN
U+8577	蕷	ヨ,いも	yo,imo	0,0	0,0	KANJIDIC,PYPINYIN,UNIHAN
U+8579	蕹	ヨウ,ユ,あつめる	you,yu,atsumeru	0,0,0	0,0,0	KANJIDIC,PYPINYIN,UNIHAN,WORDSHK_CHARS
U+857A	蕺	シュウ,ショウ,どくだみ	shuu,shou,dokudami	0,0,0	0,0,0	KANJIDIC,PYPINYIN,UNIHAN
U+857B	蕻	コウ,ク,しげる	kou,ku,shigeru	0,0,0	0,0,0	KANJIDIC,PYPINYIN,UNIHAN
U+857D	蕽	ドウ,ヌ,ノウ	dou,nu,nou	0,0,0	0,0,0	KANJIDIC,PYPINYIN,UNIHAN
U+857E	蕾	ライ,つぼみ	rai,tsubomi	0,0	0,0	KANJIDIC,PYPINYIN,UNIHAN,WORDSHK_CHARS
U+857F	蕿	ケン,かや,かんぞう	ken,kaya,kanzou	0,0,0	0,0,0	KANJIDIC,PYPINYIN,UNIHAN
U+8580	薀	ウン,オン,たくわえる,つむ	un,on,takuwaeru,tsumu	0,0,0,0	0,0,0,0	KANJIDIC,PYPINYIN,UNIHAN
U+8581	薁	イク,オウ,にわうめ	iku,ou,niwaume	0,0,0	0,0,0	KANJIDIC,PYPINYIN,UNIHAN
U+8584	薄	ハク,うすい,うす,うすめる,うすまる,うすらぐ,うすら,うすれる,すすき	haku,usui,usu,usumeru,usumaru,usuragu,usura,usureru,susuki	0,0,0,0,0,0,0,0,0	0,0,0,0,0,0,0,0,0	KANJIDIC,PYPINYIN,UNIHAN,WORDSHK_CHARS
U+8585	薅	コウ	kou	0	0	KANJIDIC,PYPINYIN,UNIHAN
U+8586	薆	アイ,キ,ケ,かくす	ai,ki,ke,kakusu	0,0,0,0	0,0,0,0	KANJIDIC,PYPINYIN,UNIHAN
U+8587	薇	ラ,ビ,ぜんまい	ra,bi,zenmai	0,0,0	0,0,0	KANJIDIC,PYPINYIN,UNIHAN,WORDSHK_CHARS
U+8588	薈	カイ,ワイ	kai,wai	0,0	0,0	KANJIDIC,PYPINYIN,UNIHAN,WORDSHK_CHARS
U+8589	薉	ワイ,エ,あれる	wai,e,areru	0,0,0	0,0,0	KANJIDIC,PYPINYIN,UNIHAN
U+858A	薊	ケイ,キ,カイ,ケ,あざみ,さく,とげ	kei,ki,kai,ke,azami,saku,toge	0,0,0,0,0,0,0	0,0,0,0,0,0,0	KANJIDIC,PYPINYIN,UNIHAN
U+858B	薋	シ,しげる	shi,shigeru	0,0	0,0	KANJIDIC,PYPINYIN,UNIHAN
U+858C	薌	キョウ,コウ,こくもつ	kyou,kou,kokumotsu	0,0,0	0,0,0	KANJIDIC,PYPINYIN,UNIHAN
U+858F	薏	ヨク,オク,イ	yoku,oku,i	0,0,0	0,0,0	KANJIDIC,PYPINYIN,UNIHAN,WORDSHK_CHARS
U+8590	薐	ロウ,ほうれんそう	rou,hourensou	0,0	0,0	KANJIDIC,PYPINYIN,UNIHAN
U+8591	薑	キョウ,コウ,はじかみ	kyou,kou,hajikami	0,0,0	0,0,0	KANJIDIC,PYPINYIN,UNIHAN,WORDSHK_CHARS
U+8593	薓	シン,セン,にんじん,ちょうせんにんじん	shin,sen,ninjin,chousenninjin	0,0,0,0	0,0,0,0	KANJIDIC,PYPINYIN,UNIHAN
U+8594	薔	バ,ショウ,ショク,ソウ,みずたで	ba,shou,shoku,sou,mizutade	0,0,0,0,0	0,0,0,0,0	KANJIDIC,PYPINYIN,UNIHAN,WORDSHK_CHARS
U+8597	薗	エン,オン,その	en,on,sono	0,0,0	0,0,0	KANJIDIC,PYPINYIN,UNIHAN
U+8598	薘	タツ,ダチ,おおばこ	tatsu,dachi,oobako	0,0,0	0,0,0	KANJIDIC,PYPINYIN,UNIHAN,WORDSHK_CHARS
U+8599	薙	テイ,チ,なぐ,なぎ,かる	tei,chi,nagu,nagi,karu	0,0,0,0,0	0,0,0,0,0	KANJIDIC,PYPINYIN,UNIHAN
U+859B	薛	セツ	setsu	0	0	KANJIDIC,PYPINYIN,UNIHAN,WORDSHK_CHARS
U+859C	薜	ヘイ	hei	0	0	KANJIDIC,PYPINYIN,UNIHAN
U+859D	薝	セン,タン	sen,tan	0,0	0,0	KANJIDIC,PYPINYIN,UNIHAN
U+859F	薟	レン,ケン,コン,やぶからし	ren,ken,kon,yabukarashi	0,0,0,0	0,0,0,0	KANJIDIC,PYPINYIN,UNIHAN
U+85A0	薠	ハン,ボン,はますげ	han,bon,hamasuge	0,0,0	0,0,0	KANJIDIC,PYPINYIN,UNIHAN
U+85A2	薢	カイ,ケ	kai,ke	0,0	0,0	KANJIDIC,PYPINYIN,UNIHAN
U+85A4	薤	カイ,らっきょう,にら	kai,rakkyou,nira	0,0,0	0,0,0	KANJIDIC,PYPINYIN,UNIHAN
U+85A5	薥	ショク,ゾク,チョク,チク,れんげつつじ	shoku,zoku,choku,chiku,rengetsutsuji	0,0,0,0,0	0,0,0,0,0	KANJIDIC,PYPINYIN,UNIHAN
U+85A6	薦	セン,すすめる	sen,susumeru	0,0	0,0	KANJIDIC,PYPINYIN,UNIHAN,WORDSHK_CHARS
U+85A7	薧	コウ,はかば	kou,hakaba	0,0	0,0	KANJIDIC,PYPINYIN,UNIHAN
U+85A8	薨	コウ,こうじる,みまかる	kou,koujiru,mimakaru	0,0,0	0,0,0	KANJIDIC,PYPINYIN,UNIHAN
U+85A9	薩	サツ,サチ	satsu,sachi	0,0	0,0	KANJIDIC,PYPINYIN,UNIHAN,WORDSHK_CHARS
U+85AA	薪	シン,たきぎ,まき	shin,takigi,maki	0,0,0	0,0,0	KANJIDIC,PYPINYIN,UNIHAN,WORDSHK_CHARS
U+85AB	薫	クン,かおる	kun,kaoru	0,0	0,0	KANJIDIC,PYPINYIN,UNIHAN
U+85AC	薬	ヤク,くすり	yaku,kusuri	0,0	0,0	KANJIDIC,PYPINYIN,UNIHAN
U+85AD	薭	ハイ,ヒ,ひえ	hai,hi,hie	0,0,0	0,0,0	KANJIDIC,PYPINYIN,UNIHAN
U+85AE	薮	ソウ,やぶ	sou,yabu	0,0	0,0	KANJIDIC,PYPINYIN,UNIHAN
U+85AF	薯	ショ,いも	sho,imo	0,0	0,0	KANJIDIC,PYPINYIN,UNIHAN,WORDSHK_CHARS
U+85B0	薰	クン,かおる,かおりぐさ,かおり	kun,kaoru,kaorigusa,kaori	0,0,0,0	0,0,0,0	KANJIDIC,PYPINYIN,UNIHAN,WORDSHK_CHARS
U+85B4	薴	ドウ,ノウ,ニョウ,みだれる	dou,nou,nyou,midareru	0,0,0,0	0,0,0,0	KANJIDIC,PYPINYIN,UNIHAN
U+85B6	薶	バイ,マイ,リ,うずめる	bai,mai,ri,uzumeru	0,0,0,0	0,0,0,0	KANJIDIC,PYPINYIN,UNIHAN
U+85B7	薷	ジュ,ニュ,ジュウ,きくらげ	ju,nyu,juu,kikurage	0,0,0,0	0,0,0,0	KANJIDIC,PYPINYIN,UNIHAN
U+85B8	薸	ヒョウ,うきぐさ	hyou,ukigusa	0,0	0,0	KANJIDIC,PYPINYIN,UNIHAN,WORDSHK_CHARS
U+85B9	薹	タイ,とう,あぶらな	tai,tou,aburana	0,0,0	0,0,0	KANJIDIC,PYPINYIN,UNIHAN
U+85BA	薺	セイ,ザイ,ひと,ととのえる,なずな	sei,zai,hito,totonoeru,nazuna	0,0,0,0,0	0,0,0,0,0	KANJIDIC,PYPINYIN,UNIHAN
U+85BC	薼	チン,ジン,かわらよもぎ	chin,jin,kawarayomogi	0,0,0	0,0,0	KANJIDIC,PYPINYIN,UNIHAN
U+85BD	薽	シン,ケン,やぶたばこ	shin,ken,yabutabako	0,0,0	0,0,0	KANJIDIC,PYPINYIN,UNIHAN
U+85BE	薾	シ,ニ,デイ,ナイ,さく	shi,ni,dei,nai,saku	0,0,0,0,0	0,0,0,0,0	KANJIDIC,PYPINYIN,UNIHAN
U+85BF	薿	ギ,ギョク,ゴク,しげる	gi,gyoku,goku,shigeru	0,0,0,0	0,0,0,0	KANJIDIC,PYPINYIN,UNIHAN
U+85C1	藁	コウ,わら	kou,wara	0,0	0,0	KANJIDIC,PYPINYIN,UNIHAN
U+85C2	藂	ソウ,ス,くさむら,むらがる,むら	sou,su,kusamura,muragaru,mura	0,0,0,0,0	0,0,0,0,0	KANJIDIC,PYPINYIN,UNIHAN
U+85C7	藇	ショ,ヨ,うつくしい	sho,yo,utsukushii	0,0,0	0,0,0	KANJIDIC,PYPINYIN,UNIHAN
U+85C9	藉	シャ,セキ,ジャク,かりる,ふむ	sha,seki,jaku,kariru,fumu	0,0,0,0,0	0,0,0,0,0	KANJIDIC,PYPINYIN,UNIHAN,WORDSHK_CHARS
U+85CA	藊	ヘン,ふじまめ	hen,fujimame	0,0	0,0	KANJIDIC,PYPINYIN,UNIHAN
U+85CB	藋	チョウ,ジョウ,タク,あおあかぎ	chou,jou,taku,aoakagi	0,0,0,0	0,0,0,0	KANJIDIC,PYPINYIN,UNIHAN
U+85CD	藍	ラン,あい	ran,ai	0,0	0,0	KANJIDIC,PYPINYIN,UNIHAN,WORDSHK_CHARS
U+85CE	藎	シン,こぶなぐさ	shin,kobunagusa	0,0	0,0	KANJIDIC,PYPINYIN,UNIHAN
U+85CF	藏	ゾウ,ソウ,くら,おさめる,かくれる	zou,sou,kura,osameru,kakureru	0,0,0,0,0	0,0,0,0,0	KANJIDIC,PYPINYIN,UNIHAN,WORDSHK_CHARS
U+85D0	藐	ビョウ,バク,かろんじる,とおい	byou,baku,karonjiru,tooi	0,0,0,0	0,0,0,0	KANJIDIC,PYPINYIN,UNIHAN,WORDSHK_CHARS
U+85D5	藕	グウ,グ,ゴウ,はすのね	guu,gu,gou,hasunone	0,0,0,0	0,0,0,0	KANJIDIC,PYPINYIN,UNIHAN,WORDSHK_CHARS
U+85D8	藘	リョ,ロ	ryo,ro	0,0	0,0	KANJIDIC,PYPINYIN,UNIHAN
U+85DA	藚	ショク,ゾク,おもだか	shoku,zoku,omodaka	0,0,0	0,0,0	KANJIDIC,PYPINYIN,UNIHAN
U+85DC	藜	レイ,あかざ	rei,akaza	0,0	0,0	KANJIDIC,PYPINYIN,UNIHAN,WORDSHK_CHARS
U+85DD	藝	ゲイ,ウン,うえる,のり,わざ	gei,un,ueru,nori,waza	0,0,0,0,0	0,0,0,0,0	KANJIDIC,PYPINYIN,UNIHAN,WORDSHK_CHARS
U+85DF	藟	ルイ,ラ,リュウ,かずら,ふじかずら	rui,ra,ryuu,kazura,fujikazura	0,0,0,0,0	0,0,0,0,0	KANJIDIC,PYPINYIN,UNIHAN
U+85E0	藠	キョウ,らっきよう	kyou,rakkiyou	0,0	0,0	KANJIDIC,PYPINYIN,UNIHAN
U+85E4	藤	トウ,ドウ,ふじ	tou,dou,fuji	0,0,0	0,0,0	KANJIDIC,PYPINYIN,UNIHAN,WORDSHK_CHARS
U+85E5	藥	ヤク,くすり	yaku,kusuri	0,0	0,0	KANJIDIC,PYPINYIN,UNIHAN,WORDSHK_CHARS
U+85E6	藦	バ,マ	ba,ma	0,0	0,0	KANJIDIC,PYPINYIN,UNIHAN
U+85E8	藨	ヒョウ,キョウ,ホウ,まめ	hyou,kyou,hou,mame	0,0,0,0	0,0,0,0	KANJIDIC,PYPINYIN,UNIHAN
U+85E9	藩	ハン	han	0	0	KANJIDIC,PYPINYIN,UNIHAN,WORDSHK_CHARS
U+85EA	藪	ソウ,やぶ	sou,yabu	0,0	0,0	KANJIDIC,PYPINYIN,UNIHAN,WORDSHK_CHARS
U+85ED	藭	キュウ,ク,せんきゅう	kyuu,ku,senkyuu	0,0,0	0,0,0	KANJIDIC,PYPINYIN,UNIHAN,WORDSHK_CHARS
U+85F3	藳	コウ,わら,したがき	kou,wara,shitagaki	0,0,0	0,0,0	KANJIDIC,PYPINYIN,UNIHAN
U+85F6	藶	レキ,リャク	reki,ryaku	0,0	0,0	KANJIDIC,PYPINYIN,UNIHAN
U+85F7	藷	ショ,ジョ,いも	sho,jo,imo	0,0,0	0,0,0	KANJIDIC,PYPINYIN,UNIHAN
U+85F9	藹	アイ	ai	0	0	KANJIDIC,PYPINYIN,UNIHAN,WORDSHK_CHARS
U+85FA	藺	リン,い	rin,i	0,0	0,0	KANJIDIC,PYPINYIN,UNIHAN,WORDSHK_CHARS
U+85FB	藻	ソウ,も	sou,mo	0,0	0,0	KANJIDIC,PYPINYIN,UNIHAN,WORDSHK_CHARS
U+85FC	藼	ケン,かや,かんぞう	ken,kaya,kanzou	0,0,0	0,0,0	KANJIDIC,PYPINYIN,UNIHAN
U+85FE	藾	ライ	rai	0	0	KANJIDIC,PYPINYIN,UNIHAN
U+85FF	藿	カク,スイ	kaku,sui	0,0	0,0	KANJIDIC,PYPINYIN,UNIHAN
U+8600	蘀	タク,ジャク,おちば	taku,jaku,ochiba	0,0,0	0,0,0	KANJIDIC,PYPINYIN,UNIHAN
U+8602	蘂	ズイ,しべ	zui,shibe	0,0	0,0	KANJIDIC,PYPINYIN,UNIHAN
U+8604	蘄	キ,ケ,キン,ゴン	ki,ke,kin,gon	0,0,0,0	0,0,0,0	KANJIDIC,PYPINYIN,UNIHAN
U+8605	蘅	コウ,ギョウ	kou,gyou	0,0	0,0	KANJIDIC,PYPINYIN,UNIHAN
U+8606	蘆	ロ,あし,よし	ro,ashi,yoshi	0,0,0	0,0,0	KANJIDIC,PYPINYIN,UNIHAN,WORDSHK_CHARS
U+8607	蘇	ソ,ス,よみがえる	so,su,yomigaeru	0,0,0	0,0,0	KANJIDIC,PYPINYIN,UNIHAN,WORDSHK_CHARS
U+860A	蘊	ウン,つむ	un,tsumu	0,0	0,0	KANJIDIC,PYPINYIN,UNIHAN
U+860B	蘋	ヒン,うきくさ	hin,ukikusa	0,0	0,0	KANJIDIC,PYPINYIN,UNIHAN,WORDSHK_CHARS
U+860D	蘍	クン,かおる	kun,kaoru	0,0	0,0	KANJIDIC,PYPINYIN,UNIHAN
U+860E	蘎	キ	ki	0	0	KANJIDIC,PYPINYIN,UNIHAN
U+8610	蘐	ケン,かや,かんぞう	ken,kaya,kanzou	0,0,0	0,0,0	KANJIDIC,PYPINYIN,UNIHAN
U+8611	蘑	マ,ひらたけ	ma,hiratake	0,0	0,0	KANJIDIC,PYPINYIN,UNIHAN,WORDSHK_CHARS
U+8612	蘒	キ,はぎ	ki,hagi	0,0	0,0	KANJIDIC,PYPINYIN,UNIHAN
U+8613	蘓	ソ,ス,よみがえる	so,su,yomigaeru	0,0,0	0,0,0	KANJIDIC,PYPINYIN,UNIHAN
U+8616	蘖	ゲツ,ひこばえ	getsu,hikobae	0,0	0,0	KANJIDIC,PYPINYIN,UNIHAN
U+8617	蘗	ハク,ビャク,きはだ,きわだ	haku,byaku,kihada,kiwada	0,0,0,0	0,0,0,0	KANJIDIC,PYPINYIN,UNIHAN
U+8618	蘘	ニョウ,ショウ,ソウ,ノウ,みようが	nyou,shou,sou,nou,miyouga	0,0,0,0,0	0,0,0,0,0	KANJIDIC,PYPINYIN,UNIHAN
U+8619	蘙	エイ,しげる	ei,shigeru	0,0	0,0	KANJIDIC,PYPINYIN,UNIHAN
U+861A	蘚	セン,こけ	sen,koke	0,0	0,0	KANJIDIC,PYPINYIN,UNIHAN
U+861B	蘛	イク,ユ,しげる	iku,yu,shigeru	0,0,0	0,0,0	KANJIDIC,PYPINYIN,UNIHAN
U+861E	蘞	レン,ケン,コン,やぶからし	ren,ken,kon,yabukarashi	0,0,0,0	0,0,0,0	KANJIDIC,PYPINYIN,UNIHAN
U+8621	蘡	オウ,ヨウ,エイ	ou,you,ei	0,0,0	0,0,0	KANJIDIC,PYPINYIN,UNIHAN
U+8622	蘢	ロウ	rou	0	0	KANJIDIC,PYPINYIN,UNIHAN
U+8627	蘧	ク,キョ	ku,kyo	0,0	0,0	KANJIDIC,PYPINYIN,UNIHAN
U+8629	蘩	ハン,ボン,しろよもぎ	han,bon,shiroyomogi	0,0,0	0,0,0	KANJIDIC,PYPINYIN,UNIHAN
U+862D	蘭	ラン,ラ	ran,ra	0,0	0,0	KANJIDIC,PYPINYIN,UNIHAN,WORDSHK_CHARS
U+862F	蘯	トウ,とろかす,あらう,うごく	tou,torokasu,arau,ugoku	0,0,0,0	0,0,0,0	KANJIDIC,PYPINYIN,UNIHAN
U+8630	蘰	かつら	katsura	0	0	KANJIDIC,PYPINYIN,UNIHAN
U+8636	蘶	ギ,ひこばえ	gi,hikobae	0,0	0,0	KANJIDIC,PYPINYIN,UNIHAN
U+8638	蘸	サン,ひたす	san,hitasu	0,0	0,0	KANJIDIC,PYPINYIN,UNIHAN,WORDSHK_CHARS
U+863A	蘺	リ,くさびえ	ri,kusabie	0,0	0,0	KANJIDIC,PYPINYIN,UNIHAN
U+863C	蘼	ビ,ミ	bi,mi	0,0	0,0	KANJIDIC,PYPINYIN,UNIHAN
U+863D	蘽	ルイ,ラ,リュウ,かずら,ふじかずら	rui,ra,ryuu,kazura,fujikazura	0,0,0,0,0	0,0,0,0,0	KANJIDIC,PYPINYIN,UNIHAN
U+863F	蘿	ラ,つた	ra,tsuta	0,0	0,0	KANJIDIC,PYPINYIN,UNIHAN,WORDSHK_CHARS
U+8640	虀	セイ,サイ,あえる	sei,sai,aeru	0,0,0	0,0,0	KANJIDIC,PYPINYIN,UNIHAN
U+8641	虁	キ	ki	0	0	KANJIDIC,PYPINYIN,UNIHAN
U+8642	虂	ロ,ル	ro,ru	0,0	0,0	KANJIDIC,PYPINYIN,UNIHAN
U+8646	虆	ルイ,ラ,リュウ,かずら,ふじかずら	rui,ra,ryuu,kazura,fujikazura	0,0,0,0,0	0,0,0,0,0	KANJIDIC,PYPINYIN,UNIHAN
U+864D	虍	コ	ko	0	0	KANJIDIC,PYPINYIN,UNIHAN,WORDSHK_CHARS
U+864E	虎	コ,とら	ko,tora	0,0	0,0	KANJIDIC,PYPINYIN,UNIHAN,WORDSHK_CHARS
U+8650	虐	ギャク,しいたげる	gyaku,shiitageru	0,0	0,0	KANJIDIC,PYPINYIN,UNIHAN,WORDSHK_CHARS
U+8652	虒	シ,テイ,ダイ,チ,けもの	shi,tei,dai,chi,kemono	0,0,0,0,0	0,0,0,0,0	KANJIDIC,PYPINYIN,UNIHAN
U+8653	虓	オウ,ヨウ,コウ,キョウ,うそぶく,いかる,しし,たたく	ou,you,kou,kyou,usobuku,ikaru,shishi,tataku	0,0,0,0,0,0,0,0	0,0,0,0,0,0,0,0	KANJIDIC,PYPINYIN,UNIHAN
U+8654	虔	ケン,つつしむ	ken,tsutsushimu	0,0	0,0	KANJIDIC,PYPINYIN,UNIHAN,WORDSHK_CHARS
U+8655	處	ショ,ところ,こ,おる	sho,tokoro,ko,oru	0,0,0,0	0,0,0,0	KANJIDIC,PYPINYIN,UNIHAN,WORDSHK_CHARS
U+8656	虖	コ,ク,ケイ,キョウ,ほえる	ko,ku,kei,kyou,hoeru	0,0,0,0,0	0,0,0,0,0	KANJIDIC,PYPINYIN,UNIHAN
U+8657	虗	キョ,コ,むなしい,うつろ	kyo,ko,munashii,utsuro	0,0,0,0	0,0,0,0	KANJIDIC,PYPINYIN,UNIHAN
U+8658	虘	サ,ソ,たけだけしい	sa,so,takedakeshii	0,0,0	0,0,0	KANJIDIC,PYPINYIN,UNIHAN
U+8659	虙	フク	fuku	0	0	KANJIDIC,PYPINYIN,UNIHAN
U+865A	虚	キョ,コ,むなしい,うつろ	kyo,ko,munashii,utsuro	0,0,0,0	0,0,0,0	KANJIDIC,PYPINYIN,UNIHAN
U+865B	虛	キョ,コ,むなしい	kyo,ko,munashii	0,0,0	0,0,0	KANJIDIC,PYPINYIN,UNIHAN,WORDSHK_CHARS
U+865C	虜	リョ,ロ,とりこ,とりく	ryo,ro,toriko,toriku	0,0,0,0	0,0,0,0	KANJIDIC,PYPINYIN,UNIHAN,WORDSHK_CHARS
U+865D	虝	コ,とら	ko,tora	0,0	0,0	KANJIDIC,PYPINYIN,UNIHAN
U+865E	虞	グ,おそれ,おもんぱかる,はかる,うれえる,あざむく,あやまる,のぞむ,たのしむ	gu,osore,omonpakaru,hakaru,ureeru,azamuku,ayamaru,nozomu,tanoshimu	0,0,0,0,0,0,0,0,0	0,0,0,0,0,0,0,0,0	KANJIDIC,PYPINYIN,UNIHAN,WORDSHK_CHARS
U+865F	號	コウ,さけぶ,よびな	kou,sakebu,yobina	0,0,0	0,0,0	KANJIDIC,PYPINYIN,UNIHAN,WORDSHK_CHARS
U+8660	虠	コウ	kou	0	0	KANJIDIC,PYPINYIN,UNIHAN
U+8661	虡	キョ,ゴ,はしる	kyo,go,hashiru	0,0,0	0,0,0	KANJIDIC,PYPINYIN,UNIHAN
U+8662	虢	ホウ,カク,つめあと	hou,kaku,tsumeato	0,0,0	0,0,0	KANJIDIC,PYPINYIN,UNIHAN
U+8663	虣	ホウ,しいたげる	hou,shiitageru	0,0	0,0	KANJIDIC,PYPINYIN,UNIHAN
U+8664	虤	ガン,ケン	gan,ken	0,0	0,0	KANJIDIC,PYPINYIN,UNIHAN
U+8667	虧	キ,かける	ki,kakeru	0,0	0,0	KANJIDIC,PYPINYIN,UNIHAN,WORDSHK_CHARS
U+8669	虩	ケキ,キャク,サク,シャク,おそれる	keki,kyaku,saku,shaku,osoreru	0,0,0,0,0	0,0,0,0,0	KANJIDIC,PYPINYIN,UNIHAN
U+866B	虫	チュウ,キ,むし	chuu,ki,mushi	0,0,0	0,0,0	KANJIDIC,PYPINYIN,UNIHAN
U+866C	虬	キュウ,ク,キョウ,みずち	kyuu,ku,kyou,mizuchi	0,0,0,0	0,0,0,0	KANJIDIC,PYPINYIN,UNIHAN
U+866F	虯	キュウ,ク,キョウ,みずち	kyuu,ku,kyou,mizuchi	0,0,0,0	0,0,0,0	KANJIDIC,PYPINYIN,UNIHAN
U+8671	虱	シツ,しらみ	shitsu,shirami	0,0	0,0	KANJIDIC,PYPINYIN,UNIHAN,WORDSHK_CHARS
U+8675	虵	ジャ,ダ,イ,ヤ,へび	ja,da,i,ya,hebi	0,0,0,0,0	0,0,0,0,0	KANJIDIC,PYPINYIN,UNIHAN
U+8676	虶	ウ	u	0	0	KANJIDIC,PYPINYIN,UNIHAN
U+8677	虷	カン,ぼうふら	kan,boufura	0,0	0,0	KANJIDIC,PYPINYIN,UNIHAN
U+8679	虹	コウ,にじ	kou,niji	0,0	0,0	KANJIDIC,PYPINYIN,UNIHAN,WORDSHK_CHARS
U+867A	虺	キ,カイ,ケ,まむし	ki,kai,ke,mamushi	0,0,0,0	0,0,0,0	KANJIDIC,PYPINYIN,UNIHAN
U+867B	虻	ボウ,あぶ	bou,abu	0,0	0,0	KANJIDIC,PYPINYIN,UNIHAN
U+8688	蚈	ケン,ほたる,やすで	ken,hotaru,yasude	0,0,0	0,0,0	KANJIDIC,PYPINYIN,UNIHAN
U+8689	蚉	ブン,か	bun,ka	0,0	0,0	KANJIDIC,PYPINYIN,UNIHAN
U+868A	蚊	ブン,か	bun,ka	0,0	0,0	KANJIDIC,PYPINYIN,UNIHAN,WORDSHK_CHARS
U+868B	蚋	ゼイ,ネイ,ゼツ,ネチ,ぶゆ,ぶよ,ぶと,か	zei,nei,zetsu,nechi,buyu,buyo,buto,ka	0,0,0,0,0,0,0,0	0,0,0,0,0,0,0,0	KANJIDIC,PYPINYIN,UNIHAN
U+868C	蚌	ボウ,ホウ,ビョウ,はまぐり,どぶがい	bou,hou,byou,hamaguri,dobugai	0,0,0,0,0	0,0,0,0,0	KANJIDIC,PYPINYIN,UNIHAN,WORDSHK_CHARS
U+868D	蚍	ヒ,おおあり	hi,ooari	0,0	0,0	KANJIDIC,PYPINYIN,UNIHAN,WORDSHK_CHARS
U+8691	蚑	キ,ゲ,はう	ki,ge,hau	0,0,0	0,0,0	KANJIDIC,PYPINYIN,UNIHAN
U+8693	蚓	ズ,イン,みみず	zu,in,mimizu	0,0,0	0,0,0	KANJIDIC,PYPINYIN,UNIHAN,WORDSHK_CHARS
U+8695	蚕	サン,テン,かいこ,こ	san,ten,kaiko,ko	0,0,0,0	0,0,0,0	KANJIDIC,PYPINYIN,UNIHAN
U+8696	蚖	ゲン,ガン,いもり	gen,gan,imori	0,0,0	0,0,0	KANJIDIC,PYPINYIN,UNIHAN
U+8698	蚘	カイ,ユウ,かいちゅう,はらのむし	kai,yuu,kaichuu,haranomushi	0,0,0,0	0,0,0,0	KANJIDIC,PYPINYIN,UNIHAN
U+869A	蚚	キ,ゲ,カイ,こくぞうむし	ki,ge,kai,kokuzoumushi	0,0,0,0	0,0,0,0	KANJIDIC,PYPINYIN,UNIHAN
U+869C	蚜	カ,ケ,あぶらむし	ka,ke,aburamushi	0,0,0	0,0,0	KANJIDIC,PYPINYIN,UNIHAN
U+86A1	蚡	フン,もぐらもち	fun,moguramochi	0,0	0,0	KANJIDIC,PYPINYIN,UNIHAN
U+86A3	蚣	コウ,ショウ	kou,shou	0,0	0,0	KANJIDIC,PYPINYIN,UNIHAN,WORDSHK_CHARS
U+86A4	蚤	ソウ,のみ,はやい	sou,nomi,hayai	0,0,0	0,0,0	KANJIDIC,PYPINYIN,UNIHAN,WORDSHK_CHARS
U+86A6	蚦	ゼン,ネン,ザン,ナン,テン,にしきへび	zen,nen,zan,nan,ten,nishikihebi	0,0,0,0,0,0	0,0,0,0,0,0	KANJIDIC,PYPINYIN,UNIHAN
U+86A7	蚧	カイ	kai	0	0	KANJIDIC,PYPINYIN,UNIHAN,WORDSHK_CHARS
U+86A8	蚨	フ	fu	0	0	KANJIDIC,PYPINYIN,UNIHAN
U+86A9	蚩	シ	shi	0	0	KANJIDIC,PYPINYIN,UNIHAN
U+86AA	蚪	ト	to	0	0	KANJIDIC,PYPINYIN,UNIHAN,WORDSHK_CHARS
U+86AB	蚫	ホウ,あわび	hou,awabi	0,0	0,0	KANJIDIC,PYPINYIN,UNIHAN
U+86AD	蚭	ジ,ニ	ji,ni	0,0	0,0	KANJIDIC,PYPINYIN,UNIHAN
U+86AF	蚯	キュウ,みみず	kyuu,mimizu	0,0	0,0	KANJIDIC,PYPINYIN,UNIHAN,WORDSHK_CHARS
U+86B0	蚰	ユウ	yuu	0	0	KANJIDIC,PYPINYIN,UNIHAN
U+86B1	蚱	サク,シャク,サ,シャ	saku,shaku,sa,sha	0,0,0,0	0,0,0,0	KANJIDIC,PYPINYIN,UNIHAN,WORDSHK_CHARS
U+86B3	蚳	チ,シ,テイ,タイ	chi,shi,tei,tai	0,0,0,0	0,0,0,0	KANJIDIC,PYPINYIN,UNIHAN
U+86B4	蚴	ユウ,ユ	yuu,yu	0,0	0,0	KANJIDIC,PYPINYIN,UNIHAN
U+86B5	蚵	カ	ka	0	0	KANJIDIC,PYPINYIN,UNIHAN,WORDSHK_CHARS
U+86B6	蚶	カン	kan	0	0	KANJIDIC,PYPINYIN,UNIHAN,WORDSHK_CHARS
U+86B7	蚷	キョ,ゴ	kyo,go	0,0	0,0	KANJIDIC,PYPINYIN,UNIHAN
U+86B8	蚸	レキ,リャク,セキ,シャク	reki,ryaku,seki,shaku	0,0,0,0	0,0,0,0	KANJIDIC,PYPINYIN,UNIHAN
U+86B9	蚹	フ,ホク	fu,hoku	0,0	0,0	KANJIDIC,PYPINYIN,UNIHAN
U+86BF	蚿	ケン	ken	0	0	KANJIDIC,PYPINYIN,UNIHAN
U+86C0	蛀	シュ,きくいむし	shu,kikuimushi	0,0	0,0	KANJIDIC,PYPINYIN,UNIHAN,WORDSHK_CHARS
U+86C1	蛁	チョウ	chou	0	0	KANJIDIC,PYPINYIN,UNIHAN
U+86C3	蛃	ヘイ,ヒョウ,ホウ	hei,hyou,hou	0,0,0	0,0,0	KANJIDIC,PYPINYIN,UNIHAN
U+86C4	蛄	コ	ko	0	0	KANJIDIC,PYPINYIN,UNIHAN
U+86C5	蛅	ネン,セン	nen,sen	0,0	0,0	KANJIDIC,PYPINYIN,UNIHAN
U+86C6	蛆	ソ,ショ,うじ	so,sho,uji	0,0,0	0,0,0	KANJIDIC,PYPINYIN,UNIHAN
U+86C7	蛇	ジャ,ダ,イ,ヤ,へび	ja,da,i,ya,hebi	0,0,0,0,0	0,0,0,0,0	KANJIDIC,PYPINYIN,UNIHAN,WORDSHK_CHARS
U+86C9	蛉	レイ	rei	0	0	KANJIDIC,PYPINYIN,UNIHAN
U+86CB	蛋	タン	tan	0	0	KANJIDIC,PYPINYIN,UNIHAN,WORDSHK_CHARS
U+86CD	蛍	ケイ,ほたる	kei,hotaru	0,0	0,0	KANJIDIC,PYPINYIN,UNIHAN
U+86CE	蛎	レイ,かき	rei,kaki	0,0	0,0	KANJIDIC,PYPINYIN,UNIHAN
U+86D1	蛑	ボウ,ム,モウ	bou,mu,mou	0,0,0	0,0,0	KANJIDIC,PYPINYIN,UNIHAN
U+86D2	蛒	カク,キャク,ラク,すくもむし	kaku,kyaku,raku,sukumomushi	0,0,0,0	0,0,0,0	KANJIDIC,PYPINYIN,UNIHAN
U+86D4	蛔	カイ,ユウ,かいちゅう,はらのむし	kai,yuu,kaichuu,haranomushi	0,0,0,0	0,0,0,0	KANJIDIC,PYPINYIN,UNIHAN
U+86D5	蛕	カイ,かいちゅう	kai,kaichuu	0,0	0,0	KANJIDIC,PYPINYIN,UNIHAN
U+86D7	蛗	フウ,ブ	fuu,bu	0,0	0,0	KANJIDIC,PYPINYIN,UNIHAN
U+86D9	蛙	ア,ワ,かえる,かわず	a,wa,kaeru,kawazu	0,0,0,0	0,0,0,0	KANJIDIC,PYPINYIN,UNIHAN,WORDSHK_CHARS
U+86DA	蛚	レツ,レチ	retsu,rechi	0,0	0,0	KANJIDIC,PYPINYIN,UNIHAN
U+86DB	蛛	チュ,シュ	chu,shu	0,0	0,0	KANJIDIC,PYPINYIN,UNIHAN,WORDSHK_CHARS
U+86DC	蛜	イ	i	0	0	KANJIDIC,PYPINYIN,UNIHAN
U+86DE	蛞	カツ	katsu	0	0	KANJIDIC,PYPINYIN,UNIHAN,WORDSHK_CHARS
U+86DF	蛟	コウ,キョウ,みずち	kou,kyou,mizuchi	0,0,0	0,0,0	KANJIDIC,PYPINYIN,UNIHAN,WORDSHK_CHARS
U+86E0	蛠	レイ,ライ	rei,rai	0,0	0,0	KANJIDIC,PYPINYIN,UNIHAN
U+86E3	蛣	キツ,キチ,ケツ,ケチ,ケイ	kitsu,kichi,ketsu,kechi,kei	0,0,0,0,0	0,0,0,0,0	KANJIDIC,PYPINYIN,UNIHAN
U+86E4	蛤	コウ,はまぐり	kou,hamaguri	0,0	0,0	KANJIDIC,PYPINYIN,UNIHAN,WORDSHK_CHARS
U+86E5	蛥	セツ,ゼチ,にいにいぜみ	setsu,zechi,niiniizemi	0,0,0	0,0,0	KANJIDIC,PYPINYIN,UNIHAN
U+86E7	蛧	ボウ,モウ	bou,mou	0,0	0,0	KANJIDIC,PYPINYIN,UNIHAN
U+86E9	蛩	キョウ,こおろぎ	kyou,koorogi	0,0	0,0	KANJIDIC,PYPINYIN,UNIHAN
U+86EC	蛬	キョウ,こおろぎ,きりぎりす	kyou,koorogi,kirigirisu	0,0,0	0,0,0	KANJIDIC,PYPINYIN,UNIHAN
U+86ED	蛭	シツ,チツ,ひる	shitsu,chitsu,hiru	0,0,0	0,0,0	KANJIDIC,PYPINYIN,UNIHAN,WORDSHK_CHARS
U+86EE	蛮	バン,えびす	ban,ebisu	0,0	0,0	KANJIDIC,PYPINYIN,UNIHAN
U+86EF	蛯	えび,うば	ebi,uba	0,0	0,0	KANJIDIC,PYPINYIN,UNIHAN
U+86F8	蛸	ソウ,ショウ,たこ	sou,shou,tako	0,0,0	0,0,0	KANJIDIC,PYPINYIN,UNIHAN
U+86F9	蛹	ヨウ,さなぎ	you,sanagi	0,0	0,0	KANJIDIC,PYPINYIN,UNIHAN,WORDSHK_CHARS
U+86FA	蛺	キョウ,コウ,リョウ,ちょう	kyou,kou,ryou,chou	0,0,0,0	0,0,0,0	KANJIDIC,PYPINYIN,UNIHAN
U+86FB	蛻	ゼイ,セイ,タイ,もぬける,ぬけがら	zei,sei,tai,monukeru,nukegara	0,0,0,0,0	0,0,0,0,0	KANJIDIC,PYPINYIN,UNIHAN
U+86FC	蛼	シャ,あしまつい,こおろぎ	sha,ashimatsui,koorogi	0,0,0	0,0,0	KANJIDIC,PYPINYIN,UNIHAN
U+86FD	蛽	バイ,かい	bai,kai	0,0	0,0	KANJIDIC,PYPINYIN,UNIHAN
U+86FE	蛾	ギ,ガ,ひむし	gi,ga,himushi	0,0,0	0,0,0	KANJIDIC,PYPINYIN,UNIHAN,WORDSHK_CHARS
U+8700	蜀	ショク,ゾク,いもむし	shoku,zoku,imomushi	0,0,0	0,0,0	KANJIDIC,PYPINYIN,UNIHAN,WORDSHK_CHARS
U+8702	蜂	ホウ,はち	hou,hachi	0,0	0,0	KANJIDIC,PYPINYIN,UNIHAN,WORDSHK_CHARS
U+8703	蜃	シン	shin	0	0	KANJIDIC,PYPINYIN,UNIHAN,WORDSHK_CHARS
U+8704	蜄	シン,うごく	shin,ugoku	0,0	0,0	KANJIDIC,PYPINYIN,UNIHAN
U+8705	蜅	フ,ホ	fu,ho	0,0	0,0	KANJIDIC,PYPINYIN,UNIHAN
U+8706	蜆	ケン,しじみ	ken,shijimi	0,0	0,0	KANJIDIC,PYPINYIN,UNIHAN,WORDSHK_CHARS
U+8707	蜇	テツ,テチ,さす	tetsu,techi,sasu	0,0,0	0,0,0	KANJIDIC,PYPINYIN,UNIHAN,WORDSHK_CHARS
U+8708	蜈	ゴ	go	0	0	KANJIDIC,PYPINYIN,UNIHAN,WORDSHK_CHARS
U+8709	蜉	フ	fu	0	0	KANJIDIC,PYPINYIN,UNIHAN,WORDSHK_CHARS
U+870A	蜊	リ,あさり	ri,asari	0,0	0,0	KANJIDIC,PYPINYIN,UNIHAN,WORDSHK_CHARS
U+870B	蜋	ロウ,リョウ	rou,ryou	0,0	0,0	KANJIDIC,PYPINYIN,UNIHAN
U+870D	蜍	ショ	sho	0	0	KANJIDIC,PYPINYIN,UNIHAN,WORDSHK_CHARS
U+870E	蜎	エン,ケン,ぼうふら	en,ken,boufura	0,0,0	0,0,0	KANJIDIC,PYPINYIN,UNIHAN
U+870F	蜏	ユウ,ユ,シュウ,シュ,かげろう	yuu,yu,shuu,shu,kagerou	0,0,0,0,0	0,0,0,0,0	KANJIDIC,PYPINYIN,UNIHAN
U+8710	蜐	キョウ,コウ	kyou,kou	0,0	0,0	KANJIDIC,PYPINYIN,UNIHAN
U+8711	蜑	タン,あま	tan,ama	0,0	0,0	KANJIDIC,PYPINYIN,UNIHAN,WORDSHK_CHARS
U+8712	蜒	エン,タン	en,tan	0,0	0,0	KANJIDIC,PYPINYIN,UNIHAN,WORDSHK_CHARS
U+8713	蜓	エン,テン,テイ,ジョウ	en,ten,tei,jou	0,0,0,0	0,0,0,0	KANJIDIC,PYPINYIN,UNIHAN,WORDSHK_CHARS
U+8714	蜔	テン	ten	0	0	KANJIDIC,PYPINYIN,UNIHAN
U+8718	蜘	チ,くも	chi,kumo	0,0	0,0	KANJIDIC,PYPINYIN,UNIHAN,WORDSHK_CHARS
U+8719	蜙	ショウ,シュ,ソウ,ス	shou,shu,sou,su	0,0,0,0	0,0,0,0	KANJIDIC,PYPINYIN,UNIHAN
U+871A	蜚	ヒ,あぶらむし	hi,aburamushi	0,0	0,0	KANJIDIC,PYPINYIN,UNIHAN,WORDSHK_CHARS
U+871C	蜜	ミツ,ビツ	mitsu,bitsu	0,0	0,0	KANJIDIC,PYPINYIN,UNIHAN,WORDSHK_CHARS
U+871E	蜞	キ,ひる	ki,hiru	0,0	0,0	KANJIDIC,PYPINYIN,UNIHAN,WORDSHK_CHARS
U+871F	蜟	イク	iku	0	0	KANJIDIC,PYPINYIN,UNIHAN
U+8721	蜡	ショ,ワ,ジャ,セキ,シャク,うじむし	sho,wa,ja,seki,shaku,ujimushi	0,0,0,0,0,0	0,0,0,0,0,0	KANJIDIC,PYPINYIN,UNIHAN
U+8723	蜣	キョウ,コウ,キャク,カク	kyou,kou,kyaku,kaku	0,0,0,0	0,0,0,0	KANJIDIC,PYPINYIN,UNIHAN
U+8725	蜥	シャク,セキ,とかげ	shaku,seki,tokage	0,0,0	0,0,0	KANJIDIC,PYPINYIN,UNIHAN,WORDSHK_CHARS
U+8728	蜨	ショウ,ソウ	shou,sou	0,0	0,0	KANJIDIC,PYPINYIN,UNIHAN
U+8729	蜩	チョウ,ひぐらし,せみ	chou,higurashi,semi	0,0,0	0,0,0	KANJIDIC,PYPINYIN,UNIHAN
U+872E	蜮	ヨク,イキ,コク,ワク,いさごむし	yoku,iki,koku,waku,isagomushi	0,0,0,0,0	0,0,0,0,0	KANJIDIC,PYPINYIN,UNIHAN
U+872F	蜯	ホウ,ビョウ,はまぐり,どぶがい	hou,byou,hamaguri,dobugai	0,0,0,0	0,0,0,0	KANJIDIC,PYPINYIN,UNIHAN
U+8731	蜱	ヒ,ヒョウ,だに	hi,hyou,dani	0,0,0	0,0,0	KANJIDIC,PYPINYIN,UNIHAN
U+8732	蜲	イ,うねる	i,uneru	0,0	0,0	KANJIDIC,PYPINYIN,UNIHAN
U+8734	蜴	エキ	eki	0	0	KANJIDIC,PYPINYIN,UNIHAN,WORDSHK_CHARS
U+8737	蜷	ケン,にな	ken,nina	0,0	0,0	KANJIDIC,PYPINYIN,UNIHAN
U+8739	蜹	ゼイ,ネイ,ゼツ,ネチ,ぶゆ,ぶよ,ぶと,か	zei,nei,zetsu,nechi,buyu,buyo,buto,ka	0,0,0,0,0,0,0,0	0,0,0,0,0,0,0,0	KANJIDIC,PYPINYIN,UNIHAN
U+873A	蜺	ゲイ,ゲツ,ゲチ,つくつくぼうし	gei,getsu,gechi,tsukutsukuboushi	0,0,0,0	0,0,0,0	KANJIDIC,PYPINYIN,UNIHAN
U+873B	蜻	セイ	sei	0	0	KANJIDIC,PYPINYIN,UNIHAN,WORDSHK_CHARS
U+873C	蜼	イ,ユイ,ルイ,さる	i,yui,rui,saru	0,0,0,0	0,0,0,0	KANJIDIC,PYPINYIN,UNIHAN
U+873D	蜽	リョウ,こだま	ryou,kodama	0,0	0,0	KANJIDIC,PYPINYIN,UNIHAN
U+873E	蜾	カ,ラ,じがばち	ka,ra,jigabachi	0,0,0	0,0,0	KANJIDIC,PYPINYIN,UNIHAN
U+873F	蜿	エン,ワン	en,wan	0,0	0,0	KANJIDIC,PYPINYIN,UNIHAN,WORDSHK_CHARS
U+8740	蝀	トウ,ツ	tou,tsu	0,0	0,0	KANJIDIC,PYPINYIN,UNIHAN
U+8743	蝃	テイ,タイ,セツ,セチ,にじ	tei,tai,setsu,sechi,niji	0,0,0,0,0	0,0,0,0,0	KANJIDIC,PYPINYIN,UNIHAN
U+8745	蝅	サン,テン,かいこ,こ	san,ten,kaiko,ko	0,0,0,0	0,0,0,0	KANJIDIC,PYPINYIN,UNIHAN
U+8749	蝉	セン,ゼン,せみ	sen,zen,semi	0,0,0	0,0,0	KANJIDIC,PYPINYIN,UNIHAN
U+874B	蝋	ロウ,みつろう,ろうそく	rou,mitsurou,rousoku	0,0,0	0,0,0	KANJIDIC,PYPINYIN,UNIHAN
U+874C	蝌	カ	ka	0	0	KANJIDIC,PYPINYIN,UNIHAN,WORDSHK_CHARS
U+874D	蝍	ソク,ショク	soku,shoku	0,0	0,0	KANJIDIC,PYPINYIN,UNIHAN
U+874E	蝎	カツ,さそり,すくもむし	katsu,sasori,sukumomushi	0,0,0	0,0,0	KANJIDIC,PYPINYIN,UNIHAN
U+8753	蝓	ユ	yu	0	0	KANJIDIC,PYPINYIN,UNIHAN,WORDSHK_CHARS
U+8755	蝕	ショク,むしばむ	shoku,mushibamu	0,0	0,0	KANJIDIC,PYPINYIN,UNIHAN,WORDSHK_CHARS
U+8757	蝗	コウ,いなご,ばった	kou,inago,batta	0,0,0	0,0,0	KANJIDIC,PYPINYIN,UNIHAN,WORDSHK_CHARS
U+8758	蝘	エン,オン	en,on	0,0	0,0	KANJIDIC,PYPINYIN,UNIHAN
U+8759	蝙	ヘン,こうもり	hen,koumori	0,0	0,0	KANJIDIC,PYPINYIN,UNIHAN,WORDSHK_CHARS
U+875D	蝝	エン,ケン,いなご	en,ken,inago	0,0,0	0,0,0	KANJIDIC,PYPINYIN,UNIHAN
U+875F	蝟	イ,はりねずみ	i,harinezumi	0,0	0,0	KANJIDIC,PYPINYIN,UNIHAN,WORDSHK_CHARS
U+8760	蝠	フク	fuku	0	0	KANJIDIC,PYPINYIN,UNIHAN,WORDSHK_CHARS
U+8761	蝡	ゼン,ダ,ネン,ジュ,ニュ,うごめく	zen,da,nen,ju,nyu,ugomeku	0,0,0,0,0,0	0,0,0,0,0,0	KANJIDIC,PYPINYIN,UNIHAN
U+8763	蝣	ユウ	yuu	0	0	KANJIDIC,PYPINYIN,UNIHAN
U+8764	蝤	シュウ,ジュ,ヨウ,ヨ,きくいむし	shuu,ju,you,yo,kikuimushi	0,0,0,0,0	0,0,0,0,0	KANJIDIC,PYPINYIN,UNIHAN
U+8765	蝥	ボウ,ム,メウ,ブ	bou,mu,meu,bu	0,0,0,0	0,0,0,0	KANJIDIC,PYPINYIN,UNIHAN
U+8766	蝦	カ,ゲ,えび	ka,ge,ebi	0,0,0	0,0,0	KANJIDIC,PYPINYIN,UNIHAN,WORDSHK_CHARS
U+8768	蝨	シツ,しらみ	shitsu,shirami	0,0	0,0	KANJIDIC,PYPINYIN,UNIHAN,WORDSHK_CHARS
U+876A	蝪	エキ	eki	0	0	KANJIDIC,PYPINYIN,UNIHAN
U+876E	蝮	フク,まむし	fuku,mamushi	0,0	0,0	KANJIDIC,PYPINYIN,UNIHAN
U+876F	蝯	エン,オン,てながざる	en,on,tenagazaru	0,0,0	0,0,0	KANJIDIC,PYPINYIN,UNIHAN
U+8771	蝱	ボウ,モウ,ミョウ,ブウ,あぶ	bou,mou,myou,buu,abu	0,0,0,0,0	0,0,0,0,0	KANJIDIC,PYPINYIN,UNIHAN
U+8772	蝲	ラツ,ラチ,さそり	ratsu,rachi,sasori	0,0,0	0,0,0	KANJIDIC,PYPINYIN,UNIHAN
U+8774	蝴	コ	ko	0	0	KANJIDIC,PYPINYIN,UNIHAN,WORDSHK_CHARS
U+8776	蝶	チョウ	chou	0	0	KANJIDIC,PYPINYIN,UNIHAN,WORDSHK_CHARS
U+8778	蝸	カ,かたつむり	ka,katatsumuri	0,0	0,0	KANJIDIC,PYPINYIN,UNIHAN,WORDSHK_CHARS
U+877B	蝻	ナン	nan	0	0	KANJIDIC,PYPINYIN,UNIHAN,WORDSHK_CHARS
U+877F	蝿	ヨウ,はえ,はい	you,hae,hai	0,0,0	0,0,0	KANJIDIC,PYPINYIN,UNIHAN
U+8782	螂	ロウ	rou	0	0	KANJIDIC,PYPINYIN,UNIHAN,WORDSHK_CHARS
U+8783	螃	ホウ,ヒョウ	hou,hyou	0,0	0,0	KANJIDIC,PYPINYIN,UNIHAN,WORDSHK_CHARS
U+8784	螄	シ,にな	shi,nina	0,0	0,0	KANJIDIC,PYPINYIN,UNIHAN,WORDSHK_CHARS
U+8785	螅	シ,シツ	shi,shitsu	0,0	0,0	KANJIDIC,PYPINYIN,UNIHAN
U+8786	螆	シ	shi	0	0	KANJIDIC,PYPINYIN,UNIHAN,WORDSHK_CHARS
U+8787	螇	ケイ	kei	0	0	KANJIDIC,PYPINYIN,UNIHAN
U+8788	螈	ゲン,ガン,いもり	gen,gan,imori	0,0,0	0,0,0	KANJIDIC,PYPINYIN,UNIHAN
U+8789	螉	オ,オウ	o,ou	0,0	0,0	KANJIDIC,PYPINYIN,UNIHAN
U+878B	螋	シュウ	shuu	0	0	KANJIDIC,PYPINYIN,UNIHAN
U+878C	螌	ハン	han	0	0	KANJIDIC,PYPINYIN,UNIHAN
U+878D	融	ユウ,とける,とかす	yuu,tokeru,tokasu	0,0,0	0,0,0	KANJIDIC,PYPINYIN,UNIHAN,WORDSHK_CHARS
U+8790	螐	オ,ウ	o,u	0,0	0,0	KANJIDIC,PYPINYIN,UNIHAN
U+8793	螓	シン,なつぜみ	shin,natsuzemi	0,0	0,0	KANJIDIC,PYPINYIN,UNIHAN
U+8795	螕	ヘイ,ヒ,だに,おおあり	hei,hi,dani,ooari	0,0,0,0	0,0,0,0	KANJIDIC,PYPINYIN,UNIHAN
U+8797	螗	トウ,なつぜみ	tou,natsuzemi	0,0	0,0	KANJIDIC,PYPINYIN,UNIHAN
U+8798	螘	ギ,あり	gi,ari	0,0	0,0	KANJIDIC,PYPINYIN,UNIHAN
U+8799	螙	ト,きくいむし	to,kikuimushi	0,0	0,0	KANJIDIC,PYPINYIN,UNIHAN
U+879E	螞	バ,メ	ba,me	0,0	0,0	KANJIDIC,PYPINYIN,UNIHAN,WORDSHK_CHARS
U+879F	螟	メイ,ミョウ,ずいむし	mei,myou,zuimushi	0,0,0	0,0,0	KANJIDIC,PYPINYIN,UNIHAN
U+87A0	螠	イ,ゆむし	i,yumushi	0,0	0,0	KANJIDIC,PYPINYIN,UNIHAN
U+87A2	螢	ケイ,ほたる	kei,hotaru	0,0	0,0	KANJIDIC,PYPINYIN,UNIHAN,WORDSHK_CHARS
U+87A3	螣	トウ,チン,ジン	tou,chin,jin	0,0,0	0,0,0	KANJIDIC,PYPINYIN,UNIHAN
U+87A7	螧	ケン,えび	ken,ebi	0,0	0,0	KANJIDIC,PYPINYIN,UNIHAN
U+87AB	螫	セキ,カク,さす	seki,kaku,sasu	0,0,0	0,0,0	KANJIDIC,PYPINYIN,UNIHAN,WORDSHK_CHARS
U+87AC	螬	ソウ,シュウ,ジュ	sou,shuu,ju	0,0,0	0,0,0	KANJIDIC,PYPINYIN,UNIHAN
U+87AD	螭	チ,みずち	chi,mizuchi	0,0	0,0	KANJIDIC,PYPINYIN,UNIHAN
U+87AE	螮	テイ,タイ	tei,tai	0,0	0,0	KANJIDIC,PYPINYIN,UNIHAN
U+87AF	螯	ゴウ,はさみ	gou,hasami	0,0	0,0	KANJIDIC,PYPINYIN,UNIHAN
U+87B1	螱	イ,しろあり	i,shiroari	0,0	0,0	KANJIDIC,PYPINYIN,UNIHAN
U+87B3	螳	トウ	tou	0	0	KANJIDIC,PYPINYIN,UNIHAN,WORDSHK_CHARS
U+87B5	螵	ヒョウ	hyou	0	0	KANJIDIC,PYPINYIN,UNIHAN
U+87BA	螺	ラ,にし,にな	ra,nishi,nina	0,0,0	0,0,0	KANJIDIC,PYPINYIN,UNIHAN,WORDSHK_CHARS
U+87BB	螻	ロウ,ル,けら	rou,ru,kera	0,0,0	0,0,0	KANJIDIC,PYPINYIN,UNIHAN
U+87BD	螽	シュウ,いなご	shuu,inago	0,0	0,0	KANJIDIC,PYPINYIN,UNIHAN
U+87BE	螾	イン,みみず	in,mimizu	0,0	0,0	KANJIDIC,PYPINYIN,UNIHAN
U+87BF	螿	ショウ,ソウ	shou,sou	0,0	0,0	KANJIDIC,PYPINYIN,UNIHAN
U+87C0	蟀	シュツ	shutsu	0	0	KANJIDIC,PYPINYIN,UNIHAN,WORDSHK_CHARS
U+87C1	蟁	ブン,か	bun,ka	0,0	0,0	KANJIDIC,PYPINYIN,UNIHAN
U+87C4	蟄	チツ,チュウ,ちっする,かくれる	chitsu,chuu,chissuru,kakureru	0,0,0,0	0,0,0,0	KANJIDIC,PYPINYIN,UNIHAN,WORDSHK_CHARS
U+87C6	蟆	バ,マ,ひき	ba,ma,hiki	0,0,0	0,0,0	KANJIDIC,PYPINYIN,UNIHAN,WORDSHK_CHARS
U+87C7	蟇	バ,マ,ひき	ba,ma,hiki	0,0,0	0,0,0	KANJIDIC,PYPINYIN,UNIHAN
U+87C8	蟈	カク,ヨク,イキ,いさごむし	kaku,yoku,iki,isagomushi	0,0,0,0	0,0,0,0	KANJIDIC,PYPINYIN,UNIHAN
U+87C9	蟉	リュウ,ル,キュウ	ryuu,ru,kyuu	0,0,0	0,0,0	KANJIDIC,PYPINYIN,UNIHAN
U+87CA	蟊	ボウ,ム,ねきりむし	bou,mu,nekirimushi	0,0,0	0,0,0	KANJIDIC,PYPINYIN,UNIHAN
U+87CB	蟋	シツ	shitsu	0	0	KANJIDIC,PYPINYIN,UNIHAN,WORDSHK_CHARS
U+87CE	蟎	だに	dani	0	0	KANJIDIC,PYPINYIN,UNIHAN,WORDSHK_CHARS
U+87D0	蟐	ジョウ,もみ	jou,momi	0,0	0,0	KANJIDIC,PYPINYIN,UNIHAN
U+87D2	蟒	ボウ,モウ,うわばみ,おろち	bou,mou,uwabami,orochi	0,0,0,0	0,0,0,0	KANJIDIC,PYPINYIN,UNIHAN,WORDSHK_CHARS
U+87D5	蟕	スイ,シ	sui,shi	0,0	0,0	KANJIDIC,PYPINYIN,UNIHAN
U+87D6	蟖	シ,けむし	shi,kemushi	0,0	0,0	KANJIDIC,PYPINYIN,UNIHAN
U+87D9	蟙	ショク,シキ,こうもり	shoku,shiki,koumori	0,0,0	0,0,0	KANJIDIC,PYPINYIN,UNIHAN
U+87DA	蟚	ホウ,ビョウ	hou,byou	0,0	0,0	KANJIDIC,PYPINYIN,UNIHAN
U+87DC	蟜	キョウ	kyou	0	0	KANJIDIC,PYPINYIN,UNIHAN
U+87DF	蟟	リョウ,くまぜみ	ryou,kumazemi	0,0	0,0	KANJIDIC,PYPINYIN,UNIHAN
U+87E0	蟠	ハン,わだかまる,わらじむし	han,wadakamaru,warajimushi	0,0,0	0,0,0	KANJIDIC,PYPINYIN,UNIHAN,WORDSHK_CHARS
U+87E2	蟢	キ	ki	0	0	KANJIDIC,PYPINYIN,UNIHAN
U+87E3	蟣	キ,ケ,しらみ	ki,ke,shirami	0,0,0	0,0,0	KANJIDIC,PYPINYIN,UNIHAN
U+87E4	蟤	セン	sen	0	0	KANJIDIC,PYPINYIN,UNIHAN
U+87EA	蟪	ケイ,エ,つくつくぼうし	kei,e,tsukutsukuboushi	0,0,0	0,0,0	KANJIDIC,PYPINYIN,UNIHAN
U+87EB	蟫	イン,タン,ドン,しみ	in,tan,don,shimi	0,0,0,0	0,0,0,0	KANJIDIC,PYPINYIN,UNIHAN
U+87EC	蟬	セン,ゼン,せみ	sen,zen,semi	0,0,0	0,0,0	KANJIDIC,PYPINYIN,UNIHAN,WORDSHK_CHARS
U+87ED	蟭	ショウ,シュウ,シュ	shou,shuu,shu	0,0,0	0,0,0	KANJIDIC,PYPINYIN,UNIHAN
U+87EF	蟯	ギョウ,ジョウ	gyou,jou	0,0	0,0	KANJIDIC,PYPINYIN,UNIHAN
U+87F1	蟱	ボウ,ム,ブ,くも	bou,mu,bu,kumo	0,0,0,0	0,0,0,0	KANJIDIC,PYPINYIN,UNIHAN
U+87F2	蟲	チュウ,キ,むし	chuu,ki,mushi	0,0,0	0,0,0	KANJIDIC,PYPINYIN,UNIHAN,WORDSHK_CHARS
U+87F3	蟳	ジン,がざみ	jin,gazami	0,0	0,0	KANJIDIC,PYPINYIN,UNIHAN
U+87F6	蟶	テイ,まて	tei,mate	0,0	0,0	KANJIDIC,PYPINYIN,UNIHAN,WORDSHK_CHARS
U+87F7	蟷	トウ	tou	0	0	KANJIDIC,PYPINYIN,UNIHAN
U+87F8	蟸	レイ,ライ,リ,ラ,にな,ひさご	rei,rai,ri,ra,nina,hisago	0,0,0,0,0,0	0,0,0,0,0,0	KANJIDIC,PYPINYIN,UNIHAN
U+87F9	蟹	カイ,かに	kai,kani	0,0	0,0	KANJIDIC,PYPINYIN,UNIHAN,WORDSHK_CHARS
U+87FA	蟺	セン,タン,みみず	sen,tan,mimizu	0,0,0	0,0,0	KANJIDIC,PYPINYIN,UNIHAN
U+87FB	蟻	ギ,あり	gi,ari	0,0	0,0	KANJIDIC,PYPINYIN,UNIHAN,WORDSHK_CHARS
U+87FE	蟾	セン	sen	0	0	KANJIDIC,PYPINYIN,UNIHAN,WORDSHK_CHARS
U+87FF	蟿	ケイ,キ	kei,ki	0,0	0,0	KANJIDIC,PYPINYIN,UNIHAN
U+8801	蠁	キョウ,ドウ,にしどち	kyou,dou,nishidochi	0,0,0	0,0,0	KANJIDIC,PYPINYIN,UNIHAN
U+8803	蠃	ラ,カ,かたつむり	ra,ka,katatsumuri	0,0,0	0,0,0	KANJIDIC,PYPINYIN,UNIHAN
U+8805	蠅	ヨウ,はえ,はい	you,hae,hai	0,0,0	0,0,0	KANJIDIC,PYPINYIN,UNIHAN,WORDSHK_CHARS
U+8806	蠆	タイ,タツ,タチ	tai,tatsu,tachi	0,0,0	0,0,0	KANJIDIC,PYPINYIN,UNIHAN
U+8809	蠉	ケン,はう	ken,hau	0,0	0,0	KANJIDIC,PYPINYIN,UNIHAN
U+880A	蠊	レン	ren	0	0	KANJIDIC,PYPINYIN,UNIHAN
U+880B	蠋	チョク,ショク,ドク,ゾク,けむし	choku,shoku,doku,zoku,kemushi	0,0,0,0,0	0,0,0,0,0	KANJIDIC,PYPINYIN,UNIHAN
U+880D	蠍	カツ,さそり	katsu,sasori	0,0	0,0	KANJIDIC,PYPINYIN,UNIHAN,WORDSHK_CHARS
U+880E	蠎	ボウ,モウ,うわばみ,おろち	bou,mou,uwabami,orochi	0,0,0,0	0,0,0,0	KANJIDIC,PYPINYIN,UNIHAN
U+880F	蠏	カイ,かに	kai,kani	0,0	0,0	KANJIDIC,PYPINYIN,UNIHAN
U+8810	蠐	セイ,ザイ,シ	sei,zai,shi	0,0,0	0,0,0	KANJIDIC,PYPINYIN,UNIHAN
U+8811	蠑	エイ	ei	0	0	KANJIDIC,PYPINYIN,UNIHAN
U+8812	蠒	ケン,まゆ,きぬ	ken,mayu,kinu	0,0,0	0,0,0	KANJIDIC,PYPINYIN,UNIHAN
U+8813	蠓	ボウ,ム,かつおむし	bou,mu,katsuomushi	0,0,0	0,0,0	KANJIDIC,PYPINYIN,UNIHAN,WORDSHK_CHARS
U+8814	蠔	コウ,かき	kou,kaki	0,0	0,0	KANJIDIC,PYPINYIN,UNIHAN,WORDSHK_CHARS
U+8815	蠕	ゼン,ダ,ネン,ジュ,ニュ,うごめく	zen,da,nen,ju,nyu,ugomeku	0,0,0,0,0,0	0,0,0,0,0,0	KANJIDIC,PYPINYIN,UNIHAN,WORDSHK_CHARS
U+8816	蠖	ワク,カク	waku,kaku	0,0	0,0	KANJIDIC,PYPINYIN,UNIHAN
U+8818	蠘	セツ,ゼチ	setsu,zechi	0,0	0,0	KANJIDIC,PYPINYIN,UNIHAN
U+8819	蠙	ヘン,ヒン,どぶがい	hen,hin,dobugai	0,0,0	0,0,0	KANJIDIC,PYPINYIN,UNIHAN
U+881A	蠚	カク,チャク,セキ,シャク,さす,いたむ,さすむし	kaku,chaku,seki,shaku,sasu,itamu,sasumushi	0,0,0,0,0,0,0	0,0,0,0,0,0,0	KANJIDIC,PYPINYIN,UNIHAN
U+881B	蠛	ベツ,メチ,かつおむし	betsu,mechi,katsuomushi	0,0,0	0,0,0	KANJIDIC,PYPINYIN,UNIHAN
U+881C	蠜	ハン,ボン,いなご	han,bon,inago	0,0,0	0,0,0	KANJIDIC,PYPINYIN,UNIHAN
U+881E	蠞	セツ,ゼチ	setsu,zechi	0,0	0,0	KANJIDIC,PYPINYIN,UNIHAN
U+881F	蠟	ロウ,みつろう,ろうそく	rou,mitsurou,rousoku	0,0,0	0,0,0	KANJIDIC,PYPINYIN,UNIHAN,WORDSHK_CHARS
U+8821	蠡	レイ,ライ,リ,ラ,にな,ひさご	rei,rai,ri,ra,nina,hisago	0,0,0,0,0,0	0,0,0,0,0,0	KANJIDIC,PYPINYIN,UNIHAN
U+8822	蠢	シュン,うごめく	shun,ugomeku	0,0	0,0	KANJIDIC,PYPINYIN,UNIHAN,WORDSHK_CHARS
U+8823	蠣	レイ,かき	rei,kaki	0,0	0,0	KANJIDIC,PYPINYIN,UNIHAN
U+8827	蠧	ト,きくいむし	to,kikuimushi	0,0	0,0	KANJIDIC,PYPINYIN,UNIHAN
U+8828	蠨	ショウ,あしたかぐも	shou,ashitakagumo	0,0	0,0	KANJIDIC,PYPINYIN,UNIHAN
U+882D	蠭	ホウ,はち	hou,hachi	0,0	0,0	KANJIDIC,PYPINYIN,UNIHAN
U+882E	蠮	エツ,エチ	etsu,echi	0,0	0,0	KANJIDIC,PYPINYIN,UNIHAN
U+8830	蠰	ショウ,ソウ,ジョウ,ニョウ,かみきりむし	shou,sou,jou,nyou,kamikirimushi	0,0,0,0,0	0,0,0,0,0	KANJIDIC,PYPINYIN,UNIHAN
U+8831	蠱	コ,ヤ,まじ,まじこる	ko,ya,maji,majikoru	0,0,0,0	0,0,0,0	KANJIDIC,PYPINYIN,UNIHAN,WORDSHK_CHARS
U+8832	蠲	ケン,ケイ,ケ,やすで	ken,kei,ke,yasude	0,0,0,0	0,0,0,0	KANJIDIC,PYPINYIN,UNIHAN
U+8835	蠵	ケイ,キ,エ,イ	kei,ki,e,i	0,0,0,0	0,0,0,0	KANJIDIC,PYPINYIN,UNIHAN
U+8836	蠶	サン,テン,かいこ,こ	san,ten,kaiko,ko	0,0,0,0	0,0,0,0	KANJIDIC,PYPINYIN,UNIHAN,WORDSHK_CHARS
U+8839	蠹	ト,きくいむし	to,kikuimushi	0,0	0,0	KANJIDIC,PYPINYIN,UNIHAN
U+883A	蠺	サン,テン,かいこ,こ	san,ten,kaiko,ko	0,0,0,0	0,0,0,0	KANJIDIC,PYPINYIN,UNIHAN
U+883B	蠻	バン,えびす	ban,ebisu	0,0	0,0	KANJIDIC,PYPINYIN,UNIHAN,WORDSHK_CHARS
U+883C	蠼	キャク,カク,ケキ,ク,ワク,おおざる	kyaku,kaku,keki,ku,waku,oozaru	0,0,0,0,0,0	0,0,0,0,0,0	KANJIDIC,PYPINYIN,UNIHAN
U+8840	血	ケツ,ち	ketsu,chi	0,0	0,0	KANJIDIC,PYPINYIN,UNIHAN,WORDSHK_CHARS
U+8841	衁	コウ,ち	kou,chi	0,0	0,0	KANJIDIC,PYPINYIN,UNIHAN
U+8842	衂	ジク,はなぢ	jiku,hanaji	0,0	0,0	KANJIDIC,PYPINYIN,UNIHAN
U+8843	衃	ハイ,フウ,フ	hai,fuu,fu	0,0,0	0,0,0	KANJIDIC,PYPINYIN,UNIHAN
U+8844	衄	ジク,はなぢ	jiku,hanaji	0,0	0,0	KANJIDIC,PYPINYIN,UNIHAN
U+8845	衅	キン,ちぬる,すき,ひま	kin,chinuru,suki,hima	0,0,0,0	0,0,0,0	KANJIDIC,PYPINYIN,UNIHAN
U+8846	衆	シュウ,シュ,おおい	shuu,shu,ooi	0,0,0	0,0,0	KANJIDIC,PYPINYIN,UNIHAN
U+8848	衈	ジ,ニ	ji,ni	0,0	0,0	KANJIDIC,PYPINYIN,UNIHAN
U+8849	衉	カク,キャク	kaku,kyaku	0,0	0,0	KANJIDIC,PYPINYIN,UNIHAN
U+884A	衊	ベツ,メチ,バツ,マチ	betsu,mechi,batsu,machi	0,0,0,0	0,0,0,0	KANJIDIC,PYPINYIN,UNIHAN,WORDSHK_CHARS
U+884B	衋	キョク,コク,いたむ	kyoku,koku,itamu	0,0,0	0,0,0	KANJIDIC,PYPINYIN,UNIHAN
U+884C	行	コウ,ギョウ,アン,いく,ゆく,ゆき,いき,おこなう	kou,gyou,an,iku,yuku,yuki,iki,okonau	0,0,0,0,0,0,0,0	0,0,0,0,0,0,0,0	KANJIDIC,PYPINYIN,UNIHAN,WORDSHK_CHARS
U+884D	衍	エン,あまり,しく,はびこる	en,amari,shiku,habikoru	0,0,0,0	0,0,0,0	KANJIDIC,PYPINYIN,UNIHAN,WORDSHK_CHARS
U+884E	衎	カン,よろこぶ	kan,yorokobu	0,0	0,0	KANJIDIC,PYPINYIN,UNIHAN
U+8851	衑	レイ,リョウ,みち	rei,ryou,michi	0,0,0	0,0,0	KANJIDIC,PYPINYIN,UNIHAN
U+8852	衒	ゲン,ケン,てらう	gen,ken,terau	0,0,0	0,0,0	KANJIDIC,PYPINYIN,UNIHAN,WORDSHK_CHARS
U+8853	術	ジュツ,すべ	jutsu,sube	0,0	0,0	KANJIDIC,PYPINYIN,UNIHAN,WORDSHK_CHARS
U+8855	衕	トウ,ズ	tou,zu	0,0	0,0	KANJIDIC,PYPINYIN,UNIHAN,WORDSHK_CHARS
U+8856	衖	コウ,ちまた	kou,chimata	0,0	0,0	KANJIDIC,PYPINYIN,UNIHAN
U+8857	街	ガイ,カイ,まち	gai,kai,machi	0,0,0	0,0,0	KANJIDIC,PYPINYIN,UNIHAN,WORDSHK_CHARS
U+8858	衘	カン,くつわ	kan,kutsuwa	0,0	0,0	KANJIDIC,PYPINYIN,UNIHAN
U+8859	衙	ガ,ギョ,ゴ	ga,gyo,go	0,0,0	0,0,0	KANJIDIC,PYPINYIN,UNIHAN,WORDSHK_CHARS
U+885A	衚	コ	ko	0	0	KANJIDIC,PYPINYIN,UNIHAN,WORDSHK_CHARS
U+885B	衛	エイ,エ	ei,e	0,0	0,0	KANJIDIC,PYPINYIN,UNIHAN
U+885C	衜	トウ,みち	tou,michi	0,0	0,0	KANJIDIC,PYPINYIN,UNIHAN
U+885D	衝	ショウ,つく	shou,tsuku	0,0	0,0	KANJIDIC,PYPINYIN,UNIHAN,WORDSHK_CHARS
U+885E	衞	エイ,エ,まもる	ei,e,mamoru	0,0,0	0,0,0	KANJIDIC,PYPINYIN,UNIHAN,WORDSHK_CHARS
U+885F	衟	トウ,みち	tou,michi	0,0	0,0	KANJIDIC,PYPINYIN,UNIHAN
U+8860	衠	シュン,まこと,ただしい,もっぱら	shun,makoto,tadashii,moppara	0,0,0,0	0,0,0,0	KANJIDIC,PYPINYIN,UNIHAN
U+8861	衡	コウ	kou	0	0	KANJIDIC,PYPINYIN,UNIHAN,WORDSHK_CHARS
U+8862	衢	ク,みち	ku,michi	0,0	0,0	KANJIDIC,PYPINYIN,UNIHAN,WORDSHK_CHARS
U+8863	衣	イ,エ,ころも,きぬ,ぎ	i,e,koromo,kinu,gi	0,0,0,0,0	0,0,0,0,0	KANJIDIC,PYPINYIN,UNIHAN,WORDSHK_CHARS
U+8864	衤	ころも	koromo	0	0	KANJIDIC,PYPINYIN,UNIHAN,WORDSHK_CHARS
U+8868	表	ヒョウ,おもて,あらわす,あらわれる	hyou,omote,arawasu,arawareru	0,0,0,0	0,0,0,0	KANJIDIC,PYPINYIN,UNIHAN,WORDSHK_CHARS
U+8869	衩	サイ,シャ,サ	sai,sha,sa	0,0,0	0,0,0	KANJIDIC,PYPINYIN,UNIHAN,WORDSHK_CHARS
U+886B	衫	サン	san	0	0	KANJIDIC,PYPINYIN,UNIHAN,WORDSHK_CHARS
U+8870	衰	スイ,おとろえる	sui,otoroeru	0,0	0,0	KANJIDIC,PYPINYIN,UNIHAN,WORDSHK_CHARS
U+8871	衱	キョウ,コウ,キュウ,つくろう	kyou,kou,kyuu,tsukurou	0,0,0,0	0,0,0,0	KANJIDIC,PYPINYIN,UNIHAN
U+8872	衲	ドウ,ノウ,ころも	dou,nou,koromo	0,0,0	0,0,0	KANJIDIC,PYPINYIN,UNIHAN,WORDSHK_CHARS
U+8875	衵	ジツ,あこめ	jitsu,akome	0,0	0,0	KANJIDIC,PYPINYIN,UNIHAN
U+8877	衷	チュウ	chuu	0	0	KANJIDIC,PYPINYIN,UNIHAN,WORDSHK_CHARS
U+8879	衹	キ,シ,テイ,タイ,たまたま	ki,shi,tei,tai,tamatama	0,0,0,0,0	0,0,0,0,0	KANJIDIC,PYPINYIN,UNIHAN
U+887B	衻	ネン,デン,セン,ふちどる,まえだれ	nen,den,sen,fuchidoru,maedare	0,0,0,0,0	0,0,0,0,0	KANJIDIC,PYPINYIN,UNIHAN
U+887D	衽	ジン,ニン,こくび,おくみ,しとね	jin,nin,kokubi,okumi,shitone	0,0,0,0,0	0,0,0,0,0	KANJIDIC,PYPINYIN,UNIHAN
U+887E	衾	キン,ふすま	kin,fusuma	0,0	0,0	KANJIDIC,PYPINYIN,UNIHAN,WORDSHK_CHARS
U+887F	衿	キン,コン,えり	kin,kon,eri	0,0,0	0,0,0	KANJIDIC,PYPINYIN,UNIHAN
U+8880	袀	ビン,キン,いくさごろも	bin,kin,ikusagoromo	0,0,0	0,0,0	KANJIDIC,PYPINYIN,UNIHAN
U+8881	袁	エン,オン	en,on	0,0	0,0	KANJIDIC,PYPINYIN,UNIHAN,WORDSHK_CHARS
U+8882	袂	ベイ,ケツ,たまと,たもと	bei,ketsu,tamato,tamoto	0,0,0,0	0,0,0,0	KANJIDIC,PYPINYIN,UNIHAN,WORDSHK_CHARS
U+8888	袈	ケ,カ	ke,ka	0,0	0,0	KANJIDIC,PYPINYIN,UNIHAN,WORDSHK_CHARS
U+888B	袋	タイ,ダイ,ふくろ	tai,dai,fukuro	0,0,0	0,0,0	KANJIDIC,PYPINYIN,UNIHAN,WORDSHK_CHARS
U+888D	袍	ホウ,わたいれ	hou,wataire	0,0	0,0	KANJIDIC,PYPINYIN,UNIHAN,WORDSHK_CHARS
U+8892	袒	タン,かたぬぐ	tan,katanugu	0,0	0,0	KANJIDIC,PYPINYIN,UNIHAN,WORDSHK_CHARS
U+8896	袖	シュウ,そで	shuu,sode	0,0	0,0	KANJIDIC,PYPINYIN,UNIHAN,WORDSHK_CHARS
U+8897	袗	シン	shin	0	0	KANJIDIC,PYPINYIN,UNIHAN
U+8898	袘	イ,タ,みごろ	i,ta,migoro	0,0,0	0,0,0	KANJIDIC,PYPINYIN,UNIHAN
U+8899	袙	バツ,ハ,あこめ	batsu,ha,akome	0,0,0	0,0,0	KANJIDIC,PYPINYIN,UNIHAN
U+889A	袚	ハツ,ハチ,ヒ,ふく	hatsu,hachi,hi,fuku	0,0,0,0	0,0,0,0	KANJIDIC,PYPINYIN,UNIHAN
U+889B	袛	テイ,タイ,シ	tei,tai,shi	0,0,0	0,0,0	KANJIDIC,PYPINYIN,UNIHAN
U+889C	袜	バツ,マチ,たび	batsu,machi,tabi	0,0,0	0,0,0	KANJIDIC,PYPINYIN,UNIHAN,WORDSHK_CHARS
U+889E	袞	コン	kon	0	0	KANJIDIC,PYPINYIN,UNIHAN,WORDSHK_CHARS
U+889F	袟	チツ,ジチ,さや	chitsu,jichi,saya	0,0,0	0,0,0	KANJIDIC,PYPINYIN,UNIHAN
U+88A0	袠	チツ,ジチ	chitsu,jichi	0,0	0,0	KANJIDIC,PYPINYIN,UNIHAN
U+88A2	袢	ハン	han	0	0	KANJIDIC,PYPINYIN,UNIHAN
U+88A4	袤	ボウ,ながさ	bou,nagasa	0,0	0,0	KANJIDIC,PYPINYIN,UNIHAN
U+88A8	袨	ケン,はれぎ	ken,haregi	0,0	0,0	KANJIDIC,PYPINYIN,UNIHAN
U+88AA	袪	キョ,コ,そで	kyo,ko,sode	0,0,0	0,0,0	KANJIDIC,PYPINYIN,UNIHAN
U+88AB	被	ヒ,こうむる,おおう,かぶる,かぶせる	hi,koumuru,oou,kaburu,kabuseru	0,0,0,0,0	0,0,0,0,0	KANJIDIC,PYPINYIN,UNIHAN,WORDSHK_CHARS
U+88AE	袮	デイ,ネ,チ	dei,ne,chi	0,0,0	0,0,0	KANJIDIC,PYPINYIN,UNIHAN
U+88B0	袰	ほろ	horo	0	0	KANJIDIC,PYPINYIN,UNIHAN
U+88B1	袱	フク	fuku	0	0	KANJIDIC,PYPINYIN,UNIHAN,WORDSHK_CHARS
U+88B4	袴	コ,ク,はかま,ずぼん	ko,ku,hakama,zubon	0,0,0,0	0,0,0,0	KANJIDIC,PYPINYIN,UNIHAN
U+88B5	袵	ジン,ニン,こくび,おくみ,しとね	jin,nin,kokubi,okumi,shitone	0,0,0,0,0	0,0,0,0,0	KANJIDIC,PYPINYIN,UNIHAN
U+88B7	袷	コウ,キョウ,あわせ	kou,kyou,awase	0,0,0	0,0,0	KANJIDIC,PYPINYIN,UNIHAN,WORDSHK_CHARS
U+88BA	袺	ケツ,ケチ,カツ,つまどる	ketsu,kechi,katsu,tsumadoru	0,0,0,0	0,0,0,0	KANJIDIC,PYPINYIN,UNIHAN
U+88BD	袽	ジョ,ニョ,やぶれごろも	jo,nyo,yaburegoromo	0,0,0	0,0,0	KANJIDIC,PYPINYIN,UNIHAN
U+88BE	袾	チュ,シュ,みごろ	chu,shu,migoro	0,0,0	0,0,0	KANJIDIC,PYPINYIN,UNIHAN
U+88BF	袿	ケイ,うちき,うちかけ,うちぎ	kei,uchiki,uchikake,uchigi	0,0,0,0	0,0,0,0	KANJIDIC,PYPINYIN,UNIHAN
U+88C0	裀	イン,みごろ	in,migoro	0,0	0,0	KANJIDIC,PYPINYIN,UNIHAN
U+88C1	裁	サイ,たつ,さばく	sai,tatsu,sabaku	0,0,0	0,0,0	KANJIDIC,PYPINYIN,UNIHAN,WORDSHK_CHARS
U+88C2	裂	レツ,さく,さける,ぎれ	retsu,saku,sakeru,gire	0,0,0,0	0,0,0,0	KANJIDIC,PYPINYIN,UNIHAN,WORDSHK_CHARS
U+88C3	裃	かみしも	kamishimo	0	0	KANJIDIC,PYPINYIN,UNIHAN
U+88C4	裄	ゆき	yuki	0	0	KANJIDIC,PYPINYIN,UNIHAN
U+88C5	装	ソウ,ショウ,よそおう,よそおい	sou,shou,yosoou,yosooi	0,0,0,0	0,0,0,0	KANJIDIC,PYPINYIN,UNIHAN
U+88CA	裊	チョウ,ジョウ,ニョウ,しなやか	chou,jou,nyou,shinayaka	0,0,0,0	0,0,0,0	KANJIDIC,PYPINYIN,UNIHAN
U+88CB	裋	シュ,タン,したぎ	shu,tan,shitagi	0,0,0	0,0,0	KANJIDIC,PYPINYIN,UNIHAN
U+88CC	裌	コウ,キョウ,あわせ	kou,kyou,awase	0,0,0	0,0,0	KANJIDIC,PYPINYIN,UNIHAN
U+88CD	裍	コン,なる	kon,naru	0,0	0,0	KANJIDIC,PYPINYIN,UNIHAN
U+88CE	裎	テイ,チョウ,ジョウ,はだか	tei,chou,jou,hadaka	0,0,0,0	0,0,0,0	KANJIDIC,PYPINYIN,UNIHAN
U+88CF	裏	リ,うら	ri,ura	0,0	0,0	KANJIDIC,PYPINYIN,UNIHAN,WORDSHK_CHARS
U+88D1	裑	シン,みごろ	shin,migoro	0,0	0,0	KANJIDIC,PYPINYIN,UNIHAN
U+88D2	裒	ホウ,ほめる	hou,homeru	0,0	0,0	KANJIDIC,PYPINYIN,UNIHAN
U+88D3	裓	コク,カイ,カツ,ケチ,すそ,いしだたみ	koku,kai,katsu,kechi,suso,ishidatami	0,0,0,0,0,0	0,0,0,0,0,0	KANJIDIC,PYPINYIN,UNIHAN
U+88D4	裔	エイ,すそ,すえ	ei,suso,sue	0,0,0	0,0,0	KANJIDIC,PYPINYIN,UNIHAN,WORDSHK_CHARS
U+88D5	裕	ユウ	yuu	0	0	KANJIDIC,PYPINYIN,UNIHAN,WORDSHK_CHARS
U+88D8	裘	キュウ,グ,かわごろも,けごろも	kyuu,gu,kawagoromo,kegoromo	0,0,0,0	0,0,0,0	KANJIDIC,PYPINYIN,UNIHAN,WORDSHK_CHARS
U+88D9	裙	クン,もすそ	kun,mosuso	0,0	0,0	KANJIDIC,PYPINYIN,UNIHAN,WORDSHK_CHARS
U+88DB	裛	オウ,ヨウ,ユウ,ふくろ	ou,you,yuu,fukuro	0,0,0,0	0,0,0,0	KANJIDIC,PYPINYIN,UNIHAN
U+88DC	補	ホ,おぎなう	ho,oginau	0,0	0,0	KANJIDIC,PYPINYIN,UNIHAN,WORDSHK_CHARS
U+88DD	裝	ソウ,ショウ,よそおう,よそおい	sou,shou,yosoou,yosooi	0,0,0,0	0,0,0,0	KANJIDIC,PYPINYIN,UNIHAN,WORDSHK_CHARS
U+88DE	裞	セイ,タイ,エイ	sei,tai,ei	0,0,0	0,0,0	KANJIDIC,PYPINYIN,UNIHAN
U+88DF	裟	サ,シャ	sa,sha	0,0	0,0	KANJIDIC,PYPINYIN,UNIHAN,WORDSHK_CHARS
U+88E1	裡	リ,うち,うら	ri,uchi,ura	0,0,0	0,0,0	KANJIDIC,PYPINYIN,UNIHAN
U+88E7	裧	セン,タン,たれぎぬ	sen,tan,tareginu	0,0,0	0,0,0	KANJIDIC,PYPINYIN,UNIHAN
U+88E8	裨	ヒ,おぎなう,たすける,ます	hi,oginau,tasukeru,masu	0,0,0,0	0,0,0,0	KANJIDIC,PYPINYIN,UNIHAN,WORDSHK_CHARS
U+88EF	裯	チュウ,ジュ,トウ,はだぎ	chuu,ju,tou,hadagi	0,0,0,0	0,0,0,0	KANJIDIC,PYPINYIN,UNIHAN
U+88F0	裰	タツ,タチ,つくろう	tatsu,tachi,tsukurou	0,0,0	0,0,0	KANJIDIC,PYPINYIN,UNIHAN
U+88F1	裱	ヒョウ,ひれ	hyou,hire	0,0	0,0	KANJIDIC,PYPINYIN,UNIHAN,WORDSHK_CHARS
U+88F2	裲	リョウ,うちかけ	ryou,uchikake	0,0	0,0	KANJIDIC,PYPINYIN,UNIHAN
U+88F3	裳	ショウ,も,もすそ	shou,mo,mosuso	0,0,0	0,0,0	KANJIDIC,PYPINYIN,UNIHAN,WORDSHK_CHARS
U+88F4	裴	ハイ,ヒ,ベ,たちもとおる	hai,hi,be,tachimotooru	0,0,0,0	0,0,0,0	KANJIDIC,PYPINYIN,UNIHAN
U+88F5	裵	ハイ,ヒ,ベ,たちもとおる	hai,hi,be,tachimotooru	0,0,0,0	0,0,0,0	KANJIDIC,PYPINYIN,UNIHAN
U+88F7	裷	エン,オン,ケン,コン,ずきん	en,on,ken,kon,zukin	0,0,0,0,0	0,0,0,0,0	KANJIDIC,PYPINYIN,UNIHAN
U+88F8	裸	ラ,はだか	ra,hadaka	0,0	0,0	KANJIDIC,PYPINYIN,UNIHAN,WORDSHK_CHARS
U+88F9	裹	ホウ,カ,つつむ	hou,ka,tsutsumu	0,0,0	0,0,0	KANJIDIC,PYPINYIN,UNIHAN,WORDSHK_CHARS
U+88FC	裼	セキ,テイ,はだぬぐ	seki,tei,hadanugu	0,0,0	0,0,0	KANJIDIC,PYPINYIN,UNIHAN
U+88FD	製	セイ	sei	0	0	KANJIDIC,PYPINYIN,UNIHAN,WORDSHK_CHARS
U+88FE	裾	キョ,コ,すそ	kyo,ko,suso	0,0,0	0,0,0	KANJIDIC,PYPINYIN,UNIHAN
U+8901	褁	セキ,シャク,ふくろ	seki,shaku,fukuro	0,0,0	0,0,0	KANJIDIC,PYPINYIN,UNIHAN
U+8902	褂	ケイ,カイ,ケ,うちき,うちかけ	kei,kai,ke,uchiki,uchikake	0,0,0,0,0	0,0,0,0,0	KANJIDIC,PYPINYIN,UNIHAN,WORDSHK_CHARS
U+8904	褄	つま	tsuma	0	0	KANJIDIC,PYPINYIN,UNIHAN
U+8906	褆	シ,テイ,ダイ	shi,tei,dai	0,0,0	0,0,0	KANJIDIC,PYPINYIN,UNIHAN
U+8907	複	フク	fuku	0	0	KANJIDIC,PYPINYIN,UNIHAN,WORDSHK_CHARS
U+890A	褊	ヘン,せまい	hen,semai	0,0	0,0	KANJIDIC,PYPINYIN,UNIHAN
U+890C	褌	コン,ふんどし	kon,fundoshi	0,0	0,0	KANJIDIC,PYPINYIN,UNIHAN
U+890D	褍	タン,タ,トン,みごろ	tan,ta,ton,migoro	0,0,0,0	0,0,0,0	KANJIDIC,PYPINYIN,UNIHAN
U+890E	褎	シュウ,ジュ,ユウ,ユ,そで,たもと	shuu,ju,yuu,yu,sode,tamoto	0,0,0,0,0,0	0,0,0,0,0,0	KANJIDIC,PYPINYIN,UNIHAN
U+890F	褏	シュウ,ジュ,ユウ,ユ,そで,たもと	shuu,ju,yuu,yu,sode,tamoto	0,0,0,0,0,0	0,0,0,0,0,0	KANJIDIC,PYPINYIN,UNIHAN
U+8910	褐	カツ	katsu	0	0	KANJIDIC,PYPINYIN,UNIHAN
U+8912	褒	ホウ,ほめる	hou,homeru	0,0	0,0	KANJIDIC,PYPINYIN,UNIHAN,WORDSHK_CHARS
U+8913	褓	ホ,ホウ,むつき	ho,hou,mutsuki	0,0,0	0,0,0	KANJIDIC,PYPINYIN,UNIHAN,WORDSHK_CHARS
U+8915	褕	ユ,ヨウ,トウ,ズ,はねかざり	yu,you,tou,zu,hanekazari	0,0,0,0,0	0,0,0,0,0	KANJIDIC,PYPINYIN,UNIHAN
U+8916	褖	タン,ころも	tan,koromo	0,0	0,0	KANJIDIC,PYPINYIN,UNIHAN
U+8918	褘	イ,キク,キ,ひざかけ	i,kiku,ki,hizakake	0,0,0,0	0,0,0,0	KANJIDIC,PYPINYIN,UNIHAN
U+8919	褙	ハイ,はだぎ	hai,hadagi	0,0	0,0	KANJIDIC,PYPINYIN,UNIHAN
U+891A	褚	チョ,シャ,わたいれ	cho,sha,wataire	0,0,0	0,0,0	KANJIDIC,PYPINYIN,UNIHAN
U+891C	褜	ホウ,えな,いや	hou,ena,iya	0,0,0	0,0,0	KANJIDIC,PYPINYIN,UNIHAN
U+891D	褝	タン,ゼン,ひとえ	tan,zen,hitoe	0,0,0	0,0,0	KANJIDIC,PYPINYIN,UNIHAN
U+891E	褞	ウン,オン,ぬのこ	un,on,nunoko	0,0,0	0,0,0	KANJIDIC,PYPINYIN,UNIHAN
U+8920	褠	コウ,ク,ひとえ,ひとえのつつそでうでぬき,あわせ	kou,ku,hitoe,hitoenotsutsusodeudenuki,awase	0,0,0,0,0	0,0,0,0,0	KANJIDIC,PYPINYIN,UNIHAN
U+8925	褥	ジョク,しとね	joku,shitone	0,0	0,0	KANJIDIC,PYPINYIN,UNIHAN,WORDSHK_CHARS
U+8926	褦	ダイ,ナイ,ひがさ	dai,nai,higasa	0,0,0	0,0,0	KANJIDIC,PYPINYIN,UNIHAN,WORDSHK_CHARS
U+8927	褧	ケイ,キョウ,ひとえ	kei,kyou,hitoe	0,0,0	0,0,0	KANJIDIC,PYPINYIN,UNIHAN
U+8928	褨	サ,ジャ	sa,ja	0,0	0,0	KANJIDIC,PYPINYIN,UNIHAN
U+892A	褪	タイ,トン,あせる,ぬぐ	tai,ton,aseru,nugu	0,0,0,0	0,0,0,0	KANJIDIC,PYPINYIN,UNIHAN,WORDSHK_CHARS
U+892B	褫	チ,うばう	chi,ubau	0,0	0,0	KANJIDIC,PYPINYIN,UNIHAN,WORDSHK_CHARS
U+8930	褰	ケン,コン,はかま	ken,kon,hakama	0,0,0	0,0,0	KANJIDIC,PYPINYIN,UNIHAN
U+8931	褱	カイ,エ,ふところ,なつかしい,なつかしむ,なつく,なつける,いだく,おもう	kai,e,futokoro,natsukashii,natsukashimu,natsuku,natsukeru,idaku,omou	0,0,0,0,0,0,0,0,0	0,0,0,0,0,0,0,0,0	KANJIDIC,PYPINYIN,UNIHAN
U+8932	褲	コ,ずぼん	ko,zubon	0,0	0,0	KANJIDIC,PYPINYIN,UNIHAN,WORDSHK_CHARS
U+8935	褵	リ,おび,きんちやく	ri,obi,kinchiyaku	0,0,0	0,0,0	KANJIDIC,PYPINYIN,UNIHAN
U+8936	褶	ショウ,シュウ,チョウ,かさねる	shou,shuu,chou,kasaneru	0,0,0,0	0,0,0,0	KANJIDIC,PYPINYIN,UNIHAN,WORDSHK_CHARS
U+8938	褸	ロ,ル,ロウ,いと	ro,ru,rou,ito	0,0,0,0	0,0,0,0	KANJIDIC,PYPINYIN,UNIHAN,WORDSHK_CHARS
U+8939	褹	ゲイ,ナイ,ナチ,ネ,ぬのこ	gei,nai,nachi,ne,nunoko	0,0,0,0,0	0,0,0,0,0	KANJIDIC,PYPINYIN,UNIHAN
U+893A	褺	チョウ,ジョウ,かさねごろも	chou,jou,kasanegoromo	0,0,0	0,0,0	KANJIDIC,PYPINYIN,UNIHAN
U+893B	褻	セツ,けがれる,なれる	setsu,kegareru,nareru	0,0,0	0,0,0	KANJIDIC,PYPINYIN,UNIHAN,WORDSHK_CHARS
U+893E	褾	ヒョウ,そでくち	hyou,sodekuchi	0,0	0,0	KANJIDIC,PYPINYIN,UNIHAN
U+8940	襀	セキ,シャク,ひだ	seki,shaku,hida	0,0,0	0,0,0	KANJIDIC,PYPINYIN,UNIHAN
U+8941	襁	キョウ,むつき	kyou,mutsuki	0,0	0,0	KANJIDIC,PYPINYIN,UNIHAN,WORDSHK_CHARS
U+8942	襂	シン,サン,セン,ひとえ	shin,san,sen,hitoe	0,0,0,0	0,0,0,0	KANJIDIC,PYPINYIN,UNIHAN
U+8943	襃	ホウ,ほめる	hou,homeru	0,0	0,0	KANJIDIC,PYPINYIN,UNIHAN
U+8944	襄	ジョウ,ショウ,はらう	jou,shou,harau	0,0,0	0,0,0	KANJIDIC,PYPINYIN,UNIHAN,WORDSHK_CHARS
U+8945	襅	ちはや	chihaya	0	0	KANJIDIC,PYPINYIN,UNIHAN
U+8946	襆	ホク,ボク,もすそ	hoku,boku,mosuso	0,0,0	0,0,0	KANJIDIC,PYPINYIN,UNIHAN
U+8949	襉	カン,ケン,すそのひだ	kan,ken,susonohida	0,0,0	0,0,0	KANJIDIC,PYPINYIN,UNIHAN
U+894C	襌	タン,ゼン,ひとえ	tan,zen,hitoe	0,0,0	0,0,0	KANJIDIC,PYPINYIN,UNIHAN
U+894D	襍	ザツ,ゾウ,まじえる,まじる	zatsu,zou,majieru,majiru	0,0,0,0	0,0,0,0	KANJIDIC,PYPINYIN,UNIHAN
U+894F	襏	ハツ,ハチ,フツ,フチ,あらぬの	hatsu,hachi,futsu,fuchi,aranuno	0,0,0,0,0	0,0,0,0,0	KANJIDIC,PYPINYIN,UNIHAN
U+8952	襒	ヘツ,ベチ,ころも	hetsu,bechi,koromo	0,0,0	0,0,0	KANJIDIC,PYPINYIN,UNIHAN
U+8956	襖	オウ,ふすま,あお	ou,fusuma,ao	0,0,0	0,0,0	KANJIDIC,PYPINYIN,UNIHAN
U+8957	襗	タク,ジャク,エキ,ヤク,したばかま	taku,jaku,eki,yaku,shitabakama	0,0,0,0,0	0,0,0,0,0	KANJIDIC,PYPINYIN,UNIHAN
U+895A	襚	スイ	sui	0	0	KANJIDIC,PYPINYIN,UNIHAN
U+895B	襛	ジョウ,ニュ,ジュウ,あつい	jou,nyu,juu,atsui	0,0,0,0	0,0,0,0	KANJIDIC,PYPINYIN,UNIHAN
U+895C	襜	セン,タン,まえかけ	sen,tan,maekake	0,0,0	0,0,0	KANJIDIC,PYPINYIN,UNIHAN
U+895E	襞	ヘキ,ヒャク,ひだ,しわ	heki,hyaku,hida,shiwa	0,0,0,0	0,0,0,0	KANJIDIC,PYPINYIN,UNIHAN
U+895F	襟	キン,えり	kin,eri	0,0	0,0	KANJIDIC,PYPINYIN,UNIHAN,WORDSHK_CHARS
U+8960	襠	トウ,ふんどし,まち	tou,fundoshi,machi	0,0,0	0,0,0	KANJIDIC,PYPINYIN,UNIHAN,WORDSHK_CHARS
U+8961	襡	ショク,ゾク,タク,シュ,ジュ,ながじゅばん	shoku,zoku,taku,shu,ju,nagajuban	0,0,0,0,0,0	0,0,0,0,0,0	KANJIDIC,PYPINYIN,UNIHAN
U+8962	襢	タン,セン,チン,はだぬぎ	tan,sen,chin,hadanugi	0,0,0,0	0,0,0,0	KANJIDIC,PYPINYIN,UNIHAN
U+8963	襣	ヒ,ふんどし	hi,fundoshi	0,0	0,0	KANJIDIC,PYPINYIN,UNIHAN
U+8964	襤	ラン,ぼろ	ran,boro	0,0	0,0	KANJIDIC,PYPINYIN,UNIHAN,WORDSHK_CHARS
U+8966	襦	ジュ,したぎ,はだぎ	ju,shitagi,hadagi	0,0,0	0,0,0	KANJIDIC,PYPINYIN,UNIHAN
U+896A	襪	ベツ,バツ	betsu,batsu	0,0	0,0	KANJIDIC,PYPINYIN,UNIHAN,WORDSHK_CHARS
U+896B	襫	セキ,シャク	seki,shaku	0,0	0,0	KANJIDIC,PYPINYIN,UNIHAN
U+896D	襭	ケツ,つまばさむ,はさむ	ketsu,tsumabasamu,hasamu	0,0,0	0,0,0	KANJIDIC,PYPINYIN,UNIHAN
U+896E	襮	ハク,ホク,えり	haku,hoku,eri	0,0,0	0,0,0	KANJIDIC,PYPINYIN,UNIHAN
U+896F	襯	シン,はだぎ	shin,hadagi	0,0	0,0	KANJIDIC,PYPINYIN,UNIHAN,WORDSHK_CHARS
U+8970	襰	ライ,おちる,やぶれる	rai,ochiru,yabureru	0,0,0	0,0,0	KANJIDIC,PYPINYIN,UNIHAN
U+8972	襲	シュウ,おそう,かさね	shuu,osou,kasane	0,0,0	0,0,0	KANJIDIC,PYPINYIN,UNIHAN,WORDSHK_CHARS
U+8973	襳	セン,シン,サン,したぎ	sen,shin,san,shitagi	0,0,0,0	0,0,0,0	KANJIDIC,PYPINYIN,UNIHAN
U+8974	襴	ラン,リン	ran,rin	0,0	0,0	KANJIDIC,PYPINYIN,UNIHAN
U+8975	襵	ショウ,チョウ,ひだ,たたむ,ぬう,ぬいめ,まく	shou,chou,hida,tatamu,nuu,nuime,maku	0,0,0,0,0,0,0	0,0,0,0,0,0,0	KANJIDIC,PYPINYIN,UNIHAN
U+8977	襷	たすき	tasuki	0	0	KANJIDIC,PYPINYIN,UNIHAN
U+897A	襺	ケン,わたいれ	ken,wataire	0,0	0,0	KANJIDIC,PYPINYIN,UNIHAN
U+897B	襻	ハン,つけひも	han,tsukehimo	0,0	0,0	KANJIDIC,PYPINYIN,UNIHAN
U+897C	襼	ゲイ,そで	gei,sode	0,0	0,0	KANJIDIC,PYPINYIN,UNIHAN
U+897D	襽	ラン,リン	ran,rin	0,0	0,0	KANJIDIC,PYPINYIN,UNIHAN
U+897E	襾	ア,け	a,ke	0,0	0,0	KANJIDIC,PYPINYIN,UNIHAN
U+897F	西	セイ,サイ,ス,にし	sei,sai,su,nishi	0,0,0,0	0,0,0,0	KANJIDIC,PYPINYIN,UNIHAN,WORDSHK_CHARS
U+8981	要	ヨウ,いる,かなめ	you,iru,kaname	0,0,0	0,0,0	KANJIDIC,PYPINYIN,UNIHAN,WORDSHK_CHARS
U+8983	覃	タン,エン	tan,en	0,0	0,0	KANJIDIC,PYPINYIN,UNIHAN,WORDSHK_CHARS
U+8986	覆	フク,おおう,くつがえす,くつがえる	fuku,oou,kutsugaesu,kutsugaeru	0,0,0,0	0,0,0,0	KANJIDIC,PYPINYIN,UNIHAN,WORDSHK_CHARS
U+8987	覇	ハ,ハク,はたがしら	ha,haku,hatagashira	0,0,0	0,0,0	KANJIDIC,PYPINYIN,UNIHAN
U+8988	覈	カク,ケツ,しらべる	kaku,ketsu,shiraberu	0,0,0	0,0,0	KANJIDIC,PYPINYIN,UNIHAN
U+8989	覉	キ,ハ,おもがい,たづな,たび,つなぐ	ki,ha,omogai,tazuna,tabi,tsunagu	0,0,0,0,0,0	0,0,0,0,0,0	KANJIDIC,PYPINYIN,UNIHAN
U+898A	覊	キ,ハ,おもがい,たづな,たび,つなぐ	ki,ha,omogai,tazuna,tabi,tsunagu	0,0,0,0,0,0	0,0,0,0,0,0	KANJIDIC,PYPINYIN,UNIHAN
U+898B	見	ケン,みる,みえる,みせる	ken,miru,mieru,miseru	0,0,0,0	0,0,0,0	KANJIDIC,PYPINYIN,UNIHAN,WORDSHK_CHARS
U+898D	覍	ヘン	hen	0	0	KANJIDIC,PYPINYIN,UNIHAN
U+898F	規	キ	ki	0	0	KANJIDIC,PYPINYIN,UNIHAN,WORDSHK_CHARS
U+8990	覐	カク,おぼえる,さます,さめる,さとる	kaku,oboeru,samasu,sameru,satoru	0,0,0,0,0	0,0,0,0,0	KANJIDIC,PYPINYIN,UNIHAN
U+8993	覓	ベキ,エキ,ミャク,もとめる	beki,eki,myaku,motomeru	0,0,0,0	0,0,0,0	KANJIDIC,PYPINYIN,UNIHAN,WORDSHK_CHARS
U+8994	覔	ベキ,エキ,ミャク,もとめる	beki,eki,myaku,motomeru	0,0,0,0	0,0,0,0	KANJIDIC,PYPINYIN,UNIHAN
U+8995	覕	メチ,ヒン,ヘツ	mechi,hin,hetsu	0,0,0	0,0,0	KANJIDIC,PYPINYIN,UNIHAN
U+8996	視	シ,みる	shi,miru	0,0	0,0	KANJIDIC,PYPINYIN,UNIHAN,WORDSHK_CHARS
U+8997	覗	シ,のぞく,うかがう	shi,nozoku,ukagau	0,0,0	0,0,0	KANJIDIC,PYPINYIN,UNIHAN
U+8998	覘	テン,のぞく,うかがう	ten,nozoku,ukagau	0,0,0	0,0,0	KANJIDIC,PYPINYIN,UNIHAN
U+899A	覚	カク,おぼえる,さます,さめる,さとる	kaku,oboeru,samasu,sameru,satoru	0,0,0,0,0	0,0,0,0,0	KANJIDIC,PYPINYIN,UNIHAN
U+899B	覛	ベキ,ビキ,ミャク,バク,みる	beki,biki,myaku,baku,miru	0,0,0,0,0	0,0,0,0,0	KANJIDIC,PYPINYIN,UNIHAN
U+899C	覜	チョウ,みる	chou,miru	0,0	0,0	KANJIDIC,PYPINYIN,UNIHAN
U+899F	覟	シ,みる	shi,miru	0,0	0,0	KANJIDIC,PYPINYIN,UNIHAN
U+89A0	覠	キン,コン,みる	kin,kon,miru	0,0,0	0,0,0	KANJIDIC,PYPINYIN,UNIHAN
U+89A1	覡	ゲキ,ケキ,かんなぎ,みこ	geki,keki,kannagi,miko	0,0,0,0	0,0,0,0	KANJIDIC,PYPINYIN,UNIHAN
U+89A5	覥	テン,はじる	ten,hajiru	0,0	0,0	KANJIDIC,PYPINYIN,UNIHAN
U+89A6	覦	ユ,ねがう	yu,negau	0,0	0,0	KANJIDIC,PYPINYIN,UNIHAN,WORDSHK_CHARS
U+89A7	覧	ラン,みる	ran,miru	0,0	0,0	KANJIDIC,PYPINYIN,UNIHAN
U+89A9	覩	ト,みる	to,miru	0,0	0,0	KANJIDIC,PYPINYIN,UNIHAN
U+89AA	親	シン,おや,したしい,したしむ	shin,oya,shitashii,shitashimu	0,0,0,0	0,0,0,0	KANJIDIC,PYPINYIN,UNIHAN,WORDSHK_CHARS
U+89AC	覬	キ	ki	0	0	KANJIDIC,PYPINYIN,UNIHAN,WORDSHK_CHARS
U+89AF	覯	コウ,あう	kou,au	0,0	0,0	KANJIDIC,PYPINYIN,UNIHAN
U+89B0	覰	ソ,ショ,キョ,シュ,ス,うかがう,みる,あらい	so,sho,kyo,shu,su,ukagau,miru,arai	0,0,0,0,0,0,0,0	0,0,0,0,0,0,0,0	KANJIDIC,PYPINYIN,UNIHAN
U+89B2	覲	キン,まみえる	kin,mamieru	0,0	0,0	KANJIDIC,PYPINYIN,UNIHAN,WORDSHK_CHARS
U+89B3	観	カン,みる,しめす	kan,miru,shimesu	0,0,0	0,0,0	KANJIDIC,PYPINYIN,UNIHAN
U+89B4	覴	トウ,チョウ,みつめる	tou,chou,mitsumeru	0,0,0	0,0,0	KANJIDIC,PYPINYIN,UNIHAN
U+89B5	覵	カン,ケン,ヘン,エン,みる,うかがう,まぜる	kan,ken,hen,en,miru,ukagau,mazeru	0,0,0,0,0,0,0	0,0,0,0,0,0,0	KANJIDIC,PYPINYIN,UNIHAN
U+89B6	覶	ラ,ラン,レン,みる	ra,ran,ren,miru	0,0,0,0	0,0,0,0	KANJIDIC,PYPINYIN,UNIHAN
U+89B7	覷	ソ,ショ,キョ,シュ,ス,うかがう,みる,あらい	so,sho,kyo,shu,su,ukagau,miru,arai	0,0,0,0,0,0,0,0	0,0,0,0,0,0,0,0	KANJIDIC,PYPINYIN,UNIHAN,WORDSHK_CHARS
U+89BA	覺	カク,おぼえる,さます,さめる,さとる	kaku,oboeru,samasu,sameru,satoru	0,0,0,0,0	0,0,0,0,0	KANJIDIC,PYPINYIN,UNIHAN,WORDSHK_CHARS
U+89BC	覼	ラ,ラン,レン,みる	ra,ran,ren,miru	0,0,0,0	0,0,0,0	KANJIDIC,PYPINYIN,UNIHAN
U+89BD	覽	ラン,みる	ran,miru	0,0	0,0	KANJIDIC,PYPINYIN,UNIHAN,WORDSHK_CHARS
U+89BF	覿	テキ,あう	teki,au	0,0	0,0	KANJIDIC,PYPINYIN,UNIHAN
U+89C0	觀	カン,みる,しめす	kan,miru,shimesu	0,0,0	0,0,0	KANJIDIC,PYPINYIN,UNIHAN,WORDSHK_CHARS
U+89D2	角	カク,かど,つの	kaku,kado,tsuno	0,0,0	0,0,0	KANJIDIC,PYPINYIN,UNIHAN,WORDSHK_CHARS
U+89D4	觔	キン,すじ	kin,suji	0,0	0,0	KANJIDIC,PYPINYIN,UNIHAN
U+89D5	觕	ソ,ソウ,ジョウ,あらい	so,sou,jou,arai	0,0,0,0	0,0,0,0	KANJIDIC,PYPINYIN,UNIHAN
U+89D6	觖	ケツ,ケチ,キ,ケイ,かける	ketsu,kechi,ki,kei,kakeru	0,0,0,0,0	0,0,0,0,0	KANJIDIC,PYPINYIN,UNIHAN
U+89D7	觗	シ,さかずき	shi,sakazuki	0,0	0,0	KANJIDIC,PYPINYIN,UNIHAN
U+89D8	觘	ソウ,ショウ,つのさじ	sou,shou,tsunosaji	0,0,0	0,0,0	KANJIDIC,PYPINYIN,UNIHAN
U+89DA	觚	コ,さかずき	ko,sakazuki	0,0	0,0	KANJIDIC,PYPINYIN,UNIHAN
U+89DC	觜	シ,スイ,くちばし,はし	shi,sui,kuchibashi,hashi	0,0,0,0	0,0,0,0	KANJIDIC,PYPINYIN,UNIHAN
U+89DD	觝	テイ,ふれる	tei,fureru	0,0	0,0	KANJIDIC,PYPINYIN,UNIHAN
U+89E3	解	カイ,ゲ,とく,とかす,とける,ほどく,ほぐす,わかる,さとる	kai,ge,toku,tokasu,tokeru,hodoku,hogusu,wakaru,satoru	0,0,0,0,0,0,0,0,0	0,0,0,0,0,0,0,0,0	KANJIDIC,PYPINYIN,UNIHAN,WORDSHK_CHARS
U+89E5	觥	コウ,つのさかずき	kou,tsunosakazuki	0,0	0,0	KANJIDIC,PYPINYIN,UNIHAN
U+89E6	触	ショク,ふれる,さわる,さわ	shoku,fureru,sawaru,sawa	0,0,0,0	0,0,0,0	KANJIDIC,PYPINYIN,UNIHAN
U+89E7	觧	カイ,ゲ,とく,とかす,とける,ほどく,ほどける,わかる,さとる	kai,ge,toku,tokasu,tokeru,hodoku,hodokeru,wakaru,satoru	0,0,0,0,0,0,0,0,0	0,0,0,0,0,0,0,0,0	KANJIDIC,PYPINYIN,UNIHAN
U+89E9	觩	キュウ,ク,まがる	kyuu,ku,magaru	0,0,0	0,0,0	KANJIDIC,PYPINYIN,UNIHAN
U+89EB	觫	ソク	soku	0	0	KANJIDIC,PYPINYIN,UNIHAN
U+89ED	觭	キ,かたむく	ki,katamuku	0,0	0,0	KANJIDIC,PYPINYIN,UNIHAN
U+89F1	觱	ヒツ,ヒチ,ウツ,ウチ,ひちりき	hitsu,hichi,utsu,uchi,hichiriki	0,0,0,0,0	0,0,0,0,0	KANJIDIC,PYPINYIN,UNIHAN
U+89F3	觳	コク,カク	koku,kaku	0,0	0,0	KANJIDIC,PYPINYIN,UNIHAN
U+89F4	觴	ショウ,さかずき	shou,sakazuki	0,0	0,0	KANJIDIC,PYPINYIN,UNIHAN
U+89F6	觶	シ,さかずき	shi,sakazuki	0,0	0,0	KANJIDIC,PYPINYIN,UNIHAN
U+89F8	觸	ショク,ふれる,さわる	shoku,fureru,sawaru	0,0,0	0,0,0	KANJIDIC,PYPINYIN,UNIHAN,WORDSHK_CHARS
U+89F9	觹	ケイ,エ,スイ,キ,くじり,つのぎり	kei,e,sui,ki,kujiri,tsunogiri	0,0,0,0,0,0	0,0,0,0,0,0	KANJIDIC,PYPINYIN,UNIHAN
U+89FD	觽	ケイ,エ,スイ,キ,くじり,つのぎり	kei,e,sui,ki,kujiri,tsunogiri	0,0,0,0,0,0	0,0,0,0,0,0	KANJIDIC,PYPINYIN,UNIHAN
U+89FF	觿	ケイ,エ,スイ,キ,くじり,つのぎり	kei,e,sui,ki,kujiri,tsunogiri	0,0,0,0,0,0	0,0,0,0,0,0	KANJIDIC,PYPINYIN,UNIHAN
U+8A00	言	ゲン,ゴン,いう,こと	gen,gon,iu,koto	0,0,0,0	0,0,0,0	KANJIDIC,PYPINYIN,UNIHAN,WORDSHK_CHARS
U+8A02	訂	テイ,ただす	tei,tadasu	0,0	0,0	KANJIDIC,PYPINYIN,UNIHAN,WORDSHK_CHARS
U+8A03	訃	フ,しらせ	fu,shirase	0,0	0,0	KANJIDIC,PYPINYIN,UNIHAN,WORDSHK_CHARS
U+8A04	訄	キュウ,ク,コウ,ドウ,ノウ	kyuu,ku,kou,dou,nou	0,0,0,0,0	0,0,0,0,0	KANJIDIC,PYPINYIN,UNIHAN
U+8A05	訅	キュウ,ク,やすんずる,はかる	kyuu,ku,yasunzuru,hakaru	0,0,0,0	0,0,0,0	KANJIDIC,PYPINYIN,UNIHAN
U+8A07	訇	コウ,ケン,キン	kou,ken,kin	0,0,0	0,0,0	KANJIDIC,PYPINYIN,UNIHAN
U+8A08	計	ケイ,はかる,はからう	kei,hakaru,hakarau	0,0,0	0,0,0	KANJIDIC,PYPINYIN,UNIHAN,WORDSHK_CHARS
U+8A0A	訊	ジン,シュン,シン,きく,とう,たずねる	jin,shun,shin,kiku,tou,tazuneru	0,0,0,0,0,0	0,0,0,0,0,0	KANJIDIC,PYPINYIN,UNIHAN,WORDSHK_CHARS
U+8A0C	訌	コウ	kou	0	0	KANJIDIC,PYPINYIN,UNIHAN,WORDSHK_CHARS
U+8A0E	討	トウ,うつ	tou,utsu	0,0	0,0	KANJIDIC,PYPINYIN,UNIHAN,WORDSHK_CHARS
U+8A0F	訏	ク,コ,いつわる	ku,ko,itsuwaru	0,0,0	0,0,0	KANJIDIC,PYPINYIN,UNIHAN
U+8A10	訐	ケツ,あばく	ketsu,abaku	0,0	0,0	KANJIDIC,PYPINYIN,UNIHAN
U+8A11	訑	シ,イ,タ,タン	shi,i,ta,tan	0,0,0,0	0,0,0,0	KANJIDIC,PYPINYIN,UNIHAN
U+8A12	訒	ジン,ニン,なやむ	jin,nin,nayamu	0,0,0	0,0,0	KANJIDIC,PYPINYIN,UNIHAN
U+8A13	訓	クン,キン,おしえる,よむ,くんずる	kun,kin,oshieru,yomu,kunzuru	0,0,0,0,0	0,0,0,0,0	KANJIDIC,PYPINYIN,UNIHAN,WORDSHK_CHARS
U+8A14	訔	ギン,ゴン,かたる	gin,gon,kataru	0,0,0	0,0,0	KANJIDIC,PYPINYIN,UNIHAN
U+8A15	訕	サン,セン,そしる	san,sen,soshiru	0,0,0	0,0,0	KANJIDIC,PYPINYIN,UNIHAN,WORDSHK_CHARS
U+8A16	訖	キツ,おえる,おわる,ついに	kitsu,oeru,owaru,tsuini	0,0,0,0	0,0,0,0	KANJIDIC,PYPINYIN,UNIHAN,WORDSHK_CHARS
U+8A17	託	タク,かこつける,かこつ	taku,kakotsukeru,kakotsu	0,0,0	0,0,0	KANJIDIC,PYPINYIN,UNIHAN,WORDSHK_CHARS
U+8A18	記	キ,しるす	ki,shirusu	0,0	0,0	KANJIDIC,PYPINYIN,UNIHAN,WORDSHK_CHARS
U+8A1B	訛	カ,なまる,なまり,あやまる	ka,namaru,namari,ayamaru	0,0,0,0	0,0,0,0	KANJIDIC,PYPINYIN,UNIHAN,WORDSHK_CHARS
U+8A1D	訝	ガ,ゲ,いぶかる	ga,ge,ibukaru	0,0,0	0,0,0	KANJIDIC,PYPINYIN,UNIHAN,WORDSHK_CHARS
U+8A1E	訞	ヨウ,わざわい,あやしいことば	you,wazawai,ayashiikotoba	0,0,0	0,0,0	KANJIDIC,PYPINYIN,UNIHAN
U+8A1F	訟	ショウ	shou	0	0	KANJIDIC,PYPINYIN,UNIHAN,WORDSHK_CHARS
U+8A20	訠	シン,いわんや,はぐ,はぎ	shin,iwanya,hagu,hagi	0,0,0,0	0,0,0,0	KANJIDIC,PYPINYIN,UNIHAN
U+8A22	訢	キン,コン,キ,よろこぶ	kin,kon,ki,yorokobu	0,0,0,0	0,0,0,0	KANJIDIC,PYPINYIN,UNIHAN
U+8A23	訣	ケツ,わかれ,わかれる	ketsu,wakare,wakareru	0,0,0	0,0,0	KANJIDIC,PYPINYIN,UNIHAN,WORDSHK_CHARS
U+8A24	訤	コン,ダ,コウ	kon,da,kou	0,0,0	0,0,0	KANJIDIC,PYPINYIN,UNIHAN
U+8A25	訥	トツ,どもる	totsu,domoru	0,0	0,0	KANJIDIC,PYPINYIN,UNIHAN
U+8A26	訦	シン,まこと	shin,makoto	0,0	0,0	KANJIDIC,PYPINYIN,UNIHAN
U+8A2A	訪	ホウ,おとずれる,たずねる,とう	hou,otozureru,tazuneru,tou	0,0,0,0	0,0,0,0	KANJIDIC,PYPINYIN,UNIHAN,WORDSHK_CHARS
U+8A2B	訫	シン	shin	0	0	KANJIDIC,PYPINYIN,UNIHAN
U+8A2C	訬	ソウ,ショウ,ミョウ,みだれる	sou,shou,myou,midareru	0,0,0,0	0,0,0,0	KANJIDIC,PYPINYIN,UNIHAN
U+8A2D	設	セツ,もうける	setsu,moukeru	0,0	0,0	KANJIDIC,PYPINYIN,UNIHAN,WORDSHK_CHARS
U+8A2F	訯	サ,セ,しゃべる	sa,se,shaberu	0,0,0	0,0,0	KANJIDIC,PYPINYIN,UNIHAN
U+8A31	許	キョ,ゆるす,もと	kyo,yurusu,moto	0,0,0	0,0,0	KANJIDIC,PYPINYIN,UNIHAN,WORDSHK_CHARS
U+8A33	訳	ヤク,わけ	yaku,wake	0,0	0,0	KANJIDIC,PYPINYIN,UNIHAN
U+8A34	訴	ソ,うったえる	so,uttaeru	0,0	0,0	KANJIDIC,PYPINYIN,UNIHAN,WORDSHK_CHARS
U+8A35	訵	チ,ひそかにうかがいしる,ひそかにしる	chi,hisokaniukagaishiru,hisokanishiru	0,0,0	0,0,0	KANJIDIC,PYPINYIN,UNIHAN
U+8A36	訶	カ,しかる,せめる	ka,shikaru,semeru	0,0,0	0,0,0	KANJIDIC,PYPINYIN,UNIHAN
U+8A37	訷	シン,とく	shin,toku	0,0	0,0	KANJIDIC,PYPINYIN,UNIHAN
U+8A3A	診	シン,みる	shin,miru	0,0	0,0	KANJIDIC,PYPINYIN,UNIHAN,WORDSHK_CHARS
U+8A3B	註	チュウ	chuu	0	0	KANJIDIC,PYPINYIN,UNIHAN,WORDSHK_CHARS
U+8A3C	証	ショウ,あかし	shou,akashi	0,0	0,0	KANJIDIC,PYPINYIN,UNIHAN,WORDSHK_CHARS
U+8A3D	訽	コウ,ク,ののしる,はじ,はずかしめる	kou,ku,nonoshiru,haji,hazukashimeru	0,0,0,0,0	0,0,0,0,0	KANJIDIC,PYPINYIN,UNIHAN
U+8A3E	訾	シ,セイ,サイ,ソ,つとめない,そしる	shi,sei,sai,so,tsutomenai,soshiru	0,0,0,0,0,0	0,0,0,0,0,0	KANJIDIC,PYPINYIN,UNIHAN
U+8A40	詀	タン,テン,セン	tan,ten,sen	0,0,0	0,0,0	KANJIDIC,PYPINYIN,UNIHAN
U+8A41	詁	コ,よみ	ko,yomi	0,0	0,0	KANJIDIC,PYPINYIN,UNIHAN
U+8A43	詃	ケン,いざなう,いつわる	ken,izanau,itsuwaru	0,0,0	0,0,0	KANJIDIC,PYPINYIN,UNIHAN
U+8A45	詅	レイ,リョウ,てらう	rei,ryou,terau	0,0,0	0,0,0	KANJIDIC,PYPINYIN,UNIHAN
U+8A46	詆	テイ,タイ,そしる,しかる	tei,tai,soshiru,shikaru	0,0,0,0	0,0,0,0	KANJIDIC,PYPINYIN,UNIHAN,WORDSHK_CHARS
U+8A47	詇	ヨウ,オウウ,エイ,さとい,つげる,とう,こえ	you,ouu,ei,satoi,tsugeru,tou,koe	0,0,0,0,0,0,0	0,0,0,0,0,0,0	KANJIDIC,PYPINYIN,UNIHAN
U+8A48	詈	リ,ののしる	ri,nonoshiru	0,0	0,0	KANJIDIC,PYPINYIN,UNIHAN
U+8A49	詉	ドウ,ヒョウ,ダ,ナ,ド,ヌ,かまびすしい,わるくいう	dou,hyou,da,na,do,nu,kamabisushii,warukuiu	0,0,0,0,0,0,0,0	0,0,0,0,0,0,0,0	KANJIDIC,PYPINYIN,UNIHAN
U+8A4D	詍	エイ,セツ,セチ,しゃべる,たのしむ	ei,setsu,sechi,shaberu,tanoshimu	0,0,0,0,0	0,0,0,0,0	KANJIDIC,PYPINYIN,UNIHAN
U+8A4E	詎	キョ,ゴ,なんぞ	kyo,go,nanzo	0,0,0	0,0,0	KANJIDIC,PYPINYIN,UNIHAN
U+8A50	詐	サ,いつわる	sa,itsuwaru	0,0	0,0	KANJIDIC,PYPINYIN,UNIHAN,WORDSHK_CHARS
U+8A51	詑	イ,タ,ダ,わびる,わび,あざむく	i,ta,da,wabiru,wabi,azamuku	0,0,0,0,0,0	0,0,0,0,0,0	KANJIDIC,PYPINYIN,UNIHAN
U+8A52	詒	イ,タイ,あざむく	i,tai,azamuku	0,0,0	0,0,0	KANJIDIC,PYPINYIN,UNIHAN
U+8A53	詓	キョ,コ,こえ	kyo,ko,koe	0,0,0	0,0,0	KANJIDIC,PYPINYIN,UNIHAN
U+8A54	詔	ショウ,みことのり	shou,mikotonori	0,0	0,0	KANJIDIC,PYPINYIN,UNIHAN
U+8A55	評	ヒョウ	hyou	0	0	KANJIDIC,PYPINYIN,UNIHAN,WORDSHK_CHARS
U+8A56	詖	ヒ,ハ,かたよる	hi,ha,katayoru	0,0,0	0,0,0	KANJIDIC,PYPINYIN,UNIHAN
U+8A57	詗	キョウ,チョウ,ケイ,さぐる	kyou,chou,kei,saguru	0,0,0,0	0,0,0,0	KANJIDIC,PYPINYIN,UNIHAN
U+8A58	詘	クツ,クチ,チュツ,チュチ,トツ,つまる	kutsu,kuchi,chutsu,chuchi,totsu,tsumaru	0,0,0,0,0,0	0,0,0,0,0,0	KANJIDIC,PYPINYIN,UNIHAN
U+8A5B	詛	ソ,ショ,のろう	so,sho,norou	0,0,0	0,0,0	KANJIDIC,PYPINYIN,UNIHAN,WORDSHK_CHARS
U+8A5C	詜	トウ,みだれる	tou,midareru	0,0	0,0	KANJIDIC,PYPINYIN,UNIHAN
U+8A5D	詝	チョ,さとい	cho,satoi	0,0	0,0	KANJIDIC,PYPINYIN,UNIHAN
U+8A5E	詞	シ,ことば	shi,kotoba	0,0	0,0	KANJIDIC,PYPINYIN,UNIHAN,WORDSHK_CHARS
U+8A60	詠	エイ,よむ,うたう	ei,yomu,utau	0,0,0	0,0,0	KANJIDIC,PYPINYIN,UNIHAN,WORDSHK_CHARS
U+8A61	詡	ク,ほこる	ku,hokoru	0,0	0,0	KANJIDIC,PYPINYIN,UNIHAN,WORDSHK_CHARS
U+8A62	詢	ジュン,シュン,はかる,まこと	jun,shun,hakaru,makoto	0,0,0,0	0,0,0,0	KANJIDIC,PYPINYIN,UNIHAN,WORDSHK_CHARS
U+8A63	詣	ケイ,ゲイ,けいする,まいる,いたる,もうでる	kei,gei,keisuru,mairu,itaru,mouderu	0,0,0,0,0,0	0,0,0,0,0,0	KANJIDIC,PYPINYIN,UNIHAN,WORDSHK_CHARS
U+8A65	詥	コウ,やわらぐ,かなう,あつまりいう	kou,yawaragu,kanau,atsumariiu	0,0,0,0	0,0,0,0	KANJIDIC,PYPINYIN,UNIHAN
U+8A66	試	シ,こころみる,ためす	shi,kokoromiru,tamesu	0,0,0	0,0,0	KANJIDIC,PYPINYIN,UNIHAN,WORDSHK_CHARS
U+8A67	詧	サツ,サチ,セツ,セチ,みる,あきらかにする	satsu,sachi,setsu,sechi,miru,akirakanisuru	0,0,0,0,0,0	0,0,0,0,0,0	KANJIDIC,PYPINYIN,UNIHAN
U+8A69	詩	シ,うた	shi,uta	0,0	0,0	KANJIDIC,PYPINYIN,UNIHAN,WORDSHK_CHARS
U+8A6B	詫	タ,わび,わびしい,かこつ,わびる	ta,wabi,wabishii,kakotsu,wabiru	0,0,0,0,0	0,0,0,0,0	KANJIDIC,PYPINYIN,UNIHAN,WORDSHK_CHARS
U+8A6C	詬	コウ,ク,ののしる,はじ,はずかしめる	kou,ku,nonoshiru,haji,hazukashimeru	0,0,0,0,0	0,0,0,0,0	KANJIDIC,PYPINYIN,UNIHAN,WORDSHK_CHARS
U+8A6D	詭	キ,いつわる	ki,itsuwaru	0,0	0,0	KANJIDIC,PYPINYIN,UNIHAN,WORDSHK_CHARS
U+8A6E	詮	セン,せんずる,かい,あきらか	sen,senzuru,kai,akiraka	0,0,0,0	0,0,0,0	KANJIDIC,PYPINYIN,UNIHAN,WORDSHK_CHARS
U+8A70	詰	キツ,キチ,つめる,つめ,づめ,つまる,つむ	kitsu,kichi,tsumeru,tsume,zume,tsumaru,tsumu	0,0,0,0,0,0,0	0,0,0,0,0,0,0	KANJIDIC,PYPINYIN,UNIHAN,WORDSHK_CHARS
U+8A71	話	ワ,はなす,はなし	wa,hanasu,hanashi	0,0,0	0,0,0	KANJIDIC,PYPINYIN,UNIHAN,WORDSHK_CHARS
U+8A72	該	ガイ	gai	0	0	KANJIDIC,PYPINYIN,UNIHAN,WORDSHK_CHARS
U+8A73	詳	ショウ,くわしい,つまびらか	shou,kuwashii,tsumabiraka	0,0,0	0,0,0	KANJIDIC,PYPINYIN,UNIHAN,WORDSHK_CHARS
U+8A75	詵	シン,セン,とる	shin,sen,toru	0,0,0	0,0,0	KANJIDIC,PYPINYIN,UNIHAN
U+8A76	詶	シュウ,ジュ,のろう	shuu,ju,norou	0,0,0	0,0,0	KANJIDIC,PYPINYIN,UNIHAN
U+8A77	詷	トウ,ズ,おなじ	tou,zu,onaji	0,0,0	0,0,0	KANJIDIC,PYPINYIN,UNIHAN
U+8A79	詹	セン,タン	sen,tan	0,0	0,0	KANJIDIC,PYPINYIN,UNIHAN,WORDSHK_CHARS
U+8A7A	詺	ベイ,ビイ,ミョウ,なづける	bei,bii,myou,nazukeru	0,0,0,0	0,0,0,0	KANJIDIC,PYPINYIN,UNIHAN
U+8A7B	詻	ガク,ギャク,リャク,ラク,いいあらそう	gaku,gyaku,ryaku,raku,iiarasou	0,0,0,0,0	0,0,0,0,0	KANJIDIC,PYPINYIN,UNIHAN
U+8A7C	詼	カイ,たわむれ	kai,tawamure	0,0	0,0	KANJIDIC,PYPINYIN,UNIHAN,WORDSHK_CHARS
U+8A7E	詾	キョウ,ク,うったえる,いいたてる,みちる,おどす	kyou,ku,uttaeru,iitateru,michiru,odosu	0,0,0,0,0,0	0,0,0,0,0,0	KANJIDIC,PYPINYIN,UNIHAN
U+8A7F	詿	カイ,ケ,カ,あやまる	kai,ke,ka,ayamaru	0,0,0,0	0,0,0,0	KANJIDIC,PYPINYIN,UNIHAN
U+8A80	誀	ジ,ニ,チ,さそう,はじ	ji,ni,chi,sasou,haji	0,0,0,0,0	0,0,0,0,0	KANJIDIC,PYPINYIN,UNIHAN
U+8A82	誂	チョウ,あつらえる,いどむ	chou,atsuraeru,idomu	0,0,0	0,0,0	KANJIDIC,PYPINYIN,UNIHAN
U+8A83	誃	シ,チ,イ,わかれる	shi,chi,i,wakareru	0,0,0,0	0,0,0,0	KANJIDIC,PYPINYIN,UNIHAN
U+8A84	誄	ルイ,しのびごと	rui,shinobigoto	0,0	0,0	KANJIDIC,PYPINYIN,UNIHAN
U+8A85	誅	チュウ,チュ,ちゅうする,ころす,せめる	chuu,chu,chuusuru,korosu,semeru	0,0,0,0,0	0,0,0,0,0	KANJIDIC,PYPINYIN,UNIHAN,WORDSHK_CHARS
U+8A86	誆	キョウ,ゴウ,いつわり	kyou,gou,itsuwari	0,0,0	0,0,0	KANJIDIC,PYPINYIN,UNIHAN
U+8A87	誇	コ,ほこる	ko,hokoru	0,0	0,0	KANJIDIC,PYPINYIN,UNIHAN,WORDSHK_CHARS
U+8A89	誉	ヨ,ほまれ,ほめる	yo,homare,homeru	0,0,0	0,0,0	KANJIDIC,PYPINYIN,UNIHAN
U+8A8B	誋	キ,コウ,いましめる	ki,kou,imashimeru	0,0,0	0,0,0	KANJIDIC,PYPINYIN,UNIHAN
U+8A8C	誌	シ	shi	0	0	KANJIDIC,PYPINYIN,UNIHAN,WORDSHK_CHARS
U+8A8D	認	ニン,みとめる,したためる	nin,mitomeru,shitatameru	0,0,0	0,0,0	KANJIDIC,PYPINYIN,UNIHAN,WORDSHK_CHARS
U+8A8F	誏	ロウ	rou	0	0	KANJIDIC,PYPINYIN,UNIHAN
U+8A90	誐	ガ,ヨイ,よいことば,くちずさむ	ga,yoi,yoikotoba,kuchizusamu	0,0,0,0	0,0,0,0	KANJIDIC,PYPINYIN,UNIHAN
U+8A91	誑	キョウ,たばかる,たぶらかす,たらす	kyou,tabakaru,taburakasu,tarasu	0,0,0,0	0,0,0,0	KANJIDIC,PYPINYIN,UNIHAN
U+8A92	誒	キ,カイ,アイ,イ,あ	ki,kai,ai,i,a	0,0,0,0,0	0,0,0,0,0	KANJIDIC,PYPINYIN,UNIHAN,WORDSHK_CHARS
U+8A93	誓	セイ,ちかう	sei,chikau	0,0	0,0	KANJIDIC,PYPINYIN,UNIHAN,WORDSHK_CHARS
U+8A95	誕	タン	tan	0	0	KANJIDIC,PYPINYIN,UNIHAN,WORDSHK_CHARS
U+8A96	誖	ホツ,ボチ,フツ,フチ,みだす	hotsu,bochi,futsu,fuchi,midasu	0,0,0,0,0	0,0,0,0,0	KANJIDIC,PYPINYIN,UNIHAN
U+8A97	誗	テン,ことばがうるわしい	ten,kotobagauruwashii	0,0	0,0	KANJIDIC,PYPINYIN,UNIHAN
U+8A98	誘	ユウ,さそう,いざなう	yuu,sasou,izanau	0,0,0	0,0,0	KANJIDIC,PYPINYIN,UNIHAN,WORDSHK_CHARS
U+8A99	誙	コウ,ギョウ,ケイ,あらい	kou,gyou,kei,arai	0,0,0,0	0,0,0,0	KANJIDIC,PYPINYIN,UNIHAN
U+8A9A	誚	ショウ,せめる	shou,semeru	0,0	0,0	KANJIDIC,PYPINYIN,UNIHAN
U+8A9E	語	ゴ,かたる,かたらう	go,kataru,katarau	0,0,0	0,0,0	KANJIDIC,PYPINYIN,UNIHAN,WORDSHK_CHARS
U+8A9F	誟	コウ	kou	0	0	KANJIDIC,PYPINYIN,UNIHAN
U+8AA0	誠	セイ,まこと	sei,makoto	0,0	0,0	KANJIDIC,PYPINYIN,UNIHAN,WORDSHK_CHARS
U+8AA1	誡	カイ,いましめる	kai,imashimeru	0,0	0,0	KANJIDIC,PYPINYIN,UNIHAN,WORDSHK_CHARS
U+8AA3	誣	フ,しいる,あざむく	fu,shiiru,azamuku	0,0,0	0,0,0	KANJIDIC,PYPINYIN,UNIHAN,WORDSHK_CHARS
U+8AA4	誤	ゴ,あやまる	go,ayamaru	0,0	0,0	KANJIDIC,PYPINYIN,UNIHAN,WORDSHK_CHARS
U+8AA5	誥	コウ,つぐ	kou,tsugu	0,0	0,0	KANJIDIC,PYPINYIN,UNIHAN
U+8AA6	誦	ショウ,ジュ,ズ,となえる,よむ	shou,ju,zu,tonaeru,yomu	0,0,0,0,0	0,0,0,0,0	KANJIDIC,PYPINYIN,UNIHAN,WORDSHK_CHARS
U+8AA7	誧	ホ,フ	ho,fu	0,0	0,0	KANJIDIC,PYPINYIN,UNIHAN
U+8AA8	誨	カイ,おしえる	kai,oshieru	0,0	0,0	KANJIDIC,PYPINYIN,UNIHAN,WORDSHK_CHARS
U+8AA9	誩	ケイ,キョウ,ゴウ,タン,トン,あらそいいう	kei,kyou,gou,tan,ton,arasoiiu	0,0,0,0,0,0	0,0,0,0,0,0	KANJIDIC,PYPINYIN,UNIHAN
U+8AAC	説	セツ,ゼイ,とく	setsu,zei,toku	0,0,0	0,0,0	KANJIDIC,PYPINYIN,UNIHAN,WORDSHK_CHARS
U+8AAD	読	ドク,トク,トウ,よむ,よみ	doku,toku,tou,yomu,yomi	0,0,0,0,0	0,0,0,0,0	KANJIDIC,PYPINYIN,UNIHAN
U+8AAE	誮	カ,やさしい	ka,yasashii	0,0	0,0	KANJIDIC,PYPINYIN,UNIHAN
U+8AAF	誯	ショウ,となえる	shou,tonaeru	0,0	0,0	KANJIDIC,PYPINYIN,UNIHAN
U+8AB0	誰	スイ,だれ,たれ,た	sui,dare,tare,ta	0,0,0,0	0,0,0,0	KANJIDIC,PYPINYIN,UNIHAN,WORDSHK_CHARS
U+8AB2	課	カ	ka	0	0	KANJIDIC,PYPINYIN,UNIHAN,WORDSHK_CHARS
U+8AB3	誳	クツ,コチ,つまる,まがる,まげる	kutsu,kochi,tsumaru,magaru,mageru	0,0,0,0,0	0,0,0,0,0	KANJIDIC,PYPINYIN,UNIHAN
U+8AB6	誶	スイ,サイ,シュツ,せめる,ののしる	sui,sai,shutsu,semeru,nonoshiru	0,0,0,0,0	0,0,0,0,0	KANJIDIC,PYPINYIN,UNIHAN
U+8AB7	誷	ボウ,モウ,しいる	bou,mou,shiiru	0,0,0	0,0,0	KANJIDIC,PYPINYIN,UNIHAN
U+8AB9	誹	ヒ,ハイ,そしる	hi,hai,soshiru	0,0,0	0,0,0	KANJIDIC,PYPINYIN,UNIHAN,WORDSHK_CHARS
U+8ABB	誻	トウ,そしる	tou,soshiru	0,0	0,0	KANJIDIC,PYPINYIN,UNIHAN
U+8ABC	誼	ギ,よしみ,よい	gi,yoshimi,yoi	0,0,0	0,0,0	KANJIDIC,PYPINYIN,UNIHAN,WORDSHK_CHARS
U+8ABE	誾	ギン,ゴン	gin,gon	0,0	0,0	KANJIDIC,PYPINYIN,UNIHAN
U+8ABF	調	チョウ,しらべる,しらべ,ととのう,ととのえる	chou,shiraberu,shirabe,totonou,totonoeru	0,0,0,0,0	0,0,0,0,0	KANJIDIC,PYPINYIN,UNIHAN,WORDSHK_CHARS
U+8AC2	諂	テン,へつらう	ten,hetsurau	0,0	0,0	KANJIDIC,PYPINYIN,UNIHAN
U+8AC3	諃	チン,よくいう	chin,yokuiu	0,0	0,0	KANJIDIC,PYPINYIN,UNIHAN
U+8AC4	諄	シュン,ひちくどい,くどい,くどくど,ねんごろ	shun,hichikudoi,kudoi,kudokudo,nengoro	0,0,0,0,0	0,0,0,0,0	KANJIDIC,PYPINYIN,UNIHAN,WORDSHK_CHARS
U+8AC6	諆	キ,あざむく	ki,azamuku	0,0	0,0	KANJIDIC,PYPINYIN,UNIHAN
U+8AC7	談	ダン	dan	0	0	KANJIDIC,PYPINYIN,UNIHAN,WORDSHK_CHARS
U+8AC8	諈	スイ,ニ,チ,かこつける	sui,ni,chi,kakotsukeru	0,0,0,0	0,0,0,0	KANJIDIC,PYPINYIN,UNIHAN
U+8AC9	諉	ズイ,ニ,イ,わずらわす	zui,ni,i,wazurawasu	0,0,0,0	0,0,0,0	KANJIDIC,PYPINYIN,UNIHAN,WORDSHK_CHARS
U+8ACA	諊	キク,コク,しらべる	kiku,koku,shiraberu	0,0,0	0,0,0	KANJIDIC,PYPINYIN,UNIHAN
U+8ACB	請	セイ,シン,ショウ,こう,うける	sei,shin,shou,kou,ukeru	0,0,0,0,0	0,0,0,0,0	KANJIDIC,PYPINYIN,UNIHAN,WORDSHK_CHARS
U+8ACC	諌	カン,いさめ,いさめる	kan,isame,isameru	0,0,0	0,0,0	KANJIDIC,PYPINYIN,UNIHAN
U+8ACD	諍	ソウ,ショウ,いさかう,あらそう,いさめる,うったえる	sou,shou,isakau,arasou,isameru,uttaeru	0,0,0,0,0,0	0,0,0,0,0,0	KANJIDIC,PYPINYIN,UNIHAN
U+8ACF	諏	シュ,ス,そう,はかる	shu,su,sou,hakaru	0,0,0,0	0,0,0,0	KANJIDIC,PYPINYIN,UNIHAN
U+8AD1	諑	タク,うったえ	taku,uttae	0,0	0,0	KANJIDIC,PYPINYIN,UNIHAN
U+8AD2	諒	リョウ,あきらか,まことに	ryou,akiraka,makotoni	0,0,0	0,0,0	KANJIDIC,PYPINYIN,UNIHAN,WORDSHK_CHARS
U+8AD3	諓	セン,エン,よくいう	sen,en,yokuiu	0,0,0	0,0,0	KANJIDIC,PYPINYIN,UNIHAN
U+8AD4	諔	シュク,セキ,ジャク,いつわる	shuku,seki,jaku,itsuwaru	0,0,0,0	0,0,0,0	KANJIDIC,PYPINYIN,UNIHAN
U+8AD5	諕	コウ,カ,テ,さけぶ	kou,ka,te,sakebu	0,0,0,0	0,0,0,0	KANJIDIC,PYPINYIN,UNIHAN
U+8AD6	論	ロン,あげつらう	ron,agetsurau	0,0	0,0	KANJIDIC,PYPINYIN,UNIHAN,WORDSHK_CHARS
U+8AD7	諗	シン,ジョウ,ニョウ,いさめる	shin,jou,nyou,isameru	0,0,0,0	0,0,0,0	KANJIDIC,PYPINYIN,UNIHAN,WORDSHK_CHARS
U+8ADA	諚	ジョウ	jou	0	0	KANJIDIC,PYPINYIN,UNIHAN
U+8ADB	諛	ユ,へつらう,へつらい	yu,hetsurau,hetsurai	0,0,0	0,0,0	KANJIDIC,PYPINYIN,UNIHAN,WORDSHK_CHARS
U+8ADC	諜	チョウ,ちょうずる,うかがう,しめす	chou,chouzuru,ukagau,shimesu	0,0,0,0	0,0,0,0	KANJIDIC,PYPINYIN,UNIHAN,WORDSHK_CHARS
U+8ADD	諝	ショ,さとい	sho,satoi	0,0	0,0	KANJIDIC,PYPINYIN,UNIHAN
U+8ADE	諞	ヘン	hen	0	0	KANJIDIC,PYPINYIN,UNIHAN
U+8ADF	諟	シ,テイ,タイ,ただす	shi,tei,tai,tadasu	0,0,0,0	0,0,0,0	KANJIDIC,PYPINYIN,UNIHAN
U+8AE0	諠	ケン,かまびすしい,わすれる	ken,kamabisushii,wasureru	0,0,0	0,0,0	KANJIDIC,PYPINYIN,UNIHAN
U+8AE1	諡	エキ,シ,おくりな	eki,shi,okurina	0,0,0	0,0,0	KANJIDIC,PYPINYIN,UNIHAN
U+8AE2	諢	コン	kon	0	0	KANJIDIC,PYPINYIN,UNIHAN
U+8AE4	諤	ガク,わめく,あご	gaku,wameku,ago	0,0,0	0,0,0	KANJIDIC,PYPINYIN,UNIHAN
U+8AE6	諦	テイ,タイ,あきらめる,つまびらか,まこと	tei,tai,akirameru,tsumabiraka,makoto	0,0,0,0,0	0,0,0,0,0	KANJIDIC,PYPINYIN,UNIHAN,WORDSHK_CHARS
U+8AE7	諧	カイ,かなう,やわらぐ	kai,kanau,yawaragu	0,0,0	0,0,0	KANJIDIC,PYPINYIN,UNIHAN,WORDSHK_CHARS
U+8AEB	諫	カン,いさめる	kan,isameru	0,0	0,0	KANJIDIC,PYPINYIN,UNIHAN,WORDSHK_CHARS
U+8AEC	諬	ケイ,ひらく,さとす	kei,hiraku,satosu	0,0,0	0,0,0	KANJIDIC,PYPINYIN,UNIHAN
U+8AED	諭	ユ,さとす	yu,satosu	0,0	0,0	KANJIDIC,PYPINYIN,UNIHAN,WORDSHK_CHARS
U+8AEE	諮	シ,はかる	shi,hakaru	0,0	0,0	KANJIDIC,PYPINYIN,UNIHAN,WORDSHK_CHARS
U+8AF0	諰	シ,サイ,シャ,アイ,おもう	shi,sai,sha,ai,omou	0,0,0,0,0	0,0,0,0,0	KANJIDIC,PYPINYIN,UNIHAN
U+8AF1	諱	キ,いみな,いむ	ki,imina,imu	0,0,0	0,0,0	KANJIDIC,PYPINYIN,UNIHAN,WORDSHK_CHARS
U+8AF3	諳	アン,オン,そらんじる	an,on,soranjiru	0,0,0	0,0,0	KANJIDIC,PYPINYIN,UNIHAN,WORDSHK_CHARS
U+8AF4	諴	カン,ゲン,コン,やわらぐ	kan,gen,kon,yawaragu	0,0,0,0	0,0,0,0	KANJIDIC,PYPINYIN,UNIHAN
U+8AF5	諵	ナン,ダン,ネン	nan,dan,nen	0,0,0	0,0,0	KANJIDIC,PYPINYIN,UNIHAN
U+8AF6	諶	シン,まこと	shin,makoto	0,0	0,0	KANJIDIC,PYPINYIN,UNIHAN
U+8AF7	諷	フウ,そらんじる	fuu,soranjiru	0,0	0,0	KANJIDIC,PYPINYIN,UNIHAN,WORDSHK_CHARS
U+8AF8	諸	ショ,もろ	sho,moro	0,0	0,0	KANJIDIC,PYPINYIN,UNIHAN,WORDSHK_CHARS
U+8AFA	諺	ゲン,ことわざ	gen,kotowaza	0,0	0,0	KANJIDIC,PYPINYIN,UNIHAN,WORDSHK_CHARS
U+8AFC	諼	ケン,かまびすしい,わすれる,いつわる	ken,kamabisushii,wasureru,itsuwaru	0,0,0,0	0,0,0,0	KANJIDIC,PYPINYIN,UNIHAN
U+8AFE	諾	ダク	daku	0	0	KANJIDIC,PYPINYIN,UNIHAN,WORDSHK_CHARS
U+8AFF	諿	シュウ,ショ,やわらぐ	shuu,sho,yawaragu	0,0,0	0,0,0	KANJIDIC,PYPINYIN,UNIHAN
U+8B00	謀	ボウ,ム,はかる,たばかる,はかりごと	bou,mu,hakaru,tabakaru,hakarigoto	0,0,0,0,0	0,0,0,0,0	KANJIDIC,PYPINYIN,UNIHAN,WORDSHK_CHARS
U+8B01	謁	エツ	etsu	0	0	KANJIDIC,PYPINYIN,UNIHAN
U+8B02	謂	イ,いう,いい,おもう,いわゆる	i,iu,ii,omou,iwayuru	0,0,0,0,0	0,0,0,0,0	KANJIDIC,PYPINYIN,UNIHAN,WORDSHK_CHARS
U+8B04	謄	トウ	tou	0	0	KANJIDIC,PYPINYIN,UNIHAN,WORDSHK_CHARS
U+8B05	謅	ソウ,ショウ,シュウ,シュ,もてあそぶ	sou,shou,shuu,shu,moteasobu	0,0,0,0,0	0,0,0,0,0	KANJIDIC,PYPINYIN,UNIHAN,WORDSHK_CHARS
U+8B06	謆	セン,まどわす	sen,madowasu	0,0	0,0	KANJIDIC,PYPINYIN,UNIHAN
U+8B07	謇	ケン,どもる	ken,domoru	0,0	0,0	KANJIDIC,PYPINYIN,UNIHAN
U+8B0A	謊	コウ,いつわる	kou,itsuwaru	0,0	0,0	KANJIDIC,PYPINYIN,UNIHAN,WORDSHK_CHARS
U+8B0B	謋	カク,ケキ,キャク,トク,ケツ	kaku,keki,kyaku,toku,ketsu	0,0,0,0,0	0,0,0,0,0	KANJIDIC,PYPINYIN,UNIHAN
U+8B0C	謌	カ,うた,うたう	ka,uta,utau	0,0,0	0,0,0	KANJIDIC,PYPINYIN,UNIHAN
U+8B0E	謎	メイ,ベイ,なぞ	mei,bei,nazo	0,0,0	0,0,0	KANJIDIC,PYPINYIN,UNIHAN,WORDSHK_CHARS
U+8B10	謐	ヒツ,しずか	hitsu,shizuka	0,0	0,0	KANJIDIC,PYPINYIN,UNIHAN
U+8B11	謑	ケイ,カ,ケ,はじ	kei,ka,ke,haji	0,0,0,0	0,0,0,0	KANJIDIC,PYPINYIN,UNIHAN
U+8B14	謔	ギャク,キャク,たわむれる	gyaku,kyaku,tawamureru	0,0,0	0,0,0	KANJIDIC,PYPINYIN,UNIHAN
U+8B16	謖	ショク,シュク,たつ	shoku,shuku,tatsu	0,0,0	0,0,0	KANJIDIC,PYPINYIN,UNIHAN
U+8B17	謗	ボウ,ホウ,そしる	bou,hou,soshiru	0,0,0	0,0,0	KANJIDIC,PYPINYIN,UNIHAN,WORDSHK_CHARS
U+8B19	謙	ケン,へりくだる	ken,herikudaru	0,0	0,0	KANJIDIC,PYPINYIN,UNIHAN,WORDSHK_CHARS
U+8B1A	謚	エキ,シ,おくりな	eki,shi,okurina	0,0,0	0,0,0	KANJIDIC,PYPINYIN,UNIHAN,WORDSHK_CHARS
U+8B1B	講	コウ	kou	0	0	KANJIDIC,PYPINYIN,UNIHAN,WORDSHK_CHARS
U+8B1C	謜	ゲン,ガン,セン	gen,gan,sen	0,0,0	0,0,0	KANJIDIC,PYPINYIN,UNIHAN
U+8B1D	謝	シャ,あやまる	sha,ayamaru	0,0	0,0	KANJIDIC,PYPINYIN,UNIHAN,WORDSHK_CHARS
U+8B1E	謞	カク,コウ,キョウ	kaku,kou,kyou	0,0,0	0,0,0	KANJIDIC,PYPINYIN,UNIHAN
U+8B1F	謟	トウ,うたがう	tou,utagau	0,0	0,0	KANJIDIC,PYPINYIN,UNIHAN
U+8B20	謠	ヨウ,うたう,うた	you,utau,uta	0,0,0	0,0,0	KANJIDIC,PYPINYIN,UNIHAN,WORDSHK_CHARS
U+8B21	謡	ヨウ,うたい,うたう	you,utai,utau	0,0,0	0,0,0	KANJIDIC,PYPINYIN,UNIHAN
U+8B26	謦	ケイ,しわぶき	kei,shiwabuki	0,0	0,0	KANJIDIC,PYPINYIN,UNIHAN
U+8B28	謨	ボ,モ,はかる	bo,mo,hakaru	0,0,0	0,0,0	KANJIDIC,PYPINYIN,UNIHAN
U+8B2B	謫	タク,チャク,せめる,とがめる	taku,chaku,semeru,togameru	0,0,0,0	0,0,0,0	KANJIDIC,PYPINYIN,UNIHAN,WORDSHK_CHARS
U+8B2C	謬	ビュウ,ビョウ,ミュウ,あやまる	byuu,byou,myuu,ayamaru	0,0,0,0	0,0,0,0	KANJIDIC,PYPINYIN,UNIHAN,WORDSHK_CHARS
U+8B2D	謭	セイ,セン,あさい	sei,sen,asai	0,0,0	0,0,0	KANJIDIC,PYPINYIN,UNIHAN
U+8B30	謰	レン,おしゃべり	ren,oshaberi	0,0	0,0	KANJIDIC,PYPINYIN,UNIHAN
U+8B33	謳	オウ,ウ,うたう	ou,u,utau	0,0,0	0,0,0	KANJIDIC,PYPINYIN,UNIHAN,WORDSHK_CHARS
U+8B37	謷	ギョウ,ゴウ,ギュウ,ク,やかましい	gyou,gou,gyuu,ku,yakamashii	0,0,0,0,0	0,0,0,0,0	KANJIDIC,PYPINYIN,UNIHAN
U+8B39	謹	キン,つつしむ	kin,tsutsushimu	0,0	0,0	KANJIDIC,PYPINYIN,UNIHAN,WORDSHK_CHARS
U+8B3C	謼	コ,ク,コウ,キョウ,よぶ	ko,ku,kou,kyou,yobu	0,0,0,0,0	0,0,0,0,0	KANJIDIC,PYPINYIN,UNIHAN
U+8B3E	謾	マン,バン,あざむく,あなどる	man,ban,azamuku,anadoru	0,0,0,0	0,0,0,0	KANJIDIC,PYPINYIN,UNIHAN,WORDSHK_CHARS
U+8B41	譁	カ,ケ,かまびすしい	ka,ke,kamabisushii	0,0,0	0,0,0	KANJIDIC,PYPINYIN,UNIHAN,WORDSHK_CHARS
U+8B42	譂	セン,いつわる	sen,itsuwaru	0,0	0,0	KANJIDIC,PYPINYIN,UNIHAN
U+8B43	譃	ク,いつわる,うそ	ku,itsuwaru,uso	0,0,0	0,0,0	KANJIDIC,PYPINYIN,UNIHAN
U+8B44	譄	ソウ,しいる	sou,shiiru	0,0	0,0	KANJIDIC,PYPINYIN,UNIHAN
U+8B45	譅	シュウ,ドウ,ノウ	shuu,dou,nou	0,0,0	0,0,0	KANJIDIC,PYPINYIN,UNIHAN
U+8B46	譆	キ,イ,ああ	ki,i,aa	0,0,0	0,0,0	KANJIDIC,PYPINYIN,UNIHAN
U+8B48	譈	タイ,ズイ,うらむ	tai,zui,uramu	0,0,0	0,0,0	KANJIDIC,PYPINYIN,UNIHAN
U+8B49	證	ショウ,あかし	shou,akashi	0,0	0,0	KANJIDIC,PYPINYIN,UNIHAN,WORDSHK_CHARS
U+8B4C	譌	カ,なまる,あやまる	ka,namaru,ayamaru	0,0,0	0,0,0	KANJIDIC,PYPINYIN,UNIHAN
U+8B4D	譍	ヨウ,オウ,こたえる	you,ou,kotaeru	0,0,0	0,0,0	KANJIDIC,PYPINYIN,UNIHAN
U+8B4E	譎	ケツ,キツ,いつわる,いつわり	ketsu,kitsu,itsuwaru,itsuwari	0,0,0,0	0,0,0,0	KANJIDIC,PYPINYIN,UNIHAN
U+8B4F	譏	キ,そしる	ki,soshiru	0,0	0,0	KANJIDIC,PYPINYIN,UNIHAN,WORDSHK_CHARS
U+8B52	譒	ハ,しく	ha,shiku	0,0	0,0	KANJIDIC,PYPINYIN,UNIHAN
U+8B53	譓	ケイ,エ,かしこい	kei,e,kashikoi	0,0,0	0,0,0	KANJIDIC,PYPINYIN,UNIHAN
U+8B54	譔	セン,おしえる	sen,oshieru	0,0	0,0	KANJIDIC,PYPINYIN,UNIHAN
U+8B56	譖	シン,セン,そしる	shin,sen,soshiru	0,0,0	0,0,0	KANJIDIC,PYPINYIN,UNIHAN,WORDSHK_CHARS
U+8B58	識	シキ,しる,しるす	shiki,shiru,shirusu	0,0,0	0,0,0	KANJIDIC,PYPINYIN,UNIHAN,WORDSHK_CHARS
U+8B59	譙	ショウ,スイ,しかる	shou,sui,shikaru	0,0,0	0,0,0	KANJIDIC,PYPINYIN,UNIHAN
U+8B5A	譚	タン,はなし	tan,hanashi	0,0	0,0	KANJIDIC,PYPINYIN,UNIHAN,WORDSHK_CHARS
U+8B5B	譛	シン,セン,そしる	shin,sen,soshiru	0,0,0	0,0,0	KANJIDIC,PYPINYIN,UNIHAN
U+8B5C	譜	フ	fu	0	0	KANJIDIC,PYPINYIN,UNIHAN,WORDSHK_CHARS
U+8B5E	譞	ケン,さかしい,ちえ,おおくものいう	ken,sakashii,chie,ookumonoiu	0,0,0,0	0,0,0,0	KANJIDIC,PYPINYIN,UNIHAN
U+8B5F	譟	ソウ,さわぐ	sou,sawagu	0,0	0,0	KANJIDIC,PYPINYIN,UNIHAN
U+8B63	譣	セン,ケン,とう	sen,ken,tou	0,0,0	0,0,0	KANJIDIC,PYPINYIN,UNIHAN
U+8B66	警	ケイ,いましめる	kei,imashimeru	0,0	0,0	KANJIDIC,PYPINYIN,UNIHAN,WORDSHK_CHARS
U+8B6B	譫	トウ,セン,タン,うわごと,たわごと,うるさくしゃべる	tou,sen,tan,uwagoto,tawagoto,urusakushaberu	0,0,0,0,0,0	0,0,0,0,0,0	KANJIDIC,PYPINYIN,UNIHAN
U+8B6C	譬	ヒ,たとえる,たとえ	hi,tatoeru,tatoe	0,0,0	0,0,0	KANJIDIC,PYPINYIN,UNIHAN,WORDSHK_CHARS
U+8B6D	譭	キ	ki	0	0	KANJIDIC,PYPINYIN,UNIHAN,WORDSHK_CHARS
U+8B6F	譯	ヤク,わけ	yaku,wake	0,0	0,0	KANJIDIC,PYPINYIN,UNIHAN,WORDSHK_CHARS
U+8B70	議	ギ	gi	0	0	KANJIDIC,PYPINYIN,UNIHAN,WORDSHK_CHARS
U+8B71	譱	ゼン,よい,いい,よく	zen,yoi,ii,yoku	0,0,0,0	0,0,0,0	KANJIDIC,PYPINYIN,UNIHAN
U+8B72	譲	ジョウ,ゆずる	jou,yuzuru	0,0	0,0	KANJIDIC,PYPINYIN,UNIHAN
U+8B74	譴	ケン,せめる	ken,semeru	0,0	0,0	KANJIDIC,PYPINYIN,UNIHAN,WORDSHK_CHARS
U+8B76	譶	トウ,チュウ,ジュ,はやくち	tou,chuu,ju,hayakuchi	0,0,0,0	0,0,0,0	KANJIDIC,PYPINYIN,UNIHAN
U+8B77	護	ゴ,まもる	go,mamoru	0,0	0,0	KANJIDIC,PYPINYIN,UNIHAN,WORDSHK_CHARS
U+8B78	譸	チュウ,チュ,ジュ,のろう	chuu,chu,ju,norou	0,0,0,0	0,0,0,0	KANJIDIC,PYPINYIN,UNIHAN
U+8B79	譹	コウ,さけぶ,たぶらかす	kou,sakebu,taburakasu	0,0,0	0,0,0	KANJIDIC,PYPINYIN,UNIHAN
U+8B7C	譼	カン	kan	0	0	KANJIDIC,PYPINYIN,UNIHAN
U+8B7D	譽	ヨ,ほまれ,ほめる	yo,homare,homeru	0,0,0	0,0,0	KANJIDIC,PYPINYIN,UNIHAN,WORDSHK_CHARS
U+8B7E	譾	セイ,セン,あさい	sei,sen,asai	0,0,0	0,0,0	KANJIDIC,PYPINYIN,UNIHAN
U+8B80	讀	ドク,トク,トウ,よむ	doku,toku,tou,yomu	0,0,0,0	0,0,0,0	KANJIDIC,PYPINYIN,UNIHAN,WORDSHK_CHARS
U+8B81	讁	タク,チャク,せめる,とがめる	taku,chaku,semeru,togameru	0,0,0,0	0,0,0,0	KANJIDIC,PYPINYIN,UNIHAN
U+8B83	讃	サン,ほめる,たたえる	san,homeru,tataeru	0,0,0	0,0,0	KANJIDIC,PYPINYIN,UNIHAN
U+8B84	讄	ル,イ,いのる	ru,i,inoru	0,0,0	0,0,0	KANJIDIC,PYPINYIN,UNIHAN
U+8B85	讅	シン,つまびらか	shin,tsumabiraka	0,0	0,0	KANJIDIC,PYPINYIN,UNIHAN
U+8B8A	變	ヘン,かわる,かえる	hen,kawaru,kaeru	0,0,0	0,0,0	KANJIDIC,PYPINYIN,UNIHAN,WORDSHK_CHARS
U+8B8B	讋	ショウ,トウ,おそれる	shou,tou,osoreru	0,0,0	0,0,0	KANJIDIC,PYPINYIN,UNIHAN
U+8B8C	讌	エン,うたげ	en,utage	0,0	0,0	KANJIDIC,PYPINYIN,UNIHAN,WORDSHK_CHARS
U+8B8D	讍	ガク,わめく,あご	gaku,wameku,ago	0,0,0	0,0,0	KANJIDIC,PYPINYIN,UNIHAN
U+8B8E	讎	シュウ,あだ,かたき	shuu,ada,kataki	0,0,0	0,0,0	KANJIDIC,PYPINYIN,UNIHAN,WORDSHK_CHARS
U+8B8F	讏	エイ,エ,ねごと	ei,e,negoto	0,0,0	0,0,0	KANJIDIC,PYPINYIN,UNIHAN
U+8B90	讐	シュウ,あだ,むくいる,あたる	shuu,ada,mukuiru,ataru	0,0,0,0	0,0,0,0	KANJIDIC,PYPINYIN,UNIHAN
U+8B92	讒	ザン,サン,そしる	zan,san,soshiru	0,0,0	0,0,0	KANJIDIC,PYPINYIN,UNIHAN,WORDSHK_CHARS
U+8B93	讓	ジョウ,ゆずる	jou,yuzuru	0,0	0,0	KANJIDIC,PYPINYIN,UNIHAN,WORDSHK_CHARS
U+8B94	讔	イン,オン,なぞ	in,on,nazo	0,0,0	0,0,0	KANJIDIC,PYPINYIN,UNIHAN
U+8B95	讕	ラン,そしる	ran,soshiru	0,0	0,0	KANJIDIC,PYPINYIN,UNIHAN,WORDSHK_CHARS
U+8B96	讖	シン	shin	0	0	KANJIDIC,PYPINYIN,UNIHAN,WORDSHK_CHARS
U+8B99	讙	カン,ケン,かまびすしい	kan,ken,kamabisushii	0,0,0	0,0,0	KANJIDIC,PYPINYIN,UNIHAN
U+8B9A	讚	サン,ほめる,たたえる	san,homeru,tataeru	0,0,0	0,0,0	KANJIDIC,PYPINYIN,UNIHAN,WORDSHK_CHARS
U+8B9C	讜	トウ,ただしいことば	tou,tadashiikotoba	0,0	0,0	KANJIDIC,PYPINYIN,UNIHAN
U+8B9E	讞	ゲツ,ゲチ,ゲン,さばく	getsu,gechi,gen,sabaku	0,0,0,0	0,0,0,0	KANJIDIC,PYPINYIN,UNIHAN
U+8B9F	讟	トク,トウ,うらむ	toku,tou,uramu	0,0,0	0,0,0	KANJIDIC,PYPINYIN,UNIHAN
U+8C37	谷	コク,たに,きわまる	koku,tani,kiwamaru	0,0,0	0,0,0	KANJIDIC,PYPINYIN,UNIHAN,WORDSHK_CHARS
U+8C38	谸	セン	sen	0	0	KANJIDIC,PYPINYIN,UNIHAN
U+8C39	谹	コウ,オウ,ふかい	kou,ou,fukai	0,0,0	0,0,0	KANJIDIC,PYPINYIN,UNIHAN
U+8C3A	谺	コ,カ,こだま	ko,ka,kodama	0,0,0	0,0,0	KANJIDIC,PYPINYIN,UNIHAN
U+8C3D	谽	カン,コン,ケン	kan,kon,ken	0,0,0	0,0,0	KANJIDIC,PYPINYIN,UNIHAN
U+8C3E	谾	コウ,ク,ロウ,ル,うつろ	kou,ku,rou,ru,utsuro	0,0,0,0,0	0,0,0,0,0	KANJIDIC,PYPINYIN,UNIHAN
U+8C3F	谿	ケイ,たに,たにがわ	kei,tani,tanigawa	0,0,0	0,0,0	KANJIDIC,PYPINYIN,UNIHAN
U+8C41	豁	カツ,ひらける,ひろい	katsu,hirakeru,hiroi	0,0,0	0,0,0	KANJIDIC,PYPINYIN,UNIHAN,WORDSHK_CHARS
U+8C45	豅	ロウ,ル	rou,ru	0,0	0,0	KANJIDIC,PYPINYIN,UNIHAN
U+8C46	豆	トウ,ズ,まめ	tou,zu,mame	0,0,0	0,0,0	KANJIDIC,PYPINYIN,UNIHAN,WORDSHK_CHARS
U+8C47	豇	コウ,ささげ	kou,sasage	0,0	0,0	KANJIDIC,PYPINYIN,UNIHAN
U+8C48	豈	カイ,ガイ,キ,あに	kai,gai,ki,ani	0,0,0,0	0,0,0,0	KANJIDIC,PYPINYIN,UNIHAN,WORDSHK_CHARS
U+8C49	豉	シ,みそ	shi,miso	0,0	0,0	KANJIDIC,PYPINYIN,UNIHAN,WORDSHK_CHARS
U+8C4A	豊	ホウ,ブ,ゆたか,とよ	hou,bu,yutaka,toyo	0,0,0,0	0,0,0,0	KANJIDIC,PYPINYIN,UNIHAN
U+8C4B	豋	トウ,たかつき	tou,takatsuki	0,0	0,0	KANJIDIC,PYPINYIN,UNIHAN
U+8C4C	豌	エン,ワン	en,wan	0,0	0,0	KANJIDIC,PYPINYIN,UNIHAN
U+8C4E	豎	ジュ,たて,たてる,こども	ju,tate,tateru,kodomo	0,0,0,0	0,0,0,0	KANJIDIC,PYPINYIN,UNIHAN,WORDSHK_CHARS
U+8C4F	豏	カン,ゲン,めばえる	kan,gen,mebaeru	0,0,0	0,0,0	KANJIDIC,PYPINYIN,UNIHAN
U+8C50	豐	ホウ,ブ,ゆたか,とよ	hou,bu,yutaka,toyo	0,0,0,0	0,0,0,0	KANJIDIC,PYPINYIN,UNIHAN,WORDSHK_CHARS
U+8C51	豑	チツ,ジュチ	chitsu,juchi	0,0	0,0	KANJIDIC,PYPINYIN,UNIHAN
U+8C53	豓	エン,つや,なまめかしい,あでやか,つやめく,なまめく	en,tsuya,namamekashii,adeyaka,tsuyameku,namameku	0,0,0,0,0,0	0,0,0,0,0,0	KANJIDIC,PYPINYIN,UNIHAN
U+8C54	豔	エン,つや,なまめかしい,あでやか,つやめく,なまめく	en,tsuya,namamekashii,adeyaka,tsuyameku,namameku	0,0,0,0,0,0	0,0,0,0,0,0	KANJIDIC,PYPINYIN,UNIHAN,WORDSHK_CHARS
U+8C55	豕	シ	shi	0	0	KANJIDIC,PYPINYIN,UNIHAN
U+8C57	豗	カ,うつ	ka,utsu	0,0	0,0	KANJIDIC,PYPINYIN,UNIHAN
U+8C58	豘	トン,ぶた	ton,buta	0,0	0,0	KANJIDIC,PYPINYIN,UNIHAN
U+8C59	豙	ギ,そこなう	gi,sokonau	0,0	0,0	KANJIDIC,PYPINYIN,UNIHAN
U+8C5A	豚	トン,ぶた	ton,buta	0,0	0,0	KANJIDIC,PYPINYIN,UNIHAN,WORDSHK_CHARS
U+8C5B	豛	エキ,ヤク,いのこ	eki,yaku,inoko	0,0,0	0,0,0	KANJIDIC,PYPINYIN,UNIHAN
U+8C5D	豝	ハ,ヘ	ha,he	0,0	0,0	KANJIDIC,PYPINYIN,UNIHAN
U+8C61	象	ショウ,ゾウ,かたどる	shou,zou,katadoru	0,0,0	0,0,0	KANJIDIC,PYPINYIN,UNIHAN,WORDSHK_CHARS
U+8C62	豢	ケン,カン,やしなう	ken,kan,yashinau	0,0,0	0,0,0	KANJIDIC,PYPINYIN,UNIHAN
U+8C63	豣	ケン,いのこ	ken,inoko	0,0	0,0	KANJIDIC,PYPINYIN,UNIHAN
U+8C64	豤	コン,ケン,かむ	kon,ken,kamu	0,0,0	0,0,0	KANJIDIC,PYPINYIN,UNIHAN
U+8C66	豦	キョ,ゴ,やめない	kyo,go,yamenai	0,0,0	0,0,0	KANJIDIC,PYPINYIN,UNIHAN
U+8C68	豨	キ,ケ	ki,ke	0,0	0,0	KANJIDIC,PYPINYIN,UNIHAN
U+8C69	豩	ヒン,カン,ケン	hin,kan,ken	0,0,0	0,0,0	KANJIDIC,PYPINYIN,UNIHAN
U+8C6A	豪	ゴウ,えらい	gou,erai	0,0	0,0	KANJIDIC,PYPINYIN,UNIHAN,WORDSHK_CHARS
U+8C6B	豫	ヨ,シャ,あらかじめ	yo,sha,arakajime	0,0,0	0,0,0	KANJIDIC,PYPINYIN,UNIHAN,WORDSHK_CHARS
U+8C6C	豬	チョ,い,いのしし	cho,i,inoshishi	0,0,0	0,0,0	KANJIDIC,PYPINYIN,UNIHAN,WORDSHK_CHARS
U+8C6D	豭	カ,ケ,おすのいのこ	ka,ke,osunoinoko	0,0,0	0,0,0	KANJIDIC,PYPINYIN,UNIHAN
U+8C73	豳	ヒン,ハン,ヘン	hin,han,hen	0,0,0	0,0,0	KANJIDIC,PYPINYIN,UNIHAN
U+8C75	豵	ソウ,ス,ショウ,シュ,いのこ	sou,su,shou,shu,inoko	0,0,0,0,0	0,0,0,0,0	KANJIDIC,PYPINYIN,UNIHAN
U+8C76	豶	フン	fun	0	0	KANJIDIC,PYPINYIN,UNIHAN
U+8C78	豸	タイ,チ	tai,chi	0,0	0,0	KANJIDIC,PYPINYIN,UNIHAN
U+8C79	豹	ヒョウ,ホウ	hyou,hou	0,0	0,0	KANJIDIC,PYPINYIN,UNIHAN,WORDSHK_CHARS
U+8C7A	豺	サイ,やまいぬ	sai,yamainu	0,0	0,0	KANJIDIC,PYPINYIN,UNIHAN,WORDSHK_CHARS
U+8C7B	豻	カン	kan	0	0	KANJIDIC,PYPINYIN,UNIHAN
U+8C7C	豼	ヒ	hi	0	0	KANJIDIC,PYPINYIN,UNIHAN
U+8C7E	豾	ヒ,こだぬき	hi,kodanuki	0,0	0,0	KANJIDIC,PYPINYIN,UNIHAN
U+8C82	貂	チョウ,てん	chou,ten	0,0	0,0	KANJIDIC,PYPINYIN,UNIHAN,WORDSHK_CHARS
U+8C85	貅	キュウ	kyuu	0	0	KANJIDIC,PYPINYIN,UNIHAN,WORDSHK_CHARS
U+8C86	貆	カン,ケン,むじな	kan,ken,mujina	0,0,0	0,0,0	KANJIDIC,PYPINYIN,UNIHAN
U+8C87	貇	コン,ケン,かむ	kon,ken,kamu	0,0,0	0,0,0	KANJIDIC,PYPINYIN,UNIHAN
U+8C89	貉	カク,ハク,むじな	kaku,haku,mujina	0,0,0	0,0,0	KANJIDIC,PYPINYIN,UNIHAN,WORDSHK_CHARS
U+8C8A	貊	ハク,ミャク,えびす	haku,myaku,ebisu	0,0,0	0,0,0	KANJIDIC,PYPINYIN,UNIHAN
U+8C8B	貋	カン	kan	0	0	KANJIDIC,PYPINYIN,UNIHAN
U+8C8C	貌	ボウ,バク,かたち,かたどる	bou,baku,katachi,katadoru	0,0,0,0	0,0,0,0	KANJIDIC,PYPINYIN,UNIHAN,WORDSHK_CHARS
U+8C8D	貍	リ,ライ,たぬき	ri,rai,tanuki	0,0,0	0,0,0	KANJIDIC,PYPINYIN,UNIHAN
U+8C8E	貎	ゲイ	gei	0	0	KANJIDIC,PYPINYIN,UNIHAN
U+8C90	貐	ユ,イ,けもの	yu,i,kemono	0,0,0	0,0,0	KANJIDIC,PYPINYIN,UNIHAN
U+8C92	貒	タン,まみ	tan,mami	0,0	0,0	KANJIDIC,PYPINYIN,UNIHAN
U+8C93	貓	ビョウ,ねこ	byou,neko	0,0	0,0	KANJIDIC,PYPINYIN,UNIHAN,WORDSHK_CHARS
U+8C94	貔	ヒ	hi	0	0	KANJIDIC,PYPINYIN,UNIHAN,WORDSHK_CHARS
U+8C98	貘	バク,ミャク	baku,myaku	0,0	0,0	KANJIDIC,PYPINYIN,UNIHAN
U+8C99	貙	チュ,チョ,けもの	chu,cho,kemono	0,0,0	0,0,0	KANJIDIC,PYPINYIN,UNIHAN
U+8C9B	貛	カン,ケン,まみだぬき	kan,ken,mamidanuki	0,0,0	0,0,0	KANJIDIC,PYPINYIN,UNIHAN
U+8C9C	貜	キャク,カク,ケキ,ク,ワク,おおざる	kyaku,kaku,keki,ku,waku,oozaru	0,0,0,0,0,0	0,0,0,0,0,0	KANJIDIC,PYPINYIN,UNIHAN
U+8C9D	貝	バイ,かい	bai,kai	0,0	0,0	KANJIDIC,PYPINYIN,UNIHAN,WORDSHK_CHARS
U+8C9E	貞	テイ,ジョウ,ただしい,さだ	tei,jou,tadashii,sada	0,0,0,0	0,0,0,0	KANJIDIC,PYPINYIN,UNIHAN,WORDSHK_CHARS
U+8CA0	負	フ,まける,まかす,おう	fu,makeru,makasu,ou	0,0,0,0	0,0,0,0	KANJIDIC,PYPINYIN,UNIHAN,WORDSHK_CHARS
U+8CA1	財	ザイ,サイ,ゾク,たから	zai,sai,zoku,takara	0,0,0,0	0,0,0,0	KANJIDIC,PYPINYIN,UNIHAN,WORDSHK_CHARS
U+8CA2	貢	コウ,ク,みつぐ	kou,ku,mitsugu	0,0,0	0,0,0	KANJIDIC,PYPINYIN,UNIHAN,WORDSHK_CHARS
U+8CA4	貤	イ,シ,かさねる	i,shi,kasaneru	0,0,0	0,0,0	KANJIDIC,PYPINYIN,UNIHAN
U+8CA7	貧	ヒン,ビン,まずしい	hin,bin,mazushii	0,0,0	0,0,0	KANJIDIC,PYPINYIN,UNIHAN,WORDSHK_CHARS
U+8CA8	貨	カ,たから	ka,takara	0,0	0,0	KANJIDIC,PYPINYIN,UNIHAN,WORDSHK_CHARS
U+8CA9	販	ハン	han	0	0	KANJIDIC,PYPINYIN,UNIHAN,WORDSHK_CHARS
U+8CAA	貪	タン,ドン,トン,むさぼる	tan,don,ton,musaboru	0,0,0,0	0,0,0,0	KANJIDIC,PYPINYIN,UNIHAN,WORDSHK_CHARS
U+8CAB	貫	カン,つらぬく,ぬく,ぬき	kan,tsuranuku,nuku,nuki	0,0,0,0	0,0,0,0	KANJIDIC,PYPINYIN,UNIHAN,WORDSHK_CHARS
U+8CAC	責	セキ,せめる	seki,semeru	0,0	0,0	KANJIDIC,PYPINYIN,UNIHAN,WORDSHK_CHARS
U+8CAD	貭	シツ,シチ,チ,たち,ただす,もと,わりふ	shitsu,shichi,chi,tachi,tadasu,moto,warifu	0,0,0,0,0,0,0	0,0,0,0,0,0,0	KANJIDIC,PYPINYIN,UNIHAN
U+8CAE	貮	ニ,ジ,ふたつ,そえ	ni,ji,futatsu,soe	0,0,0,0	0,0,0,0	KANJIDIC,PYPINYIN,UNIHAN
U+8CAF	貯	チョ,ためる,たくわえる	cho,tameru,takuwaeru	0,0,0	0,0,0	KANJIDIC,PYPINYIN,UNIHAN,WORDSHK_CHARS
U+8CB0	貰	セイ,シャ,もらう	sei,sha,morau	0,0,0	0,0,0	KANJIDIC,PYPINYIN,UNIHAN
U+8CB2	貲	シ,たから	shi,takara	0,0	0,0	KANJIDIC,PYPINYIN,UNIHAN
U+8CB3	貳	ニ,ジ,ふたつ,そえ	ni,ji,futatsu,soe	0,0,0,0	0,0,0,0	KANJIDIC,PYPINYIN,UNIHAN,WORDSHK_CHARS
U+8CB4	貴	キ,たっとい,とうとい,たっとぶ,とうとぶ	ki,tattoi,toutoi,tattobu,toutobu	0,0,0,0,0	0,0,0,0,0	KANJIDIC,PYPINYIN,UNIHAN,WORDSHK_CHARS
U+8CB6	貶	ヘン,けなす,おとしめる,おとす	hen,kenasu,otoshimeru,otosu	0,0,0,0	0,0,0,0	KANJIDIC,PYPINYIN,UNIHAN,WORDSHK_CHARS
U+8CB7	買	バイ,かう	bai,kau	0,0	0,0	KANJIDIC,PYPINYIN,UNIHAN,WORDSHK_CHARS
U+8CB8	貸	タイ,かす,かし	tai,kasu,kashi	0,0,0	0,0,0	KANJIDIC,PYPINYIN,UNIHAN,WORDSHK_CHARS
U+8CB9	貹	セイ,ショウ,たから	sei,shou,takara	0,0,0	0,0,0	KANJIDIC,PYPINYIN,UNIHAN
U+8CBA	貺	キョウ,コウ,たまう	kyou,kou,tamau	0,0,0	0,0,0	KANJIDIC,PYPINYIN,UNIHAN
U+8CBB	費	ヒ,ついやす,ついえる	hi,tsuiyasu,tsuieru	0,0,0	0,0,0	KANJIDIC,PYPINYIN,UNIHAN,WORDSHK_CHARS
U+8CBC	貼	テン,チョウ,はる,つく	ten,chou,haru,tsuku	0,0,0,0	0,0,0,0	KANJIDIC,PYPINYIN,UNIHAN,WORDSHK_CHARS
U+8CBD	貽	イ,おくる	i,okuru	0,0	0,0	KANJIDIC,PYPINYIN,UNIHAN,WORDSHK_CHARS
U+8CBF	貿	ボウ	bou	0	0	KANJIDIC,PYPINYIN,UNIHAN,WORDSHK_CHARS
U+8CC0	賀	ガ	ga	0	0	KANJIDIC,PYPINYIN,UNIHAN,WORDSHK_CHARS
U+8CC1	賁	フン,ヒ,ホン	fun,hi,hon	0,0,0	0,0,0	KANJIDIC,PYPINYIN,UNIHAN
U+8CC2	賂	ロ,まいない,まいなう	ro,mainai,mainau	0,0,0	0,0,0	KANJIDIC,PYPINYIN,UNIHAN,WORDSHK_CHARS
U+8CC3	賃	チン	chin	0	0	KANJIDIC,PYPINYIN,UNIHAN,WORDSHK_CHARS
U+8CC4	賄	ワイ,まかなう	wai,makanau	0,0	0,0	KANJIDIC,PYPINYIN,UNIHAN,WORDSHK_CHARS
U+8CC5	賅	カイ,たりる	kai,tariru	0,0	0,0	KANJIDIC,PYPINYIN,UNIHAN,WORDSHK_CHARS
U+8CC6	賆	ヘン,ヘイ,ヒョウ,ます	hen,hei,hyou,masu	0,0,0,0	0,0,0,0	KANJIDIC,PYPINYIN,UNIHAN
U+8CC7	資	シ	shi	0	0	KANJIDIC,PYPINYIN,UNIHAN,WORDSHK_CHARS
U+8CC8	賈	コ,カ,あきない,あきなう,うる,かう	ko,ka,akinai,akinau,uru,kau	0,0,0,0,0,0	0,0,0,0,0,0	KANJIDIC,PYPINYIN,UNIHAN,WORDSHK_CHARS
U+8CC9	賉	シュツ,シュチ,ソツ,ソチ,うれえる	shutsu,shuchi,sotsu,sochi,ureeru	0,0,0,0,0	0,0,0,0,0	KANJIDIC,PYPINYIN,UNIHAN
U+8CCA	賊	ゾク	zoku	0	0	KANJIDIC,PYPINYIN,UNIHAN,WORDSHK_CHARS
U+8CCB	賋	コウ,あきらか	kou,akiraka	0,0	0,0	KANJIDIC,PYPINYIN,UNIHAN
U+8CCD	賍	ソウ	sou	0	0	KANJIDIC,PYPINYIN,UNIHAN
U+8CCE	賎	セン,ゼン,いやしい,いやしむ,いやしめる,しず,やすい	sen,zen,iyashii,iyashimu,iyashimeru,shizu,yasui	0,0,0,0,0,0,0	0,0,0,0,0,0,0	KANJIDIC,PYPINYIN,UNIHAN
U+8CCF	賏	エイ,ヨウ,オウ,くびかざり	ei,you,ou,kubikazari	0,0,0,0	0,0,0,0	KANJIDIC,PYPINYIN,UNIHAN
U+8CD1	賑	シン,にぎわい,にぎやか,にぎわす,にぎわう	shin,nigiwai,nigiyaka,nigiwasu,nigiwau	0,0,0,0,0	0,0,0,0,0	KANJIDIC,PYPINYIN,UNIHAN,WORDSHK_CHARS
U+8CD3	賓	ヒン,まろうど,したがう	hin,maroudo,shitagau	0,0,0	0,0,0	KANJIDIC,PYPINYIN,UNIHAN,WORDSHK_CHARS
U+8CD5	賕	キュウ,ク,まいない	kyuu,ku,mainai	0,0,0	0,0,0	KANJIDIC,PYPINYIN,UNIHAN
U+8CD6	賖	シャ,とおい,はるか,ゆるやか,おごる,おごり	sha,tooi,haruka,yuruyaka,ogoru,ogori	0,0,0,0,0,0	0,0,0,0,0,0	KANJIDIC,PYPINYIN,UNIHAN
U+8CD9	賙	シュウ,シュ,あたえる	shuu,shu,ataeru	0,0,0	0,0,0	KANJIDIC,PYPINYIN,UNIHAN
U+8CDA	賚	ライ,たまう,たまもの	rai,tamau,tamamono	0,0,0	0,0,0	KANJIDIC,PYPINYIN,UNIHAN
U+8CDB	賛	サン,たすける,たたえる	san,tasukeru,tataeru	0,0,0	0,0,0	KANJIDIC,PYPINYIN,UNIHAN
U+8CDC	賜	シ,たまわる,たまう,たもう	shi,tamawaru,tamau,tamou	0,0,0,0	0,0,0,0	KANJIDIC,PYPINYIN,UNIHAN,WORDSHK_CHARS
U+8CDD	賝	チン,たから	chin,takara	0,0	0,0	KANJIDIC,PYPINYIN,UNIHAN
U+8CDE	賞	ショウ,ほめる	shou,homeru	0,0	0,0	KANJIDIC,PYPINYIN,UNIHAN,WORDSHK_CHARS
U+8CE0	賠	バイ	bai	0	0	KANJIDIC,PYPINYIN,UNIHAN,WORDSHK_CHARS
U+8CE1	賡	ゾク,ショク,コウ,キョウ,つづく,つづける,つぐなう	zoku,shoku,kou,kyou,tsuzuku,tsuzukeru,tsugunau	0,0,0,0,0,0,0	0,0,0,0,0,0,0	KANJIDIC,PYPINYIN,UNIHAN
U+8CE2	賢	ケン,かしこい	ken,kashikoi	0,0	0,0	KANJIDIC,PYPINYIN,UNIHAN,WORDSHK_CHARS
U+8CE3	賣	バイ,うる,うれる	bai,uru,ureru	0,0,0	0,0,0	KANJIDIC,PYPINYIN,UNIHAN,WORDSHK_CHARS
U+8CE4	賤	セン,ゼン,いやしい,いやしむ,しず,やすい	sen,zen,iyashii,iyashimu,shizu,yasui	0,0,0,0,0,0	0,0,0,0,0,0	KANJIDIC,PYPINYIN,UNIHAN,WORDSHK_CHARS
U+8CE6	賦	フ,ブ	fu,bu	0,0	0,0	KANJIDIC,PYPINYIN,UNIHAN,WORDSHK_CHARS
U+8CE8	賨	ソウ,ズ,みつぐ	sou,zu,mitsugu	0,0,0	0,0,0	KANJIDIC,PYPINYIN,UNIHAN
U+8CEA	質	シツ,シチ,チ,たち,ただす,もと,わりふ	shitsu,shichi,chi,tachi,tadasu,moto,warifu	0,0,0,0,0,0,0	0,0,0,0,0,0,0	KANJIDIC,PYPINYIN,UNIHAN,WORDSHK_CHARS
U+8CEC	賬	チョウ,とばり	chou,tobari	0,0	0,0	KANJIDIC,PYPINYIN,UNIHAN,WORDSHK_CHARS
U+8CED	賭	ト,かける,かけ	to,kakeru,kake	0,0,0	0,0,0	KANJIDIC,PYPINYIN,UNIHAN,WORDSHK_CHARS
U+8CEF	賯	ケイ,たから	kei,takara	0,0	0,0	KANJIDIC,PYPINYIN,UNIHAN
U+8CF0	賰	シュン,チュン,あつい,うごめく,とむ	shun,chun,atsui,ugomeku,tomu	0,0,0,0,0	0,0,0,0,0	KANJIDIC,PYPINYIN,UNIHAN
U+8CF2	賲	ホウ,たもつ,こめぐら	hou,tamotsu,komegura	0,0,0	0,0,0	KANJIDIC,PYPINYIN,UNIHAN
U+8CF4	賴	ライ,たのむ,たよる,たより	rai,tanomu,tayoru,tayori	0,0,0,0	0,0,0,0	KANJIDIC,PYPINYIN,UNIHAN,WORDSHK_CHARS
U+8CF5	賵	フウ,フ,ボウ,おくる	fuu,fu,bou,okuru	0,0,0,0	0,0,0,0	KANJIDIC,PYPINYIN,UNIHAN
U+8CF7	賷	セイ,サイ,シ,もたらす	sei,sai,shi,motarasu	0,0,0,0	0,0,0,0	KANJIDIC,PYPINYIN,UNIHAN
U+8CF8	賸	ヨウ,ショウ,ます	you,shou,masu	0,0,0	0,0,0	KANJIDIC,PYPINYIN,UNIHAN,WORDSHK_CHARS
U+8CFA	賺	タン,レン,すかす	tan,ren,sukasu	0,0,0	0,0,0	KANJIDIC,PYPINYIN,UNIHAN,WORDSHK_CHARS
U+8CFB	賻	フ	fu	0	0	KANJIDIC,PYPINYIN,UNIHAN
U+8CFC	購	コウ	kou	0	0	KANJIDIC,PYPINYIN,UNIHAN,WORDSHK_CHARS
U+8CFD	賽	サイ	sai	0	0	KANJIDIC,PYPINYIN,UNIHAN,WORDSHK_CHARS
U+8CFE	賾	サク,ジャク,おくぶかい	saku,jaku,okubukai	0,0,0	0,0,0	KANJIDIC,PYPINYIN,UNIHAN
U+8CFF	賿	ロウ,リョウ,ぜに	rou,ryou,zeni	0,0,0	0,0,0	KANJIDIC,PYPINYIN,UNIHAN
U+8D01	贁	ハイ,やぶれる	hai,yabureru	0,0	0,0	KANJIDIC,PYPINYIN,UNIHAN
U+8D03	贃	ワン,すかす	wan,sukasu	0,0	0,0	KANJIDIC,PYPINYIN,UNIHAN
U+8D04	贄	シ,にえ	shi,nie	0,0	0,0	KANJIDIC,PYPINYIN,UNIHAN
U+8D05	贅	ゼイ,セイ,いぼ	zei,sei,ibo	0,0,0	0,0,0	KANJIDIC,PYPINYIN,UNIHAN,WORDSHK_CHARS
U+8D07	贇	イン	in	0	0	KANJIDIC,PYPINYIN,UNIHAN
U+8D08	贈	ゾウ,ソウ,おくる	zou,sou,okuru	0,0,0	0,0,0	KANJIDIC,PYPINYIN,UNIHAN,WORDSHK_CHARS
U+8D09	贉	タン,ドン,てつけ	tan,don,tetsuke	0,0,0	0,0,0	KANJIDIC,PYPINYIN,UNIHAN
U+8D0A	贊	サン,たすける,たたえる	san,tasukeru,tataeru	0,0,0	0,0,0	KANJIDIC,PYPINYIN,UNIHAN,WORDSHK_CHARS
U+8D0B	贋	ガン,にせ	gan,nise	0,0	0,0	KANJIDIC,PYPINYIN,UNIHAN,WORDSHK_CHARS
U+8D0D	贍	セン,すくう	sen,sukuu	0,0	0,0	KANJIDIC,PYPINYIN,UNIHAN,WORDSHK_CHARS
U+8D0F	贏	エイ,あまり	ei,amari	0,0	0,0	KANJIDIC,PYPINYIN,UNIHAN,WORDSHK_CHARS
U+8D10	贐	シン,はなむけ	shin,hanamuke	0,0	0,0	KANJIDIC,PYPINYIN,UNIHAN
U+8D12	贒	ケン,かしこい	ken,kashikoi	0,0	0,0	KANJIDIC,PYPINYIN,UNIHAN
U+8D13	贓	ソウ	sou	0	0	KANJIDIC,PYPINYIN,UNIHAN,WORDSHK_CHARS
U+8D14	贔	ヒ	hi	0	0	KANJIDIC,PYPINYIN,UNIHAN
U+8D16	贖	ショク,あがなう	shoku,aganau	0,0	0,0	KANJIDIC,PYPINYIN,UNIHAN,WORDSHK_CHARS
U+8D17	贗	ケン,ガン,ゲン,ただしくない,にせ,にせもの	ken,gan,gen,tadashikunai,nise,nisemono	0,0,0,0,0,0	0,0,0,0,0,0	KANJIDIC,PYPINYIN,UNIHAN,WORDSHK_CHARS
U+8D1B	贛	コウ,ク,カン,コン,たまう	kou,ku,kan,kon,tamau	0,0,0,0,0	0,0,0,0,0	KANJIDIC,PYPINYIN,UNIHAN,WORDSHK_CHARS
U+8D64	赤	セキ,シャク,あか,あかい,あからむ,あからめる	seki,shaku,aka,akai,akaramu,akarameru	0,0,0,0,0,0	0,0,0,0,0,0	KANJIDIC,PYPINYIN,UNIHAN,WORDSHK_CHARS
U+8D65	赥	ケキ,キャク,コキ,あか,あかい	keki,kyaku,koki,aka,akai	0,0,0,0,0	0,0,0,0,0	KANJIDIC,PYPINYIN,UNIHAN
U+8D66	赦	シャ,ゆるす	sha,yurusu	0,0	0,0	KANJIDIC,PYPINYIN,UNIHAN,WORDSHK_CHARS
U+8D67	赧	タン,あからめる	tan,akarameru	0,0	0,0	KANJIDIC,PYPINYIN,UNIHAN,WORDSHK_CHARS
U+8D69	赩	キョク,コク,カク,キャク,あか	kyoku,koku,kaku,kyaku,aka	0,0,0,0,0	0,0,0,0,0	KANJIDIC,PYPINYIN,UNIHAN
U+8D6B	赫	カク,あかい,あか,かがやく	kaku,akai,aka,kagayaku	0,0,0,0	0,0,0,0	KANJIDIC,PYPINYIN,UNIHAN,WORDSHK_CHARS
U+8D6C	赬	テイ,チョウ,あか	tei,chou,aka	0,0,0	0,0,0	KANJIDIC,PYPINYIN,UNIHAN
U+8D6D	赭	シャ,あかつち	sha,akatsuchi	0,0	0,0	KANJIDIC,PYPINYIN,UNIHAN
U+8D6E	赮	カ,ゲ,あか	ka,ge,aka	0,0,0	0,0,0	KANJIDIC,PYPINYIN,UNIHAN
U+8D70	走	ソウ,はしる	sou,hashiru	0,0	0,0	KANJIDIC,PYPINYIN,UNIHAN,WORDSHK_CHARS
U+8D71	赱	ソウ,はしる	sou,hashiru	0,0	0,0	KANJIDIC,PYPINYIN,UNIHAN
U+8D73	赳	キュウ	kyuu	0	0	KANJIDIC,PYPINYIN,UNIHAN,WORDSHK_CHARS
U+8D74	赴	フ,おもむく	fu,omomuku	0,0	0,0	KANJIDIC,PYPINYIN,UNIHAN,WORDSHK_CHARS
U+8D77	起	キ,おきる,おこる,おこす,たつ	ki,okiru,okoru,okosu,tatsu	0,0,0,0,0	0,0,0,0,0	KANJIDIC,PYPINYIN,UNIHAN,WORDSHK_CHARS
U+8D7F	赿	チ,テイ	chi,tei	0,0	0,0	KANJIDIC,PYPINYIN,UNIHAN
U+8D81	趁	チン,おう	chin,ou	0,0	0,0	KANJIDIC,PYPINYIN,UNIHAN,WORDSHK_CHARS
U+8D82	趂	チン	chin	0	0	KANJIDIC,PYPINYIN,UNIHAN
U+8D84	趄	ショ	sho	0	0	KANJIDIC,PYPINYIN,UNIHAN
U+8D85	超	チョウ,こえる,こす	chou,koeru,kosu	0,0,0	0,0,0	KANJIDIC,PYPINYIN,UNIHAN,WORDSHK_CHARS
U+8D88	趈	タン,ケン	tan,ken	0,0	0,0	KANJIDIC,PYPINYIN,UNIHAN
U+8D8A	越	エツ,オツ,こす,ごし,こえる,ごえ	etsu,otsu,kosu,goshi,koeru,goe	0,0,0,0,0,0	0,0,0,0,0,0	KANJIDIC,PYPINYIN,UNIHAN,WORDSHK_CHARS
U+8D8D	趍	チ,ジ,シュ,ス,ひさしい	chi,ji,shu,su,hisashii	0,0,0,0,0	0,0,0,0,0	KANJIDIC,PYPINYIN,UNIHAN
U+8D90	趐	ケツ,ケチ,すすむ	ketsu,kechi,susumu	0,0,0	0,0,0	KANJIDIC,PYPINYIN,UNIHAN
U+8D91	趑	シ,ゆきなやむ	shi,yukinayamu	0,0	0,0	KANJIDIC,PYPINYIN,UNIHAN,WORDSHK_CHARS
U+8D95	趕	カン,おう	kan,ou	0,0	0,0	KANJIDIC,PYPINYIN,UNIHAN,WORDSHK_CHARS
U+8D99	趙	チョウ,ジョウ,キョウ	chou,jou,kyou	0,0,0	0,0,0	KANJIDIC,PYPINYIN,UNIHAN,WORDSHK_CHARS
U+8D9E	趞	シャク,サク,セキ,ふむ	shaku,saku,seki,fumu	0,0,0,0	0,0,0,0	KANJIDIC,PYPINYIN,UNIHAN
U+8D9F	趟	トウ,チョウ,ジョウ,おどる	tou,chou,jou,odoru	0,0,0,0	0,0,0,0	KANJIDIC,PYPINYIN,UNIHAN,WORDSHK_CHARS
U+8DA0	趠	タク,チョウ,とおい	taku,chou,tooi	0,0,0	0,0,0	KANJIDIC,PYPINYIN,UNIHAN
U+8DA3	趣	シュ,おもむき,おもむく	shu,omomuki,omomuku	0,0,0	0,0,0	KANJIDIC,PYPINYIN,UNIHAN,WORDSHK_CHARS
U+8DA6	趦	シ,ゆきなやむ	shi,yukinayamu	0,0	0,0	KANJIDIC,PYPINYIN,UNIHAN
U+8DA8	趨	スウ,ソク,しゅ,おもむく,はしる	suu,soku,shu,omomuku,hashiru	0,0,0,0,0	0,0,0,0,0	KANJIDIC,PYPINYIN,UNIHAN,WORDSHK_CHARS
U+8DAB	趫	キョウ,チョウ,すばやい	kyou,chou,subayai	0,0,0	0,0,0	KANJIDIC,PYPINYIN,UNIHAN
U+8DAC	趬	キョウ,みがるい	kyou,migarui	0,0	0,0	KANJIDIC,PYPINYIN,UNIHAN
U+8DAF	趯	カン,ヤク,さけぶ	kan,yaku,sakebu	0,0,0	0,0,0	KANJIDIC,PYPINYIN,UNIHAN,WORDSHK_CHARS
U+8DB2	趲	サン,ソ,ちる	san,so,chiru	0,0,0	0,0,0	KANJIDIC,PYPINYIN,UNIHAN,WORDSHK_CHARS
U+8DB3	足	ソク,あし,たりる,たる,たす	soku,ashi,tariru,taru,tasu	0,0,0,0,0	0,0,0,0,0	KANJIDIC,PYPINYIN,UNIHAN,WORDSHK_CHARS
U+8DB5	趵	ハク,ホウ,ヒョウ,サク,シャク,うつ	haku,hou,hyou,saku,shaku,utsu	0,0,0,0,0,0	0,0,0,0,0,0	KANJIDIC,PYPINYIN,UNIHAN
U+8DB7	趷	ゲ,コツ	ge,kotsu	0,0	0,0	KANJIDIC,PYPINYIN,UNIHAN,WORDSHK_CHARS
U+8DB9	趹	ケツ,ケチ,ケイ,ケ,はしる	ketsu,kechi,kei,ke,hashiru	0,0,0,0,0	0,0,0,0,0	KANJIDIC,PYPINYIN,UNIHAN
U+8DBA	趺	シ,フ,あし	shi,fu,ashi	0,0,0	0,0,0	KANJIDIC,PYPINYIN,UNIHAN
U+8DBB	趻	チン,シン,タン,テン,ふらふらする	chin,shin,tan,ten,furafurasuru	0,0,0,0,0	0,0,0,0,0	KANJIDIC,PYPINYIN,UNIHAN,WORDSHK_CHARS
U+8DBC	趼	ケン,つまだつ	ken,tsumadatsu	0,0	0,0	KANJIDIC,PYPINYIN,UNIHAN
U+8DBE	趾	シ,あと,はやい	shi,ato,hayai	0,0,0	0,0,0	KANJIDIC,PYPINYIN,UNIHAN,WORDSHK_CHARS
U+8DC0	跀	ゲツ,グワチ,ゴツ,ゴチ,あしきる,ゆがむ,いびつ	getsu,guwachi,gotsu,gochi,ashikiru,yugamu,ibitsu	0,0,0,0,0,0,0	0,0,0,0,0,0,0	KANJIDIC,PYPINYIN,UNIHAN
U+8DC2	跂	キ,つまだつ,むつゆび	ki,tsumadatsu,mutsuyubi	0,0,0	0,0,0	KANJIDIC,PYPINYIN,UNIHAN
U+8DC5	跅	タク,セキ,シャク,ゆるむ	taku,seki,shaku,yurumu	0,0,0,0	0,0,0,0	KANJIDIC,PYPINYIN,UNIHAN
U+8DC6	跆	タイ,ふむ	tai,fumu	0,0	0,0	KANJIDIC,PYPINYIN,UNIHAN,WORDSHK_CHARS
U+8DC7	跇	エイ,テイ,セイ,こえる	ei,tei,sei,koeru	0,0,0,0	0,0,0,0	KANJIDIC,PYPINYIN,UNIHAN
U+8DC8	跈	デン,ネン,セン,ふむ	den,nen,sen,fumu	0,0,0,0	0,0,0,0	KANJIDIC,PYPINYIN,UNIHAN
U+8DCA	跊	バイ,マイ,メ,ふむ	bai,mai,me,fumu	0,0,0,0	0,0,0,0	KANJIDIC,PYPINYIN,UNIHAN
U+8DCB	跋	ハツ,バツ,おくがき,ふむ	hatsu,batsu,okugaki,fumu	0,0,0,0	0,0,0,0	KANJIDIC,PYPINYIN,UNIHAN,WORDSHK_CHARS
U+8DCC	跌	テツ,あやまつ,つまずく	tetsu,ayamatsu,tsumazuku	0,0,0	0,0,0	KANJIDIC,PYPINYIN,UNIHAN,WORDSHK_CHARS
U+8DCE	跎	タ,つまずく	ta,tsumazuku	0,0	0,0	KANJIDIC,PYPINYIN,UNIHAN,WORDSHK_CHARS
U+8DCF	跏	カ	ka	0	0	KANJIDIC,PYPINYIN,UNIHAN
U+8DD1	跑	ホウ,ビョウ,ハク,だく,あがく	hou,byou,haku,daku,agaku	0,0,0,0,0	0,0,0,0,0	KANJIDIC,PYPINYIN,UNIHAN,WORDSHK_CHARS
U+8DD4	跔	ク,かがむ	ku,kagamu	0,0	0,0	KANJIDIC,PYPINYIN,UNIHAN,WORDSHK_CHARS
U+8DD5	跕	チョウ,ふむ	chou,fumu	0,0	0,0	KANJIDIC,PYPINYIN,UNIHAN
U+8DD6	跖	セキ,あしのうら	seki,ashinoura	0,0	0,0	KANJIDIC,PYPINYIN,UNIHAN
U+8DD7	跗	フ,あしのこう	fu,ashinokou	0,0	0,0	KANJIDIC,PYPINYIN,UNIHAN
U+8DD9	跙	ショ,シャ,ソ,ゆきなやむ	sho,sha,so,yukinayamu	0,0,0,0	0,0,0,0	KANJIDIC,PYPINYIN,UNIHAN
U+8DDA	跚	サン	san	0	0	KANJIDIC,PYPINYIN,UNIHAN,WORDSHK_CHARS
U+8DDB	跛	ハ,ヒ,びっこ,ちんば	ha,hi,bikko,chinba	0,0,0,0	0,0,0,0	KANJIDIC,PYPINYIN,UNIHAN,WORDSHK_CHARS
U+8DDD	距	キョ,へだたる,けづめ	kyo,hedataru,kezume	0,0,0	0,0,0	KANJIDIC,PYPINYIN,UNIHAN,WORDSHK_CHARS
U+8DDF	跟	コン,くびす	kon,kubisu	0,0	0,0	KANJIDIC,PYPINYIN,UNIHAN,WORDSHK_CHARS
U+8DE1	跡	セキ,あと	seki,ato	0,0	0,0	KANJIDIC,PYPINYIN,UNIHAN,WORDSHK_CHARS
U+8DE3	跣	セン,はだし	sen,hadashi	0,0	0,0	KANJIDIC,PYPINYIN,UNIHAN,WORDSHK_CHARS
U+8DE4	跤	コウ,キョウ,すね	kou,kyou,sune	0,0,0	0,0,0	KANJIDIC,PYPINYIN,UNIHAN,WORDSHK_CHARS
U+8DE5	跥	タ,ゆく	ta,yuku	0,0	0,0	KANJIDIC,PYPINYIN,UNIHAN
U+8DE7	跧	セン,シュン,ソン,ける	sen,shun,son,keru	0,0,0,0	0,0,0,0	KANJIDIC,PYPINYIN,UNIHAN
U+8DE8	跨	コ,カ,またがる,またぐ	ko,ka,matagaru,matagu	0,0,0,0	0,0,0,0	KANJIDIC,PYPINYIN,UNIHAN,WORDSHK_CHARS
U+8DEA	跪	キ,ひざまずく	ki,hizamazuku	0,0	0,0	KANJIDIC,PYPINYIN,UNIHAN,WORDSHK_CHARS
U+8DEB	跫	キョウ	kyou	0	0	KANJIDIC,PYPINYIN,UNIHAN
U+8DEC	跬	キ,カイ,ケ,ひとあし	ki,kai,ke,hitoashi	0,0,0,0	0,0,0,0	KANJIDIC,PYPINYIN,UNIHAN
U+8DEF	路	ロ,ル,じ,みち	ro,ru,ji,michi	0,0,0,0	0,0,0,0	KANJIDIC,PYPINYIN,UNIHAN,WORDSHK_CHARS
U+8DF0	跰	ホウ,ヘイ,ヘン,したがう	hou,hei,hen,shitagau	0,0,0,0	0,0,0,0	KANJIDIC,PYPINYIN,UNIHAN
U+8DF1	跱	チ,ジ,とどまる	chi,ji,todomaru	0,0,0	0,0,0	KANJIDIC,PYPINYIN,UNIHAN
U+8DF2	跲	コウ,キョウ,キュウ,つまずく	kou,kyou,kyuu,tsumazuku	0,0,0,0	0,0,0,0	KANJIDIC,PYPINYIN,UNIHAN
U+8DF3	跳	チョウ,はねる,とぶ,とび	chou,haneru,tobu,tobi	0,0,0,0	0,0,0,0	KANJIDIC,PYPINYIN,UNIHAN,WORDSHK_CHARS
U+8DF4	跴	サイ,おう	sai,ou	0,0	0,0	KANJIDIC,PYPINYIN,UNIHAN
U+8DF5	践	セン,ふむ	sen,fumu	0,0	0,0	KANJIDIC,PYPINYIN,UNIHAN
U+8DFC	跼	キョク,こごむ,くぐまる,かがむ,せぐくまる	kyoku,kogomu,kugumaru,kagamu,segukumaru	0,0,0,0,0	0,0,0,0,0	KANJIDIC,PYPINYIN,UNIHAN
U+8DFD	跽	キ,ひざまずく	ki,hizamazuku	0,0	0,0	KANJIDIC,PYPINYIN,UNIHAN
U+8DFF	跿	ト	to	0	0	KANJIDIC,PYPINYIN,UNIHAN
U+8E01	踁	ケイ,すね,はぎ	kei,sune,hagi	0,0,0	0,0,0	KANJIDIC,PYPINYIN,UNIHAN
U+8E04	踄	ハク,ホ,ブ,ふむ	haku,ho,bu,fumu	0,0,0,0	0,0,0,0	KANJIDIC,PYPINYIN,UNIHAN
U+8E05	踅	テイ,セツ,ゼチ,けんけん	tei,setsu,zechi,kenken	0,0,0,0	0,0,0,0	KANJIDIC,PYPINYIN,UNIHAN
U+8E06	踆	シュン,ソン,しりぞく	shun,son,shirizoku	0,0,0	0,0,0	KANJIDIC,PYPINYIN,UNIHAN
U+8E08	踈	ソ,ショ,うとい,うとむ,まばら	so,sho,utoi,utomu,mabara	0,0,0,0,0	0,0,0,0,0	KANJIDIC,PYPINYIN,UNIHAN
U+8E09	踉	ロウ,リョウ	rou,ryou	0,0	0,0	KANJIDIC,PYPINYIN,UNIHAN,WORDSHK_CHARS
U+8E0A	踊	ヨウ,おどる	you,odoru	0,0	0,0	KANJIDIC,PYPINYIN,UNIHAN
U+8E0B	踋	キャク,キャ,カク,あし	kyaku,kya,kaku,ashi	0,0,0,0	0,0,0,0	KANJIDIC,PYPINYIN,UNIHAN
U+8E0F	踏	トウ,ふむ,ふまえる	tou,fumu,fumaeru	0,0,0	0,0,0	KANJIDIC,PYPINYIN,UNIHAN,WORDSHK_CHARS
U+8E10	踐	セン,ふむ	sen,fumu	0,0	0,0	KANJIDIC,PYPINYIN,UNIHAN,WORDSHK_CHARS
U+8E11	踑	キ,あしあと	ki,ashiato	0,0	0,0	KANJIDIC,PYPINYIN,UNIHAN
U+8E14	踔	トウ,チョウ,たく,ふむ	tou,chou,taku,fumu	0,0,0,0	0,0,0,0	KANJIDIC,PYPINYIN,UNIHAN
U+8E16	踖	セキ,シャク,サク,ふむ	seki,shaku,saku,fumu	0,0,0,0	0,0,0,0	KANJIDIC,PYPINYIN,UNIHAN
U+8E1D	踝	カ,くるぶし	ka,kurubushi	0,0	0,0	KANJIDIC,PYPINYIN,UNIHAN,WORDSHK_CHARS
U+8E1E	踞	キョ,コ,うずくまる	kyo,ko,uzukumaru	0,0,0	0,0,0	KANJIDIC,PYPINYIN,UNIHAN,WORDSHK_CHARS
U+8E1F	踟	チ	chi	0	0	KANJIDIC,PYPINYIN,UNIHAN
U+8E20	踠	エン,オン,ワ,かがむ,もがく	en,on,wa,kagamu,mogaku	0,0,0,0,0	0,0,0,0,0	KANJIDIC,PYPINYIN,UNIHAN
U+8E21	踡	ケン,かがむ	ken,kagamu	0,0	0,0	KANJIDIC,PYPINYIN,UNIHAN
U+8E22	踢	テキ,チャク,シャク,ける	teki,chaku,shaku,keru	0,0,0,0	0,0,0,0	KANJIDIC,PYPINYIN,UNIHAN,WORDSHK_CHARS
U+8E23	踣	ホク,ホウ,ハイ,たおれる	hoku,hou,hai,taoreru	0,0,0,0	0,0,0,0	KANJIDIC,PYPINYIN,UNIHAN
U+8E26	踦	キ,かたあし	ki,kataashi	0,0	0,0	KANJIDIC,PYPINYIN,UNIHAN
U+8E27	踧	シュク,テキ,ジャク,いきやすい	shuku,teki,jaku,ikiyasui	0,0,0,0	0,0,0,0	KANJIDIC,PYPINYIN,UNIHAN
U+8E2A	踪	ソウ,ショウ,あと	sou,shou,ato	0,0,0	0,0,0	KANJIDIC,PYPINYIN,UNIHAN,WORDSHK_CHARS
U+8E30	踰	ユ,ヨウ,こえる	yu,you,koeru	0,0,0	0,0,0	KANJIDIC,PYPINYIN,UNIHAN
U+8E31	踱	タク,ジャク,はだし	taku,jaku,hadashi	0,0,0	0,0,0	KANJIDIC,PYPINYIN,UNIHAN,WORDSHK_CHARS
U+8E33	踳	シュン,セン,そむく	shun,sen,somuku	0,0,0	0,0,0	KANJIDIC,PYPINYIN,UNIHAN
U+8E34	踴	ヨウ,おどる	you,odoru	0,0	0,0	KANJIDIC,PYPINYIN,UNIHAN,WORDSHK_CHARS
U+8E35	踵	ショウ,かかと,くびす,きびす,つぐ	shou,kakato,kubisu,kibisu,tsugu	0,0,0,0,0	0,0,0,0,0	KANJIDIC,PYPINYIN,UNIHAN,WORDSHK_CHARS
U+8E36	踶	テイ,ダイ,チ,ジ,ふむ	tei,dai,chi,ji,fumu	0,0,0,0,0	0,0,0,0,0	KANJIDIC,PYPINYIN,UNIHAN
U+8E37	踷	タ,ななめにゆく	ta,nanameniyuku	0,0	0,0	KANJIDIC,PYPINYIN,UNIHAN
U+8E38	踸	チン,シン,タン,テン,ふらふらする	chin,shin,tan,ten,furafurasuru	0,0,0,0,0	0,0,0,0,0	KANJIDIC,PYPINYIN,UNIHAN
U+8E39	踹	セン,タン,かかと	sen,tan,kakato	0,0,0	0,0,0	KANJIDIC,PYPINYIN,UNIHAN,WORDSHK_CHARS
U+8E3D	踽	ク	ku	0	0	KANJIDIC,PYPINYIN,UNIHAN
U+8E40	蹀	チョウ,ジョウ,ふむ	chou,jou,fumu	0,0,0	0,0,0	KANJIDIC,PYPINYIN,UNIHAN
U+8E41	蹁	ヘン,よろめく	hen,yoromeku	0,0	0,0	KANJIDIC,PYPINYIN,UNIHAN
U+8E42	蹂	ジュウ,ふむ	juu,fumu	0,0	0,0	KANJIDIC,PYPINYIN,UNIHAN,WORDSHK_CHARS
U+8E44	蹄	テイ,ひづめ	tei,hizume	0,0	0,0	KANJIDIC,PYPINYIN,UNIHAN,WORDSHK_CHARS
U+8E47	蹇	ケン,いざる,あしなえ,なやむ	ken,izaru,ashinae,nayamu	0,0,0,0	0,0,0,0	KANJIDIC,PYPINYIN,UNIHAN
U+8E48	蹈	トウ,ふむ	tou,fumu	0,0	0,0	KANJIDIC,PYPINYIN,UNIHAN,WORDSHK_CHARS
U+8E49	蹉	サ,つまずく	sa,tsumazuku	0,0	0,0	KANJIDIC,PYPINYIN,UNIHAN,WORDSHK_CHARS
U+8E4A	蹊	ケイ,みち,わたる	kei,michi,wataru	0,0,0	0,0,0	KANJIDIC,PYPINYIN,UNIHAN,WORDSHK_CHARS
U+8E4B	蹋	トウ,ふむ	tou,fumu	0,0	0,0	KANJIDIC,PYPINYIN,UNIHAN,WORDSHK_CHARS
U+8E4C	蹌	ソウ,ショウ,うごく,よろめく	sou,shou,ugoku,yoromeku	0,0,0,0	0,0,0,0	KANJIDIC,PYPINYIN,UNIHAN,WORDSHK_CHARS
U+8E4D	蹍	テン,ネン,ふむ	ten,nen,fumu	0,0,0	0,0,0	KANJIDIC,PYPINYIN,UNIHAN
U+8E4E	蹎	テン,つまずく	ten,tsumazuku	0,0	0,0	KANJIDIC,PYPINYIN,UNIHAN
U+8E4F	蹏	テイ,ひづめ	tei,hizume	0,0	0,0	KANJIDIC,PYPINYIN,UNIHAN
U+8E50	蹐	セキ	seki	0	0	KANJIDIC,PYPINYIN,UNIHAN
U+8E54	蹔	サン,とっしんする	san,tosshinsuru	0,0	0,0	KANJIDIC,PYPINYIN,UNIHAN
U+8E55	蹕	ヒツ,さきばらい	hitsu,sakibarai	0,0	0,0	KANJIDIC,PYPINYIN,UNIHAN
U+8E59	蹙	シュク,セキ,せまる	shuku,seki,semaru	0,0,0	0,0,0	KANJIDIC,PYPINYIN,UNIHAN
U+8E5B	蹛	タイ,テイ,タ,ふむ	tai,tei,ta,fumu	0,0,0,0	0,0,0,0	KANJIDIC,PYPINYIN,UNIHAN
U+8E5C	蹜	シュク,スク	shuku,suku	0,0	0,0	KANJIDIC,PYPINYIN,UNIHAN
U+8E5D	蹝	シ,ふむ	shi,fumu	0,0	0,0	KANJIDIC,PYPINYIN,UNIHAN
U+8E5E	蹞	キ,ひとあし	ki,hitoashi	0,0	0,0	KANJIDIC,PYPINYIN,UNIHAN
U+8E5F	蹟	セキ,シャク,あと	seki,shaku,ato	0,0,0	0,0,0	KANJIDIC,PYPINYIN,UNIHAN,WORDSHK_CHARS
U+8E60	蹠	セキ,あしうら,あしのうら	seki,ashiura,ashinoura	0,0,0	0,0,0	KANJIDIC,PYPINYIN,UNIHAN
U+8E61	蹡	ショウ,ヨウ,ソウ	shou,you,sou	0,0,0	0,0,0	KANJIDIC,PYPINYIN,UNIHAN
U+8E62	蹢	テキ,ジャク,タク,たたずむ	teki,jaku,taku,tatazumu	0,0,0,0	0,0,0,0	KANJIDIC,PYPINYIN,UNIHAN
U+8E63	蹣	マン,ハン,よろめく	man,han,yoromeku	0,0,0	0,0,0	KANJIDIC,PYPINYIN,UNIHAN,WORDSHK_CHARS
U+8E64	蹤	ショウ,あと	shou,ato	0,0	0,0	KANJIDIC,PYPINYIN,UNIHAN,WORDSHK_CHARS
U+8E69	蹩	ヘツ,ベチ,ふむ	hetsu,bechi,fumu	0,0,0	0,0,0	KANJIDIC,PYPINYIN,UNIHAN,WORDSHK_CHARS
U+8E6C	蹬	トウ,よろめく	tou,yoromeku	0,0	0,0	KANJIDIC,PYPINYIN,UNIHAN,WORDSHK_CHARS
U+8E6D	蹭	ソウ,ショウ,よろめく	sou,shou,yoromeku	0,0,0	0,0,0	KANJIDIC,PYPINYIN,UNIHAN
U+8E6F	蹯	ハン,ボン,フン,あしのうら	han,bon,fun,ashinoura	0,0,0,0	0,0,0,0	KANJIDIC,PYPINYIN,UNIHAN
U+8E70	蹰	チュウ,チュ,シュウ,ジュ,ためらう	chuu,chu,shuu,ju,tamerau	0,0,0,0,0	0,0,0,0,0	KANJIDIC,PYPINYIN,UNIHAN
U+8E71	蹱	ショウ,シュ,チョウ,チュ,ためらう	shou,shu,chou,chu,tamerau	0,0,0,0,0	0,0,0,0,0	KANJIDIC,PYPINYIN,UNIHAN,WORDSHK_CHARS
U+8E72	蹲	ソン,シュン,つくばう,うずくまる	son,shun,tsukubau,uzukumaru	0,0,0,0	0,0,0,0	KANJIDIC,PYPINYIN,UNIHAN,WORDSHK_CHARS
U+8E74	蹴	シュク,シュウ,ける	shuku,shuu,keru	0,0,0	0,0,0	KANJIDIC,PYPINYIN,UNIHAN,WORDSHK_CHARS
U+8E76	蹶	ケツ,ケイ,たおれる,つまずく	ketsu,kei,taoreru,tsumazuku	0,0,0,0	0,0,0,0	KANJIDIC,PYPINYIN,UNIHAN,WORDSHK_CHARS
U+8E79	蹹	トウ,ふむ	tou,fumu	0,0	0,0	KANJIDIC,PYPINYIN,UNIHAN
U+8E7A	蹺	キョウ,みがるい	kyou,migarui	0,0	0,0	KANJIDIC,PYPINYIN,UNIHAN,WORDSHK_CHARS
U+8E7B	蹻	キョウ,キャク,ガク	kyou,kyaku,gaku	0,0,0	0,0,0	KANJIDIC,PYPINYIN,UNIHAN
U+8E7C	蹼	ボク,ホク,みずかき	boku,hoku,mizukaki	0,0,0	0,0,0	KANJIDIC,PYPINYIN,UNIHAN,WORDSHK_CHARS
U+8E81	躁	ソウ,さわぐ	sou,sawagu	0,0	0,0	KANJIDIC,PYPINYIN,UNIHAN,WORDSHK_CHARS
U+8E82	躂	タツ,タチ,つまずく	tatsu,tachi,tsumazuku	0,0,0	0,0,0	KANJIDIC,PYPINYIN,UNIHAN,WORDSHK_CHARS
U+8E83	躃	ヘキ,いざる	heki,izaru	0,0	0,0	KANJIDIC,PYPINYIN,UNIHAN
U+8E84	躄	ヘキ,いざる,いざり	heki,izaru,izari	0,0,0	0,0,0	KANJIDIC,PYPINYIN,UNIHAN
U+8E85	躅	チョク,タク	choku,taku	0,0	0,0	KANJIDIC,PYPINYIN,UNIHAN
U+8E87	躇	チョ,チャク,ためらう	cho,chaku,tamerau	0,0,0	0,0,0	KANJIDIC,PYPINYIN,UNIHAN,WORDSHK_CHARS
U+8E89	躉	トン,はしけ	ton,hashike	0,0	0,0	KANJIDIC,PYPINYIN,UNIHAN,WORDSHK_CHARS
U+8E8A	躊	チュウ,チュ,シュウ,ジュ,ためらう	chuu,chu,shuu,ju,tamerau	0,0,0,0,0	0,0,0,0,0	KANJIDIC,PYPINYIN,UNIHAN,WORDSHK_CHARS
U+8E8B	躋	セイ,サイ,のぼる	sei,sai,noboru	0,0,0	0,0,0	KANJIDIC,PYPINYIN,UNIHAN,WORDSHK_CHARS
U+8E8D	躍	ヤク,おどる	yaku,odoru	0,0	0,0	KANJIDIC,PYPINYIN,UNIHAN,WORDSHK_CHARS
U+8E90	躐	リョウ,ふむ	ryou,fumu	0,0	0,0	KANJIDIC,PYPINYIN,UNIHAN
U+8E91	躑	テキ,しゃがむ,たちもとおる	teki,shagamu,tachimotooru	0,0,0	0,0,0	KANJIDIC,PYPINYIN,UNIHAN
U+8E92	躒	レキ,リャク,ラク,うごく	reki,ryaku,raku,ugoku	0,0,0,0	0,0,0,0	KANJIDIC,PYPINYIN,UNIHAN
U+8E93	躓	チ,つまずく	chi,tsumazuku	0,0	0,0	KANJIDIC,PYPINYIN,UNIHAN,WORDSHK_CHARS
U+8E94	躔	テン,ふむ	ten,fumu	0,0	0,0	KANJIDIC,PYPINYIN,UNIHAN
U+8E95	躕	チュウ,チュ,シュウ,ジュ,ためらう	chuu,chu,shuu,ju,tamerau	0,0,0,0,0	0,0,0,0,0	KANJIDIC,PYPINYIN,UNIHAN
U+8E99	躙	リン,にじる,ふむ	rin,nijiru,fumu	0,0,0	0,0,0	KANJIDIC,PYPINYIN,UNIHAN,WORDSHK_CHARS
U+8E9A	躚	セン,まう	sen,mau	0,0	0,0	KANJIDIC,PYPINYIN,UNIHAN
U+8E9B	躛	エイ,エ,カイ,ケ,ふむ	ei,e,kai,ke,fumu	0,0,0,0,0	0,0,0,0,0	KANJIDIC,PYPINYIN,UNIHAN
U+8E9D	躝	ラン,タン,こえる	ran,tan,koeru	0,0,0	0,0,0	KANJIDIC,PYPINYIN,UNIHAN,WORDSHK_CHARS
U+8E9E	躞	ショウ,ゆく	shou,yuku	0,0	0,0	KANJIDIC,PYPINYIN,UNIHAN
U+8EA1	躡	ジョウ,ふむ	jou,fumu	0,0	0,0	KANJIDIC,PYPINYIN,UNIHAN,WORDSHK_CHARS
U+8EA2	躢	トウ,ふむ	tou,fumu	0,0	0,0	KANJIDIC,PYPINYIN,UNIHAN
U+8EA7	躧	シ,リ,サイ,シャ,くつ	shi,ri,sai,sha,kutsu	0,0,0,0,0	0,0,0,0,0	KANJIDIC,PYPINYIN,UNIHAN
U+8EA9	躩	キャク,カク,ケキ,すすまない	kyaku,kaku,keki,susumanai	0,0,0,0	0,0,0,0	KANJIDIC,PYPINYIN,UNIHAN
U+8EAA	躪	リン,にじる,ふむ	rin,nijiru,fumu	0,0,0	0,0,0	KANJIDIC,PYPINYIN,UNIHAN,WORDSHK_CHARS
U+8EAB	身	シン,み	shin,mi	0,0	0,0	KANJIDIC,PYPINYIN,UNIHAN,WORDSHK_CHARS
U+8EAC	躬	キュウ,キョウ,み	kyuu,kyou,mi	0,0,0	0,0,0	KANJIDIC,PYPINYIN,UNIHAN,WORDSHK_CHARS
U+8EAD	躭	タン,ふける	tan,fukeru	0,0	0,0	KANJIDIC,PYPINYIN,UNIHAN
U+8EAE	躮	サガレ,せがれ	sagare,segare	0,0	0,0	KANJIDIC,PYPINYIN,UNIHAN
U+8EAF	躯	ク,むくろ,からだ	ku,mukuro,karada	0,0,0	0,0,0	KANJIDIC,PYPINYIN,UNIHAN
U+8EB0	躰	タイ,テイ,からだ,かたち	tai,tei,karada,katachi	0,0,0,0	0,0,0,0	KANJIDIC,PYPINYIN,UNIHAN
U+8EB1	躱	タ,かわす	ta,kawasu	0,0	0,0	KANJIDIC,PYPINYIN,UNIHAN
U+8EB3	躳	キュウ,キョウ,み	kyuu,kyou,mi	0,0,0	0,0,0	KANJIDIC,PYPINYIN,UNIHAN
U+8EB5	躵	ねらう,しのぶ	nerau,shinobu	0,0	0,0	KANJIDIC,PYPINYIN,UNIHAN
U+8EBA	躺	トウ,ふす	tou,fusu	0,0	0,0	KANJIDIC,PYPINYIN,UNIHAN,WORDSHK_CHARS
U+8EBB	躻	うつけ	utsuke	0	0	KANJIDIC,PYPINYIN,UNIHAN
U+8EBE	躾	しつける,しつけ	shitsukeru,shitsuke	0,0	0,0	KANJIDIC,PYPINYIN,UNIHAN
U+8EC0	軀	ク,むくろ,からだ	ku,mukuro,karada	0,0,0	0,0,0	KANJIDIC,PYPINYIN,UNIHAN,WORDSHK_CHARS
U+8EC1	軁	ロウ,ル,せむし	rou,ru,semushi	0,0,0	0,0,0	KANJIDIC,PYPINYIN,UNIHAN
U+8EC3	軃	タ	ta	0	0	KANJIDIC,PYPINYIN,UNIHAN
U+8EC4	軄	ショク,ソク	shoku,soku	0,0	0,0	KANJIDIC,PYPINYIN,UNIHAN
U+8EC5	軅	やがて	yagate	0	0	KANJIDIC,PYPINYIN,UNIHAN
U+8EC6	軆	タイ,テイ,からだ,かたち	tai,tei,karada,katachi	0,0,0,0	0,0,0,0	KANJIDIC,PYPINYIN,UNIHAN
U+8EC7	軇	トウ,たかい	tou,takai	0,0	0,0	KANJIDIC,PYPINYIN,UNIHAN
U+8EC8	軈	やがて	yagate	0	0	KANJIDIC,PYPINYIN,UNIHAN
U+8ECA	車	シャ,くるま	sha,kuruma	0,0	0,0	KANJIDIC,PYPINYIN,UNIHAN,WORDSHK_CHARS
U+8ECB	軋	アツ,きしる,きしむ	atsu,kishiru,kishimu	0,0,0	0,0,0	KANJIDIC,PYPINYIN,UNIHAN
U+8ECC	軌	キ	ki	0	0	KANJIDIC,PYPINYIN,UNIHAN,WORDSHK_CHARS
U+8ECD	軍	グン,いくさ	gun,ikusa	0,0	0,0	KANJIDIC,PYPINYIN,UNIHAN,WORDSHK_CHARS
U+8ECF	軏	ゲツ,ガチ,ゴツ,ゴチ,くさび	getsu,gachi,gotsu,gochi,kusabi	0,0,0,0,0	0,0,0,0,0	KANJIDIC,PYPINYIN,UNIHAN
U+8ED1	軑	テイ,タイ	tei,tai	0,0	0,0	KANJIDIC,PYPINYIN,UNIHAN
U+8ED2	軒	ケン,のき	ken,noki	0,0	0,0	KANJIDIC,PYPINYIN,UNIHAN,WORDSHK_CHARS
U+8ED4	軔	ジン,ニン,ジ,ニ,はどめ	jin,nin,ji,ni,hadome	0,0,0,0,0	0,0,0,0,0	KANJIDIC,PYPINYIN,UNIHAN
U+8EDB	軛	ヤク,アク,くびき	yaku,aku,kubiki	0,0,0	0,0,0	KANJIDIC,PYPINYIN,UNIHAN,WORDSHK_CHARS
U+8EDC	軜	ドウ,ノウ,ダイ,ナイ,たづな	dou,nou,dai,nai,tazuna	0,0,0,0,0	0,0,0,0,0	KANJIDIC,PYPINYIN,UNIHAN
U+8EDF	軟	ナン,やわらか,やわらかい	nan,yawaraka,yawarakai	0,0,0	0,0,0	KANJIDIC,PYPINYIN,UNIHAN,WORDSHK_CHARS
U+8EE2	転	テン,ころがる,ころげる,ころがす,ころぶ,まろぶ,うたた,うつる,くるめく	ten,korogaru,korogeru,korogasu,korobu,marobu,utata,utsuru,kurumeku	0,0,0,0,0,0,0,0,0	0,0,0,0,0,0,0,0,0	KANJIDIC,PYPINYIN,UNIHAN
U+8EE3	軣	コウ,とどろかす,とどろく	kou,todorokasu,todoroku	0,0,0	0,0,0	KANJIDIC,PYPINYIN,UNIHAN
U+8EE8	軨	レイ,リョウ,てすり	rei,ryou,tesuri	0,0,0	0,0,0	KANJIDIC,PYPINYIN,UNIHAN,WORDSHK_CHARS
U+8EEB	軫	シン,よこぎ	shin,yokogi	0,0	0,0	KANJIDIC,PYPINYIN,UNIHAN
U+8EED	軭	キョウ,ゴウ,とどこおる	kyou,gou,todokooru	0,0,0	0,0,0	KANJIDIC,PYPINYIN,UNIHAN,WORDSHK_CHARS
U+8EEE	軮	オウ,フク	ou,fuku	0,0	0,0	KANJIDIC,PYPINYIN,UNIHAN
U+8EF0	軰	ハイ,ばら,やから,やかい	hai,bara,yakara,yakai	0,0,0,0	0,0,0,0	KANJIDIC,PYPINYIN,UNIHAN
U+8EF1	軱	コ,ク,おおぼね	ko,ku,oobone	0,0,0	0,0,0	KANJIDIC,PYPINYIN,UNIHAN
U+8EF7	軷	ハツ,バチ,ハイ	hatsu,bachi,hai	0,0,0	0,0,0	KANJIDIC,PYPINYIN,UNIHAN
U+8EF8	軸	ジク	jiku	0	0	KANJIDIC,PYPINYIN,UNIHAN,WORDSHK_CHARS
U+8EF9	軹	シ,キ,シン,あな,じくがしら	shi,ki,shin,ana,jikugashira	0,0,0,0,0	0,0,0,0,0	KANJIDIC,PYPINYIN,UNIHAN
U+8EFA	軺	ヨウ,ショウ,チョウ	you,shou,chou	0,0,0	0,0,0	KANJIDIC,PYPINYIN,UNIHAN
U+8EFB	軻	カ	ka	0	0	KANJIDIC,PYPINYIN,UNIHAN
U+8EFC	軼	イツ,テツ,すぎる	itsu,tetsu,sugiru	0,0,0	0,0,0	KANJIDIC,PYPINYIN,UNIHAN,WORDSHK_CHARS
U+8EFD	軽	ケイ,キョウ,キン,かるい,かろやか,かろんじる	kei,kyou,kin,karui,karoyaka,karonjiru	0,0,0,0,0,0	0,0,0,0,0,0	KANJIDIC,PYPINYIN,UNIHAN
U+8EFE	軾	ショク,シキ,しきみ	shoku,shiki,shikimi	0,0,0	0,0,0	KANJIDIC,PYPINYIN,UNIHAN
U+8F00	輀	ジ,ひつぎぐるま	ji,hitsugiguruma	0,0	0,0	KANJIDIC,PYPINYIN,UNIHAN
U+8F02	輂	キョク,コク	kyoku,koku	0,0	0,0	KANJIDIC,PYPINYIN,UNIHAN
U+8F03	較	カク,コウ,くらべる	kaku,kou,kuraberu	0,0,0	0,0,0	KANJIDIC,PYPINYIN,UNIHAN,WORDSHK_CHARS
U+8F05	輅	ロ,くるま	ro,kuruma	0,0	0,0	KANJIDIC,PYPINYIN,UNIHAN
U+8F07	輇	セン,チュン,ケン	sen,chun,ken	0,0,0	0,0,0	KANJIDIC,PYPINYIN,UNIHAN
U+8F08	輈	チュウ,チュ,シュウ,シュ	chuu,chu,shuu,shu	0,0,0,0	0,0,0,0	KANJIDIC,PYPINYIN,UNIHAN
U+8F09	載	サイ,のせる,のる	sai,noseru,noru	0,0,0	0,0,0	KANJIDIC,PYPINYIN,UNIHAN,WORDSHK_CHARS
U+8F0A	輊	チ	chi	0	0	KANJIDIC,PYPINYIN,UNIHAN
U+8F0C	輌	リョウ	ryou	0	0	KANJIDIC,PYPINYIN,UNIHAN
U+8F0F	輏	ユウ,ユ,かるい	yuu,yu,karui	0,0,0	0,0,0	KANJIDIC,PYPINYIN,UNIHAN
U+8F10	輐	カン,まるい	kan,marui	0,0	0,0	KANJIDIC,PYPINYIN,UNIHAN
U+8F12	輒	チョウ,すなわち,わきぎ	chou,sunawachi,wakigi	0,0,0	0,0,0	KANJIDIC,PYPINYIN,UNIHAN,WORDSHK_CHARS
U+8F13	輓	バン,おそい,ひく	ban,osoi,hiku	0,0,0	0,0,0	KANJIDIC,PYPINYIN,UNIHAN,WORDSHK_CHARS
U+8F14	輔	ホ,フ,たすける	ho,fu,tasukeru	0,0,0	0,0,0	KANJIDIC,PYPINYIN,UNIHAN,WORDSHK_CHARS
U+8F15	輕	ケイ,かるい,かろやか,かろんじる	kei,karui,karoyaka,karonjiru	0,0,0,0	0,0,0,0	KANJIDIC,PYPINYIN,UNIHAN,WORDSHK_CHARS
U+8F16	輖	シュウ,シュ	shuu,shu	0,0	0,0	KANJIDIC,PYPINYIN,UNIHAN
U+8F17	輗	ゲイ,ギ,くさび	gei,gi,kusabi	0,0,0	0,0,0	KANJIDIC,PYPINYIN,UNIHAN
U+8F18	輘	リョウ,ロウ,ひきつぶす	ryou,rou,hikitsubusu	0,0,0	0,0,0	KANJIDIC,PYPINYIN,UNIHAN
U+8F19	輙	チョウ,すなわち,わきぎ	chou,sunawachi,wakigi	0,0,0	0,0,0	KANJIDIC,PYPINYIN,UNIHAN
U+8F1B	輛	リョウ	ryou	0	0	KANJIDIC,PYPINYIN,UNIHAN,WORDSHK_CHARS
U+8F1C	輜	シ,こにだ,ほろぐるま,にぐるま	shi,konida,horoguruma,niguruma	0,0,0,0	0,0,0,0	KANJIDIC,PYPINYIN,UNIHAN
U+8F1D	輝	キ,かがやく	ki,kagayaku	0,0	0,0	KANJIDIC,PYPINYIN,UNIHAN,WORDSHK_CHARS
U+8F1E	輞	ボウ,モウ,わ	bou,mou,wa	0,0,0	0,0,0	KANJIDIC,PYPINYIN,UNIHAN
U+8F1F	輟	テツ,やめる	tetsu,yameru	0,0	0,0	KANJIDIC,PYPINYIN,UNIHAN,WORDSHK_CHARS
U+8F20	輠	カ,ワ,ガ,ゲ,あぶらつぼ	ka,wa,ga,ge,aburatsubo	0,0,0,0,0	0,0,0,0,0	KANJIDIC,PYPINYIN,UNIHAN
U+8F21	輡	カン,コン	kan,kon	0,0	0,0	KANJIDIC,PYPINYIN,UNIHAN
U+8F23	輣	ホウ,ビョウ,ボウ,いくさぐるま	hou,byou,bou,ikusaguruma	0,0,0,0	0,0,0,0	KANJIDIC,PYPINYIN,UNIHAN
U+8F25	輥	コン,まわる	kon,mawaru	0,0	0,0	KANJIDIC,PYPINYIN,UNIHAN
U+8F26	輦	レン,たごし,てぐるま	ren,tagoshi,teguruma	0,0,0	0,0,0	KANJIDIC,PYPINYIN,UNIHAN
U+8F27	輧	ビョウ,ヘイ,あつまる,かくす	byou,hei,atsumaru,kakusu	0,0,0,0	0,0,0,0	KANJIDIC,PYPINYIN,UNIHAN
U+8F28	輨	カン,おおい	kan,ooi	0,0	0,0	KANJIDIC,PYPINYIN,UNIHAN
U+8F29	輩	ハイ,ばら,やから,やかい,ともがら	hai,bara,yakara,yakai,tomogara	0,0,0,0,0	0,0,0,0,0	KANJIDIC,PYPINYIN,UNIHAN,WORDSHK_CHARS
U+8F2A	輪	リン,わ	rin,wa	0,0	0,0	KANJIDIC,PYPINYIN,UNIHAN,WORDSHK_CHARS
U+8F2C	輬	リョウ,ねぐるま	ryou,neguruma	0,0	0,0	KANJIDIC,PYPINYIN,UNIHAN
U+8F2D	輭	ゼン,ネン,ナン,ねぐるま	zen,nen,nan,neguruma	0,0,0,0	0,0,0,0	KANJIDIC,PYPINYIN,UNIHAN
U+8F2E	輮	ジュウ,ニュ,おおわ	juu,nyu,oowa	0,0,0	0,0,0	KANJIDIC,PYPINYIN,UNIHAN
U+8F2F	輯	シュウ,あつめる,やわらぐ	shuu,atsumeru,yawaragu	0,0,0	0,0,0	KANJIDIC,PYPINYIN,UNIHAN,WORDSHK_CHARS
U+8F33	輳	ソウ,あつまる	sou,atsumaru	0,0	0,0	KANJIDIC,PYPINYIN,UNIHAN
U+8F34	輴	チュン	chun	0	0	KANJIDIC,PYPINYIN,UNIHAN
U+8F35	輵	カツ,カチ,アツ,エチ	katsu,kachi,atsu,echi	0,0,0,0	0,0,0,0	KANJIDIC,PYPINYIN,UNIHAN
U+8F36	輶	ユウ,ユ,かるい	yuu,yu,karui	0,0,0	0,0,0	KANJIDIC,PYPINYIN,UNIHAN
U+8F37	輷	コウ,とどろく	kou,todoroku	0,0	0,0	KANJIDIC,PYPINYIN,UNIHAN
U+8F38	輸	ユ,シュ	yu,shu	0,0	0,0	KANJIDIC,PYPINYIN,UNIHAN,WORDSHK_CHARS
U+8F39	輹	フク,とこしばり	fuku,tokoshibari	0,0	0,0	KANJIDIC,PYPINYIN,UNIHAN
U+8F3A	輺	シ,こにだ,ほろぐるま,にぐるま	shi,konida,horoguruma,niguruma	0,0,0,0	0,0,0,0	KANJIDIC,PYPINYIN,UNIHAN
U+8F3B	輻	フク,や	fuku,ya	0,0	0,0	KANJIDIC,PYPINYIN,UNIHAN,WORDSHK_CHARS
U+8F3E	輾	テン,ネン,きしる,めぐる	ten,nen,kishiru,meguru	0,0,0,0	0,0,0,0	KANJIDIC,PYPINYIN,UNIHAN,WORDSHK_CHARS
U+8F3F	輿	ヨ,かご,こし	yo,kago,koshi	0,0,0	0,0,0	KANJIDIC,PYPINYIN,UNIHAN,WORDSHK_CHARS
U+8F40	轀	オン,ウン	on,un	0,0	0,0	KANJIDIC,PYPINYIN,UNIHAN
U+8F41	轁	トウ,ゆぶくろ,ゆみぶくろ,つつむ	tou,yubukuro,yumibukuro,tsutsumu	0,0,0,0	0,0,0,0	KANJIDIC,PYPINYIN,UNIHAN
U+8F42	轂	コク,こしき	koku,koshiki	0,0	0,0	KANJIDIC,PYPINYIN,UNIHAN,WORDSHK_CHARS
U+8F43	轃	シン,セン	shin,sen	0,0	0,0	KANJIDIC,PYPINYIN,UNIHAN
U+8F44	轄	カツ,くさび	katsu,kusabi	0,0	0,0	KANJIDIC,PYPINYIN,UNIHAN,WORDSHK_CHARS
U+8F45	轅	エン,ながえ	en,nagae	0,0	0,0	KANJIDIC,PYPINYIN,UNIHAN,WORDSHK_CHARS
U+8F46	轆	ロク,ころ	roku,koro	0,0	0,0	KANJIDIC,PYPINYIN,UNIHAN,WORDSHK_CHARS
U+8F47	轇	コウ,キョウ,とおくながい	kou,kyou,tookunagai	0,0,0	0,0,0	KANJIDIC,PYPINYIN,UNIHAN,WORDSHK_CHARS
U+8F49	轉	テン,ころがる,ころげる,ころがす,ころぶ,まろぶ,うたた,うつる	ten,korogaru,korogeru,korogasu,korobu,marobu,utata,utsuru	0,0,0,0,0,0,0,0	0,0,0,0,0,0,0,0	KANJIDIC,PYPINYIN,UNIHAN,WORDSHK_CHARS
U+8F4C	轌	そり	sori	0	0	KANJIDIC,PYPINYIN,UNIHAN
U+8F4D	轍	テツ,わだちい,わだち	tetsu,wadachii,wadachi	0,0,0	0,0,0	KANJIDIC,PYPINYIN,UNIHAN,WORDSHK_CHARS
U+8F4E	轎	キョウ,かご	kyou,kago	0,0	0,0	KANJIDIC,PYPINYIN,UNIHAN,WORDSHK_CHARS
U+8F4F	轏	サン,ゼン	san,zen	0,0	0,0	KANJIDIC,PYPINYIN,UNIHAN
U+8F51	轑	ロウ,リョウ,たわめる	rou,ryou,tawameru	0,0,0	0,0,0	KANJIDIC,PYPINYIN,UNIHAN
U+8F52	轒	フン	fun	0	0	KANJIDIC,PYPINYIN,UNIHAN
U+8F53	轓	ハン,ホン,ヘン	han,hon,hen	0,0,0	0,0,0	KANJIDIC,PYPINYIN,UNIHAN
U+8F54	轔	リン,ひびき	rin,hibiki	0,0	0,0	KANJIDIC,PYPINYIN,UNIHAN
U+8F55	轕	カツ,カチ,ケチ,かしましい	katsu,kachi,kechi,kashimashii	0,0,0,0	0,0,0,0	KANJIDIC,PYPINYIN,UNIHAN,WORDSHK_CHARS
U+8F57	轗	カン,コン	kan,kon	0,0	0,0	KANJIDIC,PYPINYIN,UNIHAN
U+8F58	轘	カン,ケン,くるまざき	kan,ken,kurumazaki	0,0,0	0,0,0	KANJIDIC,PYPINYIN,UNIHAN
U+8F5C	轜	ジ,ひつぎぐるま,じしゃ	ji,hitsugiguruma,jisha	0,0,0	0,0,0	KANJIDIC,PYPINYIN,UNIHAN
U+8F5D	轝	ヨ,こし	yo,koshi	0,0	0,0	KANJIDIC,PYPINYIN,UNIHAN
U+8F5E	轞	カン,ゲン,ひびき	kan,gen,hibiki	0,0,0	0,0,0	KANJIDIC,PYPINYIN,UNIHAN
U+8F5F	轟	ゴウ,コウ,とどろかす,とどろく	gou,kou,todorokasu,todoroku	0,0,0,0	0,0,0,0	KANJIDIC,PYPINYIN,UNIHAN,WORDSHK_CHARS
U+8F61	轡	ヒ,くつわ,たづな	hi,kutsuwa,tazuna	0,0,0	0,0,0	KANJIDIC,PYPINYIN,UNIHAN
U+8F62	轢	レキ,ひく,きしる	reki,hiku,kishiru	0,0,0	0,0,0	KANJIDIC,PYPINYIN,UNIHAN
U+8F63	轣	レキ	reki	0	0	KANJIDIC,PYPINYIN,UNIHAN
U+8F64	轤	ロ	ro	0	0	KANJIDIC,PYPINYIN,UNIHAN
U+8F65	轥	リン,ふみにじる	rin,fuminijiru	0,0	0,0	KANJIDIC,PYPINYIN,UNIHAN
U+8F9B	辛	シン,からい,つらい,づらい,かのと	shin,karai,tsurai,zurai,kanoto	0,0,0,0,0	0,0,0,0,0	KANJIDIC,PYPINYIN,UNIHAN,WORDSHK_CHARS
U+8F9C	辜	コ,つみ	ko,tsumi	0,0	0,0	KANJIDIC,PYPINYIN,UNIHAN,WORDSHK_CHARS
U+8F9D	辝	ジ,やめる	ji,yameru	0,0	0,0	KANJIDIC,PYPINYIN,UNIHAN
U+8F9E	辞	ジ,やめる,いなむ	ji,yameru,inamu	0,0,0	0,0,0	KANJIDIC,PYPINYIN,UNIHAN
U+8F9F	辟	ヘキ,ヒ,きみ,ひらく,めす	heki,hi,kimi,hiraku,mesu	0,0,0,0,0	0,0,0,0,0	KANJIDIC,PYPINYIN,UNIHAN,WORDSHK_CHARS
U+8FA0	辠	サイ,セ,つみ,そしる	sai,se,tsumi,soshiru	0,0,0,0	0,0,0,0	KANJIDIC,PYPINYIN,UNIHAN
U+8FA1	辡	ヘン,うったえる	hen,uttaeru	0,0	0,0	KANJIDIC,PYPINYIN,UNIHAN
U+8FA3	辣	ラツ,からい	ratsu,karai	0,0	0,0	KANJIDIC,PYPINYIN,UNIHAN,WORDSHK_CHARS
U+8FA4	辤	ジ,やめる	ji,yameru	0,0	0,0	KANJIDIC,PYPINYIN,UNIHAN
U+8FA5	辥	セツ,セチ,つみ	setsu,sechi,tsumi	0,0,0	0,0,0	KANJIDIC,PYPINYIN,UNIHAN
U+8FA6	辦	ハン,つとめる	han,tsutomeru	0,0	0,0	KANJIDIC,PYPINYIN,UNIHAN,WORDSHK_CHARS
U+8FA7	辧	ベン,ヘン,わきまえる,わける,はなびら,あらそう	ben,hen,wakimaeru,wakeru,hanabira,arasou	0,0,0,0,0,0	0,0,0,0,0,0	KANJIDIC,PYPINYIN,UNIHAN
U+8FA8	辨	ベン,ヘン,わきまえる,わける,はなびら,あらそう	ben,hen,wakimaeru,wakeru,hanabira,arasou	0,0,0,0,0,0	0,0,0,0,0,0	KANJIDIC,PYPINYIN,UNIHAN,WORDSHK_CHARS
U+8FAD	辭	ジ,やめる	ji,yameru	0,0	0,0	KANJIDIC,PYPINYIN,UNIHAN,WORDSHK_CHARS
U+8FAE	辮	ベン,ヘン,あむ	ben,hen,amu	0,0,0	0,0,0	KANJIDIC,PYPINYIN,UNIHAN,WORDSHK_CHARS
U+8FAF	辯	ベン,ヘン,わきまえる,わける,はなびら,あらそう	ben,hen,wakimaeru,wakeru,hanabira,arasou	0,0,0,0,0,0	0,0,0,0,0,0	KANJIDIC,PYPINYIN,UNIHAN,WORDSHK_CHARS
U+8FB0	辰	シン,ジン,たつ	shin,jin,tatsu	0,0,0	0,0,0	KANJIDIC,PYPINYIN,UNIHAN,WORDSHK_CHARS
U+8FB1	辱	ジョク,はずかしめる	joku,hazukashimeru	0,0	0,0	KANJIDIC,PYPINYIN,UNIHAN,WORDSHK_CHARS
U+8FB2	農	ノウ	nou	0	0	KANJIDIC,PYPINYIN,UNIHAN,WORDSHK_CHARS
U+8FB5	辵	チャク	chaku	0	0	KANJIDIC,PYPINYIN,UNIHAN
U+8FB6	辶	チャク	chaku	0	0	KANJIDIC,PYPINYIN,UNIHAN,WORDSHK_CHARS
U+8FB7	辷	すべる,すべらす	suberu,suberasu	0,0	0,0	KANJIDIC,PYPINYIN,UNIHAN
U+8FB8	辸	ショウ,ニョウ,ゆく,およぶ	shou,nyou,yuku,oyobu	0,0,0,0	0,0,0,0	KANJIDIC,PYPINYIN,UNIHAN
U+8FBA	辺	ヘン,あたり,ほとり,べ	hen,atari,hotori,be	0,0,0,0	0,0,0,0	KANJIDIC,PYPINYIN,UNIHAN
U+8FBB	辻	つじ	tsuji	0	0	KANJIDIC,PYPINYIN,UNIHAN
U+8FBC	込	こむ,こみ,こめる	komu,komi,komeru	0,0,0	0,0,0	KANJIDIC,PYPINYIN,UNIHAN
U+8FBE	达	タツ,タチ,テイ,タイ,なめらか,すべる,たっする	tatsu,tachi,tei,tai,nameraka,suberu,tassuru	0,0,0,0,0,0,0	0,0,0,0,0,0,0	KANJIDIC,PYPINYIN,UNIHAN
U+8FBF	辿	テン,たどる,たどり	ten,tadoru,tadori	0,0,0	0,0,0	KANJIDIC,PYPINYIN,UNIHAN
U+8FC0	迀	カン,もとめる,すすめる,さえぎる	kan,motomeru,susumeru,saegiru	0,0,0,0	0,0,0,0	KANJIDIC,PYPINYIN,UNIHAN
U+8FC1	迁	セン,うつる,うつす,みやこがえ	sen,utsuru,utsusu,miyakogae	0,0,0,0	0,0,0,0	KANJIDIC,PYPINYIN,UNIHAN
U+8FC2	迂	ウ	u	0	0	KANJIDIC,PYPINYIN,UNIHAN,WORDSHK_CHARS
U+8FC4	迄	キツ,まで,およぶ	kitsu,made,oyobu	0,0,0	0,0,0	KANJIDIC,PYPINYIN,UNIHAN,WORDSHK_CHARS
U+8FC5	迅	ジン	jin	0	0	KANJIDIC,PYPINYIN,UNIHAN,WORDSHK_CHARS
U+8FC6	迆	イ,タ,ななめ	i,ta,naname	0,0,0	0,0,0	KANJIDIC,PYPINYIN,UNIHAN
U+8FCA	迊	ソウ,めぐる,めぐらす	sou,meguru,megurasu	0,0,0	0,0,0	KANJIDIC,PYPINYIN,UNIHAN
U+8FCB	迋	オウ,ゆく,あざむく	ou,yuku,azamuku	0,0,0	0,0,0	KANJIDIC,PYPINYIN,UNIHAN
U+8FCD	迍	チュン,トン	chun,ton	0,0	0,0	KANJIDIC,PYPINYIN,UNIHAN
U+8FCE	迎	ゲイ,むかえる	gei,mukaeru	0,0	0,0	KANJIDIC,PYPINYIN,UNIHAN,WORDSHK_CHARS
U+8FD0	运	ウン,はしる	un,hashiru	0,0	0,0	KANJIDIC,PYPINYIN,UNIHAN
U+8FD1	近	キン,コン,ちかい	kin,kon,chikai	0,0,0	0,0,0	KANJIDIC,PYPINYIN,UNIHAN,WORDSHK_CHARS
U+8FD2	迒	コウ,あしあと	kou,ashiato	0,0	0,0	KANJIDIC,PYPINYIN,UNIHAN
U+8FD3	迓	ガ,ゲ,ギョ,ゴ,むかえる	ga,ge,gyo,go,mukaeru	0,0,0,0,0	0,0,0,0,0	KANJIDIC,PYPINYIN,UNIHAN,WORDSHK_CHARS
U+8FD4	返	ヘン,かえす,かえる	hen,kaesu,kaeru	0,0,0	0,0,0	KANJIDIC,PYPINYIN,UNIHAN,WORDSHK_CHARS
U+8FD5	迕	ゴ,であう	go,deau	0,0	0,0	KANJIDIC,PYPINYIN,UNIHAN
U+8FDA	迚	とても	totemo	0	0	KANJIDIC,PYPINYIN,UNIHAN
U+8FE0	迠	ショウ,チョウ,ゆく	shou,chou,yuku	0,0,0	0,0,0	KANJIDIC,PYPINYIN,UNIHAN
U+8FE2	迢	チョ,チョウ	cho,chou	0,0	0,0	KANJIDIC,PYPINYIN,UNIHAN,WORDSHK_CHARS
U+8FE3	迣	セイ,テイ,レイ,さえぎる	sei,tei,rei,saegiru	0,0,0,0	0,0,0,0	KANJIDIC,PYPINYIN,UNIHAN
U+8FE4	迤	イ,タ,ななめ	i,ta,naname	0,0,0	0,0,0	KANJIDIC,PYPINYIN,UNIHAN
U+8FE5	迥	ケイ,ギョウ,はるか	kei,gyou,haruka	0,0,0	0,0,0	KANJIDIC,PYPINYIN,UNIHAN,WORDSHK_CHARS
U+8FE6	迦	カ,ケ	ka,ke	0,0	0,0	KANJIDIC,PYPINYIN,UNIHAN,WORDSHK_CHARS
U+8FE8	迨	タイ,いたる	tai,itaru	0,0	0,0	KANJIDIC,PYPINYIN,UNIHAN
U+8FE9	迩	ジ,ニ,ちかい	ji,ni,chikai	0,0,0	0,0,0	KANJIDIC,PYPINYIN,UNIHAN
U+8FEA	迪	テキ,みち,みちびく,すすむ,いたる	teki,michi,michibiku,susumu,itaru	0,0,0,0,0	0,0,0,0,0	KANJIDIC,PYPINYIN,UNIHAN,WORDSHK_CHARS
U+8FEB	迫	ハク,せまる	haku,semaru	0,0	0,0	KANJIDIC,PYPINYIN,UNIHAN,WORDSHK_CHARS
U+8FED	迭	テツ	tetsu	0	0	KANJIDIC,PYPINYIN,UNIHAN,WORDSHK_CHARS
U+8FEE	迮	サク,シャク,たつ	saku,shaku,tatsu	0,0,0	0,0,0	KANJIDIC,PYPINYIN,UNIHAN,WORDSHK_CHARS
U+8FEF	迯	トウ,にげる,にがす,のがす,のがれる	tou,nigeru,nigasu,nogasu,nogareru	0,0,0,0,0	0,0,0,0,0	KANJIDIC,PYPINYIN,UNIHAN
U+8FF0	述	ジュツ,のべる	jutsu,noberu	0,0	0,0	KANJIDIC,PYPINYIN,UNIHAN,WORDSHK_CHARS
U+8FF1	迱	タ,イ,ゆく	ta,i,yuku	0,0,0	0,0,0	KANJIDIC,PYPINYIN,UNIHAN
U+8FF4	迴	カイ,エ	kai,e	0,0	0,0	KANJIDIC,PYPINYIN,UNIHAN,WORDSHK_CHARS
U+8FF5	迵	トウ,ズ,とおる	tou,zu,tooru	0,0,0	0,0,0	KANJIDIC,PYPINYIN,UNIHAN
U+8FF6	迶	ユウ,ウ,ゆく	yuu,u,yuku	0,0,0	0,0,0	KANJIDIC,PYPINYIN,UNIHAN
U+8FF7	迷	メイ,まよう	mei,mayou	0,0	0,0	KANJIDIC,PYPINYIN,UNIHAN,WORDSHK_CHARS
U+8FF8	迸	ホウ,ヒョウ,ほとばしる,はしる	hou,hyou,hotobashiru,hashiru	0,0,0,0	0,0,0,0	KANJIDIC,PYPINYIN,UNIHAN,WORDSHK_CHARS
U+8FF9	迹	セキ,シャク,あと	seki,shaku,ato	0,0,0	0,0,0	KANJIDIC,PYPINYIN,UNIHAN
U+8FFA	迺	ナイ,ダイ,アイ,の,すなわち,なんじ	nai,dai,ai,no,sunawachi,nanji	0,0,0,0,0,0	0,0,0,0,0,0	KANJIDIC,PYPINYIN,UNIHAN
U+8FFB	迻	イ,うつる	i,utsuru	0,0	0,0	KANJIDIC,PYPINYIN,UNIHAN
U+8FFD	追	ツイ,おう	tsui,ou	0,0	0,0	KANJIDIC,PYPINYIN,UNIHAN,WORDSHK_CHARS
U+8FFE	迾	レツ,レチ,レイ,さえぎる	retsu,rechi,rei,saegiru	0,0,0,0	0,0,0,0	KANJIDIC,PYPINYIN,UNIHAN,WORDSHK_CHARS
U+9000	退	タイ,しりぞく,しりぞける,ひく,のく,のける,どく	tai,shirizoku,shirizokeru,hiku,noku,nokeru,doku	0,0,0,0,0,0,0	0,0,0,0,0,0,0	KANJIDIC,PYPINYIN,UNIHAN,WORDSHK_CHARS
U+9001	送	ソウ,おくる	sou,okuru	0,0	0,0	KANJIDIC,PYPINYIN,UNIHAN,WORDSHK_CHARS
U+9002	适	カツ,ガチ,はやい	katsu,gachi,hayai	0,0,0	0,0,0	KANJIDIC,PYPINYIN,UNIHAN
U+9003	逃	トウ,にげる,にがす,のがす,のがれる	tou,nigeru,nigasu,nogasu,nogareru	0,0,0,0,0	0,0,0,0,0	KANJIDIC,PYPINYIN,UNIHAN,WORDSHK_CHARS
U+9004	逄	ホウ,ふさぐ	hou,fusagu	0,0	0,0	KANJIDIC,PYPINYIN,UNIHAN
U+9005	逅	コウ,あう,まみえる	kou,au,mamieru	0,0,0	0,0,0	KANJIDIC,PYPINYIN,UNIHAN,WORDSHK_CHARS
U+9006	逆	ギャク,ゲキ,さか,さかさ,さからう	gyaku,geki,saka,sakasa,sakarau	0,0,0,0,0	0,0,0,0,0	KANJIDIC,PYPINYIN,UNIHAN,WORDSHK_CHARS
U+9008	逈	ケイ,ギョウ,はるか	kei,gyou,haruka	0,0,0	0,0,0	KANJIDIC,PYPINYIN,UNIHAN
U+900B	逋	ホ,フ,のがれる	ho,fu,nogareru	0,0,0	0,0,0	KANJIDIC,PYPINYIN,UNIHAN
U+900C	逌	ユウ,ユ,ゆるやか	yuu,yu,yuruyaka	0,0,0	0,0,0	KANJIDIC,PYPINYIN,UNIHAN
U+900D	逍	ショウ	shou	0	0	KANJIDIC,PYPINYIN,UNIHAN,WORDSHK_CHARS
U+900E	逎	シュウ,せまる,つよい	shuu,semaru,tsuyoi	0,0,0	0,0,0	KANJIDIC,PYPINYIN,UNIHAN
U+900F	透	トウ,すく,すかす,すける,とうる,とうす	tou,suku,sukasu,sukeru,touru,tousu	0,0,0,0,0,0	0,0,0,0,0,0	KANJIDIC,PYPINYIN,UNIHAN,WORDSHK_CHARS
U+9010	逐	チク	chiku	0	0	KANJIDIC,PYPINYIN,UNIHAN,WORDSHK_CHARS
U+9011	逑	キュウ,つれあい	kyuu,tsureai	0,0	0,0	KANJIDIC,PYPINYIN,UNIHAN
U+9013	逓	テイ,かわる,たがいに	tei,kawaru,tagaini	0,0,0	0,0,0	KANJIDIC,PYPINYIN,UNIHAN
U+9014	途	ト,みち	to,michi	0,0	0,0	KANJIDIC,PYPINYIN,UNIHAN,WORDSHK_CHARS
U+9015	逕	ケイ,みち,こみち,さしわたし,ただちに	kei,michi,komichi,sashiwatashi,tadachini	0,0,0,0,0	0,0,0,0,0	KANJIDIC,PYPINYIN,UNIHAN,WORDSHK_CHARS
U+9016	逖	テキ,とおい	teki,tooi	0,0	0,0	KANJIDIC,PYPINYIN,UNIHAN
U+9017	逗	トウ,ズ,とどまる	tou,zu,todomaru	0,0,0	0,0,0	KANJIDIC,PYPINYIN,UNIHAN,WORDSHK_CHARS
U+9018	逘	ギ,ゲ,シ,すすむ,まつ	gi,ge,shi,susumu,matsu	0,0,0,0,0	0,0,0,0,0	KANJIDIC,PYPINYIN,UNIHAN
U+9019	這	シャ,ゲン,はう,はい,むかえる,この	sha,gen,hau,hai,mukaeru,kono	0,0,0,0,0,0	0,0,0,0,0,0	KANJIDIC,PYPINYIN,UNIHAN,WORDSHK_CHARS
U+901A	通	ツウ,ツ,とおる,とおり,どおり,とおす,とおし,どおし,かよう	tsuu,tsu,tooru,toori,doori,toosu,tooshi,dooshi,kayou	0,0,0,0,0,0,0,0,0	0,0,0,0,0,0,0,0,0	KANJIDIC,PYPINYIN,UNIHAN,WORDSHK_CHARS
U+901B	逛	キョウ,コウ,はしる	kyou,kou,hashiru	0,0,0	0,0,0	KANJIDIC,PYPINYIN,UNIHAN,WORDSHK_CHARS
U+901D	逝	セイ,ゆく,いく	sei,yuku,iku	0,0,0	0,0,0	KANJIDIC,PYPINYIN,UNIHAN,WORDSHK_CHARS
U+901E	逞	テイ,たくましい	tei,takumashii	0,0	0,0	KANJIDIC,PYPINYIN,UNIHAN,WORDSHK_CHARS
U+901F	速	ソク,はやい,はや,はやめる,すみやか	soku,hayai,haya,hayameru,sumiyaka	0,0,0,0,0	0,0,0,0,0	KANJIDIC,PYPINYIN,UNIHAN,WORDSHK_CHARS
U+9020	造	ゾウ,つくる,つくり,づくり	zou,tsukuru,tsukuri,zukuri	0,0,0,0	0,0,0,0	KANJIDIC,PYPINYIN,UNIHAN,WORDSHK_CHARS
U+9021	逡	シュン,しりぞく	shun,shirizoku	0,0	0,0	KANJIDIC,PYPINYIN,UNIHAN
U+9022	逢	ホウ,あう,むかえる	hou,au,mukaeru	0,0,0	0,0,0	KANJIDIC,PYPINYIN,UNIHAN,WORDSHK_CHARS
U+9023	連	レン,つらなる,つらねる,つれる,づれ	ren,tsuranaru,tsuraneru,tsureru,zure	0,0,0,0,0	0,0,0,0,0	KANJIDIC,PYPINYIN,UNIHAN,WORDSHK_CHARS
U+9027	逧	さこ,せこ	sako,seko	0,0	0,0	KANJIDIC,PYPINYIN,UNIHAN
U+9028	逨	ライ,きたる,つく,いたる,つかれる	rai,kitaru,tsuku,itaru,tsukareru	0,0,0,0,0	0,0,0,0,0	KANJIDIC,PYPINYIN,UNIHAN
U+9029	逩	ホン,カム,はしる	hon,kamu,hashiru	0,0,0	0,0,0	KANJIDIC,PYPINYIN,UNIHAN
U+902A	逪	サク,まじる,みだれる,そむく	saku,majiru,midareru,somuku	0,0,0,0	0,0,0,0	KANJIDIC,PYPINYIN,UNIHAN
U+902C	逬	ホウ,ヒョウ,ヘイ,はしる,ほとばしる,しりぞける,つかう	hou,hyou,hei,hashiru,hotobashiru,shirizokeru,tsukau	0,0,0,0,0,0,0	0,0,0,0,0,0,0	KANJIDIC,PYPINYIN,UNIHAN
U+902D	逭	カン,のがれる	kan,nogareru	0,0	0,0	KANJIDIC,PYPINYIN,UNIHAN
U+902E	逮	タイ	tai	0	0	KANJIDIC,PYPINYIN,UNIHAN,WORDSHK_CHARS
U+902F	逯	リョク,ロク,タイ,ダイ	ryoku,roku,tai,dai	0,0,0,0	0,0,0,0	KANJIDIC,PYPINYIN,UNIHAN
U+9031	週	シュウ	shuu	0	0	KANJIDIC,PYPINYIN,UNIHAN,WORDSHK_CHARS
U+9032	進	シン,すすむ,すすめる	shin,susumu,susumeru	0,0,0	0,0,0	KANJIDIC,PYPINYIN,UNIHAN,WORDSHK_CHARS
U+9033	逳	イク,めぐる,ゆく,あるく	iku,meguru,yuku,aruku	0,0,0,0	0,0,0,0	KANJIDIC,PYPINYIN,UNIHAN
U+9034	逴	タク,チャク,とおい	taku,chaku,tooi	0,0,0	0,0,0	KANJIDIC,PYPINYIN,UNIHAN
U+9035	逵	キ,おおじ	ki,ooji	0,0	0,0	KANJIDIC,PYPINYIN,UNIHAN
U+9036	逶	イ	i	0	0	KANJIDIC,PYPINYIN,UNIHAN
U+9037	逷	ケキ,チャク,テキ,とおい	keki,chaku,teki,tooi	0,0,0,0	0,0,0,0	KANJIDIC,PYPINYIN,UNIHAN
U+9038	逸	イツ,それる,そらす,はぐれる	itsu,soreru,sorasu,hagureru	0,0,0,0	0,0,0,0	KANJIDIC,PYPINYIN,UNIHAN,WORDSHK_CHARS
U+9039	逹	タツ,ダ,たち	tatsu,da,tachi	0,0,0	0,0,0	KANJIDIC,PYPINYIN,UNIHAN
U+903C	逼	フク,ヒツ,ヒョク,ヒキ,せまる,むかばき	fuku,hitsu,hyoku,hiki,semaru,mukabaki	0,0,0,0,0,0	0,0,0,0,0,0	KANJIDIC,PYPINYIN,UNIHAN,WORDSHK_CHARS
U+903E	逾	ユ,いよいよ,こえる	yu,iyoiyo,koeru	0,0,0	0,0,0	KANJIDIC,PYPINYIN,UNIHAN,WORDSHK_CHARS
U+903F	逿	トウ,すぎる	tou,sugiru	0,0	0,0	KANJIDIC,PYPINYIN,UNIHAN
U+9041	遁	トン,シュン,のがれる	ton,shun,nogareru	0,0,0	0,0,0	KANJIDIC,PYPINYIN,UNIHAN,WORDSHK_CHARS
U+9042	遂	スイ,とげる,ついに	sui,togeru,tsuini	0,0,0	0,0,0	KANJIDIC,PYPINYIN,UNIHAN,WORDSHK_CHARS
U+9043	遃	ゲン,ガン,ゆく,あそぶ	gen,gan,yuku,asobu	0,0,0,0	0,0,0,0	KANJIDIC,PYPINYIN,UNIHAN
U+9044	遄	セン,しばしば	sen,shibashiba	0,0	0,0	KANJIDIC,PYPINYIN,UNIHAN
U+9045	遅	チ,おくれる,おくらす,おそい	chi,okureru,okurasu,osoi	0,0,0,0	0,0,0,0	KANJIDIC,PYPINYIN,UNIHAN
U+9047	遇	グウ,あう	guu,au	0,0	0,0	KANJIDIC,PYPINYIN,UNIHAN,WORDSHK_CHARS
U+9049	遉	テイ,うかがう,さすが	tei,ukagau,sasuga	0,0,0	0,0,0	KANJIDIC,PYPINYIN,UNIHAN
U+904A	遊	ユウ,ユ,あそぶ,あそばす	yuu,yu,asobu,asobasu	0,0,0,0	0,0,0,0	KANJIDIC,PYPINYIN,UNIHAN,WORDSHK_CHARS
U+904B	運	ウン,はこぶ	un,hakobu	0,0	0,0	KANJIDIC,PYPINYIN,UNIHAN,WORDSHK_CHARS
U+904C	遌	ガク,であう	gaku,deau	0,0	0,0	KANJIDIC,PYPINYIN,UNIHAN
U+904D	遍	ヘン,あまねく	hen,amaneku	0,0	0,0	KANJIDIC,PYPINYIN,UNIHAN,WORDSHK_CHARS
U+904E	過	カ,すぎる,すごす,あやまち,あやまつ,よぎる	ka,sugiru,sugosu,ayamachi,ayamatsu,yogiru	0,0,0,0,0,0	0,0,0,0,0,0	KANJIDIC,PYPINYIN,UNIHAN,WORDSHK_CHARS
U+904F	遏	アツ,とどめる,とめる	atsu,todomeru,tomeru	0,0,0	0,0,0	KANJIDIC,PYPINYIN,UNIHAN,WORDSHK_CHARS
U+9050	遐	カ,とおい,なんぞ	ka,tooi,nanzo	0,0,0	0,0,0	KANJIDIC,PYPINYIN,UNIHAN,WORDSHK_CHARS
U+9051	遑	カン,コウ,いとま,ひま	kan,kou,itoma,hima	0,0,0,0	0,0,0,0	KANJIDIC,PYPINYIN,UNIHAN,WORDSHK_CHARS
U+9052	遒	シュウ,せまる,つよい	shuu,semaru,tsuyoi	0,0,0	0,0,0	KANJIDIC,PYPINYIN,UNIHAN
U+9053	道	ドウ,トウ,みち,いう	dou,tou,michi,iu	0,0,0,0	0,0,0,0	KANJIDIC,PYPINYIN,UNIHAN,WORDSHK_CHARS
U+9054	達	タツ,ダ,たち	tatsu,da,tachi	0,0,0	0,0,0	KANJIDIC,PYPINYIN,UNIHAN,WORDSHK_CHARS
U+9055	違	イ,ちがう,ちがい,ちがえる,たがう,たがえる	i,chigau,chigai,chigaeru,tagau,tagaeru	0,0,0,0,0,0	0,0,0,0,0,0	KANJIDIC,PYPINYIN,UNIHAN,WORDSHK_CHARS
U+9056	遖	あっぱれ	appare	0	0	KANJIDIC,PYPINYIN,UNIHAN
U+9058	遘	コウ,あう,まみえる	kou,au,mamieru	0,0,0	0,0,0	KANJIDIC,PYPINYIN,UNIHAN
U+9059	遙	ヨウ,はるか	you,haruka	0,0	0,0	KANJIDIC,PYPINYIN,UNIHAN,WORDSHK_CHARS
U+905B	遛	リュウ	ryuu	0	0	KANJIDIC,PYPINYIN,UNIHAN
U+905C	遜	ソン,したがう,へりくだる,ゆずる	son,shitagau,herikudaru,yuzuru	0,0,0,0	0,0,0,0	KANJIDIC,PYPINYIN,UNIHAN,WORDSHK_CHARS
U+905D	遝	トウ,いりまじる	tou,irimajiru	0,0	0,0	KANJIDIC,PYPINYIN,UNIHAN
U+905E	遞	テイ,かわる,たがいに	tei,kawaru,tagaini	0,0,0	0,0,0	KANJIDIC,PYPINYIN,UNIHAN,WORDSHK_CHARS
U+9060	遠	エン,オン,とおい	en,on,tooi	0,0,0	0,0,0	KANJIDIC,PYPINYIN,UNIHAN,WORDSHK_CHARS
U+9061	遡	ソ,サク,さかのぼる	so,saku,sakanoboru	0,0,0	0,0,0	KANJIDIC,PYPINYIN,UNIHAN
U+9062	遢	トウ	tou	0	0	KANJIDIC,PYPINYIN,UNIHAN,WORDSHK_CHARS
U+9063	遣	ケン,つかう,つかい,づかい,つかわす,やる	ken,tsukau,tsukai,zukai,tsukawasu,yaru	0,0,0,0,0,0	0,0,0,0,0,0	KANJIDIC,PYPINYIN,UNIHAN,WORDSHK_CHARS
U+9065	遥	ヨウ,はるか	you,haruka	0,0	0,0	KANJIDIC,PYPINYIN,UNIHAN
U+9066	遦	カン,ゆく,なれる,けがす	kan,yuku,nareru,kegasu	0,0,0,0	0,0,0,0	KANJIDIC,PYPINYIN,UNIHAN
U+9067	遧	ショウ,あきらか	shou,akiraka	0,0	0,0	KANJIDIC,PYPINYIN,UNIHAN
U+9068	遨	ゴウ,あそぶ	gou,asobu	0,0	0,0	KANJIDIC,PYPINYIN,UNIHAN,WORDSHK_CHARS
U+9069	適	テキ,かなう	teki,kanau	0,0	0,0	KANJIDIC,PYPINYIN,UNIHAN,WORDSHK_CHARS
U+906C	遬	チョク,ソク,すみやか,かわる,ちぢむ,こまかい,つつしむ	choku,soku,sumiyaka,kawaru,chijimu,komakai,tsutsushimu	0,0,0,0,0,0,0	0,0,0,0,0,0,0	KANJIDIC,PYPINYIN,UNIHAN
U+906D	遭	ソウ,あう,あわせる	sou,au,awaseru	0,0,0	0,0,0	KANJIDIC,PYPINYIN,UNIHAN,WORDSHK_CHARS
U+906E	遮	シャ,さえぎる	sha,saegiru	0,0	0,0	KANJIDIC,PYPINYIN,UNIHAN,WORDSHK_CHARS
U+906F	遯	トン,のがれる	ton,nogareru	0,0	0,0	KANJIDIC,PYPINYIN,UNIHAN,WORDSHK_CHARS
U+9070	遰	テイ,セイ,タイ,さる	tei,sei,tai,saru	0,0,0,0	0,0,0,0	KANJIDIC,PYPINYIN,UNIHAN
U+9072	遲	チ,おくれる,おくらす,おそい	chi,okureru,okurasu,osoi	0,0,0,0	0,0,0,0	KANJIDIC,PYPINYIN,UNIHAN,WORDSHK_CHARS
U+9074	遴	リン,なやむ	rin,nayamu	0,0	0,0	KANJIDIC,PYPINYIN,UNIHAN,WORDSHK_CHARS
U+9075	遵	ジュン	jun	0	0	KANJIDIC,PYPINYIN,UNIHAN,WORDSHK_CHARS
U+9076	遶	ニョウ,ジョウ,めぐる	nyou,jou,meguru	0,0,0	0,0,0	KANJIDIC,PYPINYIN,UNIHAN
U+9077	遷	セン,うつる,うつす,みやこがえ	sen,utsuru,utsusu,miyakogae	0,0,0,0	0,0,0,0	KANJIDIC,PYPINYIN,UNIHAN,WORDSHK_CHARS
U+9078	選	セン,えらぶ,える,よる	sen,erabu,eru,yoru	0,0,0,0	0,0,0,0	KANJIDIC,PYPINYIN,UNIHAN,WORDSHK_CHARS
U+9079	遹	イツ,イチ,シュツ,ジュチ,かたよる	itsu,ichi,shutsu,juchi,katayoru	0,0,0,0,0	0,0,0,0,0	KANJIDIC,PYPINYIN,UNIHAN
U+907A	遺	イ,ユイ,のこす	i,yui,nokosu	0,0,0	0,0,0	KANJIDIC,PYPINYIN,UNIHAN,WORDSHK_CHARS
U+907C	遼	リョウ	ryou	0	0	KANJIDIC,PYPINYIN,UNIHAN,WORDSHK_CHARS
U+907D	遽	キョ,あわてる,あわただしい,すみやか,にわか	kyo,awateru,awatadashii,sumiyaka,niwaka	0,0,0,0,0	0,0,0,0,0	KANJIDIC,PYPINYIN,UNIHAN
U+907F	避	ヒ,さける,よける	hi,sakeru,yokeru	0,0,0	0,0,0	KANJIDIC,PYPINYIN,UNIHAN,WORDSHK_CHARS
U+9080	邀	ヨウ,むかえる,もとめる	you,mukaeru,motomeru	0,0,0	0,0,0	KANJIDIC,PYPINYIN,UNIHAN,WORDSHK_CHARS
U+9081	邁	マイ,バイ,ゆく	mai,bai,yuku	0,0,0	0,0,0	KANJIDIC,PYPINYIN,UNIHAN,WORDSHK_CHARS
U+9082	邂	カイ,あう	kai,au	0,0	0,0	KANJIDIC,PYPINYIN,UNIHAN,WORDSHK_CHARS
U+9083	邃	スイ,おくぶかい	sui,okubukai	0,0	0,0	KANJIDIC,PYPINYIN,UNIHAN
U+9084	還	カン,かえる	kan,kaeru	0,0	0,0	KANJIDIC,PYPINYIN,UNIHAN,WORDSHK_CHARS
U+9085	邅	ケン,テン,なやむ	ken,ten,nayamu	0,0,0	0,0,0	KANJIDIC,PYPINYIN,UNIHAN
U+9087	邇	ジ,ニ,ちかい	ji,ni,chikai	0,0,0	0,0,0	KANJIDIC,PYPINYIN,UNIHAN,WORDSHK_CHARS
U+9088	邈	バク,マク,とおい	baku,maku,tooi	0,0,0	0,0,0	KANJIDIC,PYPINYIN,UNIHAN
U+9089	邉	ヘン,あたり,ほとり,べ	hen,atari,hotori,be	0,0,0,0	0,0,0,0	KANJIDIC,PYPINYIN,UNIHAN
U+908A	邊	ヘン,あたり,ほとり,べ	hen,atari,hotori,be	0,0,0,0	0,0,0,0	KANJIDIC,PYPINYIN,UNIHAN,WORDSHK_CHARS
U+908B	邋	リョウ,ロウ,くじく	ryou,rou,kujiku	0,0,0	0,0,0	KANJIDIC,PYPINYIN,UNIHAN,WORDSHK_CHARS
U+908C	邌	レイ,ライ,チ,ジ,ねる,おもむろ,おそい	rei,rai,chi,ji,neru,omomuro,osoi	0,0,0,0,0,0,0	0,0,0,0,0,0,0	KANJIDIC,PYPINYIN,UNIHAN
U+908E	邎	ホウ,ユウ	hou,yuu	0,0	0,0	KANJIDIC,PYPINYIN,UNIHAN
U+908F	邏	ラ,めぐる	ra,meguru	0,0	0,0	KANJIDIC,PYPINYIN,UNIHAN,WORDSHK_CHARS
U+9090	邐	リ,つづく	ri,tsuzuku	0,0	0,0	KANJIDIC,PYPINYIN,UNIHAN
U+9091	邑	ユウ,むら	yuu,mura	0,0	0,0	KANJIDIC,PYPINYIN,UNIHAN,WORDSHK_CHARS
U+9095	邕	ヨウ,ユ	you,yu	0,0	0,0	KANJIDIC,PYPINYIN,UNIHAN
U+9097	邗	カン	kan	0	0	KANJIDIC,PYPINYIN,UNIHAN
U+9098	邘	ウ,ク	u,ku	0,0	0,0	KANJIDIC,PYPINYIN,UNIHAN
U+9099	邙	ボウ,モウ	bou,mou	0,0	0,0	KANJIDIC,PYPINYIN,UNIHAN
U+909B	邛	キョウ,グ	kyou,gu	0,0	0,0	KANJIDIC,PYPINYIN,UNIHAN
U+90A0	邠	ヒン	hin	0	0	KANJIDIC,PYPINYIN,UNIHAN
U+90A1	邡	ホウ,はかる	hou,hakaru	0,0	0,0	KANJIDIC,PYPINYIN,UNIHAN
U+90A2	邢	ケイ,ギョウ	kei,gyou	0,0	0,0	KANJIDIC,PYPINYIN,UNIHAN
U+90A3	那	ナ,ダ,なに,なんぞ,いかん	na,da,nani,nanzo,ikan	0,0,0,0,0	0,0,0,0,0	KANJIDIC,PYPINYIN,UNIHAN,WORDSHK_CHARS
U+90A5	邥	シン	shin	0	0	KANJIDIC,PYPINYIN,UNIHAN
U+90A6	邦	ホウ,くに	hou,kuni	0,0	0,0	KANJIDIC,PYPINYIN,UNIHAN,WORDSHK_CHARS
U+90A8	邨	ソン,むら	son,mura	0,0	0,0	KANJIDIC,PYPINYIN,UNIHAN,WORDSHK_CHARS
U+90AA	邪	ジャ,よこしま	ja,yokoshima	0,0	0,0	KANJIDIC,PYPINYIN,UNIHAN,WORDSHK_CHARS
U+90AF	邯	カン	kan	0	0	KANJIDIC,PYPINYIN,UNIHAN
U+90B0	邰	タイ	tai	0	0	KANJIDIC,PYPINYIN,UNIHAN
U+90B1	邱	キュウ,おか	kyuu,oka	0,0	0,0	KANJIDIC,PYPINYIN,UNIHAN,WORDSHK_CHARS
U+90B2	邲	ヒツ,ビチ,ヒ	hitsu,bichi,hi	0,0,0	0,0,0	KANJIDIC,PYPINYIN,UNIHAN
U+90B3	邳	ヒ	hi	0	0	KANJIDIC,PYPINYIN,UNIHAN
U+90B4	邴	ヘイ,ヒョウ	hei,hyou	0,0	0,0	KANJIDIC,PYPINYIN,UNIHAN
U+90B5	邵	ショウ	shou	0	0	KANJIDIC,PYPINYIN,UNIHAN,WORDSHK_CHARS
U+90B6	邶	ハイ	hai	0	0	KANJIDIC,PYPINYIN,UNIHAN
U+90B8	邸	テイ,やしき	tei,yashiki	0,0	0,0	KANJIDIC,PYPINYIN,UNIHAN,WORDSHK_CHARS
U+90BD	邽	ケイ,ケ	kei,ke	0,0	0,0	KANJIDIC,PYPINYIN,UNIHAN
U+90BE	邾	チュ,シュ	chu,shu	0,0	0,0	KANJIDIC,PYPINYIN,UNIHAN
U+90C1	郁	イク	iku	0	0	KANJIDIC,PYPINYIN,UNIHAN,WORDSHK_CHARS
U+90C3	郃	コウ,ギョウ,あう	kou,gyou,au	0,0,0	0,0,0	KANJIDIC,PYPINYIN,UNIHAN
U+90C4	郄	ケキ,キャク	keki,kyaku	0,0	0,0	KANJIDIC,PYPINYIN,UNIHAN
U+90C5	郅	シツ,シチ,チツ,チチ,いたる	shitsu,shichi,chitsu,chichi,itaru	0,0,0,0,0	0,0,0,0,0	KANJIDIC,PYPINYIN,UNIHAN
U+90C7	郇	シュン,カン	shun,kan	0,0	0,0	KANJIDIC,PYPINYIN,UNIHAN
U+90C8	郈	コウ,ク	kou,ku	0,0	0,0	KANJIDIC,PYPINYIN,UNIHAN
U+90CA	郊	コウ	kou	0	0	KANJIDIC,PYPINYIN,UNIHAN,WORDSHK_CHARS
U+90CC	郌	ケイ,ケ	kei,ke	0,0	0,0	KANJIDIC,PYPINYIN,UNIHAN
U+90CE	郎	ロウ,リョウ,おとこ	rou,ryou,otoko	0,0,0	0,0,0	KANJIDIC,PYPINYIN,UNIHAN,WORDSHK_CHARS
U+90D2	郒	ロウ,リョウ,おとこ	rou,ryou,otoko	0,0,0	0,0,0	KANJIDIC,PYPINYIN,UNIHAN
U+90D5	郕	セイ,ジョウ	sei,jou	0,0	0,0	KANJIDIC,PYPINYIN,UNIHAN
U+90D7	郗	チ,キ,ケ	chi,ki,ke	0,0,0	0,0,0	KANJIDIC,PYPINYIN,UNIHAN
U+90D8	郘	リョ,ロ	ryo,ro	0,0	0,0	KANJIDIC,PYPINYIN,UNIHAN
U+90D9	郙	フ	fu	0	0	KANJIDIC,PYPINYIN,UNIHAN
U+90DB	郛	フ,くるわ	fu,kuruwa	0,0	0,0	KANJIDIC,PYPINYIN,UNIHAN
U+90DC	郜	コウ,コク	kou,koku	0,0	0,0	KANJIDIC,PYPINYIN,UNIHAN
U+90DD	郝	カク,セキ,シャク	kaku,seki,shaku	0,0,0	0,0,0	KANJIDIC,PYPINYIN,UNIHAN,WORDSHK_CHARS
U+90DE	郞	ロウ,おとこ	rou,otoko	0,0	0,0	KANJIDIC,PYPINYIN,UNIHAN
U+90DF	郟	コウ,キョウ	kou,kyou	0,0	0,0	KANJIDIC,PYPINYIN,UNIHAN
U+90E1	郡	グン,こおり	gun,koori	0,0	0,0	KANJIDIC,PYPINYIN,UNIHAN,WORDSHK_CHARS
U+90E2	郢	エイ	ei	0	0	KANJIDIC,PYPINYIN,UNIHAN
U+90E4	郤	ゲキ,キャク,ケキ	geki,kyaku,keki	0,0,0	0,0,0	KANJIDIC,PYPINYIN,UNIHAN
U+90E5	郥	ハイ	hai	0	0	KANJIDIC,PYPINYIN,UNIHAN
U+90E8	部	ブ,べ	bu,be	0,0	0,0	KANJIDIC,PYPINYIN,UNIHAN,WORDSHK_CHARS
U+90EB	郫	ヒ,ハイ	hi,hai	0,0	0,0	KANJIDIC,PYPINYIN,UNIHAN
U+90ED	郭	カク,くるわ	kaku,kuruwa	0,0	0,0	KANJIDIC,PYPINYIN,UNIHAN,WORDSHK_CHARS
U+90EF	郯	タン	tan	0	0	KANJIDIC,PYPINYIN,UNIHAN
U+90F0	郰	ショウ,シュウ,シュ,サン	shou,shuu,shu,san	0,0,0,0	0,0,0,0	KANJIDIC,PYPINYIN,UNIHAN
U+90F4	郴	チン	chin	0	0	KANJIDIC,PYPINYIN,UNIHAN
U+90F5	郵	ユウ	yuu	0	0	KANJIDIC,PYPINYIN,UNIHAN,WORDSHK_CHARS
U+90F6	郶	ブ,ベ	bu,be	0,0	0,0	KANJIDIC,PYPINYIN,UNIHAN
U+90F7	郷	キョウ,ゴウ,さと	kyou,gou,sato	0,0,0	0,0,0	KANJIDIC,PYPINYIN,UNIHAN
U+90FD	都	ト,ツ,みやこ	to,tsu,miyako	0,0,0	0,0,0	KANJIDIC,PYPINYIN,UNIHAN,WORDSHK_CHARS
U+90FE	郾	エン,オン	en,on	0,0	0,0	KANJIDIC,PYPINYIN,UNIHAN
U+90FF	郿	ビ,ミ	bi,mi	0,0	0,0	KANJIDIC,PYPINYIN,UNIHAN
U+9100	鄀	ジャク,ニャク,チャク	jaku,nyaku,chaku	0,0,0	0,0,0	KANJIDIC,PYPINYIN,UNIHAN
U+9102	鄂	ガク	gaku	0	0	KANJIDIC,PYPINYIN,UNIHAN,WORDSHK_CHARS
U+9104	鄄	ケン,セン,シン,イン	ken,sen,shin,in	0,0,0,0	0,0,0,0	KANJIDIC,PYPINYIN,UNIHAN
U+9105	鄅	ウ	u	0	0	KANJIDIC,PYPINYIN,UNIHAN
U+9106	鄆	ウン	un	0	0	KANJIDIC,PYPINYIN,UNIHAN
U+9108	鄈	キ	ki	0	0	KANJIDIC,PYPINYIN,UNIHAN
U+910D	鄍	ベイ,メイ,ミョウ	bei,mei,myou	0,0,0	0,0,0	KANJIDIC,PYPINYIN,UNIHAN
U+9110	鄐	チク,キク	chiku,kiku	0,0	0,0	KANJIDIC,PYPINYIN,UNIHAN
U+9112	鄒	スウ,シュ,シュウ	suu,shu,shuu	0,0,0	0,0,0	KANJIDIC,PYPINYIN,UNIHAN,WORDSHK_CHARS
U+9114	鄔	オ,ウ,ヨ	o,u,yo	0,0,0	0,0,0	KANJIDIC,PYPINYIN,UNIHAN
U+9115	鄕	キョウ,ゴウ,さと,ふるさと,さきに	kyou,gou,sato,furusato,sakini	0,0,0,0,0	0,0,0,0,0	KANJIDIC,PYPINYIN,UNIHAN
U+9116	鄖	ウン	un	0	0	KANJIDIC,PYPINYIN,UNIHAN
U+9117	鄗	コウ,カク	kou,kaku	0,0	0,0	KANJIDIC,PYPINYIN,UNIHAN
U+9118	鄘	ヨウ,ユ	you,yu	0,0	0,0	KANJIDIC,PYPINYIN,UNIHAN
U+9119	鄙	ヒ,ひな,ひなびる,いやしい	hi,hina,hinabiru,iyashii	0,0,0,0	0,0,0,0	KANJIDIC,PYPINYIN,UNIHAN,WORDSHK_CHARS
U+911A	鄚	バク,マク	baku,maku	0,0	0,0	KANJIDIC,PYPINYIN,UNIHAN
U+911C	鄜	フ,ロク	fu,roku	0,0	0,0	KANJIDIC,PYPINYIN,UNIHAN
U+911E	鄞	ギン,ゴン	gin,gon	0,0	0,0	KANJIDIC,PYPINYIN,UNIHAN
U+9120	鄠	コ	ko	0	0	KANJIDIC,PYPINYIN,UNIHAN
U+9122	鄢	エン,オン	en,on	0,0	0,0	KANJIDIC,PYPINYIN,UNIHAN
U+9123	鄣	ショウ	shou	0	0	KANJIDIC,PYPINYIN,UNIHAN
U+9125	鄥	キョウ	kyou	0	0	KANJIDIC,PYPINYIN,UNIHAN
U+9127	鄧	トウ	tou	0	0	KANJIDIC,PYPINYIN,UNIHAN,WORDSHK_CHARS
U+9129	鄩	シン	shin	0	0	KANJIDIC,PYPINYIN,UNIHAN
U+912D	鄭	テイ,ジョウ	tei,jou	0,0	0,0	KANJIDIC,PYPINYIN,UNIHAN,WORDSHK_CHARS
U+912E	鄮	ボウ,モ	bou,mo	0,0	0,0	KANJIDIC,PYPINYIN,UNIHAN
U+912F	鄯	セン	sen	0	0	KANJIDIC,PYPINYIN,UNIHAN
U+9130	鄰	リン,となる,となり	rin,tonaru,tonari	0,0,0	0,0,0	KANJIDIC,PYPINYIN,UNIHAN,WORDSHK_CHARS
U+9131	鄱	ハ,ヒ,ハン	ha,hi,han	0,0,0	0,0,0	KANJIDIC,PYPINYIN,UNIHAN
U+9132	鄲	タン	tan	0	0	KANJIDIC,PYPINYIN,UNIHAN
U+9134	鄴	ギョウ,ゴウ	gyou,gou	0,0	0,0	KANJIDIC,PYPINYIN,UNIHAN
U+9136	鄶	カイ,ケ	kai,ke	0,0	0,0	KANJIDIC,PYPINYIN,UNIHAN
U+9137	鄷	ホウ	hou	0	0	KANJIDIC,PYPINYIN,UNIHAN
U+9139	鄹	シュウ,シュ	shuu,shu	0,0	0,0	KANJIDIC,PYPINYIN,UNIHAN
U+913A	鄺	コウ	kou	0	0	KANJIDIC,PYPINYIN,UNIHAN,WORDSHK_CHARS
U+913C	鄼	サン,サ,あつまる	san,sa,atsumaru	0,0,0	0,0,0	KANJIDIC,PYPINYIN,UNIHAN
U+913D	鄽	テン,みせ,やしき,たな	ten,mise,yashiki,tana	0,0,0,0	0,0,0,0	KANJIDIC,PYPINYIN,UNIHAN
U+9143	酃	レイ,リョウ	rei,ryou	0,0	0,0	KANJIDIC,PYPINYIN,UNIHAN
U+9146	酆	フウ,ホウ	fuu,hou	0,0	0,0	KANJIDIC,PYPINYIN,UNIHAN
U+9147	酇	サン,サ,あつまる	san,sa,atsumaru	0,0,0	0,0,0	KANJIDIC,PYPINYIN,UNIHAN
U+9148	酈	リ,レキ,リャク	ri,reki,ryaku	0,0,0	0,0,0	KANJIDIC,PYPINYIN,UNIHAN
U+9149	酉	ユウ,とり	yuu,tori	0,0	0,0	KANJIDIC,PYPINYIN,UNIHAN,WORDSHK_CHARS
U+914A	酊	テイ,よう	tei,you	0,0	0,0	KANJIDIC,PYPINYIN,UNIHAN
U+914B	酋	シュウ,ジュ,おさ,ふるざけ,さけのつかさ	shuu,ju,osa,furuzake,sakenotsukasa	0,0,0,0,0	0,0,0,0,0	KANJIDIC,PYPINYIN,UNIHAN,WORDSHK_CHARS
U+914C	酌	シャク,くむ	shaku,kumu	0,0	0,0	KANJIDIC,PYPINYIN,UNIHAN,WORDSHK_CHARS
U+914D	配	ハイ,くばる	hai,kubaru	0,0	0,0	KANJIDIC,PYPINYIN,UNIHAN,WORDSHK_CHARS
U+914E	酎	チュウ,チュ,かもす	chuu,chu,kamosu	0,0,0	0,0,0	KANJIDIC,PYPINYIN,UNIHAN
U+914F	酏	イ,きびさけ,あまさけ,よねさけ	i,kibisake,amasake,yonesake	0,0,0,0	0,0,0,0	KANJIDIC,PYPINYIN,UNIHAN
U+9152	酒	シュ,さけ,さか	shu,sake,saka	0,0,0	0,0,0	KANJIDIC,PYPINYIN,UNIHAN,WORDSHK_CHARS
U+9153	酓	エン,タン,ドン,カン,コン,にがい	en,tan,don,kan,kon,nigai	0,0,0,0,0,0	0,0,0,0,0,0	KANJIDIC,PYPINYIN,UNIHAN
U+9154	酔	スイ,よう,よい,よ	sui,you,yoi,yo	0,0,0,0	0,0,0,0	KANJIDIC,PYPINYIN,UNIHAN
U+9156	酖	タン,チン,ふける	tan,chin,fukeru	0,0,0	0,0,0	KANJIDIC,PYPINYIN,UNIHAN
U+9157	酗	ク	ku	0	0	KANJIDIC,PYPINYIN,UNIHAN,WORDSHK_CHARS
U+9158	酘	トウ	tou	0	0	KANJIDIC,PYPINYIN,UNIHAN
U+9159	酙	シン,くむ	shin,kumu	0,0	0,0	KANJIDIC,PYPINYIN,UNIHAN
U+915A	酚	フン	fun	0	0	KANJIDIC,PYPINYIN,UNIHAN
U+915B	酛	さけのもと,もと	sakenomoto,moto	0,0	0,0	KANJIDIC,PYPINYIN,UNIHAN
U+9161	酡	タ,あからむ	ta,akaramu	0,0	0,0	KANJIDIC,PYPINYIN,UNIHAN,WORDSHK_CHARS
U+9162	酢	サク,す	saku,su	0,0	0,0	KANJIDIC,PYPINYIN,UNIHAN,WORDSHK_CHARS
U+9163	酣	カン,たけなわ	kan,takenawa	0,0	0,0	KANJIDIC,PYPINYIN,UNIHAN,WORDSHK_CHARS
U+9164	酤	コ,ク,ひとよざけ	ko,ku,hitoyozake	0,0,0	0,0,0	KANJIDIC,PYPINYIN,UNIHAN
U+9165	酥	ソ	so	0	0	KANJIDIC,PYPINYIN,UNIHAN,WORDSHK_CHARS
U+9167	酧	シュウ,シュ,トウ,むくいる	shuu,shu,tou,mukuiru	0,0,0,0	0,0,0,0	KANJIDIC,PYPINYIN,UNIHAN
U+9169	酩	メイ,よう	mei,you	0,0	0,0	KANJIDIC,PYPINYIN,UNIHAN
U+916A	酪	ラク	raku	0	0	KANJIDIC,PYPINYIN,UNIHAN,WORDSHK_CHARS
U+916C	酬	シュウ,シュ,トウ,むくいる	shuu,shu,tou,mukuiru	0,0,0,0	0,0,0,0	KANJIDIC,PYPINYIN,UNIHAN,WORDSHK_CHARS
U+916D	酭	ユウ,ユ,むくいる	yuu,yu,mukuiru	0,0,0	0,0,0	KANJIDIC,PYPINYIN,UNIHAN
U+9172	酲	テイ	tei	0	0	KANJIDIC,PYPINYIN,UNIHAN
U+9173	酳	シン,イン	shin,in	0,0	0,0	KANJIDIC,PYPINYIN,UNIHAN
U+9174	酴	ト,ズ,さけのもと	to,zu,sakenomoto	0,0,0	0,0,0	KANJIDIC,PYPINYIN,UNIHAN
U+9175	酵	コウ	kou	0	0	KANJIDIC,PYPINYIN,UNIHAN,WORDSHK_CHARS
U+9177	酷	コク,ひどい	koku,hidoi	0,0	0,0	KANJIDIC,PYPINYIN,UNIHAN,WORDSHK_CHARS
U+9178	酸	サン,すい	san,sui	0,0	0,0	KANJIDIC,PYPINYIN,UNIHAN,WORDSHK_CHARS
U+9179	酹	ライ,ルイ,ラツ,ラチ,そそぐ	rai,rui,ratsu,rachi,sosogu	0,0,0,0,0	0,0,0,0,0	KANJIDIC,PYPINYIN,UNIHAN,WORDSHK_CHARS
U+917A	酺	ホ,ブ,うたげ	ho,bu,utage	0,0,0	0,0,0	KANJIDIC,PYPINYIN,UNIHAN
U+917B	酻	スイ,よいしれる	sui,yoishireru	0,0	0,0	KANJIDIC,PYPINYIN,UNIHAN
U+9181	醁	リョク,ロク,うまざけ	ryoku,roku,umazake	0,0,0	0,0,0	KANJIDIC,PYPINYIN,UNIHAN
U+9182	醂	ラン,リン,あわす,さわす	ran,rin,awasu,sawasu	0,0,0,0	0,0,0,0	KANJIDIC,PYPINYIN,UNIHAN,WORDSHK_CHARS
U+9183	醃	エン,アン,オン	en,an,on	0,0,0	0,0,0	KANJIDIC,PYPINYIN,UNIHAN,WORDSHK_CHARS
U+9185	醅	ハイ,フウ,フ,どぶろく	hai,fuu,fu,doburoku	0,0,0,0	0,0,0,0	KANJIDIC,PYPINYIN,UNIHAN
U+9186	醆	サン,セン,さかずき	san,sen,sakazuki	0,0,0	0,0,0	KANJIDIC,PYPINYIN,UNIHAN
U+9187	醇	ジュン,シュン,もっぱら,こい,あつい	jun,shun,moppara,koi,atsui	0,0,0,0,0	0,0,0,0,0	KANJIDIC,PYPINYIN,UNIHAN,WORDSHK_CHARS
U+9189	醉	スイ,よう,よい	sui,you,yoi	0,0,0	0,0,0	KANJIDIC,PYPINYIN,UNIHAN,WORDSHK_CHARS
U+918A	醊	テツ,テチ,チイ,まつる	tetsu,techi,chii,matsuru	0,0,0,0	0,0,0,0	KANJIDIC,PYPINYIN,UNIHAN
U+918B	醋	サク,す	saku,su	0,0	0,0	KANJIDIC,PYPINYIN,UNIHAN,WORDSHK_CHARS
U+918D	醍	ダイ,タイ,テイ	dai,tai,tei	0,0,0	0,0,0	KANJIDIC,PYPINYIN,UNIHAN
U+918E	醎	カン,ダイ,からい,しおからい,しおけ,せいしゅ	kan,dai,karai,shiokarai,shioke,seishu	0,0,0,0,0,0	0,0,0,0,0,0	KANJIDIC,PYPINYIN,UNIHAN
U+9190	醐	ゴ,コ	go,ko	0,0	0,0	KANJIDIC,PYPINYIN,UNIHAN
U+9191	醑	ショ,うまざけ	sho,umazake	0,0	0,0	KANJIDIC,PYPINYIN,UNIHAN
U+9192	醒	セイ,さます,さめる	sei,samasu,sameru	0,0,0	0,0,0	KANJIDIC,PYPINYIN,UNIHAN,WORDSHK_CHARS
U+9193	醓	タン,トン,ひしお	tan,ton,hishio	0,0,0	0,0,0	KANJIDIC,PYPINYIN,UNIHAN
U+9194	醔	シュウ,ジュ,おさ,ふるざけ,さけのつかさ	shuu,ju,osa,furuzake,sakenotsukasa	0,0,0,0,0	0,0,0,0,0	KANJIDIC,PYPINYIN,UNIHAN
U+9195	醕	シュン,もっぱら,こい,あつし	shun,moppara,koi,atsushi	0,0,0,0	0,0,0,0	KANJIDIC,PYPINYIN,UNIHAN
U+9197	醗	ハツ,かもす	hatsu,kamosu	0,0	0,0	KANJIDIC,PYPINYIN,UNIHAN
U+9198	醘	コウ,さかだる,さかずき	kou,sakadaru,sakazuki	0,0,0	0,0,0	KANJIDIC,PYPINYIN,UNIHAN
U+919C	醜	シュウ,みにくい,しこ	shuu,minikui,shiko	0,0,0	0,0,0	KANJIDIC,PYPINYIN,UNIHAN,WORDSHK_CHARS
U+919E	醞	ウン,かもす	un,kamosu	0,0	0,0	KANJIDIC,PYPINYIN,UNIHAN
U+91A1	醡	サ,シャ	sa,sha	0,0	0,0	KANJIDIC,PYPINYIN,UNIHAN
U+91A2	醢	カイ,ひしお,ししびしお,しおから	kai,hishio,shishibishio,shiokara	0,0,0,0	0,0,0,0	KANJIDIC,PYPINYIN,UNIHAN
U+91A4	醤	ショウ,ひしお	shou,hishio	0,0	0,0	KANJIDIC,PYPINYIN,UNIHAN
U+91A6	醦	サン,シン,セン,す,すい	san,shin,sen,su,sui	0,0,0,0,0	0,0,0,0,0	KANJIDIC,PYPINYIN,UNIHAN
U+91A8	醨	リ,うすざけ	ri,usuzake	0,0	0,0	KANJIDIC,PYPINYIN,UNIHAN
U+91AA	醪	ロウ,もろみ,にごりざけ	rou,moromi,nigorizake	0,0,0	0,0,0	KANJIDIC,PYPINYIN,UNIHAN
U+91AB	醫	イ,いやす,いする,くすし	i,iyasu,isuru,kusushi	0,0,0,0	0,0,0,0	KANJIDIC,PYPINYIN,UNIHAN,WORDSHK_CHARS
U+91AC	醬	ショウ,ひしお	shou,hishio	0,0	0,0	KANJIDIC,PYPINYIN,UNIHAN,WORDSHK_CHARS
U+91AD	醭	ホク,かび	hoku,kabi	0,0	0,0	KANJIDIC,PYPINYIN,UNIHAN
U+91AE	醮	ショウ,まつる	shou,matsuru	0,0	0,0	KANJIDIC,PYPINYIN,UNIHAN,WORDSHK_CHARS
U+91AF	醯	ケイ,カイ	kei,kai	0,0	0,0	KANJIDIC,PYPINYIN,UNIHAN
U+91B0	醰	タン,ドン	tan,don	0,0	0,0	KANJIDIC,PYPINYIN,UNIHAN
U+91B1	醱	ハツ,かもす	hatsu,kamosu	0,0	0,0	KANJIDIC,PYPINYIN,UNIHAN
U+91B2	醲	ジョウ,ニュ,ドウ,ニョウ	jou,nyu,dou,nyou	0,0,0,0	0,0,0,0	KANJIDIC,PYPINYIN,UNIHAN
U+91B3	醳	エキ,ヤク,セキ,シャク	eki,yaku,seki,shaku	0,0,0,0	0,0,0,0	KANJIDIC,PYPINYIN,UNIHAN
U+91B4	醴	レイ,ライ,あまざけ	rei,rai,amazake	0,0,0	0,0,0	KANJIDIC,PYPINYIN,UNIHAN
U+91B5	醵	キョ	kyo	0	0	KANJIDIC,PYPINYIN,UNIHAN
U+91B6	醶	ゲン,ラン,サン,カン,す,すい,しおからい	gen,ran,san,kan,su,sui,shiokarai	0,0,0,0,0,0,0	0,0,0,0,0,0,0	KANJIDIC,PYPINYIN,UNIHAN
U+91B8	醸	ジョウ,かもす	jou,kamosu	0,0	0,0	KANJIDIC,PYPINYIN,UNIHAN
U+91BA	醺	クン,よう	kun,you	0,0	0,0	KANJIDIC,PYPINYIN,UNIHAN,WORDSHK_CHARS
U+91BB	醻	シュウ,シュ,トウ,むくいる	shuu,shu,tou,mukuiru	0,0,0,0	0,0,0,0	KANJIDIC,PYPINYIN,UNIHAN
U+91BC	醼	エン,さかもり	en,sakamori	0,0	0,0	KANJIDIC,PYPINYIN,UNIHAN
U+91BD	醽	レイ,リョウ	rei,ryou	0,0	0,0	KANJIDIC,PYPINYIN,UNIHAN
U+91BF	醿	ビ	bi	0	0	KANJIDIC,PYPINYIN,UNIHAN
U+91C0	釀	ジョウ,かもす	jou,kamosu	0,0	0,0	KANJIDIC,PYPINYIN,UNIHAN,WORDSHK_CHARS
U+91C1	釁	キン,ちぬる,すき,ひま	kin,chinuru,suki,hima	0,0,0,0	0,0,0,0	KANJIDIC,PYPINYIN,UNIHAN,WORDSHK_CHARS
U+91C2	釂	ショウ,のみほす	shou,nomihosu	0,0	0,0	KANJIDIC,PYPINYIN,UNIHAN
U+91C3	釃	シ,ショ,ソ,こす	shi,sho,so,kosu	0,0,0,0	0,0,0,0	KANJIDIC,PYPINYIN,UNIHAN
U+91C5	釅	ゲン,す,さけ,こい	gen,su,sake,koi	0,0,0,0	0,0,0,0	KANJIDIC,PYPINYIN,UNIHAN
U+91C6	釆	ハン,ベン,サイ,とる,いろどり,のごめ	han,ben,sai,toru,irodori,nogome	0,0,0,0,0,0	0,0,0,0,0,0	KANJIDIC,PYPINYIN,UNIHAN
U+91C7	采	サイ,とる,いろどり	sai,toru,irodori	0,0,0	0,0,0	KANJIDIC,PYPINYIN,UNIHAN,WORDSHK_CHARS
U+91C8	釈	シャク,セキ,とく,すてる,ゆるす	shaku,seki,toku,suteru,yurusu	0,0,0,0,0	0,0,0,0,0	KANJIDIC,PYPINYIN,UNIHAN
U+91C9	釉	ユウ,うわぐすり	yuu,uwagusuri	0,0	0,0	KANJIDIC,PYPINYIN,UNIHAN
U+91CB	釋	シャク,セキ,とく,すてる,ゆるす	shaku,seki,toku,suteru,yurusu	0,0,0,0,0	0,0,0,0,0	KANJIDIC,PYPINYIN,UNIHAN,WORDSHK_CHARS
U+91CC	里	リ,さと	ri,sato	0,0	0,0	KANJIDIC,PYPINYIN,UNIHAN,WORDSHK_CHARS
U+91CD	重	ジュウ,チョウ,え,おもい,おもり,おもなう,かさねる,かさなる,おも	juu,chou,e,omoi,omori,omonau,kasaneru,kasanaru,omo	0,0,0,0,0,0,0,0,0	0,0,0,0,0,0,0,0,0	KANJIDIC,PYPINYIN,UNIHAN,WORDSHK_CHARS
U+91CE	野	ヤ,ショ,の	ya,sho,no	0,0,0	0,0,0	KANJIDIC,PYPINYIN,UNIHAN,WORDSHK_CHARS
U+91CF	量	リョウ,はかる	ryou,hakaru	0,0	0,0	KANJIDIC,PYPINYIN,UNIHAN,WORDSHK_CHARS
U+91D0	釐	リ,おさめる,さいわい,りん	ri,osameru,saiwai,rin	0,0,0,0	0,0,0,0	KANJIDIC,PYPINYIN,UNIHAN,WORDSHK_CHARS
U+91D1	金	キン,コン,ゴン,かね,かな,がね	kin,kon,gon,kane,kana,gane	0,0,0,0,0,0	0,0,0,0,0,0	KANJIDIC,PYPINYIN,UNIHAN,WORDSHK_CHARS
U+91D3	釓	ヒュウ,グ,キュウ,ワン,いしゆみ	hyuu,gu,kyuu,wan,ishiyumi	0,0,0,0,0	0,0,0,0,0	KANJIDIC,PYPINYIN,UNIHAN
U+91D4	釔	イツ,イットリウム	itsu,ittoriumu	0,0	0,0	KANJIDIC,PYPINYIN,UNIHAN,WORDSHK_CHARS
U+91D6	釖	トウ,かたな,そり	tou,katana,sori	0,0,0	0,0,0	KANJIDIC,PYPINYIN,UNIHAN
U+91D7	釗	ショウ,キョウ,ソウ,けずる	shou,kyou,sou,kezuru	0,0,0,0	0,0,0,0	KANJIDIC,PYPINYIN,UNIHAN
U+91D8	釘	テイ,チョウ,くぎ	tei,chou,kugi	0,0,0	0,0,0	KANJIDIC,PYPINYIN,UNIHAN,WORDSHK_CHARS
U+91D9	釙	ハク,あらがね,ポロニウム	haku,aragane,poroniumu	0,0,0	0,0,0	KANJIDIC,PYPINYIN,UNIHAN
U+91DA	釚	ヒュウ,グ,キュウ,ワン,いしゆみ	hyuu,gu,kyuu,wan,ishiyumi	0,0,0,0,0	0,0,0,0,0	KANJIDIC,PYPINYIN,UNIHAN
U+91DB	釛	コク,かね	koku,kane	0,0	0,0	KANJIDIC,PYPINYIN,UNIHAN
U+91DC	釜	フ,かま	fu,kama	0,0	0,0	KANJIDIC,PYPINYIN,UNIHAN,WORDSHK_CHARS
U+91DD	針	シン,はり	shin,hari	0,0	0,0	KANJIDIC,PYPINYIN,UNIHAN,WORDSHK_CHARS
U+91DE	釞	チュウ,シュウ,するどい	chuu,shuu,surudoi	0,0,0	0,0,0	KANJIDIC,PYPINYIN,UNIHAN
U+91DF	釟	ハチ,ハツ	hachi,hatsu	0,0	0,0	KANJIDIC,PYPINYIN,UNIHAN
U+91E1	釡	フ,かま	fu,kama	0,0	0,0	KANJIDIC,PYPINYIN,UNIHAN
U+91E3	釣	チョウ,つる,つり	chou,tsuru,tsuri	0,0,0	0,0,0	KANJIDIC,PYPINYIN,UNIHAN,WORDSHK_CHARS
U+91E4	釤	サン,セン,おおがま	san,sen,oogama	0,0,0	0,0,0	KANJIDIC,PYPINYIN,UNIHAN
U+91E5	釥	ショウ,よいかね,よい,みめよい,するどい,こまかい,かすか	shou,yoikane,yoi,mimeyoi,surudoi,komakai,kasuka	0,0,0,0,0,0,0	0,0,0,0,0,0,0	KANJIDIC,PYPINYIN,UNIHAN
U+91E6	釦	コウ,ク,ぼたん	kou,ku,botan	0,0,0	0,0,0	KANJIDIC,PYPINYIN,UNIHAN,WORDSHK_CHARS
U+91E7	釧	セン,くしろ,うでわ	sen,kushiro,udewa	0,0,0	0,0,0	KANJIDIC,PYPINYIN,UNIHAN
U+91E9	釩	ハン,ホン,はらう	han,hon,harau	0,0,0	0,0,0	KANJIDIC,PYPINYIN,UNIHAN,WORDSHK_CHARS
U+91EA	釪	ウ	u	0	0	KANJIDIC,PYPINYIN,UNIHAN
U+91EC	釬	カン,こて	kan,kote	0,0	0,0	KANJIDIC,PYPINYIN,UNIHAN
U+91ED	釭	コウ,ク,かりも	kou,ku,karimo	0,0,0	0,0,0	KANJIDIC,PYPINYIN,UNIHAN
U+91EE	釮	セイ,セン,ザイ,するどい	sei,sen,zai,surudoi	0,0,0,0	0,0,0,0	KANJIDIC,PYPINYIN,UNIHAN
U+91EF	釯	ボウ,ほこさき,きっさき	bou,hokosaki,kissaki	0,0,0	0,0,0	KANJIDIC,PYPINYIN,UNIHAN
U+91F0	釰	ジツ,ニチ,にぶい	jitsu,nichi,nibui	0,0,0	0,0,0	KANJIDIC,PYPINYIN,UNIHAN
U+91F1	釱	テイ,ダイ,タイ,あしかせ	tei,dai,tai,ashikase	0,0,0,0	0,0,0,0	KANJIDIC,PYPINYIN,UNIHAN
U+91F5	釵	サイ,サ,かざし,かんざし	sai,sa,kazashi,kanzashi	0,0,0,0	0,0,0,0	KANJIDIC,PYPINYIN,UNIHAN,WORDSHK_CHARS
U+91F6	釶	シ	shi	0	0	KANJIDIC,PYPINYIN,UNIHAN
U+91F7	釷	ト,トリウム	to,toriumu	0,0	0,0	KANJIDIC,PYPINYIN,UNIHAN
U+91F9	釹	ジョ	jo	0	0	KANJIDIC,PYPINYIN,UNIHAN
U+91FB	釻	ヒュウ,グ,キュウ,ワン,いしゆみ	hyuu,gu,kyuu,wan,ishiyumi	0,0,0,0,0	0,0,0,0,0	KANJIDIC,PYPINYIN,UNIHAN
U+91FC	釼	ケン,つるぎ	ken,tsurugi	0,0	0,0	KANJIDIC,PYPINYIN,UNIHAN
U+91FD	釽	ヘキ,ヒャク,ハク,はながき,さく	heki,hyaku,haku,hanagaki,saku	0,0,0,0,0	0,0,0,0,0	KANJIDIC,PYPINYIN,UNIHAN
U+91FF	釿	キン	kin	0	0	KANJIDIC,PYPINYIN,UNIHAN
U+9200	鈀	ハ,ヘ,いくさぐるま	ha,he,ikusaguruma	0,0,0	0,0,0	KANJIDIC,PYPINYIN,UNIHAN,WORDSHK_CHARS
U+9201	鈁	ホウ,さかつぼ	hou,sakatsubo	0,0	0,0	KANJIDIC,PYPINYIN,UNIHAN
U+9204	鈄	トウ,ズ	tou,zu	0,0	0,0	KANJIDIC,PYPINYIN,UNIHAN
U+9205	鈅	ゲツ,ガチ	getsu,gachi	0,0	0,0	KANJIDIC,PYPINYIN,UNIHAN
U+9206	鈆	エン,なまり	en,namari	0,0	0,0	KANJIDIC,PYPINYIN,UNIHAN
U+9207	鈇	フ,おの	fu,ono	0,0	0,0	KANJIDIC,PYPINYIN,UNIHAN
U+9209	鈉	ドウ,ノウ,きたえる	dou,nou,kitaeru	0,0,0	0,0,0	KANJIDIC,PYPINYIN,UNIHAN,WORDSHK_CHARS
U+920A	鈊	シン,かね	shin,kane	0,0	0,0	KANJIDIC,PYPINYIN,UNIHAN
U+920C	鈌	エツ,エチ,ケイ,ケ,ケツ,ケチ,さす	etsu,echi,kei,ke,ketsu,kechi,sasu	0,0,0,0,0,0,0	0,0,0,0,0,0,0	KANJIDIC,PYPINYIN,UNIHAN
U+920D	鈍	ドン,にぶい,にぶる,にぶ,なまる,なまくら	don,nibui,niburu,nibu,namaru,namakura	0,0,0,0,0,0	0,0,0,0,0,0	KANJIDIC,PYPINYIN,UNIHAN,WORDSHK_CHARS
U+920E	鈎	コウ,ク,かぎ	kou,ku,kagi	0,0,0	0,0,0	KANJIDIC,PYPINYIN,UNIHAN,WORDSHK_CHARS
U+9210	鈐	ケン,カン,ゴン,シン,すき	ken,kan,gon,shin,suki	0,0,0,0,0	0,0,0,0,0	KANJIDIC,PYPINYIN,UNIHAN
U+9211	鈑	バン,ハン	ban,han	0,0	0,0	KANJIDIC,PYPINYIN,UNIHAN,WORDSHK_CHARS
U+9212	鈒	ソウ,シュウ,キュウ,コウ,てぼこ	sou,shuu,kyuu,kou,teboko	0,0,0,0,0	0,0,0,0,0	KANJIDIC,PYPINYIN,UNIHAN,WORDSHK_CHARS
U+9213	鈓	ジン,ぬれる	jin,nureru	0,0	0,0	KANJIDIC,PYPINYIN,UNIHAN
U+9214	鈔	ショウ	shou	0	0	KANJIDIC,PYPINYIN,UNIHAN,WORDSHK_CHARS
U+9215	鈕	チュウ,ジュウ,ぼたん,つまみ	chuu,juu,botan,tsumami	0,0,0,0	0,0,0,0	KANJIDIC,PYPINYIN,UNIHAN,WORDSHK_CHARS
U+9216	鈖	フン	fun	0	0	KANJIDIC,PYPINYIN,UNIHAN
U+9218	鈘	キ,かま	ki,kama	0,0	0,0	KANJIDIC,PYPINYIN,UNIHAN
U+921C	鈜	コウ,オウ	kou,ou	0,0	0,0	KANJIDIC,PYPINYIN,UNIHAN
U+921D	鈝	イン,きね	in,kine	0,0	0,0	KANJIDIC,PYPINYIN,UNIHAN
U+921E	鈞	キン,ひとしい	kin,hitoshii	0,0	0,0	KANJIDIC,PYPINYIN,UNIHAN,WORDSHK_CHARS
U+9223	鈣	カイ,カルシウム	kai,karushiumu	0,0	0,0	KANJIDIC,PYPINYIN,UNIHAN,WORDSHK_CHARS
U+9224	鈤	ジツ,ゲルマニウム	jitsu,gerumaniumu	0,0	0,0	KANJIDIC,PYPINYIN,UNIHAN
U+9225	鈥	カ,コウ	ka,kou	0,0	0,0	KANJIDIC,PYPINYIN,UNIHAN
U+9226	鈦	タ,チタニウム	ta,chitaniumu	0,0	0,0	KANJIDIC,PYPINYIN,UNIHAN,WORDSHK_CHARS
U+9228	鈨	はばき	habaki	0	0	KANJIDIC,PYPINYIN,UNIHAN
U+9229	鈩	ロ,いろり	ro,irori	0,0	0,0	KANJIDIC,PYPINYIN,UNIHAN
U+922C	鈬	タク	taku	0	0	KANJIDIC,PYPINYIN,UNIHAN
U+922E	鈮	デイ,ナイ,いとまきのあし	dei,nai,itomakinoashi	0,0,0	0,0,0	KANJIDIC,PYPINYIN,UNIHAN
U+922F	鈯	トツ,ドチ,にぶい,ほる	totsu,dochi,nibui,horu	0,0,0,0	0,0,0,0	KANJIDIC,PYPINYIN,UNIHAN
U+9230	鈰	シ,けん,セリウム	shi,ken,seriumu	0,0,0	0,0,0	KANJIDIC,PYPINYIN,UNIHAN
U+9233	鈳	ア,カ	a,ka	0,0	0,0	KANJIDIC,PYPINYIN,UNIHAN
U+9234	鈴	レイ,リン,すず	rei,rin,suzu	0,0,0	0,0,0	KANJIDIC,PYPINYIN,UNIHAN,WORDSHK_CHARS
U+9235	鈵	ヘイ,ヒョウ,かたい	hei,hyou,katai	0,0,0	0,0,0	KANJIDIC,PYPINYIN,UNIHAN
U+9236	鈶	シ,イ,タイ,タリウム	shi,i,tai,tariumu	0,0,0,0	0,0,0,0	KANJIDIC,PYPINYIN,UNIHAN
U+9237	鈷	コ	ko	0	0	KANJIDIC,PYPINYIN,UNIHAN,WORDSHK_CHARS
U+9238	鈸	ハツ,バチ,すず	hatsu,bachi,suzu	0,0,0	0,0,0	KANJIDIC,PYPINYIN,UNIHAN,WORDSHK_CHARS
U+9239	鈹	カワ	kawa	0	0	KANJIDIC,PYPINYIN,UNIHAN,WORDSHK_CHARS
U+923A	鈺	ギョク,ゴク,たから	gyoku,goku,takara	0,0,0	0,0,0	KANJIDIC,PYPINYIN,UNIHAN
U+923C	鈼	サク,かま,せいろう,こしき	saku,kama,seirou,koshiki	0,0,0,0	0,0,0,0	KANJIDIC,PYPINYIN,UNIHAN
U+923E	鈾	チュウ,ユウ,ウラニウム	chuu,yuu,uraniumu	0,0,0	0,0,0	KANJIDIC,PYPINYIN,UNIHAN,WORDSHK_CHARS
U+923F	鈿	デン,テン,かんざし	den,ten,kanzashi	0,0,0	0,0,0	KANJIDIC,PYPINYIN,UNIHAN
U+9240	鉀	コウ,キョウ,よろい,カリウム	kou,kyou,yoroi,kariumu	0,0,0,0	0,0,0,0	KANJIDIC,PYPINYIN,UNIHAN,WORDSHK_CHARS
U+9242	鉂	シ,かなわ,さす	shi,kanawa,sasu	0,0,0	0,0,0	KANJIDIC,PYPINYIN,UNIHAN
U+9243	鉃	シ,ソク,やじり,やのね,とい,するどい	shi,soku,yajiri,yanone,toi,surudoi	0,0,0,0,0,0	0,0,0,0,0,0	KANJIDIC,PYPINYIN,UNIHAN
U+9244	鉄	テツ,くろがね	tetsu,kurogane	0,0	0,0	KANJIDIC,PYPINYIN,UNIHAN
U+9245	鉅	キョ,はがね	kyo,hagane	0,0	0,0	KANJIDIC,PYPINYIN,UNIHAN,WORDSHK_CHARS
U+9246	鉆	テン,ケン,チツ,かなばさみ	ten,ken,chitsu,kanabasami	0,0,0,0	0,0,0,0	KANJIDIC,PYPINYIN,UNIHAN
U+9247	鉇	シ,ほこ	shi,hoko	0,0	0,0	KANJIDIC,PYPINYIN,UNIHAN
U+9248	鉈	シャ,なた,ほこ	sha,nata,hoko	0,0,0	0,0,0	KANJIDIC,PYPINYIN,UNIHAN,WORDSHK_CHARS
U+9249	鉉	ケン,つる	ken,tsuru	0,0	0,0	KANJIDIC,PYPINYIN,UNIHAN
U+924A	鉊	ショウ,おおかま	shou,ookama	0,0	0,0	KANJIDIC,PYPINYIN,UNIHAN
U+924B	鉋	ホウ,ビョウ,かんな	hou,byou,kanna	0,0,0	0,0,0	KANJIDIC,PYPINYIN,UNIHAN
U+924D	鉍	ヒ,ヒツ,ヒチ,ビスマス	hi,hitsu,hichi,bisumasu	0,0,0,0	0,0,0,0	KANJIDIC,PYPINYIN,UNIHAN
U+924E	鉎	ソウ,ショウ,セイ,さび	sou,shou,sei,sabi	0,0,0,0	0,0,0,0	KANJIDIC,PYPINYIN,UNIHAN
U+924F	鉏	ショ,ソ,すき	sho,so,suki	0,0,0	0,0,0	KANJIDIC,PYPINYIN,UNIHAN
U+9250	鉐	セキ,ジャク	seki,jaku	0,0	0,0	KANJIDIC,PYPINYIN,UNIHAN
U+9251	鉑	ハク,プラチナ	haku,purachina	0,0	0,0	KANJIDIC,PYPINYIN,UNIHAN,WORDSHK_CHARS
U+9257	鉗	ケン,カン,つぐむ,くびかせ	ken,kan,tsugumu,kubikase	0,0,0,0	0,0,0,0	KANJIDIC,PYPINYIN,UNIHAN,WORDSHK_CHARS
U+9258	鉘	フツ,ブチ,かざる	futsu,buchi,kazaru	0,0,0	0,0,0	KANJIDIC,PYPINYIN,UNIHAN
U+9259	鉙	タイ,こがね	tai,kogane	0,0	0,0	KANJIDIC,PYPINYIN,UNIHAN
U+925A	鉚	リュ,よいかね	ryu,yoikane	0,0	0,0	KANJIDIC,PYPINYIN,UNIHAN
U+925B	鉛	エン,なまり	en,namari	0,0	0,0	KANJIDIC,PYPINYIN,UNIHAN,WORDSHK_CHARS
U+925C	鉜	フウ,ブ,ホウ,かざり	fuu,bu,hou,kazari	0,0,0,0	0,0,0,0	KANJIDIC,PYPINYIN,UNIHAN
U+925D	鉝	リュウ	ryuu	0	0	KANJIDIC,PYPINYIN,UNIHAN
U+925E	鉞	エツ,まさかり	etsu,masakari	0,0	0,0	KANJIDIC,PYPINYIN,UNIHAN,WORDSHK_CHARS
U+9260	鉠	エイ,ヨウ	ei,you	0,0	0,0	KANJIDIC,PYPINYIN,UNIHAN
U+9261	鉡	ハン,すき	han,suki	0,0	0,0	KANJIDIC,PYPINYIN,UNIHAN
U+9262	鉢	ハチ,ハツ	hachi,hatsu	0,0	0,0	KANJIDIC,PYPINYIN,UNIHAN,WORDSHK_CHARS
U+9264	鉤	コウ,ク,かぎ,はり,ばり	kou,ku,kagi,hari,bari	0,0,0,0,0	0,0,0,0,0	KANJIDIC,PYPINYIN,UNIHAN
U+9265	鉥	ジュツ,シュツ,シュチ,ながいはり	jutsu,shutsu,shuchi,nagaihari	0,0,0,0	0,0,0,0	KANJIDIC,PYPINYIN,UNIHAN
U+9266	鉦	セイ,ショウ,かね	sei,shou,kane	0,0,0	0,0,0	KANJIDIC,PYPINYIN,UNIHAN
U+9267	鉧	ボウ,けら	bou,kera	0,0	0,0	KANJIDIC,PYPINYIN,UNIHAN
U+9268	鉨	デイ,ナイ,いとまきのあし	dei,nai,itomakinoashi	0,0,0	0,0,0	KANJIDIC,PYPINYIN,UNIHAN
U+9269	鉩	ジョウ,ノウ,ただしい,こばこ	jou,nou,tadashii,kobako	0,0,0,0	0,0,0,0	KANJIDIC,PYPINYIN,UNIHAN
U+926E	鉮	シン	shin	0	0	KANJIDIC,PYPINYIN,UNIHAN
U+926F	鉯	イ	i	0	0	KANJIDIC,PYPINYIN,UNIHAN
U+9270	鉰	シ	shi	0	0	KANJIDIC,PYPINYIN,UNIHAN
U+9271	鉱	コウ,あらがね	kou,aragane	0,0	0,0	KANJIDIC,PYPINYIN,UNIHAN
U+9275	鉵	トウ,ズ,すき	tou,zu,suki	0,0,0	0,0,0	KANJIDIC,PYPINYIN,UNIHAN
U+9276	鉶	ケイ,ギョウ,かなえ	kei,gyou,kanae	0,0,0	0,0,0	KANJIDIC,PYPINYIN,UNIHAN
U+9277	鉷	コウ,グ	kou,gu	0,0	0,0	KANJIDIC,PYPINYIN,UNIHAN
U+9278	鉸	コウ,キョウ,はさみ	kou,kyou,hasami	0,0,0	0,0,0	KANJIDIC,PYPINYIN,UNIHAN,WORDSHK_CHARS
U+9279	鉹	シ,イ,こしき	shi,i,koshiki	0,0,0	0,0,0	KANJIDIC,PYPINYIN,UNIHAN
U+927B	鉻	ラク,カク,キャク,もる	raku,kaku,kyaku,moru	0,0,0,0	0,0,0,0	KANJIDIC,PYPINYIN,UNIHAN,WORDSHK_CHARS
U+927C	鉼	ヘイ,おおばん	hei,ooban	0,0	0,0	KANJIDIC,PYPINYIN,UNIHAN
U+927D	鉽	ショク,シュク,シキ,かなえのつきもの	shoku,shuku,shiki,kanaenotsukimono	0,0,0,0	0,0,0,0	KANJIDIC,PYPINYIN,UNIHAN
U+927E	鉾	ボウ,ム,ほこ	bou,mu,hoko	0,0,0	0,0,0	KANJIDIC,PYPINYIN,UNIHAN
U+927F	鉿	コウ,キョウ,おちこむおと	kou,kyou,ochikomuoto	0,0,0	0,0,0	KANJIDIC,PYPINYIN,UNIHAN
U+9280	銀	ギン,しろがね	gin,shirogane	0,0	0,0	KANJIDIC,PYPINYIN,UNIHAN,WORDSHK_CHARS
U+9283	銃	ジュウ,つつ	juu,tsutsu	0,0	0,0	KANJIDIC,PYPINYIN,UNIHAN,WORDSHK_CHARS
U+9285	銅	ドウ,あかがね	dou,akagane	0,0	0,0	KANJIDIC,PYPINYIN,UNIHAN,WORDSHK_CHARS
U+9288	銈	ケイ,テイ	kei,tei	0,0	0,0	KANJIDIC,PYPINYIN,UNIHAN
U+9289	銉	イツ,イチ,はり	itsu,ichi,hari	0,0,0	0,0,0	KANJIDIC,PYPINYIN,UNIHAN
U+928A	銊	シュツ,シュチ,のこぎりのおと	shutsu,shuchi,nokogirinooto	0,0,0	0,0,0	KANJIDIC,PYPINYIN,UNIHAN
U+928D	銍	チツ,チチ,シツ,シチ,かま	chitsu,chichi,shitsu,shichi,kama	0,0,0,0,0	0,0,0,0,0	KANJIDIC,PYPINYIN,UNIHAN
U+928E	銎	キョウ,ク	kyou,ku	0,0	0,0	KANJIDIC,PYPINYIN,UNIHAN
U+9291	銑	セン	sen	0	0	KANJIDIC,PYPINYIN,UNIHAN
U+9292	銒	ケイ,ギョウ,コウ,ケン,さけいれ,さけつぼ,あつものなべ	kei,gyou,kou,ken,sakeire,saketsubo,atsumononabe	0,0,0,0,0,0,0	0,0,0,0,0,0,0	KANJIDIC,PYPINYIN,UNIHAN
U+9293	銓	セン,はかる	sen,hakaru	0,0	0,0	KANJIDIC,PYPINYIN,UNIHAN
U+9295	銕	テツ,くろがね	tetsu,kurogane	0,0	0,0	KANJIDIC,PYPINYIN,UNIHAN
U+9296	銖	シュ	shu	0	0	KANJIDIC,PYPINYIN,UNIHAN,WORDSHK_CHARS
U+9297	銗	コウ,グ,くびかせ	kou,gu,kubikase	0,0,0	0,0,0	KANJIDIC,PYPINYIN,UNIHAN
U+9298	銘	メイ	mei	0	0	KANJIDIC,PYPINYIN,UNIHAN,WORDSHK_CHARS
U+9299	銙	カ,カイ,ケ	ka,kai,ke	0,0,0	0,0,0	KANJIDIC,PYPINYIN,UNIHAN
U+929A	銚	チョウ,ヨウ,なべ	chou,you,nabe	0,0,0	0,0,0	KANJIDIC,PYPINYIN,UNIHAN
U+929B	銛	セン,テン,もり,すき	sen,ten,mori,suki	0,0,0,0	0,0,0,0	KANJIDIC,PYPINYIN,UNIHAN
U+929C	銜	カン,くつわ,くわえる	kan,kutsuwa,kuwaeru	0,0,0	0,0,0	KANJIDIC,PYPINYIN,UNIHAN,WORDSHK_CHARS
U+929F	銟	サ,シャ	sa,sha	0,0	0,0	KANJIDIC,PYPINYIN,UNIHAN
U+92A0	銠	ロウ,ルテニウム	rou,ruteniumu	0,0	0,0	KANJIDIC,PYPINYIN,UNIHAN
U+92A4	銤	ベイ,オスミウム	bei,osumiumu	0,0	0,0	KANJIDIC,PYPINYIN,UNIHAN
U+92A5	銥	イ,イリジウム	i,irijiumu	0,0	0,0	KANJIDIC,PYPINYIN,UNIHAN
U+92A7	銧	コウ,ラジウム	kou,rajiumu	0,0	0,0	KANJIDIC,PYPINYIN,UNIHAN
U+92A8	銨	アン	an	0	0	KANJIDIC,PYPINYIN,UNIHAN
U+92AB	銫	ショク,セシウム	shoku,seshiumu	0,0	0,0	KANJIDIC,PYPINYIN,UNIHAN,WORDSHK_CHARS
U+92AD	銭	セン,ゼン,ぜに,すき	sen,zen,zeni,suki	0,0,0,0	0,0,0,0	KANJIDIC,PYPINYIN,UNIHAN
U+92AF	銯	かすがい	kasugai	0	0	KANJIDIC,PYPINYIN,UNIHAN,WORDSHK_CHARS
U+92B2	銲	カン,ガン,こて	kan,gan,kote	0,0,0	0,0,0	KANJIDIC,PYPINYIN,UNIHAN,WORDSHK_CHARS
U+92B6	銶	キュウ,グ,のみ	kyuu,gu,nomi	0,0,0	0,0,0	KANJIDIC,PYPINYIN,UNIHAN
U+92B7	銷	ショウ,ソウ,けす,とける,かわす,とろかす	shou,sou,kesu,tokeru,kawasu,torokasu	0,0,0,0,0,0	0,0,0,0,0,0	KANJIDIC,PYPINYIN,UNIHAN,WORDSHK_CHARS
U+92B8	銸	チョウ,ショウ,ノウ,はさみ,かなばさみ,けぬき,こばこ	chou,shou,nou,hasami,kanabasami,kenuki,kobako	0,0,0,0,0,0,0	0,0,0,0,0,0,0	KANJIDIC,PYPINYIN,UNIHAN
U+92B9	銹	シュ,シュウ,さび	shu,shuu,sabi	0,0,0	0,0,0	KANJIDIC,PYPINYIN,UNIHAN
U+92BA	銺	ソウ	sou	0	0	KANJIDIC,PYPINYIN,UNIHAN
U+92BB	銻	テイ,ダイ	tei,dai	0,0	0,0	KANJIDIC,PYPINYIN,UNIHAN,WORDSHK_CHARS
U+92BC	銼	サ,ソク,かま	sa,soku,kama	0,0,0	0,0,0	KANJIDIC,PYPINYIN,UNIHAN,WORDSHK_CHARS
U+92BD	銽	カツ,カチ,たつ,きる	katsu,kachi,tatsu,kiru	0,0,0,0	0,0,0,0	KANJIDIC,PYPINYIN,UNIHAN
U+92BF	銿	ショウ,シュ,ヨウ,ユ,つりがね	shou,shu,you,yu,tsurigane	0,0,0,0,0	0,0,0,0,0	KANJIDIC,PYPINYIN,UNIHAN
U+92C0	鋀	トウ,ズ,トリウム	tou,zu,toriumu	0,0,0	0,0,0	KANJIDIC,PYPINYIN,UNIHAN
U+92C1	鋁	リョ,ロ,やすり,アルミニウム	ryo,ro,yasuri,aruminiumu	0,0,0,0	0,0,0,0	KANJIDIC,PYPINYIN,UNIHAN,WORDSHK_CHARS
U+92C2	鋂	バイ,マイ,ボウ,ミョウ,くさり	bai,mai,bou,myou,kusari	0,0,0,0,0	0,0,0,0,0	KANJIDIC,PYPINYIN,UNIHAN
U+92C3	鋃	ロウ	rou	0	0	KANJIDIC,PYPINYIN,UNIHAN
U+92C5	鋅	シ,シン,こはい	shi,shin,kohai	0,0,0	0,0,0	KANJIDIC,PYPINYIN,UNIHAN,WORDSHK_CHARS
U+92C6	鋆	イン,かね	in,kane	0,0	0,0	KANJIDIC,PYPINYIN,UNIHAN
U+92C7	鋇	ハイ,あつがね,バリウム	hai,atsugane,bariumu	0,0,0	0,0,0	KANJIDIC,PYPINYIN,UNIHAN
U+92C8	鋈	ヨク,オク,ワク,しろがね,めっき	yoku,oku,waku,shirogane,mekki	0,0,0,0,0	0,0,0,0,0	KANJIDIC,PYPINYIN,UNIHAN
U+92CB	鋋	セン,エン,てぼこ	sen,en,teboko	0,0,0	0,0,0	KANJIDIC,PYPINYIN,UNIHAN
U+92CC	鋌	テイ,ジョウ,じがね	tei,jou,jigane	0,0,0	0,0,0	KANJIDIC,PYPINYIN,UNIHAN,WORDSHK_CHARS
U+92CD	鋍	ホツ,ボチ,あきこぼれる,ベリリウム	hotsu,bochi,akikoboreru,beririumu	0,0,0,0	0,0,0,0	KANJIDIC,PYPINYIN,UNIHAN
U+92CE	鋎	カン,ゲン,やいば	kan,gen,yaiba	0,0,0	0,0,0	KANJIDIC,PYPINYIN,UNIHAN
U+92CF	鋏	キョウ,はさみ,はさむ,つるぎ	kyou,hasami,hasamu,tsurugi	0,0,0,0	0,0,0,0	KANJIDIC,PYPINYIN,UNIHAN
U+92D0	鋐	コウ,オウ,うつわ	kou,ou,utsuwa	0,0,0	0,0,0	KANJIDIC,PYPINYIN,UNIHAN
U+92D2	鋒	ホウ,きっさき,とかり,ほこさき	hou,kissaki,tokari,hokosaki	0,0,0,0	0,0,0,0	KANJIDIC,PYPINYIN,UNIHAN,WORDSHK_CHARS
U+92D3	鋓	テン,するどい	ten,surudoi	0,0	0,0	KANJIDIC,PYPINYIN,UNIHAN
U+92D5	鋕	シ,きざむ	shi,kizamu	0,0	0,0	KANJIDIC,PYPINYIN,UNIHAN
U+92D7	鋗	ケン,セン,こばち	ken,sen,kobachi	0,0,0	0,0,0	KANJIDIC,PYPINYIN,UNIHAN
U+92D8	鋘	カ,ゲ,コ,すき	ka,ge,ko,suki	0,0,0,0	0,0,0,0	KANJIDIC,PYPINYIN,UNIHAN
U+92D9	鋙	ギョ,ゴ,くいちがう	gyo,go,kuichigau	0,0,0	0,0,0	KANJIDIC,PYPINYIN,UNIHAN
U+92DC	鋜	サク,あしかせ,かなほだし	saku,ashikase,kanahodashi	0,0,0	0,0,0	KANJIDIC,PYPINYIN,UNIHAN
U+92DD	鋝	レツ,レチ,セツ,セチ	retsu,rechi,setsu,sechi	0,0,0,0	0,0,0,0	KANJIDIC,PYPINYIN,UNIHAN
U+92DF	鋟	セン,チン,シン,きざむ	sen,chin,shin,kizamu	0,0,0,0	0,0,0,0	KANJIDIC,PYPINYIN,UNIHAN
U+92E0	鋠	シン,くろがね	shin,kurogane	0,0	0,0	KANJIDIC,PYPINYIN,UNIHAN
U+92E1	鋡	カン,ゴン,いれる	kan,gon,ireru	0,0,0	0,0,0	KANJIDIC,PYPINYIN,UNIHAN
U+92E3	鋣	ヤ	ya	0	0	KANJIDIC,PYPINYIN,UNIHAN
U+92E4	鋤	ジョ,ショ,ソ,すく,すき,くわ	jo,sho,so,suku,suki,kuwa	0,0,0,0,0,0	0,0,0,0,0,0	KANJIDIC,PYPINYIN,UNIHAN,WORDSHK_CHARS
U+92E5	鋥	トウ,ジョウ,みがく,とぐ	tou,jou,migaku,togu	0,0,0,0	0,0,0,0	KANJIDIC,PYPINYIN,UNIHAN
U+92E7	鋧	ケン	ken	0	0	KANJIDIC,PYPINYIN,UNIHAN
U+92E8	鋨	テツ,くろがね	tetsu,kurogane	0,0	0,0	KANJIDIC,PYPINYIN,UNIHAN
U+92E9	鋩	ボウ,ほこさき,きっさき,へさき	bou,hokosaki,kissaki,hesaki	0,0,0,0	0,0,0,0	KANJIDIC,PYPINYIN,UNIHAN
U+92EA	鋪	ホ,フ,しく,みせ	ho,fu,shiku,mise	0,0,0,0	0,0,0,0	KANJIDIC,PYPINYIN,UNIHAN,WORDSHK_CHARS
U+92EC	鋬	ハン,ひも	han,himo	0,0	0,0	KANJIDIC,PYPINYIN,UNIHAN
U+92ED	鋭	エイ,するどい	ei,surudoi	0,0	0,0	KANJIDIC,PYPINYIN,UNIHAN,WORDSHK_CHARS
U+92EE	鋮	セイ	sei	0	0	KANJIDIC,PYPINYIN,UNIHAN
U+92F0	鋰	リ,リチウム	ri,richiumu	0,0	0,0	KANJIDIC,PYPINYIN,UNIHAN,WORDSHK_CHARS
U+92F2	鋲	びょう	byou	0	0	KANJIDIC,PYPINYIN,UNIHAN
U+92F3	鋳	チュウ,イ,シュ,シュウ,いる	chuu,i,shu,shuu,iru	0,0,0,0,0	0,0,0,0,0	KANJIDIC,PYPINYIN,UNIHAN
U+92F8	鋸	キョ,コ,のこ,のこぎり	kyo,ko,noko,nokogiri	0,0,0,0	0,0,0,0	KANJIDIC,PYPINYIN,UNIHAN,WORDSHK_CHARS
U+92F9	鋹	チョ,チョウ,するどい	cho,chou,surudoi	0,0,0	0,0,0	KANJIDIC,PYPINYIN,UNIHAN,WORDSHK_CHARS
U+92FA	鋺	エン,かなまり	en,kanamari	0,0	0,0	KANJIDIC,PYPINYIN,UNIHAN
U+92FB	鋻	ケン,つるぎのは	ken,tsuruginoha	0,0	0,0	KANJIDIC,PYPINYIN,UNIHAN
U+92FC	鋼	コウ,はがね	kou,hagane	0,0	0,0	KANJIDIC,PYPINYIN,UNIHAN,WORDSHK_CHARS
U+92FF	鋿	ショウ,みがく	shou,migaku	0,0	0,0	KANJIDIC,PYPINYIN,UNIHAN
U+9300	錀	リン,フン,うさぎあみ	rin,fun,usagiami	0,0,0	0,0,0	KANJIDIC,PYPINYIN,UNIHAN
U+9302	錂	リョウ	ryou	0	0	KANJIDIC,PYPINYIN,UNIHAN
U+9304	錄	ロク,リョ,しるす	roku,ryo,shirusu	0,0,0	0,0,0	KANJIDIC,PYPINYIN,UNIHAN,WORDSHK_CHARS
U+9306	錆	ショウ,セイ,さび,くわしい	shou,sei,sabi,kuwashii	0,0,0,0	0,0,0,0	KANJIDIC,PYPINYIN,UNIHAN
U+9308	錈	ケン,ガン,まがる	ken,gan,magaru	0,0,0	0,0,0	KANJIDIC,PYPINYIN,UNIHAN
U+930D	錍	ヒ,ヘイ,ハイ,おの	hi,hei,hai,ono	0,0,0,0	0,0,0,0	KANJIDIC,PYPINYIN,UNIHAN
U+930F	錏	ア,エ,しろこ,しころ	a,e,shiroko,shikoro	0,0,0,0	0,0,0,0	KANJIDIC,PYPINYIN,UNIHAN
U+9310	錐	スイ,きり	sui,kiri	0,0	0,0	KANJIDIC,PYPINYIN,UNIHAN,WORDSHK_CHARS
U+9311	錑	ライ,レ,レイ,かんな,きり,のこぎり,もじり,ねじり	rai,re,rei,kanna,kiri,nokogiri,mojiri,nejiri	0,0,0,0,0,0,0,0	0,0,0,0,0,0,0,0	KANJIDIC,PYPINYIN,UNIHAN
U+9314	錔	トウ,つつむ	tou,tsutsumu	0,0	0,0	KANJIDIC,PYPINYIN,UNIHAN,WORDSHK_CHARS
U+9315	錕	コン,ゼン,ネン,かりも	kon,zen,nen,karimo	0,0,0,0	0,0,0,0	KANJIDIC,PYPINYIN,UNIHAN
U+9318	錘	スイ,つむ,おもり	sui,tsumu,omori	0,0,0	0,0,0	KANJIDIC,PYPINYIN,UNIHAN,WORDSHK_CHARS
U+9319	錙	シ	shi	0	0	KANJIDIC,PYPINYIN,UNIHAN
U+931A	錚	ソウ	sou	0	0	KANJIDIC,PYPINYIN,UNIHAN
U+931C	錜	ジョウ,ニョウ,かんざし	jou,nyou,kanzashi	0,0,0	0,0,0	KANJIDIC,PYPINYIN,UNIHAN
U+931D	錝	ソウ,ス	sou,su	0,0	0,0	KANJIDIC,PYPINYIN,UNIHAN
U+931E	錞	シュン,トン,タイ,ズイ	shun,ton,tai,zui	0,0,0,0	0,0,0,0	KANJIDIC,PYPINYIN,UNIHAN
U+931F	錟	タン,セン	tan,sen	0,0	0,0	KANJIDIC,PYPINYIN,UNIHAN
U+9320	錠	ジョウ	jou	0	0	KANJIDIC,PYPINYIN,UNIHAN
U+9321	錡	キ,のこぎり,かま	ki,nokogiri,kama	0,0,0	0,0,0	KANJIDIC,PYPINYIN,UNIHAN
U+9322	錢	セン,ぜに,すき	sen,zeni,suki	0,0,0	0,0,0	KANJIDIC,PYPINYIN,UNIHAN,WORDSHK_CHARS
U+9323	錣	テツ,テイ,しころ	tetsu,tei,shikoro	0,0,0	0,0,0	KANJIDIC,PYPINYIN,UNIHAN
U+9324	錤	キ,すき	ki,suki	0,0	0,0	KANJIDIC,PYPINYIN,UNIHAN
U+9325	錥	イク,なべ	iku,nabe	0,0	0,0	KANJIDIC,PYPINYIN,UNIHAN
U+9326	錦	キン,にしき	kin,nishiki	0,0	0,0	KANJIDIC,PYPINYIN,UNIHAN,WORDSHK_CHARS
U+9327	錧	カン,くさび	kan,kusabi	0,0	0,0	KANJIDIC,PYPINYIN,UNIHAN
U+9328	錨	ビョウ,ミョウ,いかり	byou,myou,ikari	0,0,0	0,0,0	KANJIDIC,PYPINYIN,UNIHAN,WORDSHK_CHARS
U+9329	錩	ショウ,かなぐ	shou,kanagu	0,0	0,0	KANJIDIC,PYPINYIN,UNIHAN
U+932A	錪	テン,かま	ten,kama	0,0	0,0	KANJIDIC,PYPINYIN,UNIHAN
U+932B	錫	セキ,シャク,すず,たまう	seki,shaku,suzu,tamau	0,0,0,0	0,0,0,0	KANJIDIC,PYPINYIN,UNIHAN,WORDSHK_CHARS
U+932C	錬	レン,ねる	ren,neru	0,0	0,0	KANJIDIC,PYPINYIN,UNIHAN
U+932E	錮	コ,ふさぐ	ko,fusagu	0,0	0,0	KANJIDIC,PYPINYIN,UNIHAN,WORDSHK_CHARS
U+932F	錯	サク,シャク	saku,shaku	0,0	0,0	KANJIDIC,PYPINYIN,UNIHAN,WORDSHK_CHARS
U+9332	録	ロク,しるす,とる	roku,shirusu,toru	0,0,0	0,0,0	KANJIDIC,PYPINYIN,UNIHAN
U+9333	錳	モウ,まんがん	mou,mangan	0,0	0,0	KANJIDIC,PYPINYIN,UNIHAN,WORDSHK_CHARS
U+9334	錴	ロク,ロジウム	roku,rojiumu	0,0	0,0	KANJIDIC,PYPINYIN,UNIHAN
U+9335	錵	カ,にえ	ka,nie	0,0	0,0	KANJIDIC,PYPINYIN,UNIHAN
U+9336	錶	ヒョウ	hyou	0	0	KANJIDIC,PYPINYIN,UNIHAN,WORDSHK_CHARS
U+9337	錷	アツ,ガドリニウム	atsu,gadoriniumu	0,0	0,0	KANJIDIC,PYPINYIN,UNIHAN
U+933A	錺	かざり	kazari	0	0	KANJIDIC,PYPINYIN,UNIHAN
U+933B	錻	ブ	bu	0	0	KANJIDIC,PYPINYIN,UNIHAN
U+9344	鍄	リョウ,キョウ	ryou,kyou	0,0	0,0	KANJIDIC,PYPINYIN,UNIHAN
U+9347	鍇	カイ,てつ	kai,tetsu	0,0	0,0	KANJIDIC,PYPINYIN,UNIHAN
U+9348	鍈	エイ,ヨウ	ei,you	0,0	0,0	KANJIDIC,PYPINYIN,UNIHAN
U+9349	鍉	テイ,タイ,うつわ	tei,tai,utsuwa	0,0,0	0,0,0	KANJIDIC,PYPINYIN,UNIHAN
U+934A	鍊	レン,ねる	ren,neru	0,0	0,0	KANJIDIC,PYPINYIN,UNIHAN,WORDSHK_CHARS
U+934B	鍋	カ,なべ	ka,nabe	0,0	0,0	KANJIDIC,PYPINYIN,UNIHAN,WORDSHK_CHARS
U+934D	鍍	ト,めっき	to,mekki	0,0	0,0	KANJIDIC,PYPINYIN,UNIHAN,WORDSHK_CHARS
U+9350	鍐	ソウ,ス	sou,su	0,0	0,0	KANJIDIC,PYPINYIN,UNIHAN
U+9351	鍑	フウ,フ,フク,かま	fuu,fu,fuku,kama	0,0,0,0	0,0,0,0	KANJIDIC,PYPINYIN,UNIHAN
U+9352	鍒	ジョウ,ジュウ,ニュ,なまがね	jou,juu,nyu,namagane	0,0,0,0	0,0,0,0	KANJIDIC,PYPINYIN,UNIHAN
U+9354	鍔	ガク,つば	gaku,tsuba	0,0	0,0	KANJIDIC,PYPINYIN,UNIHAN
U+9355	鍕	クン	kun	0	0	KANJIDIC,PYPINYIN,UNIHAN
U+9356	鍖	チン	chin	0	0	KANJIDIC,PYPINYIN,UNIHAN
U+9357	鍗	テイ,ダイ,かま	tei,dai,kama	0,0,0	0,0,0	KANJIDIC,PYPINYIN,UNIHAN
U+9358	鍘	サツ,ゼチ	satsu,zechi	0,0	0,0	KANJIDIC,PYPINYIN,UNIHAN,WORDSHK_CHARS
U+935A	鍚	ヨウ,おもがい	you,omogai	0,0	0,0	KANJIDIC,PYPINYIN,UNIHAN
U+935B	鍛	タン,きたえる	tan,kitaeru	0,0	0,0	KANJIDIC,PYPINYIN,UNIHAN,WORDSHK_CHARS
U+935C	鍜	カ	ka	0	0	KANJIDIC,PYPINYIN,UNIHAN
U+935E	鍞	コウ,キョウ,テイ	kou,kyou,tei	0,0,0	0,0,0	KANJIDIC,PYPINYIN,UNIHAN
U+9360	鍠	コウ	kou	0	0	KANJIDIC,PYPINYIN,UNIHAN
U+9364	鍤	ソウ,ショウ,チョウ,すき	sou,shou,chou,suki	0,0,0,0	0,0,0,0	KANJIDIC,PYPINYIN,UNIHAN
U+9365	鍥	ケツ,ケチ,ケイ,かま,きざむ	ketsu,kechi,kei,kama,kizamu	0,0,0,0,0	0,0,0,0,0	KANJIDIC,PYPINYIN,UNIHAN,WORDSHK_CHARS
U+9367	鍧	コウ	kou	0	0	KANJIDIC,PYPINYIN,UNIHAN
U+9369	鍩	テン,とる	ten,toru	0,0	0,0	KANJIDIC,PYPINYIN,UNIHAN
U+936A	鍪	ボウ,ム,モ,かま	bou,mu,mo,kama	0,0,0,0	0,0,0,0	KANJIDIC,PYPINYIN,UNIHAN
U+936C	鍬	ショウ,シュウ,くわ,すき	shou,shuu,kuwa,suki	0,0,0,0	0,0,0,0	KANJIDIC,PYPINYIN,UNIHAN,WORDSHK_CHARS
U+936D	鍭	コウ,グ,や	kou,gu,ya	0,0,0	0,0,0	KANJIDIC,PYPINYIN,UNIHAN
U+936E	鍮	チュウ,トウ	chuu,tou	0,0	0,0	KANJIDIC,PYPINYIN,UNIHAN
U+936F	鍯	ソウ,ス,ボウ,ム,おおのめ	sou,su,bou,mu,oonome	0,0,0,0,0	0,0,0,0,0	KANJIDIC,PYPINYIN,UNIHAN
U+9370	鍰	カン,ゲン,エン,めかた	kan,gen,en,mekata	0,0,0,0	0,0,0,0	KANJIDIC,PYPINYIN,UNIHAN
U+9371	鍱	ヨウ,ショウ,いたがね	you,shou,itagane	0,0,0	0,0,0	KANJIDIC,PYPINYIN,UNIHAN
U+9373	鍳	カン,かんがみる,かがみ	kan,kangamiru,kagami	0,0,0	0,0,0	KANJIDIC,PYPINYIN,UNIHAN
U+9374	鍴	タン,きり	tan,kiri	0,0	0,0	KANJIDIC,PYPINYIN,UNIHAN
U+9375	鍵	ケン,かぎ	ken,kagi	0,0	0,0	KANJIDIC,PYPINYIN,UNIHAN,WORDSHK_CHARS
U+9376	鍶	ショウ,シュ,シ,ストロンチウム	shou,shu,shi,sutoronchiumu	0,0,0,0	0,0,0,0	KANJIDIC,PYPINYIN,UNIHAN,WORDSHK_CHARS
U+937A	鍺	タ,まきがね	ta,makigane	0,0	0,0	KANJIDIC,PYPINYIN,UNIHAN,WORDSHK_CHARS
U+937C	鍼	シン,はり,さす	shin,hari,sasu	0,0,0	0,0,0	KANJIDIC,PYPINYIN,UNIHAN
U+937D	鍽	ヘン,かね	hen,kane	0,0	0,0	KANJIDIC,PYPINYIN,UNIHAN
U+937E	鍾	ショウ,シュ,あつめる,さかずき,かね	shou,shu,atsumeru,sakazuki,kane	0,0,0,0,0	0,0,0,0,0	KANJIDIC,PYPINYIN,UNIHAN,WORDSHK_CHARS
U+937F	鍿	シ	shi	0	0	KANJIDIC,PYPINYIN,UNIHAN
U+9380	鎀	シュウ,シュ,あらがね	shuu,shu,aragane	0,0,0	0,0,0	KANJIDIC,PYPINYIN,UNIHAN
U+9381	鎁	ヤ	ya	0	0	KANJIDIC,PYPINYIN,UNIHAN
U+9382	鎂	ビ,マグネシウム	bi,maguneshiumu	0,0	0,0	KANJIDIC,PYPINYIN,UNIHAN,WORDSHK_CHARS
U+9388	鎈	サ,シャ	sa,sha	0,0	0,0	KANJIDIC,PYPINYIN,UNIHAN
U+938A	鎊	ホウ,けずる	hou,kezuru	0,0	0,0	KANJIDIC,PYPINYIN,UNIHAN,WORDSHK_CHARS
U+938B	鎋	カツ,くさび	katsu,kusabi	0,0	0,0	KANJIDIC,PYPINYIN,UNIHAN
U+938C	鎌	レン,ケン,かま	ren,ken,kama	0,0,0	0,0,0	KANJIDIC,PYPINYIN,UNIHAN
U+938D	鎍	サク,シャク,はりがね	saku,shaku,harigane	0,0,0	0,0,0	KANJIDIC,PYPINYIN,UNIHAN
U+938F	鎏	リュウ,ル,うつくしいかね	ryuu,ru,utsukushiikane	0,0,0	0,0,0	KANJIDIC,PYPINYIN,UNIHAN
U+9392	鎒	ドウ,ジョク,ヌ,ジュク,くさぎる,くわ,すき	dou,joku,nu,juku,kusagiru,kuwa,suki	0,0,0,0,0,0,0	0,0,0,0,0,0,0	KANJIDIC,PYPINYIN,UNIHAN
U+9394	鎔	ヨウ,とける,とかす,いがた	you,tokeru,tokasu,igata	0,0,0,0	0,0,0,0	KANJIDIC,PYPINYIN,UNIHAN,WORDSHK_CHARS
U+9395	鎕	トウ	tou	0	0	KANJIDIC,PYPINYIN,UNIHAN
U+9396	鎖	サ,くさり,とざす	sa,kusari,tozasu	0,0,0	0,0,0	KANJIDIC,PYPINYIN,UNIHAN,WORDSHK_CHARS
U+9397	鎗	ソウ,ショウ,やり	sou,shou,yari	0,0,0	0,0,0	KANJIDIC,PYPINYIN,UNIHAN,WORDSHK_CHARS
U+9398	鎘	レキ,リャク,カク,かなえのつきもの,カドミウム	reki,ryaku,kaku,kanaenotsukimono,kadomiumu	0,0,0,0,0	0,0,0,0,0	KANJIDIC,PYPINYIN,UNIHAN,WORDSHK_CHARS
U+939A	鎚	ツイ,タイ,つち	tsui,tai,tsuchi	0,0,0	0,0,0	KANJIDIC,PYPINYIN,UNIHAN,WORDSHK_CHARS
U+939B	鎛	ハク,かねかざり	haku,kanekazari	0,0	0,0	KANJIDIC,PYPINYIN,UNIHAN
U+939E	鎞	ヘイ,ハイ,ヒ,かんざし	hei,hai,hi,kanzashi	0,0,0,0	0,0,0,0	KANJIDIC,PYPINYIN,UNIHAN
U+93A1	鎡	シ,かなえ	shi,kanae	0,0	0,0	KANJIDIC,PYPINYIN,UNIHAN
U+93A3	鎣	エイ,ヨウ,ケイ,ギョウ,みがく	ei,you,kei,gyou,migaku	0,0,0,0,0	0,0,0,0,0	KANJIDIC,PYPINYIN,UNIHAN
U+93A4	鎤	コウ,かねのね	kou,kanenone	0,0	0,0	KANJIDIC,PYPINYIN,UNIHAN
U+93A6	鎦	リュウ,ル,こしき,かま,ころす	ryuu,ru,koshiki,kama,korosu	0,0,0,0,0	0,0,0,0,0	KANJIDIC,PYPINYIN,UNIHAN
U+93A7	鎧	カイ,ガイ,よろう,よろい	kai,gai,yorou,yoroi	0,0,0,0	0,0,0,0	KANJIDIC,PYPINYIN,UNIHAN
U+93A8	鎨	シュン,めばえる	shun,mebaeru	0,0	0,0	KANJIDIC,PYPINYIN,UNIHAN
U+93A9	鎩	サイ,サツ,セチ,めばえる	sai,satsu,sechi,mebaeru	0,0,0,0	0,0,0,0	KANJIDIC,PYPINYIN,UNIHAN,WORDSHK_CHARS
U+93AB	鎫	バン	ban	0	0	KANJIDIC,PYPINYIN,UNIHAN
U+93AC	鎬	コウ,しのぎ,なべ	kou,shinogi,nabe	0,0,0	0,0,0	KANJIDIC,PYPINYIN,UNIHAN
U+93AD	鎭	チン,しずめる,しずまる,おさえ	chin,shizumeru,shizumaru,osae	0,0,0,0	0,0,0,0	KANJIDIC,PYPINYIN,UNIHAN
U+93AE	鎮	チン,しずめる,しずまる,おさえ	chin,shizumeru,shizumaru,osae	0,0,0,0	0,0,0,0	KANJIDIC,PYPINYIN,UNIHAN,WORDSHK_CHARS
U+93B0	鎰	イツ,かぎ	itsu,kagi	0,0	0,0	KANJIDIC,PYPINYIN,UNIHAN
U+93B4	鎴	ソク,ストロンチウム	soku,sutoronchiumu	0,0	0,0	KANJIDIC,PYPINYIN,UNIHAN
U+93B5	鎵	カ,ガリウム	ka,gariumu	0,0	0,0	KANJIDIC,PYPINYIN,UNIHAN,WORDSHK_CHARS
U+93B6	鎶	カ,コロンビウム	ka,koronbiumu	0,0	0,0	KANJIDIC,PYPINYIN,UNIHAN
U+93B9	鎹	かすがい	kasugai	0	0	KANJIDIC,PYPINYIN,UNIHAN
U+93BA	鎺	はばき	habaki	0	0	KANJIDIC,PYPINYIN,UNIHAN
U+93C1	鏁	サ,くさり,とざす	sa,kusari,tozasu	0,0,0	0,0,0	KANJIDIC,PYPINYIN,UNIHAN
U+93C3	鏃	ソク,ゾク,やじり	soku,zoku,yajiri	0,0,0	0,0,0	KANJIDIC,PYPINYIN,UNIHAN
U+93C4	鏄	タン,てつのかたまり	tan,tetsunokatamari	0,0	0,0	KANJIDIC,PYPINYIN,UNIHAN
U+93C5	鏅	シュウ,シュ,きたえる	shuu,shu,kitaeru	0,0,0	0,0,0	KANJIDIC,PYPINYIN,UNIHAN
U+93C6	鏆	カン,うがつ,うでわ	kan,ugatsu,udewa	0,0,0	0,0,0	KANJIDIC,PYPINYIN,UNIHAN
U+93C7	鏇	セン,ろくろ	sen,rokuro	0,0	0,0	KANJIDIC,PYPINYIN,UNIHAN
U+93C8	鏈	レン,くさり	ren,kusari	0,0	0,0	KANJIDIC,PYPINYIN,UNIHAN,WORDSHK_CHARS
U+93C9	鏉	シュウ,シュ,ソウ,ソク,するどい,さび,える,ほる	shuu,shu,sou,soku,surudoi,sabi,eru,horu	0,0,0,0,0,0,0,0	0,0,0,0,0,0,0,0	KANJIDIC,PYPINYIN,UNIHAN
U+93CA	鏊	ギョウ,ゴウ,やきなべ	gyou,gou,yakinabe	0,0,0	0,0,0	KANJIDIC,PYPINYIN,UNIHAN
U+93CB	鏋	バン,マン,こがね	ban,man,kogane	0,0,0	0,0,0	KANJIDIC,PYPINYIN,UNIHAN
U+93CC	鏌	バク,マク	baku,maku	0,0	0,0	KANJIDIC,PYPINYIN,UNIHAN
U+93CD	鏍	ラ	ra	0	0	KANJIDIC,PYPINYIN,UNIHAN,WORDSHK_CHARS
U+93D0	鏐	リュウ	ryuu	0	0	KANJIDIC,PYPINYIN,UNIHAN
U+93D1	鏑	テキ,かぶら,かぶらや,やじり	teki,kabura,kaburaya,yajiri	0,0,0,0	0,0,0,0	KANJIDIC,PYPINYIN,UNIHAN
U+93D3	鏓	ソウ,ス,ボウ,ム,おおのみ,おおのめ	sou,su,bou,mu,oonomi,oonome	0,0,0,0,0,0	0,0,0,0,0,0	KANJIDIC,PYPINYIN,UNIHAN
U+93D6	鏖	オウ,みなごろし	ou,minagoroshi	0,0	0,0	KANJIDIC,PYPINYIN,UNIHAN
U+93D7	鏗	コウ,つく	kou,tsuku	0,0	0,0	KANJIDIC,PYPINYIN,UNIHAN,WORDSHK_CHARS
U+93D8	鏘	ソウ,ショウ	sou,shou	0,0	0,0	KANJIDIC,PYPINYIN,UNIHAN,WORDSHK_CHARS
U+93D9	鏙	サイ,スイ,まじる	sai,sui,majiru	0,0,0	0,0,0	KANJIDIC,PYPINYIN,UNIHAN
U+93DC	鏜	トウ	tou	0	0	KANJIDIC,PYPINYIN,UNIHAN
U+93DD	鏝	マン,こて	man,kote	0,0	0,0	KANJIDIC,PYPINYIN,UNIHAN
U+93DE	鏞	ヨウ,ユ,つりがね	you,yu,tsurigane	0,0,0	0,0,0	KANJIDIC,PYPINYIN,UNIHAN
U+93DF	鏟	サン,セン,いたがね	san,sen,itagane	0,0,0	0,0,0	KANJIDIC,PYPINYIN,UNIHAN,WORDSHK_CHARS
U+93E1	鏡	キョウ,ケイ,かがみ	kyou,kei,kagami	0,0,0	0,0,0	KANJIDIC,PYPINYIN,UNIHAN,WORDSHK_CHARS
U+93E2	鏢	ヒョウ,こじり	hyou,kojiri	0,0	0,0	KANJIDIC,PYPINYIN,UNIHAN,WORDSHK_CHARS
U+93E4	鏤	ル,ロウ,ちりばめる	ru,rou,chiribameru	0,0,0	0,0,0	KANJIDIC,PYPINYIN,UNIHAN
U+93E5	鏥	シュウ,さび	shuu,sabi	0,0	0,0	KANJIDIC,PYPINYIN,UNIHAN
U+93E6	鏦	ショウ,シュ,ソウ,ほこ	shou,shu,sou,hoko	0,0,0,0	0,0,0,0	KANJIDIC,PYPINYIN,UNIHAN
U+93E7	鏧	ロウ	rou	0	0	KANJIDIC,PYPINYIN,UNIHAN
U+93E8	鏨	サン,ザン,たがね	san,zan,tagane	0,0,0	0,0,0	KANJIDIC,PYPINYIN,UNIHAN,WORDSHK_CHARS
U+93F7	鏷	ホク,あらがね	hoku,aragane	0,0	0,0	KANJIDIC,PYPINYIN,UNIHAN
U+93F8	鏸	ケイ,テイ,エ,セイ,エイ,するどい	kei,tei,e,sei,ei,surudoi	0,0,0,0,0,0	0,0,0,0,0,0	KANJIDIC,PYPINYIN,UNIHAN
U+93F9	鏹	キョウ,コウ,ぜに	kyou,kou,zeni	0,0,0	0,0,0	KANJIDIC,PYPINYIN,UNIHAN,WORDSHK_CHARS
U+93FA	鏺	ハツ,ハチ,かま	hatsu,hachi,kama	0,0,0	0,0,0	KANJIDIC,PYPINYIN,UNIHAN
U+93FB	鏻	リン,レイ,リョウ,つよい	rin,rei,ryou,tsuyoi	0,0,0,0	0,0,0,0	KANJIDIC,PYPINYIN,UNIHAN
U+93FD	鏽	シュウ,さび	shuu,sabi	0,0	0,0	KANJIDIC,PYPINYIN,UNIHAN,WORDSHK_CHARS
U+9401	鐁	シ,かんな	shi,kanna	0,0	0,0	KANJIDIC,PYPINYIN,UNIHAN
U+9402	鐂	リュウ,ル,こしき,かま,ころす	ryuu,ru,koshiki,kama,korosu	0,0,0,0,0	0,0,0,0,0	KANJIDIC,PYPINYIN,UNIHAN
U+9403	鐃	ドウ,ニョウ,どら	dou,nyou,dora	0,0,0	0,0,0	KANJIDIC,PYPINYIN,UNIHAN
U+9404	鐄	コウ,オウ	kou,ou	0,0	0,0	KANJIDIC,PYPINYIN,UNIHAN
U+9407	鐇	ハン	han	0	0	KANJIDIC,PYPINYIN,UNIHAN
U+9408	鐈	キョウ,たかあしのなべ	kyou,takaashinonabe	0,0	0,0	KANJIDIC,PYPINYIN,UNIHAN
U+9409	鐉	セン,テン	sen,ten	0,0	0,0	KANJIDIC,PYPINYIN,UNIHAN
U+940D	鐍	ケツ,テツ,テチ,イツ,イチ,おびどめ	ketsu,tetsu,techi,itsu,ichi,obidome	0,0,0,0,0,0	0,0,0,0,0,0	KANJIDIC,PYPINYIN,UNIHAN
U+940E	鐎	ショウ,シュウ,シュ,なべ	shou,shuu,shu,nabe	0,0,0,0	0,0,0,0	KANJIDIC,PYPINYIN,UNIHAN
U+940F	鐏	ソン,サン,いしづき	son,san,ishizuki	0,0,0	0,0,0	KANJIDIC,PYPINYIN,UNIHAN
U+9410	鐐	リョウ,あしかせ	ryou,ashikase	0,0	0,0	KANJIDIC,PYPINYIN,UNIHAN
U+9413	鐓	タイ,いしづき	tai,ishizuki	0,0	0,0	KANJIDIC,PYPINYIN,UNIHAN
U+9414	鐔	タン,シン,つば	tan,shin,tsuba	0,0,0	0,0,0	KANJIDIC,PYPINYIN,UNIHAN,WORDSHK_CHARS
U+9415	鐕	サン	san	0	0	KANJIDIC,PYPINYIN,UNIHAN
U+9416	鐖	キ,ケ,ゲ,ガイ,さかばり	ki,ke,ge,gai,sakabari	0,0,0,0,0	0,0,0,0,0	KANJIDIC,PYPINYIN,UNIHAN
U+9417	鐗	カン,ケン,ほこ,むち	kan,ken,hoko,muchi	0,0,0,0	0,0,0,0	KANJIDIC,PYPINYIN,UNIHAN
U+9418	鐘	ショウ,かね	shou,kane	0,0	0,0	KANJIDIC,PYPINYIN,UNIHAN,WORDSHK_CHARS
U+9419	鐙	トウ,あぶみ,たかつき,ひともし	tou,abumi,takatsuki,hitomoshi	0,0,0,0	0,0,0,0	KANJIDIC,PYPINYIN,UNIHAN
U+941A	鐚	ワ,ア,びた,しころ	wa,a,bita,shikoro	0,0,0,0	0,0,0,0	KANJIDIC,PYPINYIN,UNIHAN
U+941F	鐟	テイ,チタニウム	tei,chitaniumu	0,0	0,0	KANJIDIC,PYPINYIN,UNIHAN
U+9421	鐡	テツ,くろがね	tetsu,kurogane	0,0	0,0	KANJIDIC,PYPINYIN,UNIHAN
U+942B	鐫	セン,ほる,える,きる,のみ	sen,horu,eru,kiru,nomi	0,0,0,0,0	0,0,0,0,0	KANJIDIC,PYPINYIN,UNIHAN
U+942E	鐮	レン,ケン,かま	ren,ken,kama	0,0,0	0,0,0	KANJIDIC,PYPINYIN,UNIHAN,WORDSHK_CHARS
U+942F	鐯	シャク,チャク,くわ,おおすき	shaku,chaku,kuwa,oosuki	0,0,0,0	0,0,0,0	KANJIDIC,PYPINYIN,UNIHAN
U+9431	鐱	セン,ケン,すき	sen,ken,suki	0,0,0	0,0,0	KANJIDIC,PYPINYIN,UNIHAN
U+9432	鐲	タク,ショク,ゾク,ふりがね	taku,shoku,zoku,furigane	0,0,0,0	0,0,0,0	KANJIDIC,PYPINYIN,UNIHAN,WORDSHK_CHARS
U+9433	鐳	ライ,かめ,ラジウム	rai,kame,rajiumu	0,0,0	0,0,0	KANJIDIC,PYPINYIN,UNIHAN,WORDSHK_CHARS
U+9434	鐴	ヘキ,ヒャク,ヘイ,からすきのみみ,みがく	heki,hyaku,hei,karasukinomimi,migaku	0,0,0,0,0	0,0,0,0,0	KANJIDIC,PYPINYIN,UNIHAN
U+9435	鐵	テツ,くろがね	tetsu,kurogane	0,0	0,0	KANJIDIC,PYPINYIN,UNIHAN,WORDSHK_CHARS
U+9436	鐶	カン,たまき,わ	kan,tamaki,wa	0,0,0	0,0,0	KANJIDIC,PYPINYIN,UNIHAN
U+9438	鐸	タク	taku	0	0	KANJIDIC,PYPINYIN,UNIHAN,WORDSHK_CHARS
U+943A	鐺	ト,ソウ,トウ,くさり,こじり,こて,なべ	to,sou,tou,kusari,kojiri,kote,nabe	0,0,0,0,0,0,0	0,0,0,0,0,0,0	KANJIDIC,PYPINYIN,UNIHAN,WORDSHK_CHARS
U+943B	鐻	キョ,コ,かねかけ	kyo,ko,kanekake	0,0,0	0,0,0	KANJIDIC,PYPINYIN,UNIHAN
U+943D	鐽	タツ	tatsu	0	0	KANJIDIC,PYPINYIN,UNIHAN
U+943F	鐿	イ,イッテルビウム	i,itterubiumu	0,0	0,0	KANJIDIC,PYPINYIN,UNIHAN
U+9441	鑁	バン	ban	0	0	KANJIDIC,PYPINYIN,UNIHAN
U+9443	鑃	チョウ,ヨウ,なべ	chou,you,nabe	0,0,0	0,0,0	KANJIDIC,PYPINYIN,UNIHAN
U+9444	鑄	チュウ,シュ,シュウ,いる	chuu,shu,shuu,iru	0,0,0,0	0,0,0,0	KANJIDIC,PYPINYIN,UNIHAN,WORDSHK_CHARS
U+9445	鑅	コウ	kou	0	0	KANJIDIC,PYPINYIN,UNIHAN
U+9448	鑈	ゲイ,ナイ,シ,ニ,ジョウ,ニョウ	gei,nai,shi,ni,jou,nyou	0,0,0,0,0,0	0,0,0,0,0,0	KANJIDIC,PYPINYIN,UNIHAN
U+944A	鑊	カク,ワク,かま	kaku,waku,kama	0,0,0	0,0,0	KANJIDIC,PYPINYIN,UNIHAN,WORDSHK_CHARS
U+944C	鑌	ヒン,はがね	hin,hagane	0,0	0,0	KANJIDIC,PYPINYIN,UNIHAN
U+9451	鑑	カン,かんがみる,かがみ	kan,kangamiru,kagami	0,0,0	0,0,0	KANJIDIC,PYPINYIN,UNIHAN,WORDSHK_CHARS
U+9452	鑒	カン,かんがみる,かがみ	kan,kangamiru,kagami	0,0,0	0,0,0	KANJIDIC,PYPINYIN,UNIHAN,WORDSHK_CHARS
U+9453	鑓	やり	yari	0	0	KANJIDIC,PYPINYIN,UNIHAN
U+9455	鑕	シツ,シチ,かなとこ	shitsu,shichi,kanatoko	0,0,0	0,0,0	KANJIDIC,PYPINYIN,UNIHAN
U+9459	鑙	ケイ,かたい	kei,katai	0,0	0,0	KANJIDIC,PYPINYIN,UNIHAN
U+945A	鑚	サン,きる	san,kiru	0,0	0,0	KANJIDIC,PYPINYIN,UNIHAN
U+945B	鑛	コウ,あらがね	kou,aragane	0,0	0,0	KANJIDIC,PYPINYIN,UNIHAN
U+945C	鑜	ショウ,け,かれい,かれいい,べんとう	shou,ke,karei,kareii,bentou	0,0,0,0,0	0,0,0,0,0	KANJIDIC,PYPINYIN,UNIHAN
U+945E	鑞	ロウ	rou	0	0	KANJIDIC,PYPINYIN,UNIHAN,WORDSHK_CHARS
U+945F	鑟	トク,いんばこ	toku,inbako	0,0	0,0	KANJIDIC,PYPINYIN,UNIHAN
U+9460	鑠	シャク,とろかす,とかす	shaku,torokasu,tokasu	0,0,0	0,0,0	KANJIDIC,PYPINYIN,UNIHAN,WORDSHK_CHARS
U+9461	鑡	サク,おおばん	saku,ooban	0,0	0,0	KANJIDIC,PYPINYIN,UNIHAN
U+9462	鑢	ロ,リョ,やすり	ro,ryo,yasuri	0,0,0	0,0,0	KANJIDIC,PYPINYIN,UNIHAN
U+9463	鑣	ヒョウ,くつわ	hyou,kutsuwa	0,0	0,0	KANJIDIC,PYPINYIN,UNIHAN,WORDSHK_CHARS
U+9468	鑨	ロウ,ル,うつわ	rou,ru,utsuwa	0,0,0	0,0,0	KANJIDIC,PYPINYIN,UNIHAN
U+946A	鑪	ロ,いろり	ro,irori	0,0	0,0	KANJIDIC,PYPINYIN,UNIHAN
U+946B	鑫	キン,コン,クン,キョク	kin,kon,kun,kyoku	0,0,0,0	0,0,0,0	KANJIDIC,PYPINYIN,UNIHAN
U+946D	鑭	ラン,ランタン	ran,rantan	0,0	0,0	KANJIDIC,PYPINYIN,UNIHAN
U+946E	鑮	ハク,おおがね	haku,oogane	0,0	0,0	KANJIDIC,PYPINYIN,UNIHAN
U+946F	鑯	セン,チン,シン,きざむ	sen,chin,shin,kizamu	0,0,0,0	0,0,0,0	KANJIDIC,PYPINYIN,UNIHAN
U+9470	鑰	ヤク,かぎ	yaku,kagi	0,0	0,0	KANJIDIC,PYPINYIN,UNIHAN,WORDSHK_CHARS
U+9471	鑱	サン,ゼン,するどい	san,zen,surudoi	0,0,0	0,0,0	KANJIDIC,PYPINYIN,UNIHAN
U+9472	鑲	ジョウ,ニョウ,ソウ,いがた	jou,nyou,sou,igata	0,0,0,0	0,0,0,0	KANJIDIC,PYPINYIN,UNIHAN,WORDSHK_CHARS
U+9475	鑵	カン,かま	kan,kama	0,0	0,0	KANJIDIC,PYPINYIN,UNIHAN
U+9477	鑷	セツ,ジョウ,ニョウ,けぬき	setsu,jou,nyou,kenuki	0,0,0,0	0,0,0,0	KANJIDIC,PYPINYIN,UNIHAN
U+947C	鑼	ラ,どら	ra,dora	0,0	0,0	KANJIDIC,PYPINYIN,UNIHAN,WORDSHK_CHARS
U+947D	鑽	サン,きる	san,kiru	0,0	0,0	KANJIDIC,PYPINYIN,UNIHAN,WORDSHK_CHARS
U+947E	鑾	ラン,すず	ran,suzu	0,0	0,0	KANJIDIC,PYPINYIN,UNIHAN
U+947F	鑿	サク,のみ,うがつ	saku,nomi,ugatsu	0,0,0	0,0,0	KANJIDIC,PYPINYIN,UNIHAN,WORDSHK_CHARS
U+9481	钁	カク,キャク	kaku,kyaku	0,0	0,0	KANJIDIC,PYPINYIN,UNIHAN
U+9483	钃	ショク,ゾク,チョク,トク,すき	shoku,zoku,choku,toku,suki	0,0,0,0,0	0,0,0,0,0	KANJIDIC,PYPINYIN,UNIHAN
U+9484	钄	ラン	ran	0	0	KANJIDIC,PYPINYIN,UNIHAN
U+9577	長	チョウ,ながい,おさ	chou,nagai,osa	0,0,0	0,0,0	KANJIDIC,PYPINYIN,UNIHAN,WORDSHK_CHARS
U+9578	镸	チョウ,ながい,おさ	chou,nagai,osa	0,0,0	0,0,0	KANJIDIC,PYPINYIN,UNIHAN
U+9579	镹	キュウ,ク,ながい	kyuu,ku,nagai	0,0,0	0,0,0	KANJIDIC,PYPINYIN,UNIHAN
U+957E	镾	ビ,ミ,わたる,とりつくろう	bi,mi,wataru,toritsukurou	0,0,0,0	0,0,0,0	KANJIDIC,PYPINYIN,UNIHAN
U+9580	門	モン,かど,と	mon,kado,to	0,0,0	0,0,0	KANJIDIC,PYPINYIN,UNIHAN,WORDSHK_CHARS
U+9582	閂	サン,セン,かんぬき	san,sen,kannuki	0,0,0	0,0,0	KANJIDIC,PYPINYIN,UNIHAN,WORDSHK_CHARS
U+9583	閃	セン,ひらめく,ひらめき,うかがう	sen,hirameku,hirameki,ukagau	0,0,0,0	0,0,0,0	KANJIDIC,PYPINYIN,UNIHAN,WORDSHK_CHARS
U+9584	閄	コク,ワク	koku,waku	0,0	0,0	KANJIDIC,PYPINYIN,UNIHAN
U+9587	閇	ヘイ,とじる,とざす,しめる,しまる,たてる	hei,tojiru,tozasu,shimeru,shimaru,tateru	0,0,0,0,0,0	0,0,0,0,0,0	KANJIDIC,PYPINYIN,UNIHAN
U+9588	閈	カン,さと,ふせぐ,とじる	kan,sato,fusegu,tojiru	0,0,0,0	0,0,0,0	KANJIDIC,PYPINYIN,UNIHAN
U+9589	閉	ヘイ,とじる,とざす,しめる,しまる,たてる	hei,tojiru,tozasu,shimeru,shimaru,tateru	0,0,0,0,0,0	0,0,0,0,0,0	KANJIDIC,PYPINYIN,UNIHAN,WORDSHK_CHARS
U+958A	閊	つかえる	tsukaeru	0	0	KANJIDIC,PYPINYIN,UNIHAN
U+958B	開	カイ,ひらく,ひらき,びらき,ひらける,あく,あける	kai,hiraku,hiraki,biraki,hirakeru,aku,akeru	0,0,0,0,0,0,0	0,0,0,0,0,0,0	KANJIDIC,PYPINYIN,UNIHAN,WORDSHK_CHARS
U+958C	閌	コウ	kou	0	0	KANJIDIC,PYPINYIN,UNIHAN
U+958D	閍	ホウ,ヒョウ,ベン,メン	hou,hyou,ben,men	0,0,0,0	0,0,0,0	KANJIDIC,PYPINYIN,UNIHAN
U+958E	閎	コウ,オウ	kou,ou	0,0	0,0	KANJIDIC,PYPINYIN,UNIHAN
U+958F	閏	ジュン,うるう	jun,uruu	0,0	0,0	KANJIDIC,PYPINYIN,UNIHAN,WORDSHK_CHARS
U+9591	閑	カン	kan	0	0	KANJIDIC,PYPINYIN,UNIHAN,WORDSHK_CHARS
U+9593	間	カン,ケン,あいだ,ま,あい	kan,ken,aida,ma,ai	0,0,0,0,0	0,0,0,0,0	KANJIDIC,PYPINYIN,UNIHAN,WORDSHK_CHARS
U+9594	閔	ビン,ミン,あわれむ,うれえる	bin,min,awaremu,ureeru	0,0,0,0	0,0,0,0	KANJIDIC,PYPINYIN,UNIHAN,WORDSHK_CHARS
U+9596	閖	ゆり,ゆる,ゆれる	yuri,yuru,yureru	0,0,0	0,0,0	KANJIDIC,PYPINYIN,UNIHAN
U+9598	閘	コウ,ひのくち	kou,hinokuchi	0,0	0,0	KANJIDIC,PYPINYIN,UNIHAN,WORDSHK_CHARS
U+9599	閙	ドウ,トウ,さわがしい	dou,tou,sawagashii	0,0,0	0,0,0	KANJIDIC,PYPINYIN,UNIHAN
U+959D	閝	レイ,リョウ,きりまど	rei,ryou,kirimado	0,0,0	0,0,0	KANJIDIC,PYPINYIN,UNIHAN
U+959E	閞	ヘン,ハン,ボン,はしらのますがた	hen,han,bon,hashiranomasugata	0,0,0,0	0,0,0,0	KANJIDIC,PYPINYIN,UNIHAN
U+959F	閟	ヒ,とじる	hi,tojiru	0,0	0,0	KANJIDIC,PYPINYIN,UNIHAN
U+95A0	閠	ケイ,ギョク,ジュン,うるう	kei,gyoku,jun,uruu	0,0,0,0	0,0,0,0	KANJIDIC,PYPINYIN,UNIHAN
U+95A1	閡	カイ,コク,ガイ,ゲ,しめる	kai,koku,gai,ge,shimeru	0,0,0,0,0	0,0,0,0,0	KANJIDIC,PYPINYIN,UNIHAN,WORDSHK_CHARS
U+95A2	関	カン,せき,ぜき,かかわる,からくり,かんぬき	kan,seki,zeki,kakawaru,karakuri,kannuki	0,0,0,0,0,0	0,0,0,0,0,0	KANJIDIC,PYPINYIN,UNIHAN
U+95A3	閣	カク	kaku	0	0	KANJIDIC,PYPINYIN,UNIHAN,WORDSHK_CHARS
U+95A4	閤	コウ,くぐりど	kou,kugurido	0,0	0,0	KANJIDIC,PYPINYIN,UNIHAN
U+95A5	閥	バツ	batsu	0	0	KANJIDIC,PYPINYIN,UNIHAN,WORDSHK_CHARS
U+95A6	閦	シュク,おおい	shuku,ooi	0,0	0,0	KANJIDIC,PYPINYIN,UNIHAN
U+95A7	閧	コウ,とき	kou,toki	0,0	0,0	KANJIDIC,PYPINYIN,UNIHAN,WORDSHK_CHARS
U+95A8	閨	ケイ,ケ,ねや	kei,ke,neya	0,0,0	0,0,0	KANJIDIC,PYPINYIN,UNIHAN,WORDSHK_CHARS
U+95A9	閩	ベン,ミン,ブン,モン,ビン	ben,min,bun,mon,bin	0,0,0,0,0	0,0,0,0,0	KANJIDIC,PYPINYIN,UNIHAN,WORDSHK_CHARS
U+95AB	閫	コン,しきみ	kon,shikimi	0,0	0,0	KANJIDIC,PYPINYIN,UNIHAN
U+95AC	閬	ロウ,トウ,リョウ	rou,tou,ryou	0,0,0	0,0,0	KANJIDIC,PYPINYIN,UNIHAN
U+95AD	閭	リョ,ロ,さと	ryo,ro,sato	0,0,0	0,0,0	KANJIDIC,PYPINYIN,UNIHAN
U+95B2	閲	エツ,けみする	etsu,kemisuru	0,0	0,0	KANJIDIC,PYPINYIN,UNIHAN,WORDSHK_CHARS
U+95B4	閴	ケキ,しずか,ひっそり	keki,shizuka,hissori	0,0,0	0,0,0	KANJIDIC,PYPINYIN,UNIHAN
U+95B6	閶	ショウ,トウ	shou,tou	0,0	0,0	KANJIDIC,PYPINYIN,UNIHAN
U+95B9	閹	エン,アン,おおう	en,an,oou	0,0,0	0,0,0	KANJIDIC,PYPINYIN,UNIHAN,WORDSHK_CHARS
U+95BA	閺	ベン,ミン,ビン	ben,min,bin	0,0,0	0,0,0	KANJIDIC,PYPINYIN,UNIHAN
U+95BB	閻	エン	en	0	0	KANJIDIC,PYPINYIN,UNIHAN,WORDSHK_CHARS
U+95BC	閼	ア,アツ,エン,ヨ,とどめる,ふさぐ	a,atsu,en,yo,todomeru,fusagu	0,0,0,0,0,0	0,0,0,0,0,0	KANJIDIC,PYPINYIN,UNIHAN
U+95BD	閽	コン,もんばん	kon,monban	0,0	0,0	KANJIDIC,PYPINYIN,UNIHAN
U+95BE	閾	シキ,イキ,キョク,ヨク,くぎり,しきい	shiki,iki,kyoku,yoku,kugiri,shikii	0,0,0,0,0,0	0,0,0,0,0,0	KANJIDIC,PYPINYIN,UNIHAN
U+95BF	閿	ブン,みる	bun,miru	0,0	0,0	KANJIDIC,PYPINYIN,UNIHAN
U+95C3	闃	ゲキ,ケキ,しずか,ひっそり	geki,keki,shizuka,hissori	0,0,0,0	0,0,0,0	KANJIDIC,PYPINYIN,UNIHAN
U+95C6	闆	ハン,ヘン,みる	han,hen,miru	0,0,0	0,0,0	KANJIDIC,PYPINYIN,UNIHAN,WORDSHK_CHARS
U+95C7	闇	アン,オン,やみ,くらい	an,on,yami,kurai	0,0,0,0	0,0,0,0	KANJIDIC,PYPINYIN,UNIHAN
U+95C8	闈	イ,キ	i,ki	0,0	0,0	KANJIDIC,PYPINYIN,UNIHAN
U+95C9	闉	イン,エン	in,en	0,0	0,0	KANJIDIC,PYPINYIN,UNIHAN
U+95CA	闊	カツ,ひろい	katsu,hiroi	0,0	0,0	KANJIDIC,PYPINYIN,UNIHAN,WORDSHK_CHARS
U+95CB	闋	ケツ,ケチ,ケイ,ケ,とじる	ketsu,kechi,kei,ke,tojiru	0,0,0,0,0	0,0,0,0,0	KANJIDIC,PYPINYIN,UNIHAN,WORDSHK_CHARS
U+95CC	闌	ラン,たける,たけなわ,てすり	ran,takeru,takenawa,tesuri	0,0,0,0	0,0,0,0	KANJIDIC,PYPINYIN,UNIHAN,WORDSHK_CHARS
U+95CD	闍	ト,ジャ	to,ja	0,0	0,0	KANJIDIC,PYPINYIN,UNIHAN
U+95D0	闐	テン,キ,さかん	ten,ki,sakan	0,0,0	0,0,0	KANJIDIC,PYPINYIN,UNIHAN
U+95D1	闑	ゲツ,ゲチ,ケイ,キ,しきみ	getsu,gechi,kei,ki,shikimi	0,0,0,0,0	0,0,0,0,0	KANJIDIC,PYPINYIN,UNIHAN
U+95D2	闒	トウ,ロウ,むら	tou,rou,mura	0,0,0	0,0,0	KANJIDIC,PYPINYIN,UNIHAN
U+95D3	闓	カイ,ひらく	kai,hiraku	0,0	0,0	KANJIDIC,PYPINYIN,UNIHAN
U+95D4	闔	コウ,とびら	kou,tobira	0,0	0,0	KANJIDIC,PYPINYIN,UNIHAN,WORDSHK_CHARS
U+95D5	闕	ケツ,かける	ketsu,kakeru	0,0	0,0	KANJIDIC,PYPINYIN,UNIHAN,WORDSHK_CHARS
U+95D6	闖	チン,うかがう	chin,ukagau	0,0	0,0	KANJIDIC,PYPINYIN,UNIHAN,WORDSHK_CHARS
U+95D8	闘	トウ,たたかう,あらそう	tou,tatakau,arasou	0,0,0	0,0,0	KANJIDIC,PYPINYIN,UNIHAN
U+95D9	闙	ケイ,ひらく	kei,hiraku	0,0	0,0	KANJIDIC,PYPINYIN,UNIHAN
U+95DA	闚	キ,うかがう	ki,ukagau	0,0	0,0	KANJIDIC,PYPINYIN,UNIHAN
U+95DC	關	カン,せき,かかわる,からくり,かんぬき	kan,seki,kakawaru,karakuri,kannuki	0,0,0,0,0	0,0,0,0,0	KANJIDIC,PYPINYIN,UNIHAN,WORDSHK_CHARS
U+95DD	闝	ヒョウ,おぼれる	hyou,oboreru	0,0	0,0	KANJIDIC,PYPINYIN,UNIHAN
U+95DE	闞	カン,ケン,のぞむ	kan,ken,nozomu	0,0,0	0,0,0	KANJIDIC,PYPINYIN,UNIHAN
U+95DF	闟	キュウ,コウ,シュウ,トウ,おちつく,とじる	kyuu,kou,shuu,tou,ochitsuku,tojiru	0,0,0,0,0,0	0,0,0,0,0,0	KANJIDIC,PYPINYIN,UNIHAN
U+95E0	闠	カイ,キ	kai,ki	0,0	0,0	KANJIDIC,PYPINYIN,UNIHAN
U+95E1	闡	セン,みちる	sen,michiru	0,0	0,0	KANJIDIC,PYPINYIN,UNIHAN,WORDSHK_CHARS
U+95E2	闢	ヘキ,ビャク,ひらく	heki,byaku,hiraku	0,0,0	0,0,0	KANJIDIC,PYPINYIN,UNIHAN,WORDSHK_CHARS
U+95E4	闤	カン,ゲン,ワン,エン,かき	kan,gen,wan,en,kaki	0,0,0,0,0	0,0,0,0,0	KANJIDIC,PYPINYIN,UNIHAN
U+95E5	闥	タツ,タチ	tatsu,tachi	0,0	0,0	KANJIDIC,PYPINYIN,UNIHAN
U+95E6	闦	ゴン	gon	0	0	KANJIDIC,PYPINYIN,UNIHAN
U+961C	阜	フ,フウ	fu,fuu	0,0	0,0	KANJIDIC,PYPINYIN,UNIHAN,WORDSHK_CHARS
U+961D	阝	こざと	kozato	0	0	KANJIDIC,PYPINYIN,UNIHAN
U+961E	阞	ロク	roku	0	0	KANJIDIC,PYPINYIN,UNIHAN
U+9621	阡	セン	sen	0	0	KANJIDIC,PYPINYIN,UNIHAN,WORDSHK_CHARS
U+9622	阢	ゴツ,ゴチ,ギ	gotsu,gochi,gi	0,0,0	0,0,0	KANJIDIC,PYPINYIN,UNIHAN
U+9624	阤	チ,シ,タ,さか,くずれる	chi,shi,ta,saka,kuzureru	0,0,0,0,0	0,0,0,0,0	KANJIDIC,PYPINYIN,UNIHAN
U+9625	阥	イン,かげ,かげる	in,kage,kageru	0,0,0	0,0,0	KANJIDIC,PYPINYIN,UNIHAN
U+9626	阦	ヨウ,ひ	you,hi	0,0	0,0	KANJIDIC,PYPINYIN,UNIHAN
U+9628	阨	ヤク,アイ,アク,せまい,ふさがる,せまる	yaku,ai,aku,semai,fusagaru,semaru	0,0,0,0,0,0	0,0,0,0,0,0	KANJIDIC,PYPINYIN,UNIHAN
U+962A	阪	ハン,さか	han,saka	0,0	0,0	KANJIDIC,PYPINYIN,UNIHAN,WORDSHK_CHARS
U+962C	阬	コウ,キョウ,あな	kou,kyou,ana	0,0,0	0,0,0	KANJIDIC,PYPINYIN,UNIHAN
U+962E	阮	ゲン	gen	0	0	KANJIDIC,PYPINYIN,UNIHAN,WORDSHK_CHARS
U+962F	阯	シ,あと	shi,ato	0,0	0,0	KANJIDIC,PYPINYIN,UNIHAN
U+9631	阱	セイ,ジョウ,あな	sei,jou,ana	0,0,0	0,0,0	KANJIDIC,PYPINYIN,UNIHAN,WORDSHK_CHARS
U+9632	防	ボウ,ふせぐ	bou,fusegu	0,0	0,0	KANJIDIC,PYPINYIN,UNIHAN,WORDSHK_CHARS
U+9633	阳	ヨウ,ひ	you,hi	0,0	0,0	KANJIDIC,PYPINYIN,UNIHAN
U+9637	阷	テイ,チョウ,のむ	tei,chou,nomu	0,0,0	0,0,0	KANJIDIC,PYPINYIN,UNIHAN
U+9638	阸	ヤク,アイ,アク,せまい,ふさがる,せまる	yaku,ai,aku,semai,fusagaru,semaru	0,0,0,0,0,0	0,0,0,0,0,0	KANJIDIC,PYPINYIN,UNIHAN
U+9639	阹	キョ	kyo	0	0	KANJIDIC,PYPINYIN,UNIHAN
U+963A	阺	キョ,コ,テイ,おり	kyo,ko,tei,ori	0,0,0,0	0,0,0,0	KANJIDIC,PYPINYIN,UNIHAN
U+963B	阻	ソ,はばむ	so,habamu	0,0	0,0	KANJIDIC,PYPINYIN,UNIHAN,WORDSHK_CHARS
U+963C	阼	ソ,サク	so,saku	0,0	0,0	KANJIDIC,PYPINYIN,UNIHAN
U+963D	阽	エン,テン,くずれかかる	en,ten,kuzurekakaru	0,0,0	0,0,0	KANJIDIC,PYPINYIN,UNIHAN
U+963F	阿	ア,オ,おもねる,くま	a,o,omoneru,kuma	0,0,0,0	0,0,0,0	KANJIDIC,PYPINYIN,UNIHAN,WORDSHK_CHARS
U+9640	陀	タ,ダ,イ,チ,ジ,けわしい,ななめ	ta,da,i,chi,ji,kewashii,naname	0,0,0,0,0,0,0	0,0,0,0,0,0,0	KANJIDIC,PYPINYIN,UNIHAN,WORDSHK_CHARS
U+9641	陁	タ,イ,チ,ジ,けわしい,ななめ	ta,i,chi,ji,kewashii,naname	0,0,0,0,0,0	0,0,0,0,0,0	KANJIDIC,PYPINYIN,UNIHAN
U+9642	陂	ヒ,ハ,つつみ	hi,ha,tsutsumi	0,0,0	0,0,0	KANJIDIC,PYPINYIN,UNIHAN
U+9644	附	フ,つける,つく	fu,tsukeru,tsuku	0,0,0	0,0,0	KANJIDIC,PYPINYIN,UNIHAN,WORDSHK_CHARS
U+964B	陋	ロウ,いやしい,せまい	rou,iyashii,semai	0,0,0	0,0,0	KANJIDIC,PYPINYIN,UNIHAN,WORDSHK_CHARS
U+964C	陌	ハク,まち,みち	haku,machi,michi	0,0,0	0,0,0	KANJIDIC,PYPINYIN,UNIHAN,WORDSHK_CHARS
U+964D	降	コウ,ゴ,おりる,おろす,ふる,ふり,くだる,くだす	kou,go,oriru,orosu,furu,furi,kudaru,kudasu	0,0,0,0,0,0,0,0	0,0,0,0,0,0,0,0	KANJIDIC,PYPINYIN,UNIHAN,WORDSHK_CHARS
U+964F	陏	ダ,ずい	da,zui	0,0	0,0	KANJIDIC,PYPINYIN,UNIHAN
U+9650	限	ゲン,かぎる,かぎり	gen,kagiru,kagiri	0,0,0	0,0,0	KANJIDIC,PYPINYIN,UNIHAN,WORDSHK_CHARS
U+9652	陒	キ,やぶれたかき,やぶれる,けわしい	ki,yaburetakaki,yabureru,kewashii	0,0,0,0	0,0,0,0	KANJIDIC,PYPINYIN,UNIHAN
U+9654	陔	カイ,ケ	kai,ke	0,0	0,0	KANJIDIC,PYPINYIN,UNIHAN
U+9656	陖	シュン,カイ,そばだつ	shun,kai,sobadatsu	0,0,0	0,0,0	KANJIDIC,PYPINYIN,UNIHAN
U+9657	陗	ショウ,まっすぐでたかい,けわしい,たかい,きびしい,せまる,かくれる,せっかち	shou,massugudetakai,kewashii,takai,kibishii,semaru,kakureru,sekkachi	0,0,0,0,0,0,0,0	0,0,0,0,0,0,0,0	KANJIDIC,PYPINYIN,UNIHAN
U+9658	陘	ケイ,キョウ,たに	kei,kyou,tani	0,0,0	0,0,0	KANJIDIC,PYPINYIN,UNIHAN
U+965B	陛	ヘイ	hei	0	0	KANJIDIC,PYPINYIN,UNIHAN,WORDSHK_CHARS
U+965C	陜	キョウ,コウ,せまい	kyou,kou,semai	0,0,0	0,0,0	KANJIDIC,PYPINYIN,UNIHAN
U+965D	陝	セン	sen	0	0	KANJIDIC,PYPINYIN,UNIHAN,WORDSHK_CHARS
U+965E	陞	ショウ,のぼる	shou,noboru	0,0	0,0	KANJIDIC,PYPINYIN,UNIHAN,WORDSHK_CHARS
U+965F	陟	チョク,トク,すすむ,のぼる	choku,toku,susumu,noboru	0,0,0,0	0,0,0,0	KANJIDIC,PYPINYIN,UNIHAN
U+9661	陡	トウ,ツ,そばだつ	tou,tsu,sobadatsu	0,0,0	0,0,0	KANJIDIC,PYPINYIN,UNIHAN,WORDSHK_CHARS
U+9662	院	イン	in	0	0	KANJIDIC,PYPINYIN,UNIHAN,WORDSHK_CHARS
U+9663	陣	ジン	jin	0	0	KANJIDIC,PYPINYIN,UNIHAN,WORDSHK_CHARS
U+9664	除	ジョ,ジ,のぞく,よけ	jo,ji,nozoku,yoke	0,0,0,0	0,0,0,0	KANJIDIC,PYPINYIN,UNIHAN,WORDSHK_CHARS
U+9665	陥	カン,おちいる,おとしいれる	kan,ochiiru,otoshiireru	0,0,0	0,0,0	KANJIDIC,PYPINYIN,UNIHAN
U+9666	陦	トウ,チョウ,しま	tou,chou,shima	0,0,0	0,0,0	KANJIDIC,PYPINYIN,UNIHAN
U+966A	陪	バイ	bai	0	0	KANJIDIC,PYPINYIN,UNIHAN,WORDSHK_CHARS
U+966C	陬	スウ,シュウ,すみ	suu,shuu,sumi	0,0,0	0,0,0	KANJIDIC,PYPINYIN,UNIHAN
U+966E	陮	タイ,テ,たかい,あやうい	tai,te,takai,ayaui	0,0,0,0	0,0,0,0	KANJIDIC,PYPINYIN,UNIHAN
U+9670	陰	イン,かげ,かげる	in,kage,kageru	0,0,0	0,0,0	KANJIDIC,PYPINYIN,UNIHAN,WORDSHK_CHARS
U+9672	陲	スイ,ほとり	sui,hotori	0,0	0,0	KANJIDIC,PYPINYIN,UNIHAN,WORDSHK_CHARS
U+9673	陳	チン,ひねる	chin,hineru	0,0	0,0	KANJIDIC,PYPINYIN,UNIHAN,WORDSHK_CHARS
U+9674	陴	ヒ,ハイ,ひめがき	hi,hai,himegaki	0,0,0	0,0,0	KANJIDIC,PYPINYIN,UNIHAN
U+9675	陵	リョウ,みささぎ	ryou,misasagi	0,0	0,0	KANJIDIC,PYPINYIN,UNIHAN,WORDSHK_CHARS
U+9676	陶	トウ,すえ	tou,sue	0,0	0,0	KANJIDIC,PYPINYIN,UNIHAN,WORDSHK_CHARS
U+9677	陷	カン,おちいる,おとしいれる	kan,ochiiru,otoshiireru	0,0,0	0,0,0	KANJIDIC,PYPINYIN,UNIHAN,WORDSHK_CHARS
U+9678	陸	リク,ロク,おか	riku,roku,oka	0,0,0	0,0,0	KANJIDIC,PYPINYIN,UNIHAN,WORDSHK_CHARS
U+967A	険	ケン,けわしい	ken,kewashii	0,0	0,0	KANJIDIC,PYPINYIN,UNIHAN
U+967B	陻	シュ,ショウ,ジュ,トウ,ズ,ふさぐ	shu,shou,ju,tou,zu,fusagu	0,0,0,0,0,0	0,0,0,0,0,0	KANJIDIC,PYPINYIN,UNIHAN
U+967C	陼	ショ,ト,ツ,ズ,しま	sho,to,tsu,zu,shima	0,0,0,0,0	0,0,0,0,0	KANJIDIC,PYPINYIN,UNIHAN
U+967D	陽	ヨウ,ひ	you,hi	0,0	0,0	KANJIDIC,PYPINYIN,UNIHAN,WORDSHK_CHARS
U+967E	陾	ジョウ,ニョウ,ジ,ニ,おおい	jou,nyou,ji,ni,ooi	0,0,0,0,0	0,0,0,0,0	KANJIDIC,PYPINYIN,UNIHAN
U+967F	陿	キョウ,コウ,せまい	kyou,kou,semai	0,0,0	0,0,0	KANJIDIC,PYPINYIN,UNIHAN
U+9681	隁	エン,つつみ	en,tsutsumi	0,0	0,0	KANJIDIC,PYPINYIN,UNIHAN
U+9682	隂	イン,かげ,かげる	in,kage,kageru	0,0,0	0,0,0	KANJIDIC,PYPINYIN,UNIHAN
U+9683	隃	シュ,ユ,ヨウ,こえる	shu,yu,you,koeru	0,0,0,0	0,0,0,0	KANJIDIC,PYPINYIN,UNIHAN
U+9684	隄	テイ,タイ,シ,ジ,つつみ	tei,tai,shi,ji,tsutsumi	0,0,0,0,0	0,0,0,0,0	KANJIDIC,PYPINYIN,UNIHAN
U+9685	隅	グウ,すみ	guu,sumi	0,0	0,0	KANJIDIC,PYPINYIN,UNIHAN,WORDSHK_CHARS
U+9686	隆	リュウ	ryuu	0	0	KANJIDIC,PYPINYIN,UNIHAN,WORDSHK_CHARS
U+9688	隈	ワイ,エ,くま,すみ	wai,e,kuma,sumi	0,0,0,0	0,0,0,0	KANJIDIC,PYPINYIN,UNIHAN
U+9689	隉	ゲツ,ゲチ,あやうい	getsu,gechi,ayaui	0,0,0	0,0,0	KANJIDIC,PYPINYIN,UNIHAN
U+968A	隊	タイ	tai	0	0	KANJIDIC,PYPINYIN,UNIHAN,WORDSHK_CHARS
U+968B	隋	ズイ,スイ,タ,ダ	zui,sui,ta,da	0,0,0,0	0,0,0,0	KANJIDIC,PYPINYIN,UNIHAN,WORDSHK_CHARS
U+968D	隍	コウ,ほり	kou,hori	0,0	0,0	KANJIDIC,PYPINYIN,UNIHAN,WORDSHK_CHARS
U+968E	階	カイ,きざはし	kai,kizahashi	0,0	0,0	KANJIDIC,PYPINYIN,UNIHAN,WORDSHK_CHARS
U+968F	随	ズイ,まにまに,したがう	zui,manimani,shitagau	0,0,0	0,0,0	KANJIDIC,PYPINYIN,UNIHAN
U+9691	隑	カイ,キ,ゲ,ながい	kai,ki,ge,nagai	0,0,0,0	0,0,0,0	KANJIDIC,PYPINYIN,UNIHAN
U+9694	隔	カク,へだてる,へだたる	kaku,hedateru,hedataru	0,0,0	0,0,0	KANJIDIC,PYPINYIN,UNIHAN,WORDSHK_CHARS
U+9695	隕	イン,エン,ウン,おちる	in,en,un,ochiru	0,0,0,0	0,0,0,0	KANJIDIC,PYPINYIN,UNIHAN,WORDSHK_CHARS
U+9696	隖	オ,ウ,つつみ	o,u,tsutsumi	0,0,0	0,0,0	KANJIDIC,PYPINYIN,UNIHAN
U+9697	隗	カイ,けわしい	kai,kewashii	0,0	0,0	KANJIDIC,PYPINYIN,UNIHAN
U+9698	隘	アイ,ヤク,せまい	ai,yaku,semai	0,0,0	0,0,0	KANJIDIC,PYPINYIN,UNIHAN,WORDSHK_CHARS
U+9699	隙	ゲキ,キャク,ケキ,すき,すく,すかす,ひま	geki,kyaku,keki,suki,suku,sukasu,hima	0,0,0,0,0,0,0	0,0,0,0,0,0,0	KANJIDIC,PYPINYIN,UNIHAN,WORDSHK_CHARS
U+969A	隚	トウ,いしずえ	tou,ishizue	0,0	0,0	KANJIDIC,PYPINYIN,UNIHAN
U+969B	際	サイ,きわ,ぎわ	sai,kiwa,giwa	0,0,0	0,0,0	KANJIDIC,PYPINYIN,UNIHAN,WORDSHK_CHARS
U+969C	障	ショウ,さわる	shou,sawaru	0,0	0,0	KANJIDIC,PYPINYIN,UNIHAN,WORDSHK_CHARS
U+969D	隝	トウ,チョウ,しま	tou,chou,shima	0,0,0	0,0,0	KANJIDIC,PYPINYIN,UNIHAN
U+969F	隟	キャク,ケキ,すき,すく,すかす,ひま	kyaku,keki,suki,suku,sukasu,hima	0,0,0,0,0,0	0,0,0,0,0,0	KANJIDIC,PYPINYIN,UNIHAN
U+96A0	隠	イン,オン,かくす,かくし,かくれる,よる	in,on,kakusu,kakushi,kakureru,yoru	0,0,0,0,0,0	0,0,0,0,0,0	KANJIDIC,PYPINYIN,UNIHAN
U+96A3	隣	リン,となる,となり	rin,tonaru,tonari	0,0,0	0,0,0	KANJIDIC,PYPINYIN,UNIHAN
U+96A4	隤	タイ,ズイ,タ,おちる	tai,zui,ta,ochiru	0,0,0,0	0,0,0,0	KANJIDIC,PYPINYIN,UNIHAN
U+96A5	隥	トウ,サカ,きだ	tou,saka,kida	0,0,0	0,0,0	KANJIDIC,PYPINYIN,UNIHAN
U+96A6	隦	ヘイ,ヒ,ひめがき	hei,hi,himegaki	0,0,0	0,0,0	KANJIDIC,PYPINYIN,UNIHAN
U+96A7	隧	スイ,ツイ,みち	sui,tsui,michi	0,0,0	0,0,0	KANJIDIC,PYPINYIN,UNIHAN,WORDSHK_CHARS
U+96A8	隨	ズイ,まにまに,したがう	zui,manimani,shitagau	0,0,0	0,0,0	KANJIDIC,PYPINYIN,UNIHAN,WORDSHK_CHARS
U+96A9	隩	オウ,イク,くま	ou,iku,kuma	0,0,0	0,0,0	KANJIDIC,PYPINYIN,UNIHAN
U+96AA	險	ケン,けわしい	ken,kewashii	0,0	0,0	KANJIDIC,PYPINYIN,UNIHAN,WORDSHK_CHARS
U+96AE	隮	セイ,サイ,のぼる	sei,sai,noboru	0,0,0	0,0,0	KANJIDIC,PYPINYIN,UNIHAN
U+96AF	隯	トウ,チョウ,しま	tou,chou,shima	0,0,0	0,0,0	KANJIDIC,PYPINYIN,UNIHAN
U+96B0	隰	シツ,シュウ,さわ	shitsu,shuu,sawa	0,0,0	0,0,0	KANJIDIC,PYPINYIN,UNIHAN
U+96B1	隱	イン,オン,かくす,かくれる,よる	in,on,kakusu,kakureru,yoru	0,0,0,0,0	0,0,0,0,0	KANJIDIC,PYPINYIN,UNIHAN,WORDSHK_CHARS
U+96B2	隲	チョク,シツ,のぼる	choku,shitsu,noboru	0,0,0	0,0,0	KANJIDIC,PYPINYIN,UNIHAN
U+96B3	隳	キ,くずれる	ki,kuzureru	0,0	0,0	KANJIDIC,PYPINYIN,UNIHAN
U+96B4	隴	ロウ,リョウ,おか	rou,ryou,oka	0,0,0	0,0,0	KANJIDIC,PYPINYIN,UNIHAN
U+96B6	隶	タイ	tai	0	0	KANJIDIC,PYPINYIN,UNIHAN
U+96B7	隷	レイ,したがう,しもべ	rei,shitagau,shimobe	0,0,0	0,0,0	KANJIDIC,PYPINYIN,UNIHAN
U+96B8	隸	レイ,したがう,しもべ	rei,shitagau,shimobe	0,0,0	0,0,0	KANJIDIC,PYPINYIN,UNIHAN,WORDSHK_CHARS
U+96B9	隹	サイ,スイ,とり	sai,sui,tori	0,0,0	0,0,0	KANJIDIC,PYPINYIN,UNIHAN
U+96BA	隺	コク,カク,あがる	koku,kaku,agaru	0,0,0	0,0,0	KANJIDIC,PYPINYIN,UNIHAN
U+96BB	隻	セキ	seki	0	0	KANJIDIC,PYPINYIN,UNIHAN,WORDSHK_CHARS
U+96BC	隼	シュン,ジュン,はやぶさ	shun,jun,hayabusa	0,0,0	0,0,0	KANJIDIC,PYPINYIN,UNIHAN
U+96C0	雀	ジャク,ジャン,サク,シャク,すずめ	jaku,jan,saku,shaku,suzume	0,0,0,0,0	0,0,0,0,0	KANJIDIC,PYPINYIN,UNIHAN,WORDSHK_CHARS
U+96C1	雁	ガン,かり,かりがね	gan,kari,karigane	0,0,0	0,0,0	KANJIDIC,PYPINYIN,UNIHAN,WORDSHK_CHARS
U+96C4	雄	ユウ,お,おす,おん	yuu,o,osu,on	0,0,0,0	0,0,0,0	KANJIDIC,PYPINYIN,UNIHAN,WORDSHK_CHARS
U+96C5	雅	ガ,みやび	ga,miyabi	0,0	0,0	KANJIDIC,PYPINYIN,UNIHAN,WORDSHK_CHARS
U+96C6	集	シュウ,あつまる,あつめる,つどう	shuu,atsumaru,atsumeru,tsudou	0,0,0,0	0,0,0,0	KANJIDIC,PYPINYIN,UNIHAN,WORDSHK_CHARS
U+96C7	雇	コ,やとう	ko,yatou	0,0	0,0	KANJIDIC,PYPINYIN,UNIHAN,WORDSHK_CHARS
U+96C9	雉	ジ,チ,きじ	ji,chi,kiji	0,0,0	0,0,0	KANJIDIC,PYPINYIN,UNIHAN,WORDSHK_CHARS
U+96CA	雊	コウ,ク	kou,ku	0,0	0,0	KANJIDIC,PYPINYIN,UNIHAN
U+96CB	雋	シュン,セン,すぐれる	shun,sen,sugureru	0,0,0	0,0,0	KANJIDIC,PYPINYIN,UNIHAN,WORDSHK_CHARS
U+96CC	雌	シ,め,めす,めん	shi,me,mesu,men	0,0,0,0	0,0,0,0	KANJIDIC,PYPINYIN,UNIHAN,WORDSHK_CHARS
U+96CD	雍	ヨウ,ユ,ふさぐ,やわらぐ	you,yu,fusagu,yawaragu	0,0,0,0	0,0,0,0	KANJIDIC,PYPINYIN,UNIHAN,WORDSHK_CHARS
U+96CE	雎	ショ	sho	0	0	KANJIDIC,PYPINYIN,UNIHAN
U+96D1	雑	ザツ,ゾウ,まじえる,まじる	zatsu,zou,majieru,majiru	0,0,0,0	0,0,0,0	KANJIDIC,PYPINYIN,UNIHAN
U+96D2	雒	ラク,みみずく	raku,mimizuku	0,0	0,0	KANJIDIC,PYPINYIN,UNIHAN
U+96D5	雕	チョウ,きざむ,わし,ほる	chou,kizamu,washi,horu	0,0,0,0	0,0,0,0	KANJIDIC,PYPINYIN,UNIHAN,WORDSHK_CHARS
U+96D6	雖	スイ,いえども,これ	sui,iedomo,kore	0,0,0	0,0,0	KANJIDIC,PYPINYIN,UNIHAN,WORDSHK_CHARS
U+96D8	雘	ワク,コ,しんしゃ	waku,ko,shinsha	0,0,0	0,0,0	KANJIDIC,PYPINYIN,UNIHAN
U+96D9	雙	ソウ,たぐい,ならぶ,ふたつ,ふた	sou,tagui,narabu,futatsu,futa	0,0,0,0,0	0,0,0,0,0	KANJIDIC,PYPINYIN,UNIHAN,WORDSHK_CHARS
U+96DA	雚	カン,こうのとり	kan,kounotori	0,0	0,0	KANJIDIC,PYPINYIN,UNIHAN
U+96DB	雛	スウ,ス,ジュ,ひな,ひよこ	suu,su,ju,hina,hiyoko	0,0,0,0,0	0,0,0,0,0	KANJIDIC,PYPINYIN,UNIHAN,WORDSHK_CHARS
U+96DC	雜	ザツ,ゾウ,まじえる,まじる	zatsu,zou,majieru,majiru	0,0,0,0	0,0,0,0	KANJIDIC,PYPINYIN,UNIHAN,WORDSHK_CHARS
U+96DD	雝	ヨウ,ユ,やわらぐ	you,yu,yawaragu	0,0,0	0,0,0	KANJIDIC,PYPINYIN,UNIHAN
U+96DE	雞	ケイ,にわとり,とり	kei,niwatori,tori	0,0,0	0,0,0	KANJIDIC,PYPINYIN,UNIHAN,WORDSHK_CHARS
U+96DF	雟	ケイ,エ,キ,スイ,めぐり,つばめ	kei,e,ki,sui,meguri,tsubame	0,0,0,0,0,0	0,0,0,0,0,0	KANJIDIC,PYPINYIN,UNIHAN
U+96E2	離	リ,はなれる,はなす	ri,hanareru,hanasu	0,0,0	0,0,0	KANJIDIC,PYPINYIN,UNIHAN,WORDSHK_CHARS
U+96E3	難	ナン,かたい,がたい,むずかしい,むつかしい,にくい	nan,katai,gatai,muzukashii,mutsukashii,nikui	0,0,0,0,0,0	0,0,0,0,0,0	KANJIDIC,PYPINYIN,UNIHAN,WORDSHK_CHARS
U+96E8	雨	ウ,あめ,あま,さめ	u,ame,ama,same	0,0,0,0	0,0,0,0	KANJIDIC,PYPINYIN,UNIHAN,WORDSHK_CHARS
U+96E9	雩	ウ,ク,キョ,コ,あまごい	u,ku,kyo,ko,amagoi	0,0,0,0,0	0,0,0,0,0	KANJIDIC,PYPINYIN,UNIHAN
U+96EA	雪	セツ,ゆき	setsu,yuki	0,0	0,0	KANJIDIC,PYPINYIN,UNIHAN,WORDSHK_CHARS
U+96EB	雫	ダ,しずく	da,shizuku	0,0	0,0	KANJIDIC,PYPINYIN,UNIHAN
U+96EF	雯	ブン,モン	bun,mon	0,0	0,0	KANJIDIC,PYPINYIN,UNIHAN
U+96F0	雰	フン	fun	0	0	KANJIDIC,PYPINYIN,UNIHAN
U+96F1	雱	ホウ	hou	0	0	KANJIDIC,PYPINYIN,UNIHAN
U+96F2	雲	ウン,くも,ぐも	un,kumo,gumo	0,0,0	0,0,0	KANJIDIC,PYPINYIN,UNIHAN,WORDSHK_CHARS
U+96F6	零	レイ,ぜろ,こぼす,こぼれる	rei,zero,kobosu,koboreru	0,0,0,0	0,0,0,0	KANJIDIC,PYPINYIN,UNIHAN,WORDSHK_CHARS
U+96F7	雷	ライ,かみなり,いかずち	rai,kaminari,ikazuchi	0,0,0	0,0,0	KANJIDIC,PYPINYIN,UNIHAN,WORDSHK_CHARS
U+96F9	雹	ハク,ヒョク,ボク,ひょう	haku,hyoku,boku,hyou	0,0,0,0	0,0,0,0	KANJIDIC,PYPINYIN,UNIHAN,WORDSHK_CHARS
U+96FA	雺	ム,ボウ,ブ,きり	mu,bou,bu,kiri	0,0,0,0	0,0,0,0	KANJIDIC,PYPINYIN,UNIHAN
U+96FB	電	デン	den	0	0	KANJIDIC,PYPINYIN,UNIHAN,WORDSHK_CHARS
U+9700	需	ジュ	ju	0	0	KANJIDIC,PYPINYIN,UNIHAN,WORDSHK_CHARS
U+9702	霂	ボク,モク	boku,moku	0,0	0,0	KANJIDIC,PYPINYIN,UNIHAN
U+9703	霃	チン,ジン,くもる	chin,jin,kumoru	0,0,0	0,0,0	KANJIDIC,PYPINYIN,UNIHAN
U+9704	霄	ショウ,そら	shou,sora	0,0	0,0	KANJIDIC,PYPINYIN,UNIHAN,WORDSHK_CHARS
U+9705	霅	ショウ,ソウ,ギョウ,トウ,やかましい	shou,sou,gyou,tou,yakamashii	0,0,0,0,0	0,0,0,0,0	KANJIDIC,PYPINYIN,UNIHAN
U+9706	霆	テイ,いかづち	tei,ikazuchi	0,0	0,0	KANJIDIC,PYPINYIN,UNIHAN,WORDSHK_CHARS
U+9707	震	シン,ふるう,ふるえる,ふるわせる,ふるわす	shin,furuu,furueru,furuwaseru,furuwasu	0,0,0,0,0	0,0,0,0,0	KANJIDIC,PYPINYIN,UNIHAN,WORDSHK_CHARS
U+9708	霈	ハイ,ひさめ	hai,hisame	0,0	0,0	KANJIDIC,PYPINYIN,UNIHAN
U+9709	霉	バイ,メ,つゆ,しめり,しみ	bai,me,tsuyu,shimeri,shimi	0,0,0,0,0	0,0,0,0,0	KANJIDIC,PYPINYIN,UNIHAN,WORDSHK_CHARS
U+970A	霊	レイ,リョウ,たま	rei,ryou,tama	0,0,0	0,0,0	KANJIDIC,PYPINYIN,UNIHAN
U+970D	霍	カク,にわか	kaku,niwaka	0,0	0,0	KANJIDIC,PYPINYIN,UNIHAN,WORDSHK_CHARS
U+970E	霎	ショウ,ソウ	shou,sou	0,0	0,0	KANJIDIC,PYPINYIN,UNIHAN,WORDSHK_CHARS
U+970F	霏	ヒ,もや	hi,moya	0,0	0,0	KANJIDIC,PYPINYIN,UNIHAN
U+9711	霑	テン,うるおう,うるおい	ten,uruou,uruoi	0,0,0	0,0,0	KANJIDIC,PYPINYIN,UNIHAN
U+9713	霓	ゲイ,にじ	gei,niji	0,0	0,0	KANJIDIC,PYPINYIN,UNIHAN,WORDSHK_CHARS
U+9716	霖	リン,ながあめ,ながめ	rin,nagaame,nagame	0,0,0	0,0,0	KANJIDIC,PYPINYIN,UNIHAN,WORDSHK_CHARS
U+9719	霙	エイ,ヨウ,みぞれ	ei,you,mizore	0,0,0	0,0,0	KANJIDIC,PYPINYIN,UNIHAN
U+971A	霚	ム,ボウ,ブ,きり	mu,bou,bu,kiri	0,0,0,0	0,0,0,0	KANJIDIC,PYPINYIN,UNIHAN
U+971B	霛	レイ,リョウ,たま	rei,ryou,tama	0,0,0	0,0,0	KANJIDIC,PYPINYIN,UNIHAN
U+971C	霜	ソウ,しも	sou,shimo	0,0	0,0	KANJIDIC,PYPINYIN,UNIHAN,WORDSHK_CHARS
U+971D	霝	レイ,リョウ	rei,ryou	0,0	0,0	KANJIDIC,PYPINYIN,UNIHAN
U+971E	霞	カ,ゲ,かすみ,かすむ	ka,ge,kasumi,kasumu	0,0,0,0	0,0,0,0	KANJIDIC,PYPINYIN,UNIHAN,WORDSHK_CHARS
U+9721	霡	バク,ミャク,ベキ,こさめ	baku,myaku,beki,kosame	0,0,0,0	0,0,0,0	KANJIDIC,PYPINYIN,UNIHAN
U+9722	霢	バク,ミャク,ベキ,こさめ	baku,myaku,beki,kosame	0,0,0,0	0,0,0,0	KANJIDIC,PYPINYIN,UNIHAN
U+9723	霣	イン,コン,ウン,あめ	in,kon,un,ame	0,0,0,0	0,0,0,0	KANJIDIC,PYPINYIN,UNIHAN
U+9724	霤	リュウ,あまだれ	ryuu,amadare	0,0	0,0	KANJIDIC,PYPINYIN,UNIHAN
U+9727	霧	ム,ボウ,ブ,きり	mu,bou,bu,kiri	0,0,0,0	0,0,0,0	KANJIDIC,PYPINYIN,UNIHAN,WORDSHK_CHARS
U+9728	霨	イ	i	0	0	KANJIDIC,PYPINYIN,UNIHAN
U+972A	霪	イン	in	0	0	KANJIDIC,PYPINYIN,UNIHAN
U+9730	霰	セン,サン,あられ	sen,san,arare	0,0,0	0,0,0	KANJIDIC,PYPINYIN,UNIHAN,WORDSHK_CHARS
U+9731	霱	イツ,イチ,めでたいくも	itsu,ichi,medetaikumo	0,0,0	0,0,0	KANJIDIC,PYPINYIN,UNIHAN
U+9732	露	ロ,ロウ,つゆ	ro,rou,tsuyu	0,0,0	0,0,0	KANJIDIC,PYPINYIN,UNIHAN,WORDSHK_CHARS
U+9733	霳	リュウ,リュ	ryuu,ryu	0,0	0,0	KANJIDIC,PYPINYIN,UNIHAN
U+9738	霸	ハ,ハク,はたがしら	ha,haku,hatagashira	0,0,0	0,0,0	KANJIDIC,PYPINYIN,UNIHAN,WORDSHK_CHARS
U+9739	霹	ヘキ,ヒャク	heki,hyaku	0,0	0,0	KANJIDIC,PYPINYIN,UNIHAN,WORDSHK_CHARS
U+973D	霽	セイ,サイ,はれる,はらす	sei,sai,hareru,harasu	0,0,0,0	0,0,0,0	KANJIDIC,PYPINYIN,UNIHAN
U+973E	霾	バイ,つちふる	bai,tsuchifuru	0,0	0,0	KANJIDIC,PYPINYIN,UNIHAN,WORDSHK_CHARS
U+9741	靁	ライ,かみなり	rai,kaminari	0,0	0,0	KANJIDIC,PYPINYIN,UNIHAN
U+9742	靂	レキ	reki	0	0	KANJIDIC,PYPINYIN,UNIHAN,WORDSHK_CHARS
U+9743	靃	カク,スイ,はおと	kaku,sui,haoto	0,0,0	0,0,0	KANJIDIC,PYPINYIN,UNIHAN
U+9744	靄	アイ,もや	ai,moya	0,0	0,0	KANJIDIC,PYPINYIN,UNIHAN
U+9746	靆	タイ	tai	0	0	KANJIDIC,PYPINYIN,UNIHAN
U+9748	靈	レイ,リョウ,たま	rei,ryou,tama	0,0,0	0,0,0	KANJIDIC,PYPINYIN,UNIHAN,WORDSHK_CHARS
U+9749	靉	アイ,イ	ai,i	0,0	0,0	KANJIDIC,PYPINYIN,UNIHAN
U+974A	靊	フウ,フ	fuu,fu	0,0	0,0	KANJIDIC,PYPINYIN,UNIHAN
U+974E	靎	カク,つる	kaku,tsuru	0,0	0,0	KANJIDIC,PYPINYIN,UNIHAN
U+974F	靏	カク,つる	kaku,tsuru	0,0	0,0	KANJIDIC,PYPINYIN,UNIHAN
U+9752	青	セイ,ショウ,あお,あおい	sei,shou,ao,aoi	0,0,0,0	0,0,0,0	KANJIDIC,PYPINYIN,UNIHAN,WORDSHK_CHARS
U+9755	靕	シン,ただしい	shin,tadashii	0,0	0,0	KANJIDIC,PYPINYIN,UNIHAN
U+9756	靖	セイ,ジョウ,やすんじる	sei,jou,yasunjiru	0,0,0	0,0,0	KANJIDIC,PYPINYIN,UNIHAN,WORDSHK_CHARS
U+9757	靗	テイ,チョウ,うかがう	tei,chou,ukagau	0,0,0	0,0,0	KANJIDIC,PYPINYIN,UNIHAN
U+9758	靘	セイ	sei	0	0	KANJIDIC,PYPINYIN,UNIHAN
U+9759	静	セイ,ジョウ,しず,しずか,しずまる,しずめる	sei,jou,shizu,shizuka,shizumaru,shizumeru	0,0,0,0,0,0	0,0,0,0,0,0	KANJIDIC,PYPINYIN,UNIHAN
U+975A	靚	セイ,ショウ	sei,shou	0,0	0,0	KANJIDIC,PYPINYIN,UNIHAN,WORDSHK_CHARS
U+975B	靛	テン,あい	ten,ai	0,0	0,0	KANJIDIC,PYPINYIN,UNIHAN
U+975C	靜	セイ,ジョウ,しず,しずか,しずまる,しずめる	sei,jou,shizu,shizuka,shizumaru,shizumeru	0,0,0,0,0,0	0,0,0,0,0,0	KANJIDIC,PYPINYIN,UNIHAN,WORDSHK_CHARS
U+975E	非	ヒ,あらず	hi,arazu	0,0	0,0	KANJIDIC,PYPINYIN,UNIHAN,WORDSHK_CHARS
U+9760	靠	コウ,もたれる,たがう,よる	kou,motareru,tagau,yoru	0,0,0,0	0,0,0,0	KANJIDIC,PYPINYIN,UNIHAN,WORDSHK_CHARS
U+9761	靡	ヒ,ビ,ミ,なびく,ない,わける	hi,bi,mi,nabiku,nai,wakeru	0,0,0,0,0,0	0,0,0,0,0,0	KANJIDIC,PYPINYIN,UNIHAN,WORDSHK_CHARS
U+9762	面	メン,ベン,おも,おもて,つら	men,ben,omo,omote,tsura	0,0,0,0,0	0,0,0,0,0	KANJIDIC,PYPINYIN,UNIHAN,WORDSHK_CHARS
U+9763	靣	メン,ベン,おも,おもて,つら	men,ben,omo,omote,tsura	0,0,0,0,0	0,0,0,0,0	KANJIDIC,PYPINYIN,UNIHAN
U+9764	靤	ホウ,にきび	hou,nikibi	0,0	0,0	KANJIDIC,PYPINYIN,UNIHAN
U+9766	靦	テン	ten	0	0	KANJIDIC,PYPINYIN,UNIHAN,WORDSHK_CHARS
U+9767	靧	カイ,ケ	kai,ke	0,0	0,0	KANJIDIC,PYPINYIN,UNIHAN
U+9768	靨	ヨウ,えくぼ	you,ekubo	0,0	0,0	KANJIDIC,PYPINYIN,UNIHAN
U+9769	革	カク,かわ	kaku,kawa	0,0	0,0	KANJIDIC,PYPINYIN,UNIHAN,WORDSHK_CHARS
U+976A	靪	テイ,チョウ,ダイ,おぎなう	tei,chou,dai,oginau	0,0,0,0	0,0,0,0	KANJIDIC,PYPINYIN,UNIHAN
U+976B	靫	ジン,ニン,サ,サイ,サツ,うつぼ,うつお,しなやか,ゆぎ	jin,nin,sa,sai,satsu,utsubo,utsuo,shinayaka,yugi	0,0,0,0,0,0,0,0,0	0,0,0,0,0,0,0,0,0	KANJIDIC,PYPINYIN,UNIHAN
U+976D	靭	ジン,ニン,サ,サイ,サツ,うつぼ,しなやか,ゆぎ	jin,nin,sa,sai,satsu,utsubo,shinayaka,yugi	0,0,0,0,0,0,0,0	0,0,0,0,0,0,0,0	KANJIDIC,PYPINYIN,UNIHAN,WORDSHK_CHARS
U+976E	靮	テキ,チャク,たづな	teki,chaku,tazuna	0,0,0	0,0,0	KANJIDIC,PYPINYIN,UNIHAN
U+9771	靱	ジン,ニン,サ,サイ,サツ,うつぼ,うつお,しなやか,ゆぎ	jin,nin,sa,sai,satsu,utsubo,utsuo,shinayaka,yugi	0,0,0,0,0,0,0,0,0	0,0,0,0,0,0,0,0,0	KANJIDIC,PYPINYIN,UNIHAN
U+9773	靳	キン,コン,むながい	kin,kon,munagai	0,0,0	0,0,0	KANJIDIC,PYPINYIN,UNIHAN
U+9774	靴	カ,くつ	ka,kutsu	0,0	0,0	KANJIDIC,PYPINYIN,UNIHAN,WORDSHK_CHARS
U+9776	靶	ハ,たづな	ha,tazuna	0,0	0,0	KANJIDIC,PYPINYIN,UNIHAN,WORDSHK_CHARS
U+9777	靷	イン,チン,ジン,ひきづな	in,chin,jin,hikizuna	0,0,0,0	0,0,0,0	KANJIDIC,PYPINYIN,UNIHAN
U+9778	靸	ソウ,シュウ,くつ	sou,shuu,kutsu	0,0,0	0,0,0	KANJIDIC,PYPINYIN,UNIHAN,WORDSHK_CHARS
U+9779	靹	ケツ	ketsu	0	0	KANJIDIC,PYPINYIN,UNIHAN
U+977A	靺	マツ,バツ	matsu,batsu	0,0	0,0	KANJIDIC,PYPINYIN,UNIHAN
U+977B	靻	ソ,タツ,おもがい	so,tatsu,omogai	0,0,0	0,0,0	KANJIDIC,PYPINYIN,UNIHAN
U+977C	靼	タン,タチ,タツ,なめす,なめしがわ	tan,tachi,tatsu,namesu,nameshigawa	0,0,0,0,0	0,0,0,0,0	KANJIDIC,PYPINYIN,UNIHAN
U+977D	靽	ハン,きずな,ほだす,つなぐ	han,kizuna,hodasu,tsunagu	0,0,0,0	0,0,0,0	KANJIDIC,PYPINYIN,UNIHAN
U+977F	靿	オウ,ヨウ,かわぐつ	ou,you,kawagutsu	0,0,0	0,0,0	KANJIDIC,PYPINYIN,UNIHAN
U+9780	鞀	トウ,ふりつづみ	tou,furitsuzumi	0,0	0,0	KANJIDIC,PYPINYIN,UNIHAN
U+9781	鞁	ヒ	hi	0	0	KANJIDIC,PYPINYIN,UNIHAN
U+9784	鞄	ハク,ホウ,ビョウ,かばん	haku,hou,byou,kaban	0,0,0,0	0,0,0,0	KANJIDIC,PYPINYIN,UNIHAN
U+9785	鞅	オウ,ヨウ,むながい	ou,you,munagai	0,0,0	0,0,0	KANJIDIC,PYPINYIN,UNIHAN
U+9786	鞆	とも	tomo	0	0	KANJIDIC,PYPINYIN,UNIHAN
U+9789	鞉	トウ,ふりつづみ	tou,furitsuzumi	0,0	0,0	KANJIDIC,PYPINYIN,UNIHAN
U+978B	鞋	アイ,カイ,わらじ,くつ	ai,kai,waraji,kutsu	0,0,0,0	0,0,0,0	KANJIDIC,PYPINYIN,UNIHAN,WORDSHK_CHARS
U+978D	鞍	アン,くら	an,kura	0,0	0,0	KANJIDIC,PYPINYIN,UNIHAN,WORDSHK_CHARS
U+978F	鞏	キョウ,かたい	kyou,katai	0,0	0,0	KANJIDIC,PYPINYIN,UNIHAN,WORDSHK_CHARS
U+9790	鞐	こはぜ	kohaze	0	0	KANJIDIC,PYPINYIN,UNIHAN
U+9795	鞕	ゴウ,ギョウ,かたい	gou,gyou,katai	0,0,0	0,0,0	KANJIDIC,PYPINYIN,UNIHAN
U+9796	鞖	サイ	sai	0	0	KANJIDIC,PYPINYIN,UNIHAN
U+9797	鞗	チョウ,トウ,たづな	chou,tou,tazuna	0,0,0	0,0,0	KANJIDIC,PYPINYIN,UNIHAN
U+9798	鞘	ショウ,ソウ,さや	shou,sou,saya	0,0,0	0,0,0	KANJIDIC,PYPINYIN,UNIHAN,WORDSHK_CHARS
U+9799	鞙	ケン	ken	0	0	KANJIDIC,PYPINYIN,UNIHAN
U+979A	鞚	コウ,ク,おもがい	kou,ku,omogai	0,0,0	0,0,0	KANJIDIC,PYPINYIN,UNIHAN
U+979C	鞜	トウ,くつ	tou,kutsu	0,0	0,0	KANJIDIC,PYPINYIN,UNIHAN
U+979E	鞞	ヘイ,ヒョウ,ヒ,バイ,さや	hei,hyou,hi,bai,saya	0,0,0,0,0	0,0,0,0,0	KANJIDIC,PYPINYIN,UNIHAN
U+979F	鞟	カク	kaku	0	0	KANJIDIC,PYPINYIN,UNIHAN
U+97A0	鞠	キク,キュウ,まり	kiku,kyuu,mari	0,0,0	0,0,0	KANJIDIC,PYPINYIN,UNIHAN,WORDSHK_CHARS
U+97A2	鞢	ショウ,トウ	shou,tou	0,0	0,0	KANJIDIC,PYPINYIN,UNIHAN
U+97A3	鞣	ジュウ,ニュウ,なめす,なめしがわ	juu,nyuu,namesu,nameshigawa	0,0,0,0	0,0,0,0	KANJIDIC,PYPINYIN,UNIHAN
U+97A6	鞦	シュウ,ふらんに,しりがい	shuu,furanni,shirigai	0,0,0	0,0,0	KANJIDIC,PYPINYIN,UNIHAN,WORDSHK_CHARS
U+97A8	鞨	カツ,ガチ,セツ,ゼチ,かわぐつ	katsu,gachi,setsu,zechi,kawagutsu	0,0,0,0,0	0,0,0,0,0	KANJIDIC,PYPINYIN,UNIHAN
U+97AB	鞫	キク	kiku	0	0	KANJIDIC,PYPINYIN,UNIHAN
U+97AC	鞬	ケン,コン,ゆみぶくろ	ken,kon,yumibukuro	0,0,0	0,0,0	KANJIDIC,PYPINYIN,UNIHAN
U+97AD	鞭	ベン,ヘン,むち,むちうつ	ben,hen,muchi,muchiutsu	0,0,0,0	0,0,0,0	KANJIDIC,PYPINYIN,UNIHAN,WORDSHK_CHARS
U+97AE	鞮	テイ,タイ,かわぐつ	tei,tai,kawagutsu	0,0,0	0,0,0	KANJIDIC,PYPINYIN,UNIHAN
U+97B1	鞱	トウ,ゆぶくろ,ゆみぶくろ,つつむ	tou,yubukuro,yumibukuro,tsutsumu	0,0,0,0	0,0,0,0	KANJIDIC,PYPINYIN,UNIHAN
U+97B2	鞲	コウ,ク,ゆごて	kou,ku,yugote	0,0,0	0,0,0	KANJIDIC,PYPINYIN,UNIHAN
U+97B3	鞳	トウ	tou	0	0	KANJIDIC,PYPINYIN,UNIHAN
U+97B4	鞴	ヒ,ビ,フク,ふいご	hi,bi,fuku,fuigo	0,0,0,0	0,0,0,0	KANJIDIC,PYPINYIN,UNIHAN
U+97B5	鞵	アイ,カイ,わらじ,くつ	ai,kai,waraji,kutsu	0,0,0,0	0,0,0,0	KANJIDIC,PYPINYIN,UNIHAN
U+97B6	鞶	ハン	han	0	0	KANJIDIC,PYPINYIN,UNIHAN
U+97B8	鞸	ヒツ,ヒチ,ヘイ,ヒョウ,ひざかけ	hitsu,hichi,hei,hyou,hizakake	0,0,0,0,0	0,0,0,0,0	KANJIDIC,PYPINYIN,UNIHAN
U+97B9	鞹	カク	kaku	0	0	KANJIDIC,PYPINYIN,UNIHAN
U+97BA	鞺	トウ	tou	0	0	KANJIDIC,PYPINYIN,UNIHAN
U+97BC	鞼	キ,カイ,ケ,エ,ワイ,たづな,つよい,くじく,くじける	ki,kai,ke,e,wai,tazuna,tsuyoi,kujiku,kujikeru	0,0,0,0,0,0,0,0,0	0,0,0,0,0,0,0,0,0	KANJIDIC,PYPINYIN,UNIHAN
U+97BE	鞾	カ,くつ	ka,kutsu	0,0	0,0	KANJIDIC,PYPINYIN,UNIHAN
U+97BF	鞿	キ,ケ,くつばみ	ki,ke,kutsubami	0,0,0	0,0,0	KANJIDIC,PYPINYIN,UNIHAN
U+97C1	韁	キョウ,コウ,たづな	kyou,kou,tazuna	0,0,0	0,0,0	KANJIDIC,PYPINYIN,UNIHAN,WORDSHK_CHARS
U+97C3	韃	ダツ,タツ	datsu,tatsu	0,0	0,0	KANJIDIC,PYPINYIN,UNIHAN
U+97C4	韄	アク,ヤク,カク,ギャク,かたのさげお	aku,yaku,kaku,gyaku,katanosageo	0,0,0,0,0	0,0,0,0,0	KANJIDIC,PYPINYIN,UNIHAN
U+97C5	韅	ケン	ken	0	0	KANJIDIC,PYPINYIN,UNIHAN
U+97C6	韆	セン	sen	0	0	KANJIDIC,PYPINYIN,UNIHAN,WORDSHK_CHARS
U+97C7	韇	トク,やづつ	toku,yazutsu	0,0	0,0	KANJIDIC,PYPINYIN,UNIHAN
U+97C8	韈	ベツ,モチ,バツ,マチ,しとうず	betsu,mochi,batsu,machi,shitouzu	0,0,0,0,0	0,0,0,0,0	KANJIDIC,PYPINYIN,UNIHAN
U+97C9	韉	セン,したぐら	sen,shitagura	0,0	0,0	KANJIDIC,PYPINYIN,UNIHAN
U+97CA	韊	ラン,レン,やづつ,えびら	ran,ren,yazutsu,ebira	0,0,0,0	0,0,0,0	KANJIDIC,PYPINYIN,UNIHAN
U+97CB	韋	イ,そむく	i,somuku	0,0	0,0	KANJIDIC,PYPINYIN,UNIHAN,WORDSHK_CHARS
U+97CC	韌	ジン,ニン,しなやか	jin,nin,shinayaka	0,0,0	0,0,0	KANJIDIC,PYPINYIN,UNIHAN,WORDSHK_CHARS
U+97CD	韍	フツ,フチ,ヒ,ひざかけ	futsu,fuchi,hi,hizakake	0,0,0,0	0,0,0,0	KANJIDIC,PYPINYIN,UNIHAN
U+97CE	韎	バイ,マイ,バツ	bai,mai,batsu	0,0,0	0,0,0	KANJIDIC,PYPINYIN,UNIHAN
U+97D0	韐	コウ,キョウ,かわ	kou,kyou,kawa	0,0,0	0,0,0	KANJIDIC,PYPINYIN,UNIHAN
U+97D1	韑	イ,ひかり	i,hikari	0,0	0,0	KANJIDIC,PYPINYIN,UNIHAN
U+97D3	韓	カン,から,いげた	kan,kara,igeta	0,0,0	0,0,0	KANJIDIC,PYPINYIN,UNIHAN,WORDSHK_CHARS
U+97D4	韔	チョウ,リョウ,ゆみぶくろ	chou,ryou,yumibukuro	0,0,0	0,0,0	KANJIDIC,PYPINYIN,UNIHAN
U+97D7	韗	ウン,クン,ケン,カン,くつ	un,kun,ken,kan,kutsu	0,0,0,0,0	0,0,0,0,0	KANJIDIC,PYPINYIN,UNIHAN
U+97D8	韘	ショウ,ゆがけ	shou,yugake	0,0	0,0	KANJIDIC,PYPINYIN,UNIHAN
U+97D9	韙	イ,ただしい	i,tadashii	0,0	0,0	KANJIDIC,PYPINYIN,UNIHAN,WORDSHK_CHARS
U+97DB	韛	ハイ,フク,コウ,ふいご,えびら	hai,fuku,kou,fuigo,ebira	0,0,0,0,0	0,0,0,0,0	KANJIDIC,PYPINYIN,UNIHAN
U+97DC	韜	トウ,ゆぶくろ,ゆみぶくろ,つつむ	tou,yubukuro,yumibukuro,tsutsumu	0,0,0,0	0,0,0,0	KANJIDIC,PYPINYIN,UNIHAN,WORDSHK_CHARS
U+97DD	韝	コウ,ク,ゆごて	kou,ku,yugote	0,0,0	0,0,0	KANJIDIC,PYPINYIN,UNIHAN
U+97DE	韞	オン,ウン,かきいろ	on,un,kakiiro	0,0,0	0,0,0	KANJIDIC,PYPINYIN,UNIHAN,WORDSHK_CHARS
U+97E0	韠	ヒツ,ヒチ,ひざかけ	hitsu,hichi,hizakake	0,0,0	0,0,0	KANJIDIC,PYPINYIN,UNIHAN
U+97E1	韡	イ,さかん	i,sakan	0,0	0,0	KANJIDIC,PYPINYIN,UNIHAN
U+97E4	韤	ベツ,モチ,バツ,マチ,くつした,たび	betsu,mochi,batsu,machi,kutsushita,tabi	0,0,0,0,0,0	0,0,0,0,0,0	KANJIDIC,PYPINYIN,UNIHAN
U+97ED	韭	キュウ,ク	kyuu,ku	0,0	0,0	KANJIDIC,PYPINYIN,UNIHAN,WORDSHK_CHARS
U+97EE	韮	キュウ,ク,にら	kyuu,ku,nira	0,0,0	0,0,0	KANJIDIC,PYPINYIN,UNIHAN,WORDSHK_CHARS
U+97EF	韯	セン,やまにら	sen,yamanira	0,0	0,0	KANJIDIC,PYPINYIN,UNIHAN
U+97F1	韱	セン,やまにら	sen,yamanira	0,0	0,0	KANJIDIC,PYPINYIN,UNIHAN
U+97F2	韲	セイ,サイ,あえもの,なます,あえる	sei,sai,aemono,namasu,aeru	0,0,0,0,0	0,0,0,0,0	KANJIDIC,PYPINYIN,UNIHAN
U+97F3	音	オン,イン,ノン,おと,ね	on,in,non,oto,ne	0,0,0,0,0	0,0,0,0,0	KANJIDIC,PYPINYIN,UNIHAN,WORDSHK_CHARS
U+97F4	韴	ソウ,とぎれる,とぎれごえ,ふつ	sou,togireru,togiregoe,futsu	0,0,0,0	0,0,0,0	KANJIDIC,PYPINYIN,UNIHAN
U+97F5	韵	イン,ひびき	in,hibiki	0,0	0,0	KANJIDIC,PYPINYIN,UNIHAN,WORDSHK_CHARS
U+97F6	韶	ショウ	shou	0	0	KANJIDIC,PYPINYIN,UNIHAN
U+97F7	韷	ラク,リャク,かまびすしい	raku,ryaku,kamabisushii	0,0,0	0,0,0	KANJIDIC,PYPINYIN,UNIHAN
U+97F8	韸	ホウ,ボ,フウ,フ,やわらぐ	hou,bo,fuu,fu,yawaragu	0,0,0,0,0	0,0,0,0,0	KANJIDIC,PYPINYIN,UNIHAN
U+97FA	韺	エイ,ヨウ	ei,you	0,0	0,0	KANJIDIC,PYPINYIN,UNIHAN
U+97FB	韻	イン	in	0	0	KANJIDIC,PYPINYIN,UNIHAN,WORDSHK_CHARS
U+97FF	響	キョウ,ひびく	kyou,hibiku	0,0	0,0	KANJIDIC,PYPINYIN,UNIHAN,WORDSHK_CHARS
U+9801	頁	ケツ,ぺえじ,おおがい,かしら	ketsu,peeji,oogai,kashira	0,0,0,0	0,0,0,0	KANJIDIC,PYPINYIN,UNIHAN,WORDSHK_CHARS
U+9802	頂	チョウ,いただく,いただき	chou,itadaku,itadaki	0,0,0	0,0,0	KANJIDIC,PYPINYIN,UNIHAN,WORDSHK_CHARS
U+9803	頃	ケイ,キョウ,ころ,ごろ,しばらく	kei,kyou,koro,goro,shibaraku	0,0,0,0,0	0,0,0,0,0	KANJIDIC,PYPINYIN,UNIHAN,WORDSHK_CHARS
U+9805	項	コウ,うなじ	kou,unaji	0,0	0,0	KANJIDIC,PYPINYIN,UNIHAN,WORDSHK_CHARS
U+9806	順	ジュン	jun	0	0	KANJIDIC,PYPINYIN,UNIHAN,WORDSHK_CHARS
U+9807	頇	カン,ガツ,ガチ,おおきい	kan,gatsu,gachi,ookii	0,0,0,0	0,0,0,0	KANJIDIC,PYPINYIN,UNIHAN,WORDSHK_CHARS
U+9808	須	ス,シュ,すべからく,すべし,ひげ,まつ,もちいる,もとめる	su,shu,subekaraku,subeshi,hige,matsu,mochiiru,motomeru	0,0,0,0,0,0,0,0	0,0,0,0,0,0,0,0	KANJIDIC,PYPINYIN,UNIHAN,WORDSHK_CHARS
U+980A	頊	キョク,コク,ギョク,ただしい	kyoku,koku,gyoku,tadashii	0,0,0,0	0,0,0,0	KANJIDIC,PYPINYIN,UNIHAN
U+980C	頌	ショウ,ジュ,ヨウ,かたち,たたえる,ほめる	shou,ju,you,katachi,tataeru,homeru	0,0,0,0,0,0	0,0,0,0,0,0	KANJIDIC,PYPINYIN,UNIHAN,WORDSHK_CHARS
U+980D	頍	キ,ケン	ki,ken	0,0	0,0	KANJIDIC,PYPINYIN,UNIHAN
U+980E	頎	キ,ゲ,キン,コン,かたちがよい	ki,ge,kin,kon,katachigayoi	0,0,0,0,0	0,0,0,0,0	KANJIDIC,PYPINYIN,UNIHAN
U+980F	頏	コウ,のど	kou,nodo	0,0	0,0	KANJIDIC,PYPINYIN,UNIHAN
U+9810	預	ヨ,あずける,あずかる	yo,azukeru,azukaru	0,0,0	0,0,0	KANJIDIC,PYPINYIN,UNIHAN,WORDSHK_CHARS
U+9811	頑	ガン,かたくな	gan,katakuna	0,0	0,0	KANJIDIC,PYPINYIN,UNIHAN,WORDSHK_CHARS
U+9812	頒	ハン,わかつ,わける	han,wakatsu,wakeru	0,0,0	0,0,0	KANJIDIC,PYPINYIN,UNIHAN,WORDSHK_CHARS
U+9813	頓	トン,トツ,にわかに,とんと,つまずく,とみに,ぬかずく	ton,totsu,niwakani,tonto,tsumazuku,tomini,nukazuku	0,0,0,0,0,0,0	0,0,0,0,0,0,0	KANJIDIC,PYPINYIN,UNIHAN,WORDSHK_CHARS
U+9814	頔	テキ,ジャク,うつくしい,よい	teki,jaku,utsukushii,yoi	0,0,0,0	0,0,0,0	KANJIDIC,PYPINYIN,UNIHAN
U+9816	頖	ハン,わかつ	han,wakatsu	0,0	0,0	KANJIDIC,PYPINYIN,UNIHAN
U+9817	頗	ハ,すこぶる,かたよる	ha,sukoburu,katayoru	0,0,0	0,0,0	KANJIDIC,PYPINYIN,UNIHAN,WORDSHK_CHARS
U+9818	領	リョウ,えり	ryou,eri	0,0	0,0	KANJIDIC,PYPINYIN,UNIHAN,WORDSHK_CHARS
U+9819	頙	サク,シャク,シン,ただしい	saku,shaku,shin,tadashii	0,0,0,0	0,0,0,0	KANJIDIC,PYPINYIN,UNIHAN
U+981A	頚	ケイ,くび	kei,kubi	0,0	0,0	KANJIDIC,PYPINYIN,UNIHAN
U+981C	頜	カン,ゴン,コウ,あご	kan,gon,kou,ago	0,0,0,0	0,0,0,0	KANJIDIC,PYPINYIN,UNIHAN
U+981E	頞	アツ,アチ,アン,はなすじ	atsu,achi,an,hanasuji	0,0,0,0	0,0,0,0	KANJIDIC,PYPINYIN,UNIHAN
U+9820	頠	ガイ,ギ,しとやか	gai,gi,shitoyaka	0,0,0	0,0,0	KANJIDIC,PYPINYIN,UNIHAN
U+9821	頡	ケツ,キツ,カツ,ケチ	ketsu,kitsu,katsu,kechi	0,0,0,0	0,0,0,0	KANJIDIC,PYPINYIN,UNIHAN,WORDSHK_CHARS
U+9823	頣	シン,うかがいみる	shin,ukagaimiru	0,0	0,0	KANJIDIC,PYPINYIN,UNIHAN
U+9824	頤	イ,おとがい,あご	i,otogai,ago	0,0,0	0,0,0	KANJIDIC,PYPINYIN,UNIHAN,WORDSHK_CHARS
U+9825	頥	イ,おとがい,あご	i,otogai,ago	0,0,0	0,0,0	KANJIDIC,PYPINYIN,UNIHAN
U+9826	頦	カイ,あご	kai,ago	0,0	0,0	KANJIDIC,PYPINYIN,UNIHAN
U+982B	頫	フ,バン,マン,うつむく	fu,ban,man,utsumuku	0,0,0,0	0,0,0,0	KANJIDIC,PYPINYIN,UNIHAN
U+982C	頬	キョウ,ほお,ほほ	kyou,hoo,hoho	0,0,0	0,0,0	KANJIDIC,PYPINYIN,UNIHAN
U+982D	頭	トウ,ズ,ト,あたま,かしら,がしら,かぶり	tou,zu,to,atama,kashira,gashira,kaburi	0,0,0,0,0,0,0	0,0,0,0,0,0,0	KANJIDIC,PYPINYIN,UNIHAN,WORDSHK_CHARS
U+982E	頮	カイ,ケ	kai,ke	0,0	0,0	KANJIDIC,PYPINYIN,UNIHAN
U+982F	頯	カイ,キュウ,グ,ほおぼね	kai,kyuu,gu,hoobone	0,0,0,0	0,0,0,0	KANJIDIC,PYPINYIN,UNIHAN
U+9830	頰	キョウ,ほお,ほほ	kyou,hoo,hoho	0,0,0	0,0,0	KANJIDIC,PYPINYIN,UNIHAN,WORDSHK_CHARS
U+9832	頲	テイ,チョウ	tei,chou	0,0	0,0	KANJIDIC,PYPINYIN,UNIHAN
U+9833	頳	テイ,チョウ,あかい	tei,chou,akai	0,0,0	0,0,0	KANJIDIC,PYPINYIN,UNIHAN
U+9834	頴	エイ,ほさき,のぎ	ei,hosaki,nogi	0,0,0	0,0,0	KANJIDIC,PYPINYIN,UNIHAN
U+9835	頵	イン,キン,おおきい	in,kin,ookii	0,0,0	0,0,0	KANJIDIC,PYPINYIN,UNIHAN
U+9837	頷	ガン,カン,うなずく,あご	gan,kan,unazuku,ago	0,0,0,0	0,0,0,0	KANJIDIC,PYPINYIN,UNIHAN,WORDSHK_CHARS
U+9838	頸	ケイ,くび	kei,kubi	0,0	0,0	KANJIDIC,PYPINYIN,UNIHAN,WORDSHK_CHARS
U+983B	頻	ヒン,しきりに	hin,shikirini	0,0	0,0	KANJIDIC,PYPINYIN,UNIHAN,WORDSHK_CHARS
U+983C	頼	ライ,たのむ,たのもしい,たよる	rai,tanomu,tanomoshii,tayoru	0,0,0,0	0,0,0,0	KANJIDIC,PYPINYIN,UNIHAN
U+983D	頽	タイ,くずれる	tai,kuzureru	0,0	0,0	KANJIDIC,PYPINYIN,UNIHAN,WORDSHK_CHARS
U+983E	頾	シ,ひげ,くちひげ	shi,hige,kuchihige	0,0,0	0,0,0	KANJIDIC,PYPINYIN,UNIHAN
U+9844	顄	カン,ゴン,おとがい	kan,gon,otogai	0,0,0	0,0,0	KANJIDIC,PYPINYIN,UNIHAN
U+9846	顆	カ,つぶ	ka,tsubu	0,0	0,0	KANJIDIC,PYPINYIN,UNIHAN,WORDSHK_CHARS
U+9847	顇	スイ,シュツ,ジュウ,やつれる	sui,shutsu,juu,yatsureru	0,0,0,0	0,0,0,0	KANJIDIC,PYPINYIN,UNIHAN
U+984A	顊	イ,おとがい	i,otogai	0,0	0,0	KANJIDIC,PYPINYIN,UNIHAN
U+984B	顋	サイ,あご,えら	sai,ago,era	0,0,0	0,0,0	KANJIDIC,PYPINYIN,UNIHAN
U+984C	題	ダイ	dai	0	0	KANJIDIC,PYPINYIN,UNIHAN,WORDSHK_CHARS
U+984D	額	ガク,ひたい	gaku,hitai	0,0	0,0	KANJIDIC,PYPINYIN,UNIHAN,WORDSHK_CHARS
U+984E	顎	ガク,あご,あぎと	gaku,ago,agito	0,0,0	0,0,0	KANJIDIC,PYPINYIN,UNIHAN,WORDSHK_CHARS
U+984F	顏	ガン,かお	gan,kao	0,0	0,0	KANJIDIC,PYPINYIN,UNIHAN,WORDSHK_CHARS
U+9851	顑	カン,コン,ケン,きいろい	kan,kon,ken,kiiroi	0,0,0,0	0,0,0,0	KANJIDIC,PYPINYIN,UNIHAN
U+9852	顒	ギョウ,グ,おおきい	gyou,gu,ookii	0,0,0	0,0,0	KANJIDIC,PYPINYIN,UNIHAN
U+9853	顓	セン,うやうやしい	sen,uyauyashii	0,0	0,0	KANJIDIC,PYPINYIN,UNIHAN
U+9854	顔	ガン,かお	gan,kao	0,0	0,0	KANJIDIC,PYPINYIN,UNIHAN
U+9855	顕	ケン,あきらか,あらわれる	ken,akiraka,arawareru	0,0,0	0,0,0	KANJIDIC,PYPINYIN,UNIHAN
U+9856	顖	シン,シ,ひよめき	shin,shi,hiyomeki	0,0,0	0,0,0	KANJIDIC,PYPINYIN,UNIHAN
U+9857	顗	ギ,ゲ,ガイ,うやうやしい	gi,ge,gai,uyauyashii	0,0,0,0	0,0,0,0	KANJIDIC,PYPINYIN,UNIHAN
U+9858	願	ガン,ねがう,ねがい	gan,negau,negai	0,0,0	0,0,0	KANJIDIC,PYPINYIN,UNIHAN,WORDSHK_CHARS
U+9859	顙	ソウ,ひたい	sou,hitai	0,0	0,0	KANJIDIC,PYPINYIN,UNIHAN
U+985A	顚	テン,いただき,たおれる	ten,itadaki,taoreru	0,0,0	0,0,0	KANJIDIC,PYPINYIN,UNIHAN
U+985B	顛	テン,いただき,たおれる	ten,itadaki,taoreru	0,0,0	0,0,0	KANJIDIC,PYPINYIN,UNIHAN,WORDSHK_CHARS
U+985E	類	ルイ,たぐい	rui,tagui	0,0	0,0	KANJIDIC,PYPINYIN,UNIHAN,WORDSHK_CHARS
U+9862	顢	バン,マン,おおきなかお	ban,man,ookinakao	0,0,0	0,0,0	KANJIDIC,PYPINYIN,UNIHAN,WORDSHK_CHARS
U+9863	顣	シュク,セキ,シャク	shuku,seki,shaku	0,0,0	0,0,0	KANJIDIC,PYPINYIN,UNIHAN
U+9865	顥	コウ,しろい	kou,shiroi	0,0	0,0	KANJIDIC,PYPINYIN,UNIHAN
U+9866	顦	ショウ,やつれる	shou,yatsureru	0,0	0,0	KANJIDIC,PYPINYIN,UNIHAN
U+9867	顧	コ,かえりみる	ko,kaerimiru	0,0	0,0	KANJIDIC,PYPINYIN,UNIHAN,WORDSHK_CHARS
U+986A	顪	カイ,ケ,ほお	kai,ke,hoo	0,0,0	0,0,0	KANJIDIC,PYPINYIN,UNIHAN
U+986B	顫	セン,ふるえる	sen,furueru	0,0	0,0	KANJIDIC,PYPINYIN,UNIHAN,WORDSHK_CHARS
U+986C	顬	ジュ,ニュ,こめかみ	ju,nyu,komekami	0,0,0	0,0,0	KANJIDIC,PYPINYIN,UNIHAN
U+986F	顯	ケン,あきらか,あらわれる	ken,akiraka,arawareru	0,0,0	0,0,0	KANJIDIC,PYPINYIN,UNIHAN,WORDSHK_CHARS
U+9870	顰	ヒン,ひそめる,しかめる	hin,hisomeru,shikameru	0,0,0	0,0,0	KANJIDIC,PYPINYIN,UNIHAN,WORDSHK_CHARS
U+9871	顱	ロ,かしら,あたま	ro,kashira,atama	0,0,0	0,0,0	KANJIDIC,PYPINYIN,UNIHAN,WORDSHK_CHARS
U+9873	顳	ショウ	shou	0	0	KANJIDIC,PYPINYIN,UNIHAN
U+9874	顴	ケン,カン	ken,kan	0,0	0,0	KANJIDIC,PYPINYIN,UNIHAN,WORDSHK_CHARS
U+98A8	風	フウ,フ,かぜ,かざ	fuu,fu,kaze,kaza	0,0,0,0	0,0,0,0	KANJIDIC,PYPINYIN,UNIHAN,WORDSHK_CHARS
U+98AA	颪	おろし	oroshi	0	0	KANJIDIC,PYPINYIN,UNIHAN
U+98AB	颫	フ	fu	0	0	KANJIDIC,PYPINYIN,UNIHAN
U+98AD	颭	セン,そよぐ	sen,soyogu	0,0	0,0	KANJIDIC,PYPINYIN,UNIHAN
U+98AE	颮	ヒョウ,つむじかぜ	hyou,tsumujikaze	0,0	0,0	KANJIDIC,PYPINYIN,UNIHAN
U+98AF	颯	サツ,ソウ,さっと	satsu,sou,satto	0,0,0	0,0,0	KANJIDIC,PYPINYIN,UNIHAN,WORDSHK_CHARS
U+98B0	颰	ハツ,ホチ,バチ,フツ,ブチ,ヘツ,はやて	hatsu,hochi,bachi,futsu,buchi,hetsu,hayate	0,0,0,0,0,0,0	0,0,0,0,0,0,0	KANJIDIC,PYPINYIN,UNIHAN
U+98B1	颱	タイ	tai	0	0	KANJIDIC,PYPINYIN,UNIHAN,WORDSHK_CHARS
U+98B4	颴	セン,つむじかぜ	sen,tsumujikaze	0,0	0,0	KANJIDIC,PYPINYIN,UNIHAN
U+98B6	颶	グ,ク	gu,ku	0,0	0,0	KANJIDIC,PYPINYIN,UNIHAN,WORDSHK_CHARS
U+98B7	颷	ヒョウ,つむじかぜ	hyou,tsumujikaze	0,0	0,0	KANJIDIC,PYPINYIN,UNIHAN
U+98B8	颸	シ,すずしいかぜ	shi,suzushiikaze	0,0	0,0	KANJIDIC,PYPINYIN,UNIHAN
U+98BA	颺	ヨウ,あげる	you,ageru	0,0	0,0	KANJIDIC,PYPINYIN,UNIHAN,WORDSHK_CHARS
U+98BB	颻	ヨウ	you	0	0	KANJIDIC,PYPINYIN,UNIHAN
U+98BF	颿	ハン,ボン,ヘン,はしる	han,bon,hen,hashiru	0,0,0,0	0,0,0,0	KANJIDIC,PYPINYIN,UNIHAN
U+98C2	飂	リュウ,ル,リク,ロク,ふく	ryuu,ru,riku,roku,fuku	0,0,0,0,0	0,0,0,0,0	KANJIDIC,PYPINYIN,UNIHAN
U+98C3	飃	ヒョウ,ひるがえる,つむじかぜ	hyou,hirugaeru,tsumujikaze	0,0,0	0,0,0	KANJIDIC,PYPINYIN,UNIHAN
U+98C4	飄	ヒョウ,ひるがえる,つむじかぜ	hyou,hirugaeru,tsumujikaze	0,0,0	0,0,0	KANJIDIC,PYPINYIN,UNIHAN,WORDSHK_CHARS
U+98C5	飅	リュウ,ル,ふく	ryuu,ru,fuku	0,0,0	0,0,0	KANJIDIC,PYPINYIN,UNIHAN
U+98C6	飆	ヒョウ,つむじかぜ	hyou,tsumujikaze	0,0	0,0	KANJIDIC,PYPINYIN,UNIHAN,WORDSHK_CHARS
U+98C7	飇	ヒョウ,つむじかぜ	hyou,tsumujikaze	0,0	0,0	KANJIDIC,PYPINYIN,UNIHAN
U+98C8	飈	ヒョウ,つむじかぜ	hyou,tsumujikaze	0,0	0,0	KANJIDIC,PYPINYIN,UNIHAN
U+98CC	飌	フウ,フ,かぜ,かざ	fuu,fu,kaze,kaza	0,0,0,0	0,0,0,0	KANJIDIC,PYPINYIN,UNIHAN
U+98DB	飛	ヒ,とぶ,とばす	hi,tobu,tobasu	0,0,0	0,0,0	KANJIDIC,PYPINYIN,UNIHAN,WORDSHK_CHARS
U+98DC	飜	ハン,ホン,ひるがえす,ひるがえる	han,hon,hirugaesu,hirugaeru	0,0,0,0	0,0,0,0	KANJIDIC,PYPINYIN,UNIHAN
U+98DF	食	ショク,ジキ,くう,くらう,たべる,はむ	shoku,jiki,kuu,kurau,taberu,hamu	0,0,0,0,0,0	0,0,0,0,0,0	KANJIDIC,PYPINYIN,UNIHAN,WORDSHK_CHARS
U+98E1	飡	サン,ソン,のむ,くらう	san,son,nomu,kurau	0,0,0,0	0,0,0,0	KANJIDIC,PYPINYIN,UNIHAN
U+98E2	飢	キ,うえる	ki,ueru	0,0	0,0	KANJIDIC,PYPINYIN,UNIHAN,WORDSHK_CHARS
U+98E3	飣	テイ,チョウ,たくわえる	tei,chou,takuwaeru	0,0,0	0,0,0	KANJIDIC,PYPINYIN,UNIHAN
U+98E5	飥	タク,もち	taku,mochi	0,0	0,0	KANJIDIC,PYPINYIN,UNIHAN
U+98E6	飦	ケン,コン,セン,カン,かゆ,ほしいい	ken,kon,sen,kan,kayu,hoshiii	0,0,0,0,0,0	0,0,0,0,0,0	KANJIDIC,PYPINYIN,UNIHAN
U+98E7	飧	ソン,ばんめし	son,banmeshi	0,0	0,0	KANJIDIC,PYPINYIN,UNIHAN
U+98E9	飩	ドン,トン	don,ton	0,0	0,0	KANJIDIC,PYPINYIN,UNIHAN,WORDSHK_CHARS
U+98EA	飪	ジン,ニン,にる	jin,nin,niru	0,0,0	0,0,0	KANJIDIC,PYPINYIN,UNIHAN,WORDSHK_CHARS
U+98EB	飫	ヨウ,オ,ヨ,あきる	you,o,yo,akiru	0,0,0,0	0,0,0,0	KANJIDIC,PYPINYIN,UNIHAN
U+98ED	飭	チョク,チキ,いましめる,ただす	choku,chiki,imashimeru,tadasu	0,0,0,0	0,0,0,0	KANJIDIC,PYPINYIN,UNIHAN
U+98EE	飮	イン,オン,のむ	in,on,nomu	0,0,0	0,0,0	KANJIDIC,PYPINYIN,UNIHAN
U+98EF	飯	ハン,めし	han,meshi	0,0	0,0	KANJIDIC,PYPINYIN,UNIHAN,WORDSHK_CHARS
U+98F0	飰	ハン,くらう,めし	han,kurau,meshi	0,0,0	0,0,0	KANJIDIC,PYPINYIN,UNIHAN
U+98F2	飲	イン,オン,のむ,のみ	in,on,nomu,nomi	0,0,0,0	0,0,0,0	KANJIDIC,PYPINYIN,UNIHAN,WORDSHK_CHARS
U+98F3	飳	シュ,チュ,トウ,ツ,こなもち	shu,chu,tou,tsu,konamochi	0,0,0,0,0	0,0,0,0,0	KANJIDIC,PYPINYIN,UNIHAN
U+98F4	飴	イ,シ,あめ,やしなう	i,shi,ame,yashinau	0,0,0,0	0,0,0,0	KANJIDIC,PYPINYIN,UNIHAN,WORDSHK_CHARS
U+98F6	飶	ヒツ,ビチ,ヘツ,ベチ,かおり	hitsu,bichi,hetsu,bechi,kaori	0,0,0,0,0	0,0,0,0,0	KANJIDIC,PYPINYIN,UNIHAN
U+98FC	飼	シ,かう	shi,kau	0,0	0,0	KANJIDIC,PYPINYIN,UNIHAN,WORDSHK_CHARS
U+98FD	飽	ホウ,あきる,あかす,あく	hou,akiru,akasu,aku	0,0,0,0	0,0,0,0	KANJIDIC,PYPINYIN,UNIHAN,WORDSHK_CHARS
U+98FE	飾	ショク,かざる,かざり	shoku,kazaru,kazari	0,0,0	0,0,0	KANJIDIC,PYPINYIN,UNIHAN,WORDSHK_CHARS
U+9902	餂	テン,うまい	ten,umai	0,0	0,0	KANJIDIC,PYPINYIN,UNIHAN
U+9903	餃	ギョウ,キョウ,コウ	gyou,kyou,kou	0,0,0	0,0,0	KANJIDIC,PYPINYIN,UNIHAN,WORDSHK_CHARS
U+9905	餅	ヘイ,ヒョウ,もち,もちい	hei,hyou,mochi,mochii	0,0,0,0	0,0,0,0	KANJIDIC,PYPINYIN,UNIHAN,WORDSHK_CHARS
U+9907	餇	ト,ズ,くいもの	to,zu,kuimono	0,0,0	0,0,0	KANJIDIC,PYPINYIN,UNIHAN
U+9908	餈	シ,もち	shi,mochi	0,0	0,0	KANJIDIC,PYPINYIN,UNIHAN
U+9909	餉	ショウ,け,かれい,かれいい,べんとう	shou,ke,karei,kareii,bentou	0,0,0,0,0	0,0,0,0,0	KANJIDIC,PYPINYIN,UNIHAN,WORDSHK_CHARS
U+990A	養	ヨウ,リョウ,やしなう	you,ryou,yashinau	0,0,0	0,0,0	KANJIDIC,PYPINYIN,UNIHAN,WORDSHK_CHARS
U+990C	餌	ジ,ニ,え,えば,えさ,もち	ji,ni,e,eba,esa,mochi	0,0,0,0,0,0	0,0,0,0,0,0	KANJIDIC,PYPINYIN,UNIHAN,WORDSHK_CHARS
U+9910	餐	サン,ソン,のむ,くらう	san,son,nomu,kurau	0,0,0,0	0,0,0,0	KANJIDIC,PYPINYIN,UNIHAN,WORDSHK_CHARS
U+9911	餑	ホツ,ボチ,コウ,ながい	hotsu,bochi,kou,nagai	0,0,0,0	0,0,0,0	KANJIDIC,PYPINYIN,UNIHAN
U+9912	餒	ダイ,イ,うえる	dai,i,ueru	0,0,0	0,0,0	KANJIDIC,PYPINYIN,UNIHAN,WORDSHK_CHARS
U+9913	餓	ガ,うえる	ga,ueru	0,0	0,0	KANJIDIC,PYPINYIN,UNIHAN,WORDSHK_CHARS
U+9914	餔	ホ,フ,くう,ゆうめし	ho,fu,kuu,yuumeshi	0,0,0,0	0,0,0,0	KANJIDIC,PYPINYIN,UNIHAN,WORDSHK_CHARS
U+9915	餕	シュン,セン,たべのこし	shun,sen,tabenokoshi	0,0,0	0,0,0	KANJIDIC,PYPINYIN,UNIHAN
U+9916	餖	トウ,ズ	tou,zu	0,0	0,0	KANJIDIC,PYPINYIN,UNIHAN
U+9917	餗	ソク,サク,かゆ	soku,saku,kayu	0,0,0	0,0,0	KANJIDIC,PYPINYIN,UNIHAN
U+9918	餘	ヨ,あまる,あまり,あます	yo,amaru,amari,amasu	0,0,0,0	0,0,0,0	KANJIDIC,PYPINYIN,UNIHAN,WORDSHK_CHARS
U+991A	餚	コウ,ギョウ,そなえる	kou,gyou,sonaeru	0,0,0	0,0,0	KANJIDIC,PYPINYIN,UNIHAN,WORDSHK_CHARS
U+991B	餛	コン	kon	0	0	KANJIDIC,PYPINYIN,UNIHAN,WORDSHK_CHARS
U+991C	餜	カ,もち	ka,mochi	0,0	0,0	KANJIDIC,PYPINYIN,UNIHAN
U+991D	餝	コウ,シキ,ショク,かざり,かざる	kou,shiki,shoku,kazari,kazaru	0,0,0,0,0	0,0,0,0,0	KANJIDIC,PYPINYIN,UNIHAN
U+991E	餞	セン,はなむけ	sen,hanamuke	0,0	0,0	KANJIDIC,PYPINYIN,UNIHAN,WORDSHK_CHARS
U+991F	餟	テツ,テチ,テイ,まつる	tetsu,techi,tei,matsuru	0,0,0,0	0,0,0,0	KANJIDIC,PYPINYIN,UNIHAN
U+9920	餠	ヘイ,ヒョウ,もち,もちい	hei,hyou,mochi,mochii	0,0,0,0	0,0,0,0	KANJIDIC,PYPINYIN,UNIHAN
U+9921	餡	アン,カン	an,kan	0,0	0,0	KANJIDIC,PYPINYIN,UNIHAN,WORDSHK_CHARS
U+9922	餢	ホウ,ブ	hou,bu	0,0	0,0	KANJIDIC,PYPINYIN,UNIHAN
U+9924	餤	タン	tan	0	0	KANJIDIC,PYPINYIN,UNIHAN
U+9926	餦	チョウ,あめ,もち	chou,ame,mochi	0,0,0	0,0,0	KANJIDIC,PYPINYIN,UNIHAN
U+9927	餧	ダイ,イ,うえる	dai,i,ueru	0,0,0	0,0,0	KANJIDIC,PYPINYIN,UNIHAN
U+9928	館	カン,やかた,たて	kan,yakata,tate	0,0,0	0,0,0	KANJIDIC,PYPINYIN,UNIHAN,WORDSHK_CHARS
U+992B	餫	ウン,コン,おくる	un,kon,okuru	0,0,0	0,0,0	KANJIDIC,PYPINYIN,UNIHAN
U+992C	餬	コ,かゆ	ko,kayu	0,0	0,0	KANJIDIC,PYPINYIN,UNIHAN
U+992E	餮	テツ,むさぼる	tetsu,musaboru	0,0	0,0	KANJIDIC,PYPINYIN,UNIHAN,WORDSHK_CHARS
U+9931	餱	コウ,グ,ほしいい	kou,gu,hoshiii	0,0,0	0,0,0	KANJIDIC,PYPINYIN,UNIHAN
U+9932	餲	エイ,アツ,アチ,アイ,くさる	ei,atsu,achi,ai,kusaru	0,0,0,0,0	0,0,0,0,0	KANJIDIC,PYPINYIN,UNIHAN,WORDSHK_CHARS
U+9933	餳	トウ,セイ,あめ	tou,sei,ame	0,0,0	0,0,0	KANJIDIC,PYPINYIN,UNIHAN
U+9934	餴	フン,むす,むしめし	fun,musu,mushimeshi	0,0,0	0,0,0	KANJIDIC,PYPINYIN,UNIHAN
U+9935	餵	ダイ,イ,うえる	dai,i,ueru	0,0,0	0,0,0	KANJIDIC,PYPINYIN,UNIHAN,WORDSHK_CHARS
U+9939	餹	トウ,あめ	tou,ame	0,0	0,0	KANJIDIC,PYPINYIN,UNIHAN
U+993A	餺	ハク	haku	0	0	KANJIDIC,PYPINYIN,UNIHAN
U+993B	餻	コウ,こなもち	kou,konamochi	0,0	0,0	KANJIDIC,PYPINYIN,UNIHAN
U+993C	餼	キ,ケ,おくりもの	ki,ke,okurimono	0,0,0	0,0,0	KANJIDIC,PYPINYIN,UNIHAN,WORDSHK_CHARS
U+993D	餽	キ,おくる	ki,okuru	0,0	0,0	KANJIDIC,PYPINYIN,UNIHAN
U+993E	餾	リュウ	ryuu	0	0	KANJIDIC,PYPINYIN,UNIHAN,WORDSHK_CHARS
U+9940	饀	トウ,こなもち	tou,konamochi	0,0	0,0	KANJIDIC,PYPINYIN,UNIHAN
U+9941	饁	ヨウ,オウ,コウ,おくる	you,ou,kou,okuru	0,0,0,0	0,0,0,0	KANJIDIC,PYPINYIN,UNIHAN
U+9942	饂	ウン,うどん	un,udon	0,0	0,0	KANJIDIC,PYPINYIN,UNIHAN
U+9945	饅	マン	man	0	0	KANJIDIC,PYPINYIN,UNIHAN,WORDSHK_CHARS
U+9946	饆	ヒツ,ヒチ,もち	hitsu,hichi,mochi	0,0,0	0,0,0	KANJIDIC,PYPINYIN,UNIHAN
U+9947	饇	ヨ,オ,ウ,オウ,あく	yo,o,u,ou,aku	0,0,0,0,0	0,0,0,0,0	KANJIDIC,PYPINYIN,UNIHAN
U+9948	饈	シュウ,シュ,すすめる	shuu,shu,susumeru	0,0,0	0,0,0	KANJIDIC,PYPINYIN,UNIHAN,WORDSHK_CHARS
U+9949	饉	キン,うえる	kin,ueru	0,0	0,0	KANJIDIC,PYPINYIN,UNIHAN,WORDSHK_CHARS
U+994B	饋	キ,おくる	ki,okuru	0,0	0,0	KANJIDIC,PYPINYIN,UNIHAN,WORDSHK_CHARS
U+994C	饌	セン,サン,そなえる	sen,san,sonaeru	0,0,0	0,0,0	KANJIDIC,PYPINYIN,UNIHAN,WORDSHK_CHARS
U+994D	饍	セン,かしわ,すすめる,そなえる	sen,kashiwa,susumeru,sonaeru	0,0,0,0	0,0,0,0	KANJIDIC,PYPINYIN,UNIHAN
U+994E	饎	シ,キ,さけさかな,むす	shi,ki,sakesakana,musu	0,0,0,0	0,0,0,0	KANJIDIC,PYPINYIN,UNIHAN
U+9950	饐	イ,エイ,エツ,すえる,むせぶ	i,ei,etsu,sueru,musebu	0,0,0,0,0	0,0,0,0,0	KANJIDIC,PYPINYIN,UNIHAN
U+9951	饑	キ,うえる	ki,ueru	0,0	0,0	KANJIDIC,PYPINYIN,UNIHAN,WORDSHK_CHARS
U+9952	饒	ジョウ,ニョウ,ゆたか	jou,nyou,yutaka	0,0,0	0,0,0	KANJIDIC,PYPINYIN,UNIHAN,WORDSHK_CHARS
U+9954	饔	ヨウ,ユ,にる	you,yu,niru	0,0,0	0,0,0	KANJIDIC,PYPINYIN,UNIHAN,WORDSHK_CHARS
U+9955	饕	トウ,むさぼる	tou,musaboru	0,0	0,0	KANJIDIC,PYPINYIN,UNIHAN,WORDSHK_CHARS
U+9957	饗	キョウ,うける,もてなす	kyou,ukeru,motenasu	0,0,0	0,0,0	KANJIDIC,PYPINYIN,UNIHAN
U+9958	饘	セン,かゆ	sen,kayu	0,0	0,0	KANJIDIC,PYPINYIN,UNIHAN
U+9959	饙	フン,むす,むしめし	fun,musu,mushimeshi	0,0,0	0,0,0	KANJIDIC,PYPINYIN,UNIHAN
U+995B	饛	ボウ,ム,やまもり	bou,mu,yamamori	0,0,0	0,0,0	KANJIDIC,PYPINYIN,UNIHAN
U+995C	饜	エン,あく	en,aku	0,0	0,0	KANJIDIC,PYPINYIN,UNIHAN
U+995E	饞	サン,ゼン,むさぼる	san,zen,musaboru	0,0,0	0,0,0	KANJIDIC,PYPINYIN,UNIHAN,WORDSHK_CHARS
U+995F	饟	ショウ,げ,け,かれい,かれいい,べんとう	shou,ge,ke,karei,kareii,bentou	0,0,0,0,0,0	0,0,0,0,0,0	KANJIDIC,PYPINYIN,UNIHAN
U+9960	饠	ラ,もち	ra,mochi	0,0	0,0	KANJIDIC,PYPINYIN,UNIHAN
U+9996	首	シュ,くび	shu,kubi	0,0	0,0	KANJIDIC,PYPINYIN,UNIHAN,WORDSHK_CHARS
U+9997	馗	キ	ki	0	0	KANJIDIC,PYPINYIN,UNIHAN,WORDSHK_CHARS
U+9998	馘	カク,キョク,くびきる,みみきる	kaku,kyoku,kubikiru,mimikiru	0,0,0,0	0,0,0,0	KANJIDIC,PYPINYIN,UNIHAN
U+9999	香	コウ,キョウ,か,かおり,かおる	kou,kyou,ka,kaori,kaoru	0,0,0,0,0	0,0,0,0,0	KANJIDIC,PYPINYIN,UNIHAN,WORDSHK_CHARS
U+999B	馛	ハツ,バチ,ヘツ,ヘチ,におい,こうばしい	hatsu,bachi,hetsu,hechi,nioi,koubashii	0,0,0,0,0,0	0,0,0,0,0,0	KANJIDIC,PYPINYIN,UNIHAN
U+999D	馝	ヒツ,ビチ,ヘツ,ベチ,かおり	hitsu,bichi,hetsu,bechi,kaori	0,0,0,0,0	0,0,0,0,0	KANJIDIC,PYPINYIN,UNIHAN
U+999F	馟	ト,ズ,こうばしい	to,zu,koubashii	0,0,0	0,0,0	KANJIDIC,PYPINYIN,UNIHAN
U+99A3	馣	アン,エン,オウ	an,en,ou	0,0,0	0,0,0	KANJIDIC,PYPINYIN,UNIHAN
U+99A5	馥	クク,ヒョク,フク,か,かおる	kuku,hyoku,fuku,ka,kaoru	0,0,0,0,0	0,0,0,0,0	KANJIDIC,PYPINYIN,UNIHAN,WORDSHK_CHARS
U+99A6	馦	ケン,こう	ken,kou	0,0	0,0	KANJIDIC,PYPINYIN,UNIHAN
U+99A8	馨	ケイ,キョウ,かおる,かおり	kei,kyou,kaoru,kaori	0,0,0,0	0,0,0,0	KANJIDIC,PYPINYIN,UNIHAN,WORDSHK_CHARS
U+99AC	馬	バ,うま,ま	ba,uma,ma	0,0,0	0,0,0	KANJIDIC,PYPINYIN,UNIHAN,WORDSHK_CHARS
U+99AD	馭	ギョ	gyo	0	0	KANJIDIC,PYPINYIN,UNIHAN,WORDSHK_CHARS
U+99AE	馮	ヒョウ,フ,フウ,たのむ,よる	hyou,fu,fuu,tanomu,yoru	0,0,0,0,0	0,0,0,0,0	KANJIDIC,PYPINYIN,UNIHAN,WORDSHK_CHARS
U+99B0	馰	テキ,チャク	teki,chaku	0,0	0,0	KANJIDIC,PYPINYIN,UNIHAN
U+99B1	馱	タ,タイ,のせる	ta,tai,noseru	0,0,0	0,0,0	KANJIDIC,PYPINYIN,UNIHAN,WORDSHK_CHARS
U+99B2	馲	タク,チャク,ラク,ワク,らば	taku,chaku,raku,waku,raba	0,0,0,0,0	0,0,0,0,0	KANJIDIC,PYPINYIN,UNIHAN
U+99B3	馳	チ,ジ,はせる	chi,ji,haseru	0,0,0	0,0,0	KANJIDIC,PYPINYIN,UNIHAN,WORDSHK_CHARS
U+99B4	馴	ジュン,シュン,クン,なれる,ならす,したがう	jun,shun,kun,nareru,narasu,shitagau	0,0,0,0,0,0	0,0,0,0,0,0	KANJIDIC,PYPINYIN,UNIHAN,WORDSHK_CHARS
U+99B5	馵	シュ,ソク,ゾク	shu,soku,zoku	0,0,0	0,0,0	KANJIDIC,PYPINYIN,UNIHAN
U+99B9	馹	ジツ,ニチ,はやうま	jitsu,nichi,hayauma	0,0,0	0,0,0	KANJIDIC,PYPINYIN,UNIHAN
U+99BA	馺	ソウ,おいつく	sou,oitsuku	0,0	0,0	KANJIDIC,PYPINYIN,UNIHAN
U+99BC	馼	ブン,モン	bun,mon	0,0	0,0	KANJIDIC,PYPINYIN,UNIHAN
U+99BD	馽	チュウ,ショウ,つなぐ	chuu,shou,tsunagu	0,0,0	0,0,0	KANJIDIC,PYPINYIN,UNIHAN
U+99BF	馿	ロ,リョ,うさぎうま	ro,ryo,usagiuma	0,0,0	0,0,0	KANJIDIC,PYPINYIN,UNIHAN
U+99C1	駁	ハク,バク,ぶち,まじる,まだら	haku,baku,buchi,majiru,madara	0,0,0,0,0	0,0,0,0,0	KANJIDIC,PYPINYIN,UNIHAN,WORDSHK_CHARS
U+99C3	駃	ケツ,ケチ,ガイ,ケ,らば	ketsu,kechi,gai,ke,raba	0,0,0,0,0	0,0,0,0,0	KANJIDIC,PYPINYIN,UNIHAN
U+99C4	駄	ダ,タ	da,ta	0,0	0,0	KANJIDIC,PYPINYIN,UNIHAN
U+99C5	駅	エキ	eki	0	0	KANJIDIC,PYPINYIN,UNIHAN,WORDSHK_CHARS
U+99C6	駆	ク,かける,かる	ku,kakeru,karu	0,0,0	0,0,0	KANJIDIC,PYPINYIN,UNIHAN
U+99C8	駈	ク,かける,かる	ku,kakeru,karu	0,0,0	0,0,0	KANJIDIC,PYPINYIN,UNIHAN
U+99C9	駉	ケイ,キョウ,まき,まきば	kei,kyou,maki,makiba	0,0,0,0	0,0,0,0	KANJIDIC,PYPINYIN,UNIHAN
U+99D0	駐	チュウ	chuu	0	0	KANJIDIC,PYPINYIN,UNIHAN,WORDSHK_CHARS
U+99D1	駑	ド,にぶい	do,nibui	0,0	0,0	KANJIDIC,PYPINYIN,UNIHAN
U+99D2	駒	ク,こま	ku,koma	0,0	0,0	KANJIDIC,PYPINYIN,UNIHAN,WORDSHK_CHARS
U+99D3	駓	ヒ,しらかげ	hi,shirakage	0,0	0,0	KANJIDIC,PYPINYIN,UNIHAN
U+99D4	駔	ソウ,ソ,ショ,うま	sou,so,sho,uma	0,0,0,0	0,0,0,0	KANJIDIC,PYPINYIN,UNIHAN
U+99D5	駕	カ,ガ,かご,がする,しのぐ,のる	ka,ga,kago,gasuru,shinogu,noru	0,0,0,0,0,0	0,0,0,0,0,0	KANJIDIC,PYPINYIN,UNIHAN,WORDSHK_CHARS
U+99D8	駘	タイ	tai	0	0	KANJIDIC,PYPINYIN,UNIHAN
U+99D9	駙	フ,そえうま,ちかい	fu,soeuma,chikai	0,0,0	0,0,0	KANJIDIC,PYPINYIN,UNIHAN,WORDSHK_CHARS
U+99DA	駚	ヨウ,オウ	you,ou	0,0	0,0	KANJIDIC,PYPINYIN,UNIHAN
U+99DB	駛	シ,はせる,はやい	shi,haseru,hayai	0,0,0	0,0,0	KANJIDIC,PYPINYIN,UNIHAN,WORDSHK_CHARS
U+99DC	駜	ヒツ,ビチ,ヒ,こえる	hitsu,bichi,hi,koeru	0,0,0,0	0,0,0,0	KANJIDIC,PYPINYIN,UNIHAN
U+99DD	駝	ダ,タ,せむし	da,ta,semushi	0,0,0	0,0,0	KANJIDIC,PYPINYIN,UNIHAN,WORDSHK_CHARS
U+99DE	駞	タ,せむし	ta,semushi	0,0	0,0	KANJIDIC,PYPINYIN,UNIHAN
U+99DF	駟	シ	shi	0	0	KANJIDIC,PYPINYIN,UNIHAN
U+99E2	駢	ヘン,ならぶ	hen,narabu	0,0	0,0	KANJIDIC,PYPINYIN,UNIHAN,WORDSHK_CHARS
U+99E7	駧	トウ,ズ,はしる	tou,zu,hashiru	0,0,0	0,0,0	KANJIDIC,PYPINYIN,UNIHAN
U+99EA	駪	シン,おおい	shin,ooi	0,0	0,0	KANJIDIC,PYPINYIN,UNIHAN
U+99EB	駫	ケイ,キョウ,たくましい	kei,kyou,takumashii	0,0,0	0,0,0	KANJIDIC,PYPINYIN,UNIHAN
U+99EC	駬	ジ,ニ,しゅんめ	ji,ni,shunme	0,0,0	0,0,0	KANJIDIC,PYPINYIN,UNIHAN
U+99ED	駭	ガイ,カイ,おどろく,おどろかす	gai,kai,odoroku,odorokasu	0,0,0,0	0,0,0,0	KANJIDIC,PYPINYIN,UNIHAN,WORDSHK_CHARS
U+99EE	駮	カク,ハク,ぶち,まだら	kaku,haku,buchi,madara	0,0,0,0	0,0,0,0	KANJIDIC,PYPINYIN,UNIHAN
U+99F0	駰	イン,どろあしげ	in,doroashige	0,0	0,0	KANJIDIC,PYPINYIN,UNIHAN
U+99F1	駱	ラク,かわらげ	raku,kawarage	0,0	0,0	KANJIDIC,PYPINYIN,UNIHAN,WORDSHK_CHARS
U+99F2	駲	シュウ,ジュン	shuu,jun	0,0	0,0	KANJIDIC,PYPINYIN,UNIHAN
U+99F4	駴	カイ,アイ,おどろく	kai,ai,odoroku	0,0,0	0,0,0	KANJIDIC,PYPINYIN,UNIHAN
U+99F5	駵	リュウ,ル,くりげ	ryuu,ru,kurige	0,0,0	0,0,0	KANJIDIC,PYPINYIN,UNIHAN
U+99F8	駸	シン	shin	0	0	KANJIDIC,PYPINYIN,UNIHAN
U+99F9	駹	ボウ,モウ	bou,mou	0,0	0,0	KANJIDIC,PYPINYIN,UNIHAN
U+99FB	駻	カン	kan	0	0	KANJIDIC,PYPINYIN,UNIHAN
U+99FD	駽	ケン	ken	0	0	KANJIDIC,PYPINYIN,UNIHAN
U+99FE	駾	タイ,はしる	tai,hashiru	0,0	0,0	KANJIDIC,PYPINYIN,UNIHAN
U+99FF	駿	シュン,スン,すぐれる	shun,sun,sugureru	0,0,0	0,0,0	KANJIDIC,PYPINYIN,UNIHAN,WORDSHK_CHARS
U+9A01	騁	テイ,はせる	tei,haseru	0,0	0,0	KANJIDIC,PYPINYIN,UNIHAN,WORDSHK_CHARS
U+9A02	騂	セイ,ショウ,ケイ,キョウ,あかうま	sei,shou,kei,kyou,akauma	0,0,0,0,0	0,0,0,0,0	KANJIDIC,PYPINYIN,UNIHAN
U+9A03	騃	ガイ,シ,イ,ギ,タイ,おろか	gai,shi,i,gi,tai,oroka	0,0,0,0,0,0	0,0,0,0,0,0	KANJIDIC,PYPINYIN,UNIHAN
U+9A04	騄	リョク,ロク	ryoku,roku	0,0	0,0	KANJIDIC,PYPINYIN,UNIHAN
U+9A05	騅	スイ,あしげ	sui,ashige	0,0	0,0	KANJIDIC,PYPINYIN,UNIHAN
U+9A0B	騋	ライ	rai	0	0	KANJIDIC,PYPINYIN,UNIHAN
U+9A0C	騌	ソウ,たてがみ	sou,tategami	0,0	0,0	KANJIDIC,PYPINYIN,UNIHAN
U+9A0E	騎	キ	ki	0	0	KANJIDIC,PYPINYIN,UNIHAN,WORDSHK_CHARS
U+9A0F	騏	キ	ki	0	0	KANJIDIC,PYPINYIN,UNIHAN
U+9A10	騐	ケン,あかし,しるし,ためす	ken,akashi,shirushi,tamesu	0,0,0,0	0,0,0,0	KANJIDIC,PYPINYIN,UNIHAN
U+9A11	騑	ヒ,そえうま	hi,soeuma	0,0	0,0	KANJIDIC,PYPINYIN,UNIHAN
U+9A12	騒	ソウ,さわぐ,うれい,さわがしい	sou,sawagu,urei,sawagashii	0,0,0,0	0,0,0,0	KANJIDIC,PYPINYIN,UNIHAN
U+9A13	験	ケン,ゲン,あかし,しるし,ためす,ためし	ken,gen,akashi,shirushi,tamesu,tameshi	0,0,0,0,0,0	0,0,0,0,0,0	KANJIDIC,PYPINYIN,UNIHAN
U+9A16	騖	ブ,ム,はせる	bu,mu,haseru	0,0,0	0,0,0	KANJIDIC,PYPINYIN,UNIHAN
U+9A19	騙	ヘン,かたる,だます	hen,kataru,damasu	0,0,0	0,0,0	KANJIDIC,PYPINYIN,UNIHAN,WORDSHK_CHARS
U+9A1E	騞	カク,キャク,バク,ミャク	kaku,kyaku,baku,myaku	0,0,0,0	0,0,0,0	KANJIDIC,PYPINYIN,UNIHAN
U+9A20	騠	テイ,ダイ	tei,dai	0,0	0,0	KANJIDIC,PYPINYIN,UNIHAN
U+9A22	騢	カ,ゲ,つきげ	ka,ge,tsukige	0,0,0	0,0,0	KANJIDIC,PYPINYIN,UNIHAN
U+9A23	騣	ソウ,ス,たてがみ	sou,su,tategami	0,0,0	0,0,0	KANJIDIC,PYPINYIN,UNIHAN
U+9A24	騤	キ,ケツ,ケチ,すすむ	ki,ketsu,kechi,susumu	0,0,0,0	0,0,0,0	KANJIDIC,PYPINYIN,UNIHAN
U+9A27	騧	カ,イ,カイ,ゲ	ka,i,kai,ge	0,0,0,0	0,0,0,0	KANJIDIC,PYPINYIN,UNIHAN
U+9A28	騨	タン,ダン,タ,ダ,テン	tan,dan,ta,da,ten	0,0,0,0,0	0,0,0,0,0	KANJIDIC,PYPINYIN,UNIHAN
U+9A2B	騫	ケン	ken	0	0	KANJIDIC,PYPINYIN,UNIHAN
U+9A2D	騭	シツ,シチ,チョク,おすうま	shitsu,shichi,choku,osuuma	0,0,0,0	0,0,0,0	KANJIDIC,PYPINYIN,UNIHAN,WORDSHK_CHARS
U+9A2E	騮	リュウ,ル,くりげ	ryuu,ru,kurige	0,0,0	0,0,0	KANJIDIC,PYPINYIN,UNIHAN,WORDSHK_CHARS
U+9A30	騰	トウ,あがる,のぼる	tou,agaru,noboru	0,0,0	0,0,0	KANJIDIC,PYPINYIN,UNIHAN,WORDSHK_CHARS
U+9A33	騳	トク,はしる	toku,hashiru	0,0	0,0	KANJIDIC,PYPINYIN,UNIHAN
U+9A35	騵	ゲン,ガン,ガ	gen,gan,ga	0,0,0	0,0,0	KANJIDIC,PYPINYIN,UNIHAN
U+9A36	騶	シュウ,シュ,ス,チュ,スウ,うまかい	shuu,shu,su,chu,suu,umakai	0,0,0,0,0,0	0,0,0,0,0,0	KANJIDIC,PYPINYIN,UNIHAN
U+9A37	騷	ソウ,さわぐ,うれい,さわがしい	sou,sawagu,urei,sawagashii	0,0,0,0	0,0,0,0	KANJIDIC,PYPINYIN,UNIHAN,WORDSHK_CHARS
U+9A38	騸	セン	sen	0	0	KANJIDIC,PYPINYIN,UNIHAN,WORDSHK_CHARS
U+9A3E	騾	ラ	ra	0	0	KANJIDIC,PYPINYIN,UNIHAN,WORDSHK_CHARS
U+9A40	驀	バク	baku	0	0	KANJIDIC,PYPINYIN,UNIHAN,WORDSHK_CHARS
U+9A41	驁	ゴウ,ギョウ,おごる	gou,gyou,ogoru	0,0,0	0,0,0	KANJIDIC,PYPINYIN,UNIHAN
U+9A42	驂	サン,そえうま	san,soeuma	0,0	0,0	KANJIDIC,PYPINYIN,UNIHAN
U+9A43	驃	ヒョウ	hyou	0	0	KANJIDIC,PYPINYIN,UNIHAN
U+9A44	驄	ソウ,ス,あしげ	sou,su,ashige	0,0,0	0,0,0	KANJIDIC,PYPINYIN,UNIHAN
U+9A45	驅	ク,かける,かる	ku,kakeru,karu	0,0,0	0,0,0	KANJIDIC,PYPINYIN,UNIHAN,WORDSHK_CHARS
U+9A47	驇	チ,おもい	chi,omoi	0,0	0,0	KANJIDIC,PYPINYIN,UNIHAN
U+9A4A	驊	カ,ゲ,あかくりげ	ka,ge,akakurige	0,0,0	0,0,0	KANJIDIC,PYPINYIN,UNIHAN
U+9A4B	驋	ハツ,ハチ,はしる	hatsu,hachi,hashiru	0,0,0	0,0,0	KANJIDIC,PYPINYIN,UNIHAN
U+9A4C	驌	シュク,スク	shuku,suku	0,0	0,0	KANJIDIC,PYPINYIN,UNIHAN
U+9A4D	驍	ギョウ,キョウ,たけし,つよい	gyou,kyou,takeshi,tsuyoi	0,0,0,0	0,0,0,0	KANJIDIC,PYPINYIN,UNIHAN,WORDSHK_CHARS
U+9A4E	驎	リン,まだらうま	rin,madarauma	0,0	0,0	KANJIDIC,PYPINYIN,UNIHAN
U+9A51	驑	リュウ,ル,くりげ	ryuu,ru,kurige	0,0,0	0,0,0	KANJIDIC,PYPINYIN,UNIHAN
U+9A52	驒	タン,ダン,ダ,まだらうま	tan,dan,da,madarauma	0,0,0,0	0,0,0,0	KANJIDIC,PYPINYIN,UNIHAN
U+9A54	驔	テン,タン,ドン,くろくりげ	ten,tan,don,kurokurige	0,0,0,0	0,0,0,0	KANJIDIC,PYPINYIN,UNIHAN
U+9A55	驕	キョウ,おごる	kyou,ogoru	0,0	0,0	KANJIDIC,PYPINYIN,UNIHAN,WORDSHK_CHARS
U+9A56	驖	テツ,デチ,くろくりげ	tetsu,dechi,kurokurige	0,0,0	0,0,0	KANJIDIC,PYPINYIN,UNIHAN
U+9A57	驗	ケン,ゲン,あかし,しるし,ためす,ためし	ken,gen,akashi,shirushi,tamesu,tameshi	0,0,0,0,0,0	0,0,0,0,0,0	KANJIDIC,PYPINYIN,UNIHAN,WORDSHK_CHARS
U+9A5A	驚	キョウ,おどろく,おどろかす	kyou,odoroku,odorokasu	0,0,0	0,0,0	KANJIDIC,PYPINYIN,UNIHAN,WORDSHK_CHARS
U+9A5B	驛	エキ	eki	0	0	KANJIDIC,PYPINYIN,UNIHAN,WORDSHK_CHARS
U+9A5D	驝	タク,チャク,ラク,ワク,らば	taku,chaku,raku,waku,raba	0,0,0,0,0	0,0,0,0,0	KANJIDIC,PYPINYIN,UNIHAN
U+9A5F	驟	シュウ,にわか,はせる	shuu,niwaka,haseru	0,0,0	0,0,0	KANJIDIC,PYPINYIN,UNIHAN,WORDSHK_CHARS
U+9A62	驢	ロ,リョ,うさぎうま	ro,ryo,usagiuma	0,0,0	0,0,0	KANJIDIC,PYPINYIN,UNIHAN,WORDSHK_CHARS
U+9A64	驤	ジョウ,ショウ,あがる	jou,shou,agaru	0,0,0	0,0,0	KANJIDIC,PYPINYIN,UNIHAN
U+9A65	驥	キ	ki	0	0	KANJIDIC,PYPINYIN,UNIHAN,WORDSHK_CHARS
U+9A69	驩	カン,よろこぶ	kan,yorokobu	0,0	0,0	KANJIDIC,PYPINYIN,UNIHAN
U+9A6A	驪	リ,レイ	ri,rei	0,0	0,0	KANJIDIC,PYPINYIN,UNIHAN
U+9A6B	驫	ヒュウ,ヒョウ,シュウ	hyuu,hyou,shuu	0,0,0	0,0,0	KANJIDIC,PYPINYIN,UNIHAN
U+9AA8	骨	コツ,ほね	kotsu,hone	0,0	0,0	KANJIDIC,PYPINYIN,UNIHAN,WORDSHK_CHARS
U+9AAA	骪	イ,まがる,まげる,あつまる,すておく	i,magaru,mageru,atsumaru,suteoku	0,0,0,0,0	0,0,0,0,0	KANJIDIC,PYPINYIN,UNIHAN
U+9AAC	骬	ウ	u	0	0	KANJIDIC,PYPINYIN,UNIHAN
U+9AAD	骭	カン,はぎ	kan,hagi	0,0	0,0	KANJIDIC,PYPINYIN,UNIHAN
U+9AAE	骮	ヨク,こぼね	yoku,kobone	0,0	0,0	KANJIDIC,PYPINYIN,UNIHAN
U+9AAF	骯	コウ	kou	0	0	KANJIDIC,PYPINYIN,UNIHAN,WORDSHK_CHARS
U+9AB0	骰	トウ,さい	tou,sai	0,0	0,0	KANJIDIC,PYPINYIN,UNIHAN,WORDSHK_CHARS
U+9AB2	骲	ハク,ゴウ,ギョウ,ホウ,ビョウ,やじり	haku,gou,gyou,hou,byou,yajiri	0,0,0,0,0,0	0,0,0,0,0,0	KANJIDIC,PYPINYIN,UNIHAN
U+9AB4	骴	シ,サイ,ジャ,ほね	shi,sai,ja,hone	0,0,0,0	0,0,0,0	KANJIDIC,PYPINYIN,UNIHAN
U+9AB5	骵	タイ,テイ,からだ,かたち	tai,tei,karada,katachi	0,0,0,0	0,0,0,0	KANJIDIC,PYPINYIN,UNIHAN
U+9AB6	骶	テイ,タイ,しり	tei,tai,shiri	0,0,0	0,0,0	KANJIDIC,PYPINYIN,UNIHAN
U+9AB7	骷	クウ	kuu	0	0	KANJIDIC,PYPINYIN,UNIHAN,WORDSHK_CHARS
U+9AB8	骸	ガイ,カイ,むくろ	gai,kai,mukuro	0,0,0	0,0,0	KANJIDIC,PYPINYIN,UNIHAN,WORDSHK_CHARS
U+9AB9	骹	コウ,キョウ,ゴウ,はぎ	kou,kyou,gou,hagi	0,0,0,0	0,0,0,0	KANJIDIC,PYPINYIN,UNIHAN,WORDSHK_CHARS
U+9ABB	骻	カ,ケ,またぐら	ka,ke,matagura	0,0,0	0,0,0	KANJIDIC,PYPINYIN,UNIHAN
U+9ABC	骼	カク	kaku	0	0	KANJIDIC,PYPINYIN,UNIHAN,WORDSHK_CHARS
U+9ABE	骾	コウ,キョウ	kou,kyou	0,0	0,0	KANJIDIC,PYPINYIN,UNIHAN,WORDSHK_CHARS
U+9ABF	骿	ヘン	hen	0	0	KANJIDIC,PYPINYIN,UNIHAN,WORDSHK_CHARS
U+9AC0	髀	ヒ,ヘイ,もも	hi,hei,momo	0,0,0	0,0,0	KANJIDIC,PYPINYIN,UNIHAN,WORDSHK_CHARS
U+9AC1	髁	カイ,ケ,カ,もも	kai,ke,ka,momo	0,0,0,0	0,0,0,0	KANJIDIC,PYPINYIN,UNIHAN
U+9AC3	髃	グ,ゴウ,ガイ	gu,gou,gai	0,0,0	0,0,0	KANJIDIC,PYPINYIN,UNIHAN
U+9AC4	髄	ズイ	zui	0	0	KANJIDIC,PYPINYIN,UNIHAN
U+9AC6	髆	ハク,かいがらぼね	haku,kaigarabone	0,0	0,0	KANJIDIC,PYPINYIN,UNIHAN,WORDSHK_CHARS
U+9AC8	髈	ホウ,もも	hou,momo	0,0	0,0	KANJIDIC,PYPINYIN,UNIHAN,WORDSHK_CHARS
U+9ACE	髎	リョウ,ロオ,リュウ,こしぼね	ryou,roo,ryuu,koshibone	0,0,0,0	0,0,0,0	KANJIDIC,PYPINYIN,UNIHAN
U+9ACF	髏	ロ	ro	0	0	KANJIDIC,PYPINYIN,UNIHAN,WORDSHK_CHARS
U+9AD0	髐	コウ,キョウ,かぶらや	kou,kyou,kaburaya	0,0,0	0,0,0	KANJIDIC,PYPINYIN,UNIHAN
U+9AD1	髑	ドク,トク	doku,toku	0,0	0,0	KANJIDIC,PYPINYIN,UNIHAN
U+9AD2	髒	ソウ,きたない	sou,kitanai	0,0	0,0	KANJIDIC,PYPINYIN,UNIHAN,WORDSHK_CHARS
U+9AD3	髓	ズイ	zui	0	0	KANJIDIC,PYPINYIN,UNIHAN,WORDSHK_CHARS
U+9AD4	體	タイ,テイ,からだ,かたち	tai,tei,karada,katachi	0,0,0,0	0,0,0,0	KANJIDIC,PYPINYIN,UNIHAN,WORDSHK_CHARS
U+9AD5	髕	ヒン	hin	0	0	KANJIDIC,PYPINYIN,UNIHAN
U+9AD6	髖	カン,コン,こしぼね	kan,kon,koshibone	0,0,0	0,0,0	KANJIDIC,PYPINYIN,UNIHAN,WORDSHK_CHARS
U+9AD7	髗	ロ,かしら,あたま	ro,kashira,atama	0,0,0	0,0,0	KANJIDIC,PYPINYIN,UNIHAN
U+9AD8	高	コウ,たかい,たか,だか,たかまる,たかめる	kou,takai,taka,daka,takamaru,takameru	0,0,0,0,0,0	0,0,0,0,0,0	KANJIDIC,PYPINYIN,UNIHAN,WORDSHK_CHARS
U+9ADB	髛	コウ,あきらか	kou,akiraka	0,0	0,0	KANJIDIC,PYPINYIN,UNIHAN
U+9ADC	髜	キョウ,たかい	kyou,takai	0,0	0,0	KANJIDIC,PYPINYIN,UNIHAN
U+9ADE	髞	ソウ	sou	0	0	KANJIDIC,PYPINYIN,UNIHAN
U+9ADF	髟	ヒュウ,ヒョウ	hyuu,hyou	0,0	0,0	KANJIDIC,PYPINYIN,UNIHAN
U+9AE0	髠	コン,そる	kon,soru	0,0	0,0	KANJIDIC,PYPINYIN,UNIHAN
U+9AE2	髢	テイ,セキ,かもじ	tei,seki,kamoji	0,0,0	0,0,0	KANJIDIC,PYPINYIN,UNIHAN
U+9AE3	髣	ホウ	hou	0	0	KANJIDIC,PYPINYIN,UNIHAN,WORDSHK_CHARS
U+9AE4	髤	キュウ,ク,シ,うるし	kyuu,ku,shi,urushi	0,0,0,0	0,0,0,0	KANJIDIC,PYPINYIN,UNIHAN
U+9AE5	髥	ゼン,ネン,おおひげ	zen,nen,oohige	0,0,0	0,0,0	KANJIDIC,PYPINYIN,UNIHAN
U+9AE6	髦	ボウ,モウ,たれがみ	bou,mou,taregami	0,0,0	0,0,0	KANJIDIC,PYPINYIN,UNIHAN,WORDSHK_CHARS
U+9AE7	髧	タン,ドン	tan,don	0,0	0,0	KANJIDIC,PYPINYIN,UNIHAN,WORDSHK_CHARS
U+9AE9	髩	ヒン	hin	0	0	KANJIDIC,PYPINYIN,UNIHAN
U+9AEA	髪	ハツ,かみ	hatsu,kami	0,0	0,0	KANJIDIC,PYPINYIN,UNIHAN
U+9AEB	髫	チョウ,うなる,うない	chou,unaru,unai	0,0,0	0,0,0	KANJIDIC,PYPINYIN,UNIHAN
U+9AEC	髬	ヒ	hi	0	0	KANJIDIC,PYPINYIN,UNIHAN
U+9AED	髭	シ,ひげ,くちひげ	shi,hige,kuchihige	0,0,0	0,0,0	KANJIDIC,PYPINYIN,UNIHAN,WORDSHK_CHARS
U+9AEE	髮	ハツ,かみ	hatsu,kami	0,0	0,0	KANJIDIC,PYPINYIN,UNIHAN,WORDSHK_CHARS
U+9AEF	髯	ゼン,ひげ	zen,hige	0,0	0,0	KANJIDIC,PYPINYIN,UNIHAN
U+9AF1	髱	ホウ,たぼ	hou,tabo	0,0	0,0	KANJIDIC,PYPINYIN,UNIHAN
U+9AF2	髲	ヒ,かもじ	hi,kamoji	0,0	0,0	KANJIDIC,PYPINYIN,UNIHAN
U+9AF3	髳	ボウ,ム,モウ,たれがみ	bou,mu,mou,taregami	0,0,0,0	0,0,0,0	KANJIDIC,PYPINYIN,UNIHAN
U+9AF4	髴	フツ	futsu	0	0	KANJIDIC,PYPINYIN,UNIHAN,WORDSHK_CHARS
U+9AF5	髵	ジ,ニ,あごひげ	ji,ni,agohige	0,0,0	0,0,0	KANJIDIC,PYPINYIN,UNIHAN
U+9AF7	髷	キョク,まげ,わげ	kyoku,mage,wage	0,0,0	0,0,0	KANJIDIC,PYPINYIN,UNIHAN
U+9AF9	髹	キュウ,ク,シ,うるし	kyuu,ku,shi,urushi	0,0,0,0	0,0,0,0	KANJIDIC,PYPINYIN,UNIHAN,WORDSHK_CHARS
U+9AFA	髺	ガチ,カツ,たばねる	gachi,katsu,tabaneru	0,0,0	0,0,0	KANJIDIC,PYPINYIN,UNIHAN
U+9AFB	髻	ケイ,キツ,たぶさ,みずら,もとどり	kei,kitsu,tabusa,mizura,motodori	0,0,0,0,0	0,0,0,0,0	KANJIDIC,PYPINYIN,UNIHAN,WORDSHK_CHARS
U+9AFD	髽	サ,セ,くくりがみ	sa,se,kukurigami	0,0,0	0,0,0	KANJIDIC,PYPINYIN,UNIHAN
U+9AFF	髿	サ,シャ	sa,sha	0,0	0,0	KANJIDIC,PYPINYIN,UNIHAN
U+9B00	鬀	テイ,かみ,まい,そる,する	tei,kami,mai,soru,suru	0,0,0,0,0	0,0,0,0,0	KANJIDIC,PYPINYIN,UNIHAN
U+9B01	鬁	リ	ri	0	0	KANJIDIC,PYPINYIN,UNIHAN
U+9B02	鬂	ヒン	hin	0	0	KANJIDIC,PYPINYIN,UNIHAN
U+9B03	鬃	ソウ,ズ,ゾウ,たてがみ	sou,zu,zou,tategami	0,0,0,0	0,0,0,0	KANJIDIC,PYPINYIN,UNIHAN,WORDSHK_CHARS
U+9B04	鬄	テイ,タイ,セキ,テキ,シャク,チャク,かもじ	tei,tai,seki,teki,shaku,chaku,kamoji	0,0,0,0,0,0,0	0,0,0,0,0,0,0	KANJIDIC,PYPINYIN,UNIHAN
U+9B05	鬅	ホウ	hou	0	0	KANJIDIC,PYPINYIN,UNIHAN
U+9B06	鬆	ショウ,ソウ,シュ	shou,sou,shu	0,0,0	0,0,0	KANJIDIC,PYPINYIN,UNIHAN,WORDSHK_CHARS
U+9B08	鬈	ケン,うるわしい	ken,uruwashii	0,0	0,0	KANJIDIC,PYPINYIN,UNIHAN,WORDSHK_CHARS
U+9B09	鬉	ソウ,ス,たてがみ	sou,su,tategami	0,0,0	0,0,0	KANJIDIC,PYPINYIN,UNIHAN
U+9B0B	鬋	セン	sen	0	0	KANJIDIC,PYPINYIN,UNIHAN
U+9B0C	鬌	タ,ツイ,ズイ,キ,ダ,おちる	ta,tsui,zui,ki,da,ochiru	0,0,0,0,0,0	0,0,0,0,0,0	KANJIDIC,PYPINYIN,UNIHAN
U+9B0D	鬍	コ	ko	0	0	KANJIDIC,PYPINYIN,UNIHAN,WORDSHK_CHARS
U+9B0E	鬎	ラツ	ratsu	0	0	KANJIDIC,PYPINYIN,UNIHAN
U+9B10	鬐	キ,たてがみ	ki,tategami	0,0	0,0	KANJIDIC,PYPINYIN,UNIHAN
U+9B12	鬒	シン,おおい	shin,ooi	0,0	0,0	KANJIDIC,PYPINYIN,UNIHAN
U+9B16	鬖	サン,シン,セン	san,shin,sen	0,0,0	0,0,0	KANJIDIC,PYPINYIN,UNIHAN
U+9B18	鬘	バン,マン,かつら	ban,man,katsura	0,0,0	0,0,0	KANJIDIC,PYPINYIN,UNIHAN
U+9B19	鬙	ソウ,みだれる	sou,midareru	0,0	0,0	KANJIDIC,PYPINYIN,UNIHAN,WORDSHK_CHARS
U+9B1A	鬚	シュ,ス,ひげ	shu,su,hige	0,0,0	0,0,0	KANJIDIC,PYPINYIN,UNIHAN,WORDSHK_CHARS
U+9B1B	鬛	リョウ,たてがみ	ryou,tategami	0,0	0,0	KANJIDIC,PYPINYIN,UNIHAN
U+9B1C	鬜	カン,ケン,サン,ゼン,はげる	kan,ken,san,zen,hageru	0,0,0,0,0	0,0,0,0,0	KANJIDIC,PYPINYIN,UNIHAN
U+9B1F	鬟	カン,わげ,みずら	kan,wage,mizura	0,0,0	0,0,0	KANJIDIC,PYPINYIN,UNIHAN,WORDSHK_CHARS
U+9B20	鬠	カツ,ガチ,カイ,ケ,たばねる,もとゆい	katsu,gachi,kai,ke,tabaneru,motoyui	0,0,0,0,0,0	0,0,0,0,0,0	KANJIDIC,PYPINYIN,UNIHAN
U+9B22	鬢	ビン,ヒン	bin,hin	0,0	0,0	KANJIDIC,PYPINYIN,UNIHAN,WORDSHK_CHARS
U+9B23	鬣	リョウ,たてがみ	ryou,tategami	0,0	0,0	KANJIDIC,PYPINYIN,UNIHAN
U+9B26	鬦	トウ,たたかう,あらそう	tou,tatakau,arasou	0,0,0	0,0,0	KANJIDIC,PYPINYIN,UNIHAN
U+9B27	鬧	トウ,ドウ,さわがしい	tou,dou,sawagashii	0,0,0	0,0,0	KANJIDIC,PYPINYIN,UNIHAN,WORDSHK_CHARS
U+9B28	鬨	コウ,グ,とき	kou,gu,toki	0,0,0	0,0,0	KANJIDIC,PYPINYIN,UNIHAN,WORDSHK_CHARS
U+9B29	鬩	ケキ,カク,ゲキ,せめぐ	keki,kaku,geki,semegu	0,0,0,0	0,0,0,0	KANJIDIC,PYPINYIN,UNIHAN,WORDSHK_CHARS
U+9B2A	鬪	トウ,たたかう,あらそう	tou,tatakau,arasou	0,0,0	0,0,0	KANJIDIC,PYPINYIN,UNIHAN
U+9B2B	鬫	カン,ケン,ほえる	kan,ken,hoeru	0,0,0	0,0,0	KANJIDIC,PYPINYIN,UNIHAN
U+9B2D	鬭	トウ,たたかう,あらそう	tou,tatakau,arasou	0,0,0	0,0,0	KANJIDIC,PYPINYIN,UNIHAN,WORDSHK_CHARS
U+9B2E	鬮	キュウ,くじ	kyuu,kuji	0,0	0,0	KANJIDIC,PYPINYIN,UNIHAN
U+9B2F	鬯	チョウ,かおりぐさ	chou,kaorigusa	0,0	0,0	KANJIDIC,PYPINYIN,UNIHAN
U+9B31	鬱	ウツ,うっする,ふさぐ,しげる	utsu,ussuru,fusagu,shigeru	0,0,0,0	0,0,0,0	KANJIDIC,PYPINYIN,UNIHAN,WORDSHK_CHARS
U+9B32	鬲	カク,レキ,かなえ,へだてる	kaku,reki,kanae,hedateru	0,0,0,0	0,0,0,0	KANJIDIC,PYPINYIN,UNIHAN
U+9B33	鬳	ケン,ガン,ゴン,こしき	ken,gan,gon,koshiki	0,0,0,0	0,0,0,0	KANJIDIC,PYPINYIN,UNIHAN
U+9B34	鬴	フ,レキ,リャク,かま	fu,reki,ryaku,kama	0,0,0,0	0,0,0,0	KANJIDIC,PYPINYIN,UNIHAN
U+9B35	鬵	セン,シン,おおがま	sen,shin,oogama	0,0,0	0,0,0	KANJIDIC,PYPINYIN,UNIHAN
U+9B37	鬷	ソウ,ス,あつまる	sou,su,atsumaru	0,0,0	0,0,0	KANJIDIC,PYPINYIN,UNIHAN
U+9B39	鬹	キ,ケイ,エ,かま	ki,kei,e,kama	0,0,0,0	0,0,0,0	KANJIDIC,PYPINYIN,UNIHAN
U+9B3A	鬺	ショウ,にる	shou,niru	0,0	0,0	KANJIDIC,PYPINYIN,UNIHAN
U+9B3B	鬻	イク,シュク,かゆ,かい,ひさぐ	iku,shuku,kayu,kai,hisagu	0,0,0,0,0	0,0,0,0,0	KANJIDIC,PYPINYIN,UNIHAN
U+9B3C	鬼	キ,おに	ki,oni	0,0	0,0	KANJIDIC,PYPINYIN,UNIHAN,WORDSHK_CHARS
U+9B3D	鬽	ビ,ミ,ばけもの	bi,mi,bakemono	0,0,0	0,0,0	KANJIDIC,PYPINYIN,UNIHAN
U+9B41	魁	カイ,さきがけ,かしら	kai,sakigake,kashira	0,0,0	0,0,0	KANJIDIC,PYPINYIN,UNIHAN,WORDSHK_CHARS
U+9B42	魂	コン,たましい,たま	kon,tamashii,tama	0,0,0	0,0,0	KANJIDIC,PYPINYIN,UNIHAN,WORDSHK_CHARS
U+9B43	魃	ハツ,バツ	hatsu,batsu	0,0	0,0	KANJIDIC,PYPINYIN,UNIHAN
U+9B44	魄	ハク,タク,たましい	haku,taku,tamashii	0,0,0	0,0,0	KANJIDIC,PYPINYIN,UNIHAN,WORDSHK_CHARS
U+9B45	魅	ミ	mi	0	0	KANJIDIC,PYPINYIN,UNIHAN,WORDSHK_CHARS
U+9B48	魈	ショウ,すだま	shou,sudama	0,0	0,0	KANJIDIC,PYPINYIN,UNIHAN
U+9B4B	魋	タイ,ズイ,ツイ	tai,zui,tsui	0,0,0	0,0,0	KANJIDIC,PYPINYIN,UNIHAN
U+9B4C	魌	キ,みにくい	ki,minikui	0,0	0,0	KANJIDIC,PYPINYIN,UNIHAN
U+9B4D	魍	モウ,ボウ	mou,bou	0,0	0,0	KANJIDIC,PYPINYIN,UNIHAN
U+9B4E	魎	リョウ,こだま	ryou,kodama	0,0	0,0	KANJIDIC,PYPINYIN,UNIHAN
U+9B4F	魏	ギ,たかい	gi,takai	0,0	0,0	KANJIDIC,PYPINYIN,UNIHAN,WORDSHK_CHARS
U+9B51	魑	チ,すだま	chi,sudama	0,0	0,0	KANJIDIC,PYPINYIN,UNIHAN
U+9B54	魔	マ	ma	0	0	KANJIDIC,PYPINYIN,UNIHAN,WORDSHK_CHARS
U+9B55	魕	キ,おに	ki,oni	0,0	0,0	KANJIDIC,PYPINYIN,UNIHAN
U+9B56	魖	キョ,コ	kyo,ko	0,0	0,0	KANJIDIC,PYPINYIN,UNIHAN
U+9B57	魗	シュウ,みにくい,しこ	shuu,minikui,shiko	0,0,0	0,0,0	KANJIDIC,PYPINYIN,UNIHAN
U+9B58	魘	エン,ヨウ,うなされる	en,you,unasareru	0,0,0	0,0,0	KANJIDIC,PYPINYIN,UNIHAN,WORDSHK_CHARS
U+9B5A	魚	ギョ,うお,さかな,ざかな	gyo,uo,sakana,zakana	0,0,0,0	0,0,0,0	KANJIDIC,PYPINYIN,UNIHAN,WORDSHK_CHARS
U+9B5B	魛	トウ,たちうお	tou,tachiuo	0,0	0,0	KANJIDIC,PYPINYIN,UNIHAN
U+9B5E	魞	えり	eri	0	0	KANJIDIC,PYPINYIN,UNIHAN
U+9B61	魡	テキ,チャク,チョウ,つる	teki,chaku,chou,tsuru	0,0,0,0	0,0,0,0	KANJIDIC,PYPINYIN,UNIHAN
U+9B63	魣	ショ,ヨ,たなご,かます	sho,yo,tanago,kamasu	0,0,0,0	0,0,0,0	KANJIDIC,PYPINYIN,UNIHAN
U+9B65	魥	キョウ,コウ,こがめ,こち,ひもの	kyou,kou,kogame,kochi,himono	0,0,0,0,0	0,0,0,0,0	KANJIDIC,PYPINYIN,UNIHAN
U+9B66	魦	サ,シャ,ショウ,さめ,ちちぶ	sa,sha,shou,same,chichibu	0,0,0,0,0	0,0,0,0,0	KANJIDIC,PYPINYIN,UNIHAN
U+9B68	魨	トン,ふぐ	ton,fugu	0,0	0,0	KANJIDIC,PYPINYIN,UNIHAN,WORDSHK_CHARS
U+9B6A	魪	カイ,かれい	kai,karei	0,0	0,0	KANJIDIC,PYPINYIN,UNIHAN
U+9B6B	魫	シン,さかなのこ	shin,sakananoko	0,0	0,0	KANJIDIC,PYPINYIN,UNIHAN
U+9B6C	魬	ハン,かれい	han,karei	0,0	0,0	KANJIDIC,PYPINYIN,UNIHAN
U+9B6D	魭	ゲン,ガン,あおうみがめ	gen,gan,aoumigame	0,0,0	0,0,0	KANJIDIC,PYPINYIN,UNIHAN
U+9B6E	魮	ヒ	hi	0	0	KANJIDIC,PYPINYIN,UNIHAN
U+9B6F	魯	ロ,おろか	ro,oroka	0,0	0,0	KANJIDIC,PYPINYIN,UNIHAN,WORDSHK_CHARS
U+9B72	魲	ロ	ro	0	0	KANJIDIC,PYPINYIN,UNIHAN
U+9B73	魳	シ,ソウ,ぶり,はまち,かます	shi,sou,buri,hamachi,kamasu	0,0,0,0,0	0,0,0,0,0	KANJIDIC,PYPINYIN,UNIHAN
U+9B74	魴	ホウ,かがみたい,おしきうお,かがみだい	hou,kagamitai,oshikiuo,kagamidai	0,0,0,0	0,0,0,0	KANJIDIC,PYPINYIN,UNIHAN
U+9B75	魵	フン,えび	fun,ebi	0,0	0,0	KANJIDIC,PYPINYIN,UNIHAN
U+9B77	魷	ユウ	yuu	0	0	KANJIDIC,PYPINYIN,UNIHAN,WORDSHK_CHARS
U+9B78	魸	ナマズ	namazu	0	0	KANJIDIC,PYPINYIN,UNIHAN
U+9B79	魹	とど	todo	0	0	KANJIDIC,PYPINYIN,UNIHAN
U+9B7F	魿	レイ,リョウ,リン,うねる,うろこ	rei,ryou,rin,uneru,uroko	0,0,0,0,0	0,0,0,0,0	KANJIDIC,PYPINYIN,UNIHAN
U+9B80	鮀	タ,なまず	ta,namazu	0,0	0,0	KANJIDIC,PYPINYIN,UNIHAN
U+9B83	鮃	ヒョウ,ヘイ,ひらめ	hyou,hei,hirame	0,0,0	0,0,0	KANJIDIC,PYPINYIN,UNIHAN
U+9B84	鮄	フツ,ブチ,さば	futsu,buchi,saba	0,0,0	0,0,0	KANJIDIC,PYPINYIN,UNIHAN
U+9B85	鮅	ヒツ,ビチ,ます	hitsu,bichi,masu	0,0,0	0,0,0	KANJIDIC,PYPINYIN,UNIHAN
U+9B86	鮆	セイ,ザイ,シ,ジ,えつ	sei,zai,shi,ji,etsu	0,0,0,0,0	0,0,0,0,0	KANJIDIC,PYPINYIN,UNIHAN
U+9B87	鮇	ビ,ミ,いわな	bi,mi,iwana	0,0,0	0,0,0	KANJIDIC,PYPINYIN,UNIHAN
U+9B89	鮉	チョウ,たい	chou,tai	0,0	0,0	KANJIDIC,PYPINYIN,UNIHAN
U+9B8A	鮊	ハク,ビャク,ハ,ベ,みごい,しろうお,がんき,かすべ	haku,byaku,ha,be,migoi,shirouo,ganki,kasube	0,0,0,0,0,0,0,0	0,0,0,0,0,0,0,0	KANJIDIC,PYPINYIN,UNIHAN
U+9B8B	鮋	ユウ,ユ,シュウ,ジュ,はや	yuu,yu,shuu,ju,haya	0,0,0,0,0	0,0,0,0,0	KANJIDIC,PYPINYIN,UNIHAN,WORDSHK_CHARS
U+9B8D	鮍	ヒ,かわはぎ	hi,kawahagi	0,0	0,0	KANJIDIC,PYPINYIN,UNIHAN
U+9B8E	鮎	デン,ネン,あゆ,なまず	den,nen,ayu,namazu	0,0,0,0	0,0,0,0	KANJIDIC,PYPINYIN,UNIHAN
U+9B8F	鮏	セイ,ショウ,ソウ,なまぐさい,なまぐさ,さけ	sei,shou,sou,namagusai,namagusa,sake	0,0,0,0,0,0	0,0,0,0,0,0	KANJIDIC,PYPINYIN,UNIHAN
U+9B90	鮐	タイ,イ,ふぐ	tai,i,fugu	0,0,0	0,0,0	KANJIDIC,PYPINYIN,UNIHAN
U+9B91	鮑	ホ,ホウ,あわび	ho,hou,awabi	0,0,0	0,0,0	KANJIDIC,PYPINYIN,UNIHAN,WORDSHK_CHARS
U+9B92	鮒	ホ,フ,ブ,ふな	ho,fu,bu,funa	0,0,0,0	0,0,0,0	KANJIDIC,PYPINYIN,UNIHAN,WORDSHK_CHARS
U+9B93	鮓	サ,すし	sa,sushi	0,0	0,0	KANJIDIC,PYPINYIN,UNIHAN,WORDSHK_CHARS
U+9B94	鮔	キョ	kyo	0	0	KANJIDIC,PYPINYIN,UNIHAN
U+9B96	鮖	かじか	kajika	0	0	KANJIDIC,PYPINYIN,UNIHAN
U+9B97	鮗	このしろ	konoshiro	0	0	KANJIDIC,PYPINYIN,UNIHAN
U+9B9A	鮚	キツ,ギチ,ケツ,ケチ,はまぐり	kitsu,gichi,ketsu,kechi,hamaguri	0,0,0,0,0	0,0,0,0,0	KANJIDIC,PYPINYIN,UNIHAN
U+9B9D	鮝	ショウ,ヨウ,ふか,ひもの	shou,you,fuka,himono	0,0,0,0	0,0,0,0	KANJIDIC,PYPINYIN,UNIHAN
U+9B9E	鮞	ジ,ニ,ジク,ニク,はららご	ji,ni,jiku,niku,hararago	0,0,0,0,0	0,0,0,0,0	KANJIDIC,PYPINYIN,UNIHAN
U+9B9F	鮟	アン	an	0	0	KANJIDIC,PYPINYIN,UNIHAN
U+9BA0	鮠	カイ,ゲ,ガイ,はえ,はや	kai,ge,gai,hae,haya	0,0,0,0,0	0,0,0,0,0	KANJIDIC,PYPINYIN,UNIHAN
U+9BA6	鮦	トウ,ズ,かつお	tou,zu,katsuo	0,0,0	0,0,0	KANJIDIC,PYPINYIN,UNIHAN
U+9BA7	鮧	イ,テイ,ダイ,シ,なまず,すけそう	i,tei,dai,shi,namazu,sukesou	0,0,0,0,0,0	0,0,0,0,0,0	KANJIDIC,PYPINYIN,UNIHAN
U+9BA8	鮨	シ,キ,すし	shi,ki,sushi	0,0,0	0,0,0	KANJIDIC,PYPINYIN,UNIHAN
U+9BA9	鮩	ホウ,ビョウ,ヘイ,ヒツ,ビチ,にごい,あみ	hou,byou,hei,hitsu,bichi,nigoi,ami	0,0,0,0,0,0,0	0,0,0,0,0,0,0	KANJIDIC,PYPINYIN,UNIHAN
U+9BAA	鮪	キ,ユウ,イ,まぐろ,しび	ki,yuu,i,maguro,shibi	0,0,0,0,0	0,0,0,0,0	KANJIDIC,PYPINYIN,UNIHAN,WORDSHK_CHARS
U+9BAB	鮫	コウ,さめ,みずち	kou,same,mizuchi	0,0,0	0,0,0	KANJIDIC,PYPINYIN,UNIHAN
U+9BAC	鮬	ホ,ブ,コ,ク,ヒ,カ,ケ,たなご,せいご,からすみ	ho,bu,ko,ku,hi,ka,ke,tanago,seigo,karasumi	0,0,0,0,0,0,0,0,0,0	0,0,0,0,0,0,0,0,0,0	KANJIDIC,PYPINYIN,UNIHAN
U+9BAD	鮭	カイ,ケイ,さけ,しゃけ,ふぐ	kai,kei,sake,shake,fugu	0,0,0,0,0	0,0,0,0,0	KANJIDIC,PYPINYIN,UNIHAN
U+9BAE	鮮	セン,あざやか	sen,azayaka	0,0	0,0	KANJIDIC,PYPINYIN,UNIHAN,WORDSHK_CHARS
U+9BB0	鮰	カイ	kai	0	0	KANJIDIC,PYPINYIN,UNIHAN
U+9BB1	鮱	おおぼら,ぼら	oobora,bora	0,0	0,0	KANJIDIC,PYPINYIN,UNIHAN
U+9BB2	鮲	モテ,まて,こち	mote,mate,kochi	0,0,0	0,0,0	KANJIDIC,PYPINYIN,UNIHAN
U+9BB4	鮴	めばる,まて,こち,ごり	mebaru,mate,kochi,gori	0,0,0,0	0,0,0,0	KANJIDIC,PYPINYIN,UNIHAN
U+9BB7	鮷	イ,テイ,ダイ,シ,なまず,すけそう	i,tei,dai,shi,namazu,sukesou	0,0,0,0,0,0	0,0,0,0,0,0	KANJIDIC,PYPINYIN,UNIHAN
U+9BB8	鮸	ベン,メン,バン,マン,にべ,いしもち	ben,men,ban,man,nibe,ishimochi	0,0,0,0,0,0	0,0,0,0,0,0	KANJIDIC,PYPINYIN,UNIHAN
U+9BB9	鮹	ショウ,ソウ,たこ	shou,sou,tako	0,0,0	0,0,0	KANJIDIC,PYPINYIN,UNIHAN
U+9BBB	鮻	サ,シャ,ショウ,さめ,ちちぶ	sa,sha,shou,same,chichibu	0,0,0,0,0	0,0,0,0,0	KANJIDIC,PYPINYIN,UNIHAN
U+9BBC	鮼	シン	shin	0	0	KANJIDIC,PYPINYIN,UNIHAN
U+9BBE	鮾	ダイ,ナイ,くさる	dai,nai,kusaru	0,0,0	0,0,0	KANJIDIC,PYPINYIN,UNIHAN
U+9BBF	鮿	チョウ,ほしうお	chou,hoshiuo	0,0	0,0	KANJIDIC,PYPINYIN,UNIHAN
U+9BC0	鯀	コン	kon	0	0	KANJIDIC,PYPINYIN,UNIHAN
U+9BC1	鯁	コウ,キョウ	kou,kyou	0,0	0,0	KANJIDIC,PYPINYIN,UNIHAN,WORDSHK_CHARS
U+9BC6	鯆	フ,ホ,いるか	fu,ho,iruka	0,0,0	0,0,0	KANJIDIC,PYPINYIN,UNIHAN
U+9BC7	鯇	カン,あめのうお	kan,amenouo	0,0	0,0	KANJIDIC,PYPINYIN,UNIHAN,WORDSHK_CHARS
U+9BC8	鯈	ユウ,ユ,はや,はえ	yuu,yu,haya,hae	0,0,0,0	0,0,0,0	KANJIDIC,PYPINYIN,UNIHAN
U+9BC9	鯉	リ,こい	ri,koi	0,0	0,0	KANJIDIC,PYPINYIN,UNIHAN,WORDSHK_CHARS
U+9BCA	鯊	サ,シャ,さめ,はぜ	sa,sha,same,haze	0,0,0,0	0,0,0,0	KANJIDIC,PYPINYIN,UNIHAN,WORDSHK_CHARS
U+9BCE	鯎	うぐい	ugui	0	0	KANJIDIC,PYPINYIN,UNIHAN
U+9BCF	鯏	あさり,うぐい	asari,ugui	0,0	0,0	KANJIDIC,PYPINYIN,UNIHAN
U+9BD0	鯐	すばしり	subashiri	0	0	KANJIDIC,PYPINYIN,UNIHAN
U+9BD1	鯑	かずのこ	kazunoko	0	0	KANJIDIC,PYPINYIN,UNIHAN
U+9BD2	鯒	こち	kochi	0	0	KANJIDIC,PYPINYIN,UNIHAN
U+9BD4	鯔	シ,ぼら,とど	shi,bora,todo	0,0,0	0,0,0	KANJIDIC,PYPINYIN,UNIHAN
U+9BD6	鯖	セイ,ショウ,さば	sei,shou,saba	0,0,0	0,0,0	KANJIDIC,PYPINYIN,UNIHAN
U+9BD7	鯗	ショウ,ヨウ,ふか,ひもの	shou,you,fuka,himono	0,0,0,0	0,0,0,0	KANJIDIC,PYPINYIN,UNIHAN
U+9BD8	鯘	ダイ,ナイ,くさる	dai,nai,kusaru	0,0,0	0,0,0	KANJIDIC,PYPINYIN,UNIHAN
U+9BDB	鯛	チョウ,たい	chou,tai	0,0	0,0	KANJIDIC,PYPINYIN,UNIHAN
U+9BDD	鯝	コ,ク,はらわた	ko,ku,harawata	0,0,0	0,0,0	KANJIDIC,PYPINYIN,UNIHAN
U+9BDF	鯟	トウ,ツ	tou,tsu	0,0	0,0	KANJIDIC,PYPINYIN,UNIHAN
U+9BE1	鯡	ヒ,にしん,はららご	hi,nishin,hararago	0,0,0	0,0,0	KANJIDIC,PYPINYIN,UNIHAN
U+9BE2	鯢	ゲイ,さんしょううお	gei,sanshouuo	0,0	0,0	KANJIDIC,PYPINYIN,UNIHAN
U+9BE3	鯣	エキ,するめ	eki,surume	0,0	0,0	KANJIDIC,PYPINYIN,UNIHAN
U+9BE4	鯤	コン	kon	0	0	KANJIDIC,PYPINYIN,UNIHAN
U+9BE5	鯥	リク,ロク,むつ	riku,roku,mutsu	0,0,0	0,0,0	KANJIDIC,PYPINYIN,UNIHAN
U+9BE7	鯧	ショウ,まながつお	shou,managatsuo	0,0	0,0	KANJIDIC,PYPINYIN,UNIHAN,WORDSHK_CHARS
U+9BE8	鯨	ゲイ,くじら	gei,kujira	0,0	0,0	KANJIDIC,PYPINYIN,UNIHAN,WORDSHK_CHARS
U+9BEA	鯪	リョウ,せんざんこう	ryou,senzankou	0,0	0,0	KANJIDIC,PYPINYIN,UNIHAN,WORDSHK_CHARS
U+9BEB	鯫	ソウ,ス,みごい	sou,su,migoi	0,0,0	0,0,0	KANJIDIC,PYPINYIN,UNIHAN
U+9BEF	鯯	セイ,このしろ	sei,konoshiro	0,0	0,0	KANJIDIC,PYPINYIN,UNIHAN
U+9BF0	鯰	ネン,なまず	nen,namazu	0,0	0,0	KANJIDIC,PYPINYIN,UNIHAN,WORDSHK_CHARS
U+9BF1	鯱	しゃちほこ,しゃち	shachihoko,shachi	0,0	0,0	KANJIDIC,PYPINYIN,UNIHAN
U+9BF2	鯲	どじょう	dojou	0	0	KANJIDIC,PYPINYIN,UNIHAN
U+9BF3	鯳	テイ,すけそう	tei,sukesou	0,0	0,0	KANJIDIC,PYPINYIN,UNIHAN
U+9BF5	鯵	ソウ,あじ	sou,aji	0,0	0,0	KANJIDIC,PYPINYIN,UNIHAN
U+9BF7	鯷	イ,テイ,ダイ,シ,ひしこ,なまず,すけそう	i,tei,dai,shi,hishiko,namazu,sukesou	0,0,0,0,0,0,0	0,0,0,0,0,0,0	KANJIDIC,PYPINYIN,UNIHAN
U+9BF8	鯸	コウ,グ,ふぐ	kou,gu,fugu	0,0,0	0,0,0	KANJIDIC,PYPINYIN,UNIHAN
U+9BF9	鯹	セイ,ショウ,ソウ,なまぐさい,なまぐさ,さけ	sei,shou,sou,namagusai,namagusa,sake	0,0,0,0,0,0	0,0,0,0,0,0	KANJIDIC,PYPINYIN,UNIHAN
U+9BFA	鯺	ショ,ふぐ	sho,fugu	0,0	0,0	KANJIDIC,PYPINYIN,UNIHAN
U+9BFD	鯽	セキ,シャク,ショク,ソク,ふな,たなご	seki,shaku,shoku,soku,funa,tanago	0,0,0,0,0,0	0,0,0,0,0,0	KANJIDIC,PYPINYIN,UNIHAN,WORDSHK_CHARS
U+9BFF	鯿	ヘン,おしきうお	hen,oshikiuo	0,0	0,0	KANJIDIC,PYPINYIN,UNIHAN,WORDSHK_CHARS
U+9C00	鰀	カン,あめのうお	kan,amenouo	0,0	0,0	KANJIDIC,PYPINYIN,UNIHAN
U+9C02	鰂	ソク,いか	soku,ika	0,0	0,0	KANJIDIC,PYPINYIN,UNIHAN,WORDSHK_CHARS
U+9C04	鰄	イ,かいらぎ	i,kairagi	0,0	0,0	KANJIDIC,PYPINYIN,UNIHAN
U+9C06	鰆	シュン,さわら	shun,sawara	0,0	0,0	KANJIDIC,PYPINYIN,UNIHAN,WORDSHK_CHARS
U+9C08	鰈	チョウ,トウ,かれい	chou,tou,karei	0,0,0	0,0,0	KANJIDIC,PYPINYIN,UNIHAN
U+9C09	鰉	コウ,ちょうざめ,ひがい	kou,chouzame,higai	0,0,0	0,0,0	KANJIDIC,PYPINYIN,UNIHAN
U+9C0A	鰊	レン,にしん	ren,nishin	0,0	0,0	KANJIDIC,PYPINYIN,UNIHAN
U+9C0B	鰋	エン,オン,なまず	en,on,namazu	0,0,0	0,0,0	KANJIDIC,PYPINYIN,UNIHAN
U+9C0C	鰌	シュ,シュウ,どじょう	shu,shuu,dojou	0,0,0	0,0,0	KANJIDIC,PYPINYIN,UNIHAN
U+9C0D	鰍	シュウ,シュ,かじか,いなだ,どじょう	shuu,shu,kajika,inada,dojou	0,0,0,0,0	0,0,0,0,0	KANJIDIC,PYPINYIN,UNIHAN,WORDSHK_CHARS
U+9C0F	鰏	ヒョク,ヒキ	hyoku,hiki	0,0	0,0	KANJIDIC,PYPINYIN,UNIHAN
U+9C10	鰐	ガク,わに	gaku,wani	0,0	0,0	KANJIDIC,PYPINYIN,UNIHAN
U+9C11	鰑	ヨウ,うなぎ,するめ	you,unagi,surume	0,0,0	0,0,0	KANJIDIC,PYPINYIN,UNIHAN
U+9C12	鰒	フク,あわび,ふぐ	fuku,awabi,fugu	0,0,0	0,0,0	KANJIDIC,PYPINYIN,UNIHAN
U+9C13	鰓	サイ,シ,えら	sai,shi,era	0,0,0	0,0,0	KANJIDIC,PYPINYIN,UNIHAN,WORDSHK_CHARS
U+9C14	鰔	カン,かれい,たら	kan,karei,tara	0,0,0	0,0,0	KANJIDIC,PYPINYIN,UNIHAN
U+9C15	鰕	カ,えび	ka,ebi	0,0	0,0	KANJIDIC,PYPINYIN,UNIHAN
U+9C16	鰖	タ,たかべ	ta,takabe	0,0	0,0	KANJIDIC,PYPINYIN,UNIHAN
U+9C18	鰘	ムロア,むろあじ	muroa,muroaji	0,0	0,0	KANJIDIC,PYPINYIN,UNIHAN
U+9C19	鰙	ハヤ,わかさぎ	haya,wakasagi	0,0	0,0	KANJIDIC,PYPINYIN,UNIHAN
U+9C1A	鰚	はらか	haraka	0	0	KANJIDIC,PYPINYIN,UNIHAN
U+9C1B	鰛	オン,いわし	on,iwashi	0,0	0,0	KANJIDIC,PYPINYIN,UNIHAN,WORDSHK_CHARS
U+9C1C	鰜	ケン,カン,ゲン,にしん	ken,kan,gen,nishin	0,0,0,0	0,0,0,0	KANJIDIC,PYPINYIN,UNIHAN
U+9C1E	鰞	オ,ウ,いか	o,u,ika	0,0,0	0,0,0	KANJIDIC,PYPINYIN,UNIHAN
U+9C21	鰡	リュウ,ル,ぼら	ryuu,ru,bora	0,0,0	0,0,0	KANJIDIC,PYPINYIN,UNIHAN
U+9C22	鰢	バ,メ,うみえび,つくら,すばしり	ba,me,umiebi,tsukura,subashiri	0,0,0,0,0	0,0,0,0,0	KANJIDIC,PYPINYIN,UNIHAN
U+9C23	鰣	シ,このしろ,はす	shi,konoshiro,hasu	0,0,0	0,0,0	KANJIDIC,PYPINYIN,UNIHAN
U+9C24	鰤	シ,ソウ,ぶり,はまち,かます	shi,sou,buri,hamachi,kamasu	0,0,0,0,0	0,0,0,0,0	KANJIDIC,PYPINYIN,UNIHAN
U+9C25	鰥	カン,コン,やもめ,やもお	kan,kon,yamome,yamoo	0,0,0,0	0,0,0,0	KANJIDIC,PYPINYIN,UNIHAN,WORDSHK_CHARS
U+9C26	鰦	シ,はや	shi,haya	0,0	0,0	KANJIDIC,PYPINYIN,UNIHAN
U+9C27	鰧	トウ,チン,ジン,おこぜ	tou,chin,jin,okoze	0,0,0,0	0,0,0,0	KANJIDIC,PYPINYIN,UNIHAN
U+9C28	鰨	チョウ,トウ,かれい	chou,tou,karei	0,0,0	0,0,0	KANJIDIC,PYPINYIN,UNIHAN,WORDSHK_CHARS
U+9C29	鰩	ヨウ,えい	you,ei	0,0	0,0	KANJIDIC,PYPINYIN,UNIHAN
U+9C2A	鰪	コウ,オウ,まながつお	kou,ou,managatsuo	0,0,0	0,0,0	KANJIDIC,PYPINYIN,UNIHAN
U+9C2D	鰭	キ,ギ,ひれ	ki,gi,hire	0,0,0	0,0,0	KANJIDIC,PYPINYIN,UNIHAN,WORDSHK_CHARS
U+9C2E	鰮	オン,いわし	on,iwashi	0,0	0,0	KANJIDIC,PYPINYIN,UNIHAN
U+9C2F	鰯	いわし	iwashi	0	0	KANJIDIC,PYPINYIN,UNIHAN
U+9C30	鰰	はたはた	hatahata	0	0	KANJIDIC,PYPINYIN,UNIHAN
U+9C31	鰱	レン,たなご	ren,tanago	0,0	0,0	KANJIDIC,PYPINYIN,UNIHAN
U+9C32	鰲	ゴウ,おおがめ	gou,oogame	0,0	0,0	KANJIDIC,PYPINYIN,UNIHAN,WORDSHK_CHARS
U+9C35	鰵	ビン,ミン,いしもち	bin,min,ishimochi	0,0,0	0,0,0	KANJIDIC,PYPINYIN,UNIHAN
U+9C36	鰶	セイ,サイ,このしろ	sei,sai,konoshiro	0,0,0	0,0,0	KANJIDIC,PYPINYIN,UNIHAN
U+9C37	鰷	チョウ,ジョウ,ショウ,はや	chou,jou,shou,haya	0,0,0,0	0,0,0,0	KANJIDIC,PYPINYIN,UNIHAN
U+9C39	鰹	ケン,かつお	ken,katsuo	0,0	0,0	KANJIDIC,PYPINYIN,UNIHAN
U+9C3A	鰺	ソウ,あじ	sou,aji	0,0	0,0	KANJIDIC,PYPINYIN,UNIHAN
U+9C3B	鰻	マン,バン,うなぎ	man,ban,unagi	0,0,0	0,0,0	KANJIDIC,PYPINYIN,UNIHAN,WORDSHK_CHARS
U+9C3D	鰽	シュウ,ジュ,このしろ	shuu,ju,konoshiro	0,0,0	0,0,0	KANJIDIC,PYPINYIN,UNIHAN,WORDSHK_CHARS
U+9C3E	鰾	ヒョウ,ふえ,うきぶくろ	hyou,fue,ukibukuro	0,0,0	0,0,0	KANJIDIC,PYPINYIN,UNIHAN
U+9C41	鱁	チク,ジク,さめ	chiku,jiku,same	0,0,0	0,0,0	KANJIDIC,PYPINYIN,UNIHAN
U+9C43	鱃	シュウ,シュ,どじょう	shuu,shu,dojou	0,0,0	0,0,0	KANJIDIC,PYPINYIN,UNIHAN
U+9C44	鱄	セン,タン,レン	sen,tan,ren	0,0,0	0,0,0	KANJIDIC,PYPINYIN,UNIHAN
U+9C45	鱅	ショウ,ジュ,ユ,ヨウ,このしろ	shou,ju,yu,you,konoshiro	0,0,0,0,0	0,0,0,0,0	KANJIDIC,PYPINYIN,UNIHAN,WORDSHK_CHARS
U+9C46	鱆	ショウ,たこ	shou,tako	0,0	0,0	KANJIDIC,PYPINYIN,UNIHAN,WORDSHK_CHARS
U+9C47	鱇	コウ	kou	0	0	KANJIDIC,PYPINYIN,UNIHAN
U+9C48	鱈	セツ,たら	setsu,tara	0,0	0,0	KANJIDIC,PYPINYIN,UNIHAN
U+9C49	鱉	ヘツ,すっぽん	hetsu,suppon	0,0	0,0	KANJIDIC,PYPINYIN,UNIHAN,WORDSHK_CHARS
U+9C4A	鱊	イツ,イチ,シュツ,ジュチ	itsu,ichi,shutsu,juchi	0,0,0,0	0,0,0,0	KANJIDIC,PYPINYIN,UNIHAN
U+9C4E	鱎	キョウ,みごい	kyou,migoi	0,0	0,0	KANJIDIC,PYPINYIN,UNIHAN
U+9C4F	鱏	シン,イン,かじき,えい	shin,in,kajiki,ei	0,0,0,0	0,0,0,0	KANJIDIC,PYPINYIN,UNIHAN
U+9C50	鱐	シュク,スク,シュウ,シュ,ほしうお	shuku,suku,shuu,shu,hoshiuo	0,0,0,0,0	0,0,0,0,0	KANJIDIC,PYPINYIN,UNIHAN
U+9C52	鱒	ソン,セン,ザン,ます	son,sen,zan,masu	0,0,0,0	0,0,0,0	KANJIDIC,PYPINYIN,UNIHAN
U+9C53	鱓	セン,タ,うつぼ,うみへび,ごまめ	sen,ta,utsubo,umihebi,gomame	0,0,0,0,0	0,0,0,0,0	KANJIDIC,PYPINYIN,UNIHAN
U+9C54	鱔	セン,うみへび,ごまめ	sen,umihebi,gomame	0,0,0	0,0,0	KANJIDIC,PYPINYIN,UNIHAN,WORDSHK_CHARS
U+9C56	鱖	ケイ,ケ,ケツ,カチ,さけ	kei,ke,ketsu,kachi,sake	0,0,0,0,0	0,0,0,0,0	KANJIDIC,PYPINYIN,UNIHAN
U+9C57	鱗	リン,うろこ,こけ,こけら	rin,uroko,koke,kokera	0,0,0,0	0,0,0,0	KANJIDIC,PYPINYIN,UNIHAN,WORDSHK_CHARS
U+9C58	鱘	シン,ちょうざめ,かじき	shin,chouzame,kajiki	0,0,0	0,0,0	KANJIDIC,PYPINYIN,UNIHAN
U+9C5A	鱚	きす	kisu	0	0	KANJIDIC,PYPINYIN,UNIHAN
U+9C5B	鱛	えそ	eso	0	0	KANJIDIC,PYPINYIN,UNIHAN
U+9C5C	鱜	キョウ	kyou	0	0	KANJIDIC,PYPINYIN,UNIHAN
U+9C5D	鱝	フン,えい	fun,ei	0,0	0,0	KANJIDIC,PYPINYIN,UNIHAN
U+9C5E	鱞	カン,コン,やもめ,やむ,やもお	kan,kon,yamome,yamu,yamoo	0,0,0,0,0	0,0,0,0,0	KANJIDIC,PYPINYIN,UNIHAN
U+9C5F	鱟	コウ,グ,ヨク,オク,かぶとがに	kou,gu,yoku,oku,kabutogani	0,0,0,0,0	0,0,0,0,0	KANJIDIC,PYPINYIN,UNIHAN
U+9C60	鱠	カイ,ケ,えそ,なます	kai,ke,eso,namasu	0,0,0,0	0,0,0,0	KANJIDIC,PYPINYIN,UNIHAN
U+9C63	鱣	タン,セン,テン,こい	tan,sen,ten,koi	0,0,0,0	0,0,0,0	KANJIDIC,PYPINYIN,UNIHAN
U+9C67	鱧	レイ,はも	rei,hamo	0,0	0,0	KANJIDIC,PYPINYIN,UNIHAN
U+9C68	鱨	ショウ,ぎぎ	shou,gigi	0,0	0,0	KANJIDIC,PYPINYIN,UNIHAN
U+9C69	鱩	はたはた	hatahata	0	0	KANJIDIC,PYPINYIN,UNIHAN
U+9C6A	鱪	しいら	shiira	0	0	KANJIDIC,PYPINYIN,UNIHAN
U+9C6B	鱫	アイ,むつ	ai,mutsu	0,0	0,0	KANJIDIC,PYPINYIN,UNIHAN
U+9C6E	鱮	ショ,ヨ,たなご	sho,yo,tanago	0,0,0	0,0,0	KANJIDIC,PYPINYIN,UNIHAN
U+9C70	鱰	しいら	shiira	0	0	KANJIDIC,PYPINYIN,UNIHAN
U+9C72	鱲	リョウ,からすみ	ryou,karasumi	0,0	0,0	KANJIDIC,PYPINYIN,UNIHAN,WORDSHK_CHARS
U+9C75	鱵	シン,さより	shin,sayori	0,0	0,0	KANJIDIC,PYPINYIN,UNIHAN
U+9C76	鱶	ショウ,ヨウ,ふか,ひもの	shou,you,fuka,himono	0,0,0,0	0,0,0,0	KANJIDIC,PYPINYIN,UNIHAN
U+9C77	鱷	ガク,わに	gaku,wani	0,0	0,0	KANJIDIC,PYPINYIN,UNIHAN,WORDSHK_CHARS
U+9C78	鱸	ロ,すずき	ro,suzuki	0,0	0,0	KANJIDIC,PYPINYIN,UNIHAN,WORDSHK_CHARS
U+9C7B	鱻	セン,あたらしい,すくない	sen,atarashii,sukunai	0,0,0	0,0,0	KANJIDIC,PYPINYIN,UNIHAN
U+9CE5	鳥	チョウ,とり	chou,tori	0,0	0,0	KANJIDIC,PYPINYIN,UNIHAN,WORDSHK_CHARS
U+9CE6	鳦	イツ,イチ,アツ,エチ,つばめ	itsu,ichi,atsu,echi,tsubame	0,0,0,0,0	0,0,0,0,0	KANJIDIC,PYPINYIN,UNIHAN
U+9CE7	鳧	フ,けり,かも	fu,keri,kamo	0,0,0	0,0,0	KANJIDIC,PYPINYIN,UNIHAN
U+9CE9	鳩	キュウ,ク,はと,あつめる	kyuu,ku,hato,atsumeru	0,0,0,0	0,0,0,0	KANJIDIC,PYPINYIN,UNIHAN,WORDSHK_CHARS
U+9CEB	鳫	ガン,かり,かりがね	gan,kari,karigane	0,0,0	0,0,0	KANJIDIC,PYPINYIN,UNIHAN
U+9CEC	鳬	フ,けり,かも	fu,keri,kamo	0,0,0	0,0,0	KANJIDIC,PYPINYIN,UNIHAN
U+9CF0	鳰	にお	nio	0	0	KANJIDIC,PYPINYIN,UNIHAN
U+9CF2	鳲	シ,よぶこどり	shi,yobukodori	0,0	0,0	KANJIDIC,PYPINYIN,UNIHAN
U+9CF3	鳳	ホウ,フウ	hou,fuu	0,0	0,0	KANJIDIC,PYPINYIN,UNIHAN,WORDSHK_CHARS
U+9CF4	鳴	メイ,なく,なる,ならす	mei,naku,naru,narasu	0,0,0,0	0,0,0,0	KANJIDIC,PYPINYIN,UNIHAN,WORDSHK_CHARS
U+9CF6	鳶	エン,とび,とんび	en,tobi,tonbi	0,0,0	0,0,0	KANJIDIC,PYPINYIN,UNIHAN
U+9CF7	鳷	シ,キ	shi,ki	0,0	0,0	KANJIDIC,PYPINYIN,UNIHAN
U+9CF9	鳹	ケン,キン,カン,コン,ついばむ	ken,kin,kan,kon,tsuibamu	0,0,0,0,0	0,0,0,0,0	KANJIDIC,PYPINYIN,UNIHAN
U+9D02	鴂	ケツ,ケチ,ケイ,ケ,さざき	ketsu,kechi,kei,ke,sazaki	0,0,0,0,0	0,0,0,0,0	KANJIDIC,PYPINYIN,UNIHAN
U+9D03	鴃	ケイ,ゲキ,ケキ,ケツ,もず	kei,geki,keki,ketsu,mozu	0,0,0,0,0	0,0,0,0,0	KANJIDIC,PYPINYIN,UNIHAN
U+9D06	鴆	チン	chin	0	0	KANJIDIC,PYPINYIN,UNIHAN,WORDSHK_CHARS
U+9D07	鴇	ホウ,とき,のがん	hou,toki,nogan	0,0,0	0,0,0	KANJIDIC,PYPINYIN,UNIHAN,WORDSHK_CHARS
U+9D08	鴈	ガン,かり,かりがね	gan,kari,karigane	0,0,0	0,0,0	KANJIDIC,PYPINYIN,UNIHAN
U+9D09	鴉	ア,からす	a,karasu	0,0	0,0	KANJIDIC,PYPINYIN,UNIHAN,WORDSHK_CHARS
U+9D0B	鴋	ホウ,みぞごいさぎ	hou,mizogoisagi	0,0	0,0	KANJIDIC,PYPINYIN,UNIHAN
U+9D0E	鴎	オウ,かもめ	ou,kamome	0,0	0,0	KANJIDIC,PYPINYIN,UNIHAN
U+9D11	鴑	ド,ヌ	do,nu	0,0	0,0	KANJIDIC,PYPINYIN,UNIHAN
U+9D12	鴒	レイ	rei	0	0	KANJIDIC,PYPINYIN,UNIHAN
U+9D15	鴕	ダ,タ	da,ta	0,0	0,0	KANJIDIC,PYPINYIN,UNIHAN,WORDSHK_CHARS
U+9D17	鴗	リュウ,かわせみ	ryuu,kawasemi	0,0	0,0	KANJIDIC,PYPINYIN,UNIHAN
U+9D18	鴘	ヘン,ホン,わかたか	hen,hon,wakataka	0,0,0	0,0,0	KANJIDIC,PYPINYIN,UNIHAN
U+9D1B	鴛	エン,オン,おし,おしどり	en,on,oshi,oshidori	0,0,0,0	0,0,0,0	KANJIDIC,PYPINYIN,UNIHAN,WORDSHK_CHARS
U+9D1C	鴜	シ,ははどり	shi,hahadori	0,0	0,0	KANJIDIC,PYPINYIN,UNIHAN
U+9D1D	鴝	ク,ははつちょう	ku,hahatsuchou	0,0	0,0	KANJIDIC,PYPINYIN,UNIHAN
U+9D1E	鴞	ヨウ,キョウ,ふくろう	you,kyou,fukurou	0,0,0	0,0,0	KANJIDIC,PYPINYIN,UNIHAN,WORDSHK_CHARS
U+9D1F	鴟	シ,とび	shi,tobi	0,0	0,0	KANJIDIC,PYPINYIN,UNIHAN
U+9D23	鴣	コ	ko	0	0	KANJIDIC,PYPINYIN,UNIHAN,WORDSHK_CHARS
U+9D26	鴦	オウ	ou	0	0	KANJIDIC,PYPINYIN,UNIHAN,WORDSHK_CHARS
U+9D28	鴨	オウ,かも,あひる	ou,kamo,ahiru	0,0,0	0,0,0	KANJIDIC,PYPINYIN,UNIHAN,WORDSHK_CHARS
U+9D2A	鴪	イツ	itsu	0	0	KANJIDIC,PYPINYIN,UNIHAN
U+9D2B	鴫	しぎ	shigi	0	0	KANJIDIC,PYPINYIN,UNIHAN
U+9D2C	鴬	オウ,うぐいす	ou,uguisu	0,0	0,0	KANJIDIC,PYPINYIN,UNIHAN
U+9D2F	鴯	ジ,ニ	ji,ni	0,0	0,0	KANJIDIC,PYPINYIN,UNIHAN
U+9D30	鴰	カツ,カチ,ケチ,まなづる	katsu,kachi,kechi,manazuru	0,0,0,0	0,0,0,0	KANJIDIC,PYPINYIN,UNIHAN
U+9D32	鴲	シ,しめ	shi,shime	0,0	0,0	KANJIDIC,PYPINYIN,UNIHAN
U+9D33	鴳	アン,エン,うずら	an,en,uzura	0,0,0	0,0,0	KANJIDIC,PYPINYIN,UNIHAN
U+9D34	鴴	コウ,ギョウ,すずめ,ちどり	kou,gyou,suzume,chidori	0,0,0,0	0,0,0,0	KANJIDIC,PYPINYIN,UNIHAN
U+9D3A	鴺	テイ,ダイ,イ	tei,dai,i	0,0,0	0,0,0	KANJIDIC,PYPINYIN,UNIHAN
U+9D3B	鴻	コウ,ゴウ,おおとり,ひしくい,おおがり	kou,gou,ootori,hishikui,oogari	0,0,0,0,0	0,0,0,0,0	KANJIDIC,PYPINYIN,UNIHAN,WORDSHK_CHARS
U+9D3C	鴼	ロ,さぎ	ro,sagi	0,0	0,0	KANJIDIC,PYPINYIN,UNIHAN
U+9D3D	鴽	ジョ,ニョ,うずら	jo,nyo,uzura	0,0,0	0,0,0	KANJIDIC,PYPINYIN,UNIHAN
U+9D3E	鴾	ボウ,とき	bou,toki	0,0	0,0	KANJIDIC,PYPINYIN,UNIHAN
U+9D3F	鴿	コウ,はと,どばと	kou,hato,dobato	0,0,0	0,0,0	KANJIDIC,PYPINYIN,UNIHAN,WORDSHK_CHARS
U+9D41	鵁	コウ	kou	0	0	KANJIDIC,PYPINYIN,UNIHAN
U+9D42	鵂	キュウ,ク,みみずく	kyuu,ku,mimizuku	0,0,0	0,0,0	KANJIDIC,PYPINYIN,UNIHAN
U+9D43	鵃	チュウ,チュ	chuu,chu	0,0	0,0	KANJIDIC,PYPINYIN,UNIHAN
U+9D44	鵄	シ,とび	shi,tobi	0,0	0,0	KANJIDIC,PYPINYIN,UNIHAN
U+9D45	鵅	ラク,カク,キャク	raku,kaku,kyaku	0,0,0	0,0,0	KANJIDIC,PYPINYIN,UNIHAN
U+9D46	鵆	ちどり	chidori	0	0	KANJIDIC,PYPINYIN,UNIHAN
U+9D47	鵇	とき	toki	0	0	KANJIDIC,PYPINYIN,UNIHAN
U+9D48	鵈	とび	tobi	0	0	KANJIDIC,PYPINYIN,UNIHAN
U+9D4A	鵊	コウ,キョウ,ほととぎす	kou,kyou,hototogisu	0,0,0	0,0,0	KANJIDIC,PYPINYIN,UNIHAN
U+9D50	鵐	ブ,ム	bu,mu	0,0	0,0	KANJIDIC,PYPINYIN,UNIHAN
U+9D51	鵑	ケン	ken	0	0	KANJIDIC,PYPINYIN,UNIHAN,WORDSHK_CHARS
U+9D53	鵓	ホツ,ボチ	hotsu,bochi	0,0	0,0	KANJIDIC,PYPINYIN,UNIHAN
U+9D54	鵔	シュン	shun	0	0	KANJIDIC,PYPINYIN,UNIHAN
U+9D59	鵙	ケキ,ゲキ,もず	keki,geki,mozu	0,0,0	0,0,0	KANJIDIC,PYPINYIN,UNIHAN
U+9D5C	鵜	テイ,ダイ,う	tei,dai,u	0,0,0	0,0,0	KANJIDIC,PYPINYIN,UNIHAN
U+9D5D	鵝	ガ	ga	0	0	KANJIDIC,PYPINYIN,UNIHAN,WORDSHK_CHARS
U+9D5E	鵞	ガ	ga	0	0	KANJIDIC,PYPINYIN,UNIHAN
U+9D5F	鵟	キョウ,ゴウ,よたか	kyou,gou,yotaka	0,0,0	0,0,0	KANJIDIC,PYPINYIN,UNIHAN
U+9D60	鵠	コク,コウ,くぐい,まと	koku,kou,kugui,mato	0,0,0,0	0,0,0,0	KANJIDIC,PYPINYIN,UNIHAN
U+9D61	鵡	ブ,ム	bu,mu	0,0	0,0	KANJIDIC,PYPINYIN,UNIHAN,WORDSHK_CHARS
U+9D62	鵢	シン	shin	0	0	KANJIDIC,PYPINYIN,UNIHAN
U+9D63	鵣	ライ	rai	0	0	KANJIDIC,PYPINYIN,UNIHAN
U+9D64	鵤	いかる,いかるが	ikaru,ikaruga	0,0	0,0	KANJIDIC,PYPINYIN,UNIHAN
U+9D65	鵥	かけす	kakesu	0	0	KANJIDIC,PYPINYIN,UNIHAN
U+9D69	鵩	フク,みみずく	fuku,mimizuku	0,0	0,0	KANJIDIC,PYPINYIN,UNIHAN
U+9D6A	鵪	アン,オン,うずら	an,on,uzura	0,0,0	0,0,0	KANJIDIC,PYPINYIN,UNIHAN,WORDSHK_CHARS
U+9D6B	鵫	トウ,チョウ,タク,きじ,やまどり	tou,chou,taku,kiji,yamadori	0,0,0,0,0	0,0,0,0,0	KANJIDIC,PYPINYIN,UNIHAN
U+9D6C	鵬	ホウ,おおとり	hou,ootori	0,0	0,0	KANJIDIC,PYPINYIN,UNIHAN,WORDSHK_CHARS
U+9D6F	鵯	ヒ,ヒツ,ひよどり	hi,hitsu,hiyodori	0,0,0	0,0,0	KANJIDIC,PYPINYIN,UNIHAN,WORDSHK_CHARS
U+9D70	鵰	チョウ,きざむ,わし,ほる	chou,kizamu,washi,horu	0,0,0,0	0,0,0,0	KANJIDIC,PYPINYIN,UNIHAN,WORDSHK_CHARS
U+9D72	鵲	シャク,ジャク,かささぎ	shaku,jaku,kasasagi	0,0,0	0,0,0	KANJIDIC,PYPINYIN,UNIHAN,WORDSHK_CHARS
U+9D76	鵶	ア,からす	a,karasu	0,0	0,0	KANJIDIC,PYPINYIN,UNIHAN
U+9D77	鵷	エン,オン	en,on	0,0	0,0	KANJIDIC,PYPINYIN,UNIHAN
U+9D7A	鵺	コウ,ヤ,ぬえ	kou,ya,nue	0,0,0	0,0,0	KANJIDIC,PYPINYIN,UNIHAN
U+9D7B	鵻	スイ,シュン,こばと	sui,shun,kobato	0,0,0	0,0,0	KANJIDIC,PYPINYIN,UNIHAN
U+9D7C	鵼	コウ,ク,ぬえ	kou,ku,nue	0,0,0	0,0,0	KANJIDIC,PYPINYIN,UNIHAN
U+9D7E	鵾	ウン,コン,とうまる,しゃも	un,kon,toumaru,shamo	0,0,0,0	0,0,0,0	KANJIDIC,PYPINYIN,UNIHAN
U+9D83	鶃	ゲキ	geki	0	0	KANJIDIC,PYPINYIN,UNIHAN
U+9D84	鶄	セイ,ショウ,ごいさぎ	sei,shou,goisagi	0,0,0	0,0,0	KANJIDIC,PYPINYIN,UNIHAN
U+9D86	鶆	ライ	rai	0	0	KANJIDIC,PYPINYIN,UNIHAN
U+9D87	鶇	トウ,ツ,つぐみ	tou,tsu,tsugumi	0,0,0	0,0,0	KANJIDIC,PYPINYIN,UNIHAN
U+9D89	鶉	ジュン,シュン,うずら	jun,shun,uzura	0,0,0	0,0,0	KANJIDIC,PYPINYIN,UNIHAN,WORDSHK_CHARS
U+9D8A	鶊	コウ,キョウ	kou,kyou	0,0	0,0	KANJIDIC,PYPINYIN,UNIHAN
U+9D8D	鶍	いすか	isuka	0	0	KANJIDIC,PYPINYIN,UNIHAN
U+9D8E	鶎	キクイ,きくいただき	kikui,kikuitadaki	0,0	0,0	KANJIDIC,PYPINYIN,UNIHAN
U+9D8F	鶏	ケイ,にわとり,とり	kei,niwatori,tori	0,0,0	0,0,0	KANJIDIC,PYPINYIN,UNIHAN
U+9D92	鶒	セキ,シャク,チョク,シャ,おしどり	seki,shaku,choku,sha,oshidori	0,0,0,0,0	0,0,0,0,0	KANJIDIC,PYPINYIN,UNIHAN
U+9D93	鶓	ビョウ,ミョウ	byou,myou	0,0	0,0	KANJIDIC,PYPINYIN,UNIHAN
U+9D95	鶕	アン,ふなしうずら	an,funashiuzura	0,0	0,0	KANJIDIC,PYPINYIN,UNIHAN
U+9D96	鶖	シュウ,シュ,う	shuu,shu,u	0,0,0	0,0,0	KANJIDIC,PYPINYIN,UNIHAN
U+9D97	鶗	テイ,ダイ,シ,ほととぎす	tei,dai,shi,hototogisu	0,0,0,0	0,0,0,0	KANJIDIC,PYPINYIN,UNIHAN
U+9D98	鶘	コ,ゴ	ko,go	0,0	0,0	KANJIDIC,PYPINYIN,UNIHAN
U+9D9A	鶚	ガク,みさご	gaku,misago	0,0	0,0	KANJIDIC,PYPINYIN,UNIHAN
U+9DA1	鶡	カツ,ガチ,フン,カイ,カク,やまどり	katsu,gachi,fun,kai,kaku,yamadori	0,0,0,0,0,0	0,0,0,0,0,0	KANJIDIC,PYPINYIN,UNIHAN
U+9DA4	鶤	ウン,コン,とうまる,しゃも	un,kon,toumaru,shamo	0,0,0,0	0,0,0,0	KANJIDIC,PYPINYIN,UNIHAN
U+9DA9	鶩	ボク,ブ,ム,あひる	boku,bu,mu,ahiru	0,0,0,0	0,0,0,0	KANJIDIC,PYPINYIN,UNIHAN,WORDSHK_CHARS
U+9DAA	鶪	ケキ,キャク,もず	keki,kyaku,mozu	0,0,0	0,0,0	KANJIDIC,PYPINYIN,UNIHAN
U+9DAB	鶫	トウ,ツ,つぐみ	tou,tsu,tsugumi	0,0,0	0,0,0	KANJIDIC,PYPINYIN,UNIHAN
U+9DAC	鶬	ソウ,ショウ,まなづる	sou,shou,manazuru	0,0,0	0,0,0	KANJIDIC,PYPINYIN,UNIHAN
U+9DAE	鶮	コク,カク,つる	koku,kaku,tsuru	0,0,0	0,0,0	KANJIDIC,PYPINYIN,UNIHAN
U+9DAF	鶯	オウ,うぐいす	ou,uguisu	0,0	0,0	KANJIDIC,PYPINYIN,UNIHAN,WORDSHK_CHARS
U+9DB1	鶱	ケン,コン,とぶ	ken,kon,tobu	0,0,0	0,0,0	KANJIDIC,PYPINYIN,UNIHAN
U+9DB2	鶲	ひたき	hitaki	0	0	KANJIDIC,PYPINYIN,UNIHAN
U+9DB4	鶴	カク,つる	kaku,tsuru	0,0	0,0	KANJIDIC,PYPINYIN,UNIHAN,WORDSHK_CHARS
U+9DB5	鶵	スウ,ス,ジュ,ひな,ひよこ	suu,su,ju,hina,hiyoko	0,0,0,0,0	0,0,0,0,0	KANJIDIC,PYPINYIN,UNIHAN
U+9DB8	鶸	ジャク,ひわ	jaku,hiwa	0,0	0,0	KANJIDIC,PYPINYIN,UNIHAN
U+9DB9	鶹	リュウ,ル,みみずく	ryuu,ru,mimizuku	0,0,0	0,0,0	KANJIDIC,PYPINYIN,UNIHAN
U+9DBA	鶺	セキ	seki	0	0	KANJIDIC,PYPINYIN,UNIHAN
U+9DBB	鶻	コツ,カツ,はやぶさ	kotsu,katsu,hayabusa	0,0,0	0,0,0	KANJIDIC,PYPINYIN,UNIHAN,WORDSHK_CHARS
U+9DBC	鶼	ケン,カン,ついばむ	ken,kan,tsuibamu	0,0,0	0,0,0	KANJIDIC,PYPINYIN,UNIHAN
U+9DBF	鶿	シ,う	shi,u	0,0	0,0	KANJIDIC,PYPINYIN,UNIHAN
U+9DC1	鷁	ゲキ	geki	0	0	KANJIDIC,PYPINYIN,UNIHAN
U+9DC2	鷂	ヨウ,はいたか	you,haitaka	0,0	0,0	KANJIDIC,PYPINYIN,UNIHAN,WORDSHK_CHARS
U+9DC3	鷃	アン,エン,うずら	an,en,uzura	0,0,0	0,0,0	KANJIDIC,PYPINYIN,UNIHAN
U+9DC4	鷄	ケイ,にわとり,とり	kei,niwatori,tori	0,0,0	0,0,0	KANJIDIC,PYPINYIN,UNIHAN
U+9DC6	鷆	テン,シン,かすい	ten,shin,kasui	0,0,0	0,0,0	KANJIDIC,PYPINYIN,UNIHAN
U+9DC7	鷇	コウ,ク,カク,コク,ひな	kou,ku,kaku,koku,hina	0,0,0,0,0	0,0,0,0,0	KANJIDIC,PYPINYIN,UNIHAN
U+9DC9	鷉	テイ	tei	0	0	KANJIDIC,PYPINYIN,UNIHAN
U+9DCA	鷊	ゲキ,ギャク	geki,gyaku	0,0	0,0	KANJIDIC,PYPINYIN,UNIHAN
U+9DCF	鷏	テン,シン,かすい	ten,shin,kasui	0,0,0	0,0,0	KANJIDIC,PYPINYIN,UNIHAN
U+9DD3	鷓	シャ	sha	0	0	KANJIDIC,PYPINYIN,UNIHAN,WORDSHK_CHARS
U+9DD4	鷔	ゴウ,ギュウ,グ,とびうお	gou,gyuu,gu,tobiuo	0,0,0,0	0,0,0,0	KANJIDIC,PYPINYIN,UNIHAN
U+9DD5	鷕	ヨウ,イ,ユイ,なく	you,i,yui,naku	0,0,0,0	0,0,0,0	KANJIDIC,PYPINYIN,UNIHAN
U+9DD6	鷖	エイ,かもめ	ei,kamome	0,0	0,0	KANJIDIC,PYPINYIN,UNIHAN
U+9DD7	鷗	オウ,かもめ	ou,kamome	0,0	0,0	KANJIDIC,PYPINYIN,UNIHAN,WORDSHK_CHARS
U+9DD9	鷙	ゴウ,シ,チツ	gou,shi,chitsu	0,0,0	0,0,0	KANJIDIC,PYPINYIN,UNIHAN
U+9DDA	鷚	リュウ,ル,ボウ,ム,ひばり	ryuu,ru,bou,mu,hibari	0,0,0,0,0	0,0,0,0,0	KANJIDIC,PYPINYIN,UNIHAN
U+9DDE	鷞	ソウ,ショウ,たか	sou,shou,taka	0,0,0	0,0,0	KANJIDIC,PYPINYIN,UNIHAN
U+9DDF	鷟	サク,おおとり	saku,ootori	0,0	0,0	KANJIDIC,PYPINYIN,UNIHAN
U+9DE0	鷠	ギョ,ゴ	gyo,go	0,0	0,0	KANJIDIC,PYPINYIN,UNIHAN
U+9DE5	鷥	シ,しらさぎ	shi,shirasagi	0,0	0,0	KANJIDIC,PYPINYIN,UNIHAN
U+9DE6	鷦	ショウ	shou	0	0	KANJIDIC,PYPINYIN,UNIHAN
U+9DE7	鷧	イ,エイ,う	i,ei,u	0,0,0	0,0,0	KANJIDIC,PYPINYIN,UNIHAN
U+9DE9	鷩	ヘツ,ヘチ,ヘイ,ヒ	hetsu,hechi,hei,hi	0,0,0,0	0,0,0,0	KANJIDIC,PYPINYIN,UNIHAN
U+9DEB	鷫	シュク,スク	shuku,suku	0,0	0,0	KANJIDIC,PYPINYIN,UNIHAN
U+9DED	鷭	ハン,バ,ばん	han,ba,ban	0,0,0	0,0,0	KANJIDIC,PYPINYIN,UNIHAN
U+9DEE	鷮	キョウ,おおやまどり	kyou,ooyamadori	0,0	0,0	KANJIDIC,PYPINYIN,UNIHAN
U+9DEF	鷯	リョウ	ryou	0	0	KANJIDIC,PYPINYIN,UNIHAN
U+9DF0	鷰	エン,つばめ,つばくら,つばくろ	en,tsubame,tsubakura,tsubakuro	0,0,0,0	0,0,0,0	KANJIDIC,PYPINYIN,UNIHAN
U+9DF2	鷲	シュウ,ジュ,わし	shuu,ju,washi	0,0,0	0,0,0	KANJIDIC,PYPINYIN,UNIHAN,WORDSHK_CHARS
U+9DF3	鷳	カン,ケン,とび,しらきじ	kan,ken,tobi,shirakiji	0,0,0,0	0,0,0,0	KANJIDIC,PYPINYIN,UNIHAN
U+9DF4	鷴	カン,ゲン,とび,しらきじ	kan,gen,tobi,shirakiji	0,0,0,0	0,0,0,0	KANJIDIC,PYPINYIN,UNIHAN
U+9DF8	鷸	イツ,しぎ	itsu,shigi	0,0	0,0	KANJIDIC,PYPINYIN,UNIHAN,WORDSHK_CHARS
U+9DF9	鷹	ヨウ,オウ,たか	you,ou,taka	0,0,0	0,0,0	KANJIDIC,PYPINYIN,UNIHAN,WORDSHK_CHARS
U+9DFA	鷺	ロ,さぎ	ro,sagi	0,0	0,0	KANJIDIC,PYPINYIN,UNIHAN,WORDSHK_CHARS
U+9DFD	鷽	カク,アク,うそ	kaku,aku,uso	0,0,0	0,0,0	KANJIDIC,PYPINYIN,UNIHAN
U+9DFE	鷾	イ	i	0	0	KANJIDIC,PYPINYIN,UNIHAN
U+9E02	鸂	ケイ,おしどり	kei,oshidori	0,0	0,0	KANJIDIC,PYPINYIN,UNIHAN
U+9E07	鸇	セン,ケン,はやぶさ	sen,ken,hayabusa	0,0,0	0,0,0	KANJIDIC,PYPINYIN,UNIHAN
U+9E0A	鸊	ヘキ,ヒャク,ハク,ヒ,こばと	heki,hyaku,haku,hi,kobato	0,0,0,0,0	0,0,0,0,0	KANJIDIC,PYPINYIN,UNIHAN
U+9E0E	鸎	ヨウ,オウ	you,ou	0,0	0,0	KANJIDIC,PYPINYIN,UNIHAN
U+9E10	鸐	テキ,ジャク,タク,やまどり	teki,jaku,taku,yamadori	0,0,0,0	0,0,0,0	KANJIDIC,PYPINYIN,UNIHAN
U+9E11	鸑	ガク	gaku	0	0	KANJIDIC,PYPINYIN,UNIHAN
U+9E12	鸒	ヨ	yo	0	0	KANJIDIC,PYPINYIN,UNIHAN
U+9E15	鸕	ロ,かしら,あたま	ro,kashira,atama	0,0,0	0,0,0	KANJIDIC,PYPINYIN,UNIHAN
U+9E16	鸖	カク,つる	kaku,tsuru	0,0	0,0	KANJIDIC,PYPINYIN,UNIHAN
U+9E19	鸙	ヤク,ひばり	yaku,hibari	0,0	0,0	KANJIDIC,PYPINYIN,UNIHAN
U+9E1A	鸚	イン,オウ,ヨウ	in,ou,you	0,0,0	0,0,0	KANJIDIC,PYPINYIN,UNIHAN,WORDSHK_CHARS
U+9E1B	鸛	カン,こうのとり	kan,kounotori	0,0	0,0	KANJIDIC,PYPINYIN,UNIHAN
U+9E1C	鸜	ク,ははつちょう	ku,hahatsuchou	0,0	0,0	KANJIDIC,PYPINYIN,UNIHAN
U+9E1D	鸝	リ,レイ,ライ	ri,rei,rai	0,0,0	0,0,0	KANJIDIC,PYPINYIN,UNIHAN
U+9E1E	鸞	ラン	ran	0	0	KANJIDIC,PYPINYIN,UNIHAN
U+9E75	鹵	ロ,しお,しおち,たて	ro,shio,shiochi,tate	0,0,0,0	0,0,0,0	KANJIDIC,PYPINYIN,UNIHAN,WORDSHK_CHARS
U+9E78	鹸	ケン,カン,セン,あく	ken,kan,sen,aku	0,0,0,0	0,0,0,0	KANJIDIC,PYPINYIN,UNIHAN
U+9E79	鹹	カン,ダイ,からい,しおからい,しおけ,せいしゅ	kan,dai,karai,shiokarai,shioke,seishu	0,0,0,0,0,0	0,0,0,0,0,0	KANJIDIC,PYPINYIN,UNIHAN,WORDSHK_CHARS
U+9E7A	鹺	サ,シ,しお	sa,shi,shio	0,0,0	0,0,0	KANJIDIC,PYPINYIN,UNIHAN
U+9E7B	鹻	カン,ケン,しおけ	kan,ken,shioke	0,0,0	0,0,0	KANJIDIC,PYPINYIN,UNIHAN
U+9E7C	鹼	ケン,カン,セン,あく	ken,kan,sen,aku	0,0,0,0	0,0,0,0	KANJIDIC,PYPINYIN,UNIHAN,WORDSHK_CHARS
U+9E7D	鹽	エン,しお	en,shio	0,0	0,0	KANJIDIC,PYPINYIN,UNIHAN,WORDSHK_CHARS
U+9E7F	鹿	ロク,しか,か	roku,shika,ka	0,0,0	0,0,0	KANJIDIC,PYPINYIN,UNIHAN,WORDSHK_CHARS
U+9E80	麀	ユウ,ユ,めじか	yuu,yu,mejika	0,0,0	0,0,0	KANJIDIC,PYPINYIN,UNIHAN
U+9E81	麁	ソ,あらい	so,arai	0,0	0,0	KANJIDIC,PYPINYIN,UNIHAN
U+9E82	麂	キ	ki	0	0	KANJIDIC,PYPINYIN,UNIHAN,WORDSHK_CHARS
U+9E83	麃	ホウ,ビョウ,おおしか	hou,byou,ooshika	0,0,0	0,0,0	KANJIDIC,PYPINYIN,UNIHAN
U+9E84	麄	ソ,はなれる,あらい	so,hanareru,arai	0,0,0	0,0,0	KANJIDIC,PYPINYIN,UNIHAN
U+9E85	麅	ホウ,ビョウ,おおしか	hou,byou,ooshika	0,0,0	0,0,0	KANJIDIC,PYPINYIN,UNIHAN
U+9E87	麇	キン,クン,のろ	kin,kun,noro	0,0,0	0,0,0	KANJIDIC,PYPINYIN,UNIHAN
U+9E88	麈	シュ,ス,おおじか	shu,su,oojika	0,0,0	0,0,0	KANJIDIC,PYPINYIN,UNIHAN
U+9E8B	麋	ビ,なれしか	bi,nareshika	0,0	0,0	KANJIDIC,PYPINYIN,UNIHAN
U+9E8C	麌	グ,ゴ,おじか	gu,go,ojika	0,0,0	0,0,0	KANJIDIC,PYPINYIN,UNIHAN
U+9E8E	麎	シン,シ	shin,shi	0,0	0,0	KANJIDIC,PYPINYIN,UNIHAN
U+9E8F	麏	キン,クン	kin,kun	0,0	0,0	KANJIDIC,PYPINYIN,UNIHAN
U+9E91	麑	ゲイ,ベイ,こじか,かのこ	gei,bei,kojika,kanoko	0,0,0,0	0,0,0,0	KANJIDIC,PYPINYIN,UNIHAN
U+9E92	麒	キ	ki	0	0	KANJIDIC,PYPINYIN,UNIHAN,WORDSHK_CHARS
U+9E93	麓	ロク,ふもと	roku,fumoto	0,0	0,0	KANJIDIC,PYPINYIN,UNIHAN,WORDSHK_CHARS
U+9E95	麕	キン,クン,のろ	kin,kun,noro	0,0,0	0,0,0	KANJIDIC,PYPINYIN,UNIHAN
U+9E96	麖	ケイ,キョウ,おおしか	kei,kyou,ooshika	0,0,0	0,0,0	KANJIDIC,PYPINYIN,UNIHAN,WORDSHK_CHARS
U+9E97	麗	レイ,うるわしい,うららか	rei,uruwashii,uraraka	0,0,0	0,0,0	KANJIDIC,PYPINYIN,UNIHAN,WORDSHK_CHARS
U+9E98	麘	キョウ,コウ	kyou,kou	0,0	0,0	KANJIDIC,PYPINYIN,UNIHAN
U+9E9B	麛	ベイ,マイ	bei,mai	0,0	0,0	KANJIDIC,PYPINYIN,UNIHAN
U+9E9D	麝	ジャ,シャ	ja,sha	0,0	0,0	KANJIDIC,PYPINYIN,UNIHAN,WORDSHK_CHARS
U+9E9E	麞	ショウ,のろ	shou,noro	0,0	0,0	KANJIDIC,PYPINYIN,UNIHAN
U+9E9F	麟	リン	rin	0	0	KANJIDIC,PYPINYIN,UNIHAN,WORDSHK_CHARS
U+9EA4	麤	ソ,はなれる,あらい	so,hanareru,arai	0,0,0	0,0,0	KANJIDIC,PYPINYIN,UNIHAN
U+9EA5	麥	バク,むぎ	baku,mugi	0,0	0,0	KANJIDIC,PYPINYIN,UNIHAN,WORDSHK_CHARS
U+9EA6	麦	バク,むぎ	baku,mugi	0,0	0,0	KANJIDIC,PYPINYIN,UNIHAN
U+9EA8	麨	ショウ,むぎこがし	shou,mugikogashi	0,0	0,0	KANJIDIC,PYPINYIN,UNIHAN
U+9EA9	麩	フ,ふすま	fu,fusuma	0,0	0,0	KANJIDIC,PYPINYIN,UNIHAN,WORDSHK_CHARS
U+9EAA	麪	メン,ベン,むぎこ	men,ben,mugiko	0,0,0	0,0,0	KANJIDIC,PYPINYIN,UNIHAN,WORDSHK_CHARS
U+9EAC	麬	フ,ふすま	fu,fusuma	0,0	0,0	KANJIDIC,PYPINYIN,UNIHAN
U+9EAD	麭	ホウ,こなもち	hou,konamochi	0,0	0,0	KANJIDIC,PYPINYIN,UNIHAN
U+9EAE	麮	キョ,コ,むぎがゆ	kyo,ko,mugigayu	0,0,0	0,0,0	KANJIDIC,PYPINYIN,UNIHAN
U+9EAF	麯	キク,こうじ	kiku,kouji	0,0	0,0	KANJIDIC,PYPINYIN,UNIHAN
U+9EB0	麰	ボウ,ム	bou,mu	0,0	0,0	KANJIDIC,PYPINYIN,UNIHAN
U+9EB3	麳	ライ,リョク,リキ,リ,こむぎ,むぎ	rai,ryoku,riki,ri,komugi,mugi	0,0,0,0,0,0	0,0,0,0,0,0	KANJIDIC,PYPINYIN,UNIHAN
U+9EB4	麴	キク,こうじ	kiku,kouji	0,0	0,0	KANJIDIC,PYPINYIN,UNIHAN,WORDSHK_CHARS
U+9EB5	麵	メン,ベン,むぎこ	men,ben,mugiko	0,0,0	0,0,0	KANJIDIC,PYPINYIN,UNIHAN
U+9EB8	麸	フ,ふすま	fu,fusuma	0,0	0,0	KANJIDIC,PYPINYIN,UNIHAN
U+9EB9	麹	キク,こうじ	kiku,kouji	0,0	0,0	KANJIDIC,PYPINYIN,UNIHAN
U+9EBA	麺	メン,ベン,むぎこ	men,ben,mugiko	0,0,0	0,0,0	KANJIDIC,PYPINYIN,UNIHAN
U+9EBB	麻	マ,マア,あさ	ma,maa,asa	0,0,0	0,0,0	KANJIDIC,PYPINYIN,UNIHAN,WORDSHK_CHARS
U+9EBC	麼	ビ,ミ,バ,マ,モ	bi,mi,ba,ma,mo	0,0,0,0,0	0,0,0,0,0	KANJIDIC,PYPINYIN,UNIHAN,WORDSHK_CHARS
U+9EBE	麾	キ,さしまねく,さしずばた	ki,sashimaneku,sashizubata	0,0,0	0,0,0	KANJIDIC,PYPINYIN,UNIHAN,WORDSHK_CHARS
U+9EBF	麿	まろ	maro	0	0	KANJIDIC,PYPINYIN,UNIHAN
U+9EC3	黃	コウ,オウ,き	kou,ou,ki	0,0,0	0,0,0	KANJIDIC,PYPINYIN,UNIHAN,WORDSHK_CHARS
U+9EC4	黄	コウ,オウ,き,こ	kou,ou,ki,ko	0,0,0,0	0,0,0,0	KANJIDIC,PYPINYIN,UNIHAN
U+9EC6	黆	コウ,たけし	kou,takeshi	0,0	0,0	KANJIDIC,PYPINYIN,UNIHAN
U+9EC8	黈	トウ,ツ,きいろ	tou,tsu,kiiro	0,0,0	0,0,0	KANJIDIC,PYPINYIN,UNIHAN
U+9ECB	黋	コウ	kou	0	0	KANJIDIC,PYPINYIN,UNIHAN
U+9ECC	黌	コウ,オウ	kou,ou	0,0	0,0	KANJIDIC,PYPINYIN,UNIHAN
U+9ECD	黍	ショ,きび	sho,kibi	0,0	0,0	KANJIDIC,PYPINYIN,UNIHAN,WORDSHK_CHARS
U+9ECE	黎	レイ,リ,くろい	rei,ri,kuroi	0,0,0	0,0,0	KANJIDIC,PYPINYIN,UNIHAN,WORDSHK_CHARS
U+9ECF	黏	ネン,ねばり,ねばる	nen,nebari,nebaru	0,0,0	0,0,0	KANJIDIC,PYPINYIN,UNIHAN,WORDSHK_CHARS
U+9ED0	黐	チ,リ,もち	chi,ri,mochi	0,0,0	0,0,0	KANJIDIC,PYPINYIN,UNIHAN,WORDSHK_CHARS
U+9ED1	黑	コク,くろい,くろ	koku,kuroi,kuro	0,0,0	0,0,0	KANJIDIC,PYPINYIN,UNIHAN,WORDSHK_CHARS
U+9ED2	黒	コク,くろ,くろずむ,くろい	koku,kuro,kurozumu,kuroi	0,0,0,0	0,0,0,0	KANJIDIC,PYPINYIN,UNIHAN
U+9ED4	黔	ケン,キン,くろい	ken,kin,kuroi	0,0,0	0,0,0	KANJIDIC,PYPINYIN,UNIHAN
U+9ED5	黕	タン,トン,チン,あか	tan,ton,chin,aka	0,0,0,0	0,0,0,0	KANJIDIC,PYPINYIN,UNIHAN
U+9ED8	默	ボク,モク,だまる,もだす	boku,moku,damaru,modasu	0,0,0,0	0,0,0,0	KANJIDIC,PYPINYIN,UNIHAN,WORDSHK_CHARS
U+9ED9	黙	モク,ボク,だまる,もだす	moku,boku,damaru,modasu	0,0,0,0	0,0,0,0	KANJIDIC,PYPINYIN,UNIHAN
U+9EDB	黛	タイ,まゆずみ	tai,mayuzumi	0,0	0,0	KANJIDIC,PYPINYIN,UNIHAN,WORDSHK_CHARS
U+9EDC	黜	チュツ,しりぞける	chutsu,shirizokeru	0,0	0,0	KANJIDIC,PYPINYIN,UNIHAN,WORDSHK_CHARS
U+9EDD	黝	ユウ,あおぐろ	yuu,aoguro	0,0	0,0	KANJIDIC,PYPINYIN,UNIHAN,WORDSHK_CHARS
U+9EDE	點	テン,つける,つく,たてる,さす,とぼす,ともす,ぼち	ten,tsukeru,tsuku,tateru,sasu,tobosu,tomosu,bochi	0,0,0,0,0,0,0,0	0,0,0,0,0,0,0,0	KANJIDIC,PYPINYIN,UNIHAN,WORDSHK_CHARS
U+9EDF	黟	エイ,イ,こくたん	ei,i,kokutan	0,0,0	0,0,0	KANJIDIC,PYPINYIN,UNIHAN
U+9EE0	黠	カツ,さとい,わるがしこい	katsu,satoi,warugashikoi	0,0,0	0,0,0	KANJIDIC,PYPINYIN,UNIHAN
U+9EE4	黤	エン,アン,オン,あおぐろい	en,an,on,aoguroi	0,0,0,0	0,0,0,0	KANJIDIC,PYPINYIN,UNIHAN
U+9EE5	黥	ケイ,ゲイ,いれずみ	kei,gei,irezumi	0,0,0	0,0,0	KANJIDIC,PYPINYIN,UNIHAN
U+9EE7	黧	レイ,ライ,リ,くろい	rei,rai,ri,kuroi	0,0,0,0	0,0,0,0	KANJIDIC,PYPINYIN,UNIHAN
U+9EE8	黨	トウ,なかま,むら	tou,nakama,mura	0,0,0	0,0,0	KANJIDIC,PYPINYIN,UNIHAN,WORDSHK_CHARS
U+9EEC	黬	カン,ケン,アン,エン,くろい,なべずみ	kan,ken,an,en,kuroi,nabezumi	0,0,0,0,0,0	0,0,0,0,0,0	KANJIDIC,PYPINYIN,UNIHAN
U+9EED	黭	エン,アン,オン,あおぐろい	en,an,on,aoguroi	0,0,0,0	0,0,0,0	KANJIDIC,PYPINYIN,UNIHAN
U+9EEE	黮	タン,ドン,チン,ジン,くろい	tan,don,chin,jin,kuroi	0,0,0,0,0	0,0,0,0,0	KANJIDIC,PYPINYIN,UNIHAN
U+9EEF	黯	アン,くらい	an,kurai	0,0	0,0	KANJIDIC,PYPINYIN,UNIHAN,WORDSHK_CHARS
U+9EF0	黰	シン,アン,エン,くろかみ	shin,an,en,kurokami	0,0,0,0	0,0,0,0	KANJIDIC,PYPINYIN,UNIHAN
U+9EF1	黱	タイ,ダイ,チン,ジン,まゆずみ	tai,dai,chin,jin,mayuzumi	0,0,0,0,0	0,0,0,0,0	KANJIDIC,PYPINYIN,UNIHAN
U+9EF2	黲	サン,うすあおぐろい	san,usuaoguroi	0,0	0,0	KANJIDIC,PYPINYIN,UNIHAN
U+9EF4	黴	バイ,ビ,マイ,ミ,かび,かびる	bai,bi,mai,mi,kabi,kabiru	0,0,0,0,0,0	0,0,0,0,0,0	KANJIDIC,PYPINYIN,UNIHAN,WORDSHK_CHARS
U+9EF5	黵	タン,セン,はがれる	tan,sen,hagareru	0,0,0	0,0,0	KANJIDIC,PYPINYIN,UNIHAN
U+9EF6	黶	アン,エン,ほくろ	an,en,hokuro	0,0,0	0,0,0	KANJIDIC,PYPINYIN,UNIHAN
U+9EF7	黷	トク,けがす,けがれる	toku,kegasu,kegareru	0,0,0	0,0,0	KANJIDIC,PYPINYIN,UNIHAN,WORDSHK_CHARS
U+9EF8	黸	ロ,ル,くろい	ro,ru,kuroi	0,0,0	0,0,0	KANJIDIC,PYPINYIN,UNIHAN
U+9EF9	黹	チ,ぬう,ぬいとり	chi,nuu,nuitori	0,0,0	0,0,0	KANJIDIC,PYPINYIN,UNIHAN,WORDSHK_CHARS
U+9EFB	黻	フツ,あや	futsu,aya	0,0	0,0	KANJIDIC,PYPINYIN,UNIHAN
U+9EFC	黼	フ,ホ,あや	fu,ho,aya	0,0,0	0,0,0	KANJIDIC,PYPINYIN,UNIHAN
U+9EFD	黽	ボウ,ビン,ベン,ミン,メン,あおがえる,つとめる	bou,bin,ben,min,men,aogaeru,tsutomeru	0,0,0,0,0,0,0	0,0,0,0,0,0,0	KANJIDIC,PYPINYIN,UNIHAN
U+9EFF	黿	ゲン,ガン,あおうみがめ	gen,gan,aoumigame	0,0,0	0,0,0	KANJIDIC,PYPINYIN,UNIHAN
U+9F02	鼂	チョウ,ジョウ,うみがめ	chou,jou,umigame	0,0,0	0,0,0	KANJIDIC,PYPINYIN,UNIHAN
U+9F03	鼃	ワイ,カイ,かえる	wai,kai,kaeru	0,0,0	0,0,0	KANJIDIC,PYPINYIN,UNIHAN
U+9F07	鼇	ゴウ	gou	0	0	KANJIDIC,PYPINYIN,UNIHAN
U+9F08	鼈	ベツ,ヘツ,すっぽん	betsu,hetsu,suppon	0,0,0	0,0,0	KANJIDIC,PYPINYIN,UNIHAN
U+9F09	鼉	タ,タン,セン,わに	ta,tan,sen,wani	0,0,0,0	0,0,0,0	KANJIDIC,PYPINYIN,UNIHAN
U+9F0E	鼎	テイ,かなえ	tei,kanae	0,0	0,0	KANJIDIC,PYPINYIN,UNIHAN,WORDSHK_CHARS
U+9F0F	鼏	ベキ,ミャク,ケイ	beki,myaku,kei	0,0,0	0,0,0	KANJIDIC,PYPINYIN,UNIHAN
U+9F10	鼐	ダイ,ナイ,ドウ,ノウ,かなえ	dai,nai,dou,nou,kanae	0,0,0,0,0	0,0,0,0,0	KANJIDIC,PYPINYIN,UNIHAN
U+9F11	鼑	テイ,かなえ	tei,kanae	0,0	0,0	KANJIDIC,PYPINYIN,UNIHAN
U+9F12	鼒	シ,かなえ	shi,kanae	0,0	0,0	KANJIDIC,PYPINYIN,UNIHAN
U+9F13	鼓	コ,つづみ	ko,tsuzumi	0,0	0,0	KANJIDIC,PYPINYIN,UNIHAN,WORDSHK_CHARS
U+9F14	鼔	コ,ク,つづみ	ko,ku,tsuzumi	0,0,0	0,0,0	KANJIDIC,PYPINYIN,UNIHAN
U+9F15	鼕	トウ	tou	0	0	KANJIDIC,PYPINYIN,UNIHAN
U+9F16	鼖	フン,つつみうつ	fun,tsutsumiutsu	0,0	0,0	KANJIDIC,PYPINYIN,UNIHAN
U+9F17	鼗	トウ,ふりつづみ	tou,furitsuzumi	0,0	0,0	KANJIDIC,PYPINYIN,UNIHAN
U+9F19	鼙	ヘイ,バイ,つつみ	hei,bai,tsutsumi	0,0,0	0,0,0	KANJIDIC,PYPINYIN,UNIHAN
U+9F1A	鼚	チョウ	chou	0	0	KANJIDIC,PYPINYIN,UNIHAN
U+9F1B	鼛	コウ,おおつづみ	kou,ootsuzumi	0,0	0,0	KANJIDIC,PYPINYIN,UNIHAN
U+9F1F	鼟	トウ	tou	0	0	KANJIDIC,PYPINYIN,UNIHAN
U+9F20	鼠	ソ,ショ,ねずみ,ねず	so,sho,nezumi,nezu	0,0,0,0	0,0,0,0	KANJIDIC,PYPINYIN,UNIHAN,WORDSHK_CHARS
U+9F21	鼡	ソ,ショ,ねずみ,ねず	so,sho,nezumi,nezu	0,0,0,0	0,0,0,0	KANJIDIC,PYPINYIN,UNIHAN
U+9F22	鼢	フン,もぐらもち	fun,moguramochi	0,0	0,0	KANJIDIC,PYPINYIN,UNIHAN
U+9F26	鼦	チョウ,てん	chou,ten	0,0	0,0	KANJIDIC,PYPINYIN,UNIHAN
U+9F2A	鼪	セイ,ショウ,ソウ,いたち	sei,shou,sou,itachi	0,0,0,0	0,0,0,0	KANJIDIC,PYPINYIN,UNIHAN
U+9F2B	鼫	セキ,ジャク,むささび	seki,jaku,musasabi	0,0,0	0,0,0	KANJIDIC,PYPINYIN,UNIHAN
U+9F2C	鼬	ユウ,ユ,いたち	yuu,yu,itachi	0,0,0	0,0,0	KANJIDIC,PYPINYIN,UNIHAN,WORDSHK_CHARS
U+9F2F	鼯	ゴ,むささび	go,musasabi	0,0	0,0	KANJIDIC,PYPINYIN,UNIHAN,WORDSHK_CHARS
U+9F31	鼱	セイ,ショウ	sei,shou	0,0	0,0	KANJIDIC,PYPINYIN,UNIHAN
U+9F32	鼲	コン	kon	0	0	KANJIDIC,PYPINYIN,UNIHAN
U+9F34	鼴	エン,オン,もぐら	en,on,mogura	0,0,0	0,0,0	KANJIDIC,PYPINYIN,UNIHAN
U+9F37	鼷	ケイ,はつかねずみ	kei,hatsukanezumi	0,0	0,0	KANJIDIC,PYPINYIN,UNIHAN
U+9F39	鼹	エン,オン,もぐら	en,on,mogura	0,0,0	0,0,0	KANJIDIC,PYPINYIN,UNIHAN
U+9F3A	鼺	ルイ,むささび	rui,musasabi	0,0	0,0	KANJIDIC,PYPINYIN,UNIHAN
U+9F3B	鼻	ビ,はな	bi,hana	0,0	0,0	KANJIDIC,PYPINYIN,UNIHAN,WORDSHK_CHARS
U+9F3C	鼼	キュウ,ク,キョウ,かぎばな	kyuu,ku,kyou,kagibana	0,0,0,0	0,0,0,0	KANJIDIC,PYPINYIN,UNIHAN
U+9F3D	鼽	グ,キュウ,つまる	gu,kyuu,tsumaru	0,0,0	0,0,0	KANJIDIC,PYPINYIN,UNIHAN
U+9F3E	鼾	カン,いびき	kan,ibiki	0,0	0,0	KANJIDIC,PYPINYIN,UNIHAN,WORDSHK_CHARS
U+9F3F	鼿	ゴツ,ゴチ,カイ,あおむきばな	gotsu,gochi,kai,aomukibana	0,0,0,0	0,0,0,0	KANJIDIC,PYPINYIN,UNIHAN
U+9F41	齁	コウ,ク,コ,かぎばな	kou,ku,ko,kagibana	0,0,0,0	0,0,0,0	KANJIDIC,PYPINYIN,UNIHAN
U+9F43	齃	カツ,カチ,アツ,アチ,ねいき	katsu,kachi,atsu,achi,neiki	0,0,0,0,0	0,0,0,0,0	KANJIDIC,PYPINYIN,UNIHAN
U+9F44	齄	シャ,サ,はなのわき	sha,sa,hananowaki	0,0,0	0,0,0	KANJIDIC,PYPINYIN,UNIHAN
U+9F45	齅	キュウ,かぐ	kyuu,kagu	0,0	0,0	KANJIDIC,PYPINYIN,UNIHAN
U+9F46	齆	オウ,オ,ヨウ,はなづまり	ou,o,you,hanazumari	0,0,0,0	0,0,0,0	KANJIDIC,PYPINYIN,UNIHAN
U+9F47	齇	サ,シャ,あかばな	sa,sha,akabana	0,0,0	0,0,0	KANJIDIC,PYPINYIN,UNIHAN
U+9F4A	齊	セイ,サイ,そろう,ひとしい,ひとしく,あたる,はやい	sei,sai,sorou,hitoshii,hitoshiku,ataru,hayai	0,0,0,0,0,0,0	0,0,0,0,0,0,0	KANJIDIC,PYPINYIN,UNIHAN,WORDSHK_CHARS
U+9F4B	齋	サイ,つつしむ,とき,ものいみ	sai,tsutsushimu,toki,monoimi	0,0,0,0	0,0,0,0	KANJIDIC,PYPINYIN,UNIHAN,WORDSHK_CHARS
U+9F4E	齎	セイ,サイ,シ,もたらす	sei,sai,shi,motarasu	0,0,0,0	0,0,0,0	KANJIDIC,PYPINYIN,UNIHAN
U+9F4F	齏	セイ,サイ,あえもの,なます,あえる	sei,sai,aemono,namasu,aeru	0,0,0,0,0	0,0,0,0,0	KANJIDIC,PYPINYIN,UNIHAN
U+9F52	齒	シ,よわい,は,よわいする	shi,yowai,ha,yowaisuru	0,0,0,0	0,0,0,0	KANJIDIC,PYPINYIN,UNIHAN,WORDSHK_CHARS
U+9F53	齓	シン,ソン,トン,かけば	shin,son,ton,kakeba	0,0,0,0	0,0,0,0	KANJIDIC,PYPINYIN,UNIHAN
U+9F54	齔	シン,ソン,トン,かけば	shin,son,ton,kakeba	0,0,0,0	0,0,0,0	KANJIDIC,PYPINYIN,UNIHAN
U+9F55	齕	コツ,ゴチ,ケツ,かむ	kotsu,gochi,ketsu,kamu	0,0,0,0	0,0,0,0	KANJIDIC,PYPINYIN,UNIHAN,WORDSHK_CHARS
U+9F56	齖	ガ,ゲ	ga,ge	0,0	0,0	KANJIDIC,PYPINYIN,UNIHAN
U+9F57	齗	キン,はぐき	kin,haguki	0,0	0,0	KANJIDIC,PYPINYIN,UNIHAN
U+9F58	齘	カイ	kai	0	0	KANJIDIC,PYPINYIN,UNIHAN
U+9F5A	齚	サク,ジャク,サ,ジャ,かむ	saku,jaku,sa,ja,kamu	0,0,0,0,0	0,0,0,0,0	KANJIDIC,PYPINYIN,UNIHAN
U+9F5D	齝	チ,シ,にれがむ,にげかむ	chi,shi,niregamu,nigekamu	0,0,0,0	0,0,0,0	KANJIDIC,PYPINYIN,UNIHAN
U+9F5E	齞	ゲン	gen	0	0	KANJIDIC,PYPINYIN,UNIHAN
U+9F5F	齟	ソ,サ,ショ,かむ	so,sa,sho,kamu	0,0,0,0	0,0,0,0	KANJIDIC,PYPINYIN,UNIHAN,WORDSHK_CHARS
U+9F60	齠	チョウ	chou	0	0	KANJIDIC,PYPINYIN,UNIHAN
U+9F61	齡	レイ,よわい,とし	rei,yowai,toshi	0,0,0	0,0,0	KANJIDIC,PYPINYIN,UNIHAN,WORDSHK_CHARS
U+9F62	齢	レイ,よわい,とし	rei,yowai,toshi	0,0,0	0,0,0	KANJIDIC,PYPINYIN,UNIHAN
U+9F63	齣	シャク,シュツ,セキ,こま	shaku,shutsu,seki,koma	0,0,0,0	0,0,0,0	KANJIDIC,PYPINYIN,UNIHAN,WORDSHK_CHARS
U+9F66	齦	ギン,コン,はぐき	gin,kon,haguki	0,0,0	0,0,0	KANJIDIC,PYPINYIN,UNIHAN,WORDSHK_CHARS
U+9F67	齧	ゲツ,ケツ,かじる,かむ	getsu,ketsu,kajiru,kamu	0,0,0,0	0,0,0,0	KANJIDIC,PYPINYIN,UNIHAN,WORDSHK_CHARS
U+9F68	齨	キュウ,グ,うすば	kyuu,gu,usuba	0,0,0	0,0,0	KANJIDIC,PYPINYIN,UNIHAN
U+9F69	齩	コウ,ゴウ,かむ,かじる	kou,gou,kamu,kajiru	0,0,0,0	0,0,0,0	KANJIDIC,PYPINYIN,UNIHAN
U+9F6A	齪	サク,ソク,セク,シュク,シュウ,せまる	saku,soku,seku,shuku,shuu,semaru	0,0,0,0,0,0	0,0,0,0,0,0	KANJIDIC,PYPINYIN,UNIHAN
U+9F6C	齬	ゴ	go	0	0	KANJIDIC,PYPINYIN,UNIHAN,WORDSHK_CHARS
U+9F6D	齭	ショ,ソ,いたむ	sho,so,itamu	0,0,0	0,0,0	KANJIDIC,PYPINYIN,UNIHAN
U+9F6E	齮	キ,かむ	ki,kamu	0,0	0,0	KANJIDIC,PYPINYIN,UNIHAN,WORDSHK_CHARS
U+9F6F	齯	ゲイ,ジ,ニ	gei,ji,ni	0,0,0	0,0,0	KANJIDIC,PYPINYIN,UNIHAN
U+9F70	齰	サク,ジャク,サ,ジャ,かむ	saku,jaku,sa,ja,kamu	0,0,0,0,0	0,0,0,0,0	KANJIDIC,PYPINYIN,UNIHAN
U+9F71	齱	サク,ソク,セク,シュク,シュウ,せまる	saku,soku,seku,shuku,shuu,semaru	0,0,0,0,0,0	0,0,0,0,0,0	KANJIDIC,PYPINYIN,UNIHAN
U+9F72	齲	ク,ウ,むしば	ku,u,mushiba	0,0,0	0,0,0	KANJIDIC,PYPINYIN,UNIHAN
U+9F73	齳	グン	gun	0	0	KANJIDIC,PYPINYIN,UNIHAN
U+9F75	齵	ゴウ,グ	gou,gu	0,0	0,0	KANJIDIC,PYPINYIN,UNIHAN
U+9F76	齶	ガク,あご,はぐき	gaku,ago,haguki	0,0,0	0,0,0	KANJIDIC,PYPINYIN,UNIHAN,WORDSHK_CHARS
U+9F77	齷	アク	aku	0	0	KANJIDIC,PYPINYIN,UNIHAN
U+9F7A	齺	シュウ,シュ,サク,ザク	shuu,shu,saku,zaku	0,0,0,0	0,0,0,0	KANJIDIC,PYPINYIN,UNIHAN
U+9F7D	齽	キン,コン,まがりば	kin,kon,magariba	0,0,0	0,0,0	KANJIDIC,PYPINYIN,UNIHAN
U+9F8D	龍	リュウ,リョウ,ロウ,たつ	ryuu,ryou,rou,tatsu	0,0,0,0	0,0,0,0	KANJIDIC,PYPINYIN,UNIHAN,WORDSHK_CHARS
U+9F8F	龏	キョウ,ク,アク,つつしむ,のぼる,ともしびおおい	kyou,ku,aku,tsutsushimu,noboru,tomoshibiooi	0,0,0,0,0,0	0,0,0,0,0,0	KANJIDIC,PYPINYIN,UNIHAN
U+9F90	龐	ホウ,ロウ,ル,たかどの	hou,rou,ru,takadono	0,0,0,0	0,0,0,0	KANJIDIC,PYPINYIN,UNIHAN,WORDSHK_CHARS
U+9F91	龑	エン,ゲン	en,gen	0,0	0,0	KANJIDIC,PYPINYIN,UNIHAN
U+9F92	龒	リュウ,リョウ,ロウ,たつ	ryuu,ryou,rou,tatsu	0,0,0,0	0,0,0,0	KANJIDIC,PYPINYIN,UNIHAN
U+9F94	龔	キョウ,ク,ヨウ,ユ,そなえる	kyou,ku,you,yu,sonaeru	0,0,0,0,0	0,0,0,0,0	KANJIDIC,PYPINYIN,UNIHAN,WORDSHK_CHARS
U+9F95	龕	カン,ガン,れい	kan,gan,rei	0,0,0	0,0,0	KANJIDIC,PYPINYIN,UNIHAN,WORDSHK_CHARS
U+9F96	龖	トウ,ソウ,おそれる	tou,sou,osoreru	0,0,0	0,0,0	KANJIDIC,PYPINYIN,UNIHAN
U+9F97	龗	レイ,リョウ,かみ,よし	rei,ryou,kami,yoshi	0,0,0,0	0,0,0,0	KANJIDIC,PYPINYIN,UNIHAN
U+9F9C	龜	キ,キュウ,キン,かめ	ki,kyuu,kin,kame	0,0,0,0	0,0,0,0	KANJIDIC,PYPINYIN,UNIHAN,WORDSHK_CHARS
U+9F9D	龝	シュウ,あき,とき	shuu,aki,toki	0,0,0	0,0,0	KANJIDIC,PYPINYIN,UNIHAN
U+9F9E	龞	ベツ,ヘツ,すっぽん	betsu,hetsu,suppon	0,0,0	0,0,0	KANJIDIC,PYPINYIN,UNIHAN
U+9FA0	龠	ヤク,ふえ	yaku,fue	0,0	0,0	KANJIDIC,PYPINYIN,UNIHAN
U+9FA1	龡	スイ,ふく,ふきならす	sui,fuku,fukinarasu	0,0,0	0,0,0	KANJIDIC,PYPINYIN,UNIHAN
U+9FA2	龢	ワ,オ,カ,やわらぐ,やわらげる,なごむ,なごやか	wa,o,ka,yawaragu,yawarageru,nagomu,nagoyaka	0,0,0,0,0,0,0	0,0,0,0,0,0,0	KANJIDIC,PYPINYIN,UNIHAN
U+9FA3	龣	カク,ロク	kaku,roku	0,0	0,0	KANJIDIC,PYPINYIN,UNIHAN
U+9FA5	龥	ヤク,ユ,よぶ	yaku,yu,yobu	0,0,0	0,0,0	KANJIDIC,PYPINYIN,UNIHAN
U+F929	朗	ロウ,ほがらか	rou,hogaraka	0,0	0,0	KANJIDIC,UNIHAN
U+F936	虜	リョ,とりこ	ryo,toriko	0,0	0,0	KANJIDIC,UNIHAN
U+FA10	塚	チョウ,つか	chou,tsuka	0,0	0,0	KANJIDIC
U+FA11	﨑	キ,さき	ki,saki	0,0	0,0	KANJIDIC
U+FA15	凞	キ,やわらぐ	ki,yawaragu	0,0	0,0	KANJIDIC
U+FA16	猪	チョ,いのしし,い	cho,inoshishi,i	0,0,0	0,0,0	KANJIDIC
U+FA19	神	シン,ジン,かみ,こう,たましい	shin,jin,kami,kou,tamashii	0,0,0,0,0	0,0,0,0,0	KANJIDIC
U+FA1A	祥	ショウ,さいわい	shou,saiwai	0,0	0,0	KANJIDIC
U+FA1B	福	フク,さいわい,ひもろぎ	fuku,saiwai,himorogi	0,0,0	0,0,0	KANJIDIC
U+FA20	蘒	はぎ	hagi	0	0	KANJIDIC
U+FA22	諸	ショ,もろ,これ	sho,moro,kore	0,0,0	0,0,0	KANJIDIC
U+FA26	都	ト,ツ,みやこ	to,tsu,miyako	0,0,0	0,0,0	KANJIDIC
U+FA30	侮	ブ,あなどる	bu,anadoru	0,0	0,0	KANJIDIC
U+FA31	僧	ソウ	sou	0	0	KANJIDIC
U+FA32	免	メン,まぬかれる	men,manukareru	0,0	0,0	KANJIDIC
U+FA33	勉	ベン	ben	0	0	KANJIDIC
U+FA34	勤	キン,ゴン,つとまる,つとめる	kin,gon,tsutomaru,tsutomeru	0,0,0,0	0,0,0,0	KANJIDIC
U+FA35	卑	ヒ,いやしむ,いやしい,いやしめる	hi,iyashimu,iyashii,iyashimeru	0,0,0,0	0,0,0,0	KANJIDIC
U+FA36	喝	カツ	katsu	0	0	KANJIDIC
U+FA37	嘆	タン,なげかわしい,なげく	tan,nagekawashii,nageku	0,0,0	0,0,0	KANJIDIC
U+FA38	器	キ,うつわ	ki,utsuwa	0,0	0,0	KANJIDIC
U+FA39	塀	ヘイ	hei	0	0	KANJIDIC
U+FA3A	墨	ボク,すみ	boku,sumi	0,0	0,0	KANJIDIC
U+FA3B	層	ソウ	sou	0	0	KANJIDIC
U+FA3C	屮	ソウ,テツ,め,めばえ	sou,tetsu,me,mebae	0,0,0,0	0,0,0,0	KANJIDIC
U+FA3D	悔	カイ,くいる,くやしい,くやむ	kai,kuiru,kuyashii,kuyamu	0,0,0,0	0,0,0,0	KANJIDIC
U+FA3E	慨	ガイ	gai	0	0	KANJIDIC
U+FA3F	憎	ゾウ,にくい,にくしみ,にくむ,にくらしい	zou,nikui,nikushimi,nikumu,nikurashii	0,0,0,0,0	0,0,0,0,0	KANJIDIC
U+FA40	懲	チョウ,こらしめる,こらす,こりる	chou,korashimeru,korasu,koriru	0,0,0,0	0,0,0,0	KANJIDIC
U+FA41	敏	ビン	bin	0	0	KANJIDIC
U+FA42	既	キ,すでに	ki,sudeni	0,0	0,0	KANJIDIC
U+FA43	暑	ショ,あつい	sho,atsui	0,0	0,0	KANJIDIC
U+FA44	梅	バイ,うめ	bai,ume	0,0	0,0	KANJIDIC
U+FA45	海	カイ,うみ	kai,umi	0,0	0,0	KANJIDIC
U+FA46	渚	ショ,なぎさ	sho,nagisa	0,0	0,0	KANJIDIC
U+FA47	漢	カン	kan	0	0	KANJIDIC
U+FA48	煮	シャ,にる,にえる,にやす	sha,niru,nieru,niyasu	0,0,0,0	0,0,0,0	KANJIDIC
U+FA4A	琢	タク,みがく	taku,migaku	0,0	0,0	KANJIDIC
U+FA4B	碑	ヒ,いしぶみ	hi,ishibumi	0,0	0,0	KANJIDIC
U+FA4C	社	シャ,やしろ	sha,yashiro	0,0	0,0	KANJIDIC
U+FA4D	祉	ツ	tsu	0	0	KANJIDIC
U+FA4E	祈	キ,いのる	ki,inoru	0,0	0,0	KANJIDIC
U+FA4F	祐	ユウ,たすけ,たすける	yuu,tasuke,tasukeru	0,0,0	0,0,0	KANJIDIC
U+FA50	祖	ソ	so	0	0	KANJIDIC
U+FA51	祝	シュウ,シュク,いわう	shuu,shuku,iwau	0,0,0	0,0,0	KANJIDIC
U+FA52	禍	カ,まが,わざわい	ka,maga,wazawai	0,0,0	0,0,0	KANJIDIC
U+FA53	禎	テイ,さいわい	tei,saiwai	0,0	0,0	KANJIDIC
U+FA54	穀	コク	koku	0	0	KANJIDIC
U+FA55	突	トツ,つく	totsu,tsuku	0,0	0,0	KANJIDIC
U+FA56	節	セチ,セツ,ふし	sechi,setsu,fushi	0,0,0	0,0,0	KANJIDIC
U+FA57	練	コウ,レン,ねる	kou,ren,neru	0,0,0	0,0,0	KANJIDIC
U+FA58	縉	シン	shin	0	0	KANJIDIC
U+FA59	繁	ハン	han	0	0	KANJIDIC
U+FA5A	署	ショ	sho	0	0	KANJIDIC
U+FA5B	者	シャ,もの	sha,mono	0,0	0,0	KANJIDIC
U+FA5C	臭	シュウ,くさい,におい	shuu,kusai,nioi	0,0,0	0,0,0	KANJIDIC
U+FA5D	艹	カン,あげまき,あらがね,くさかんむり	kan,agemaki,aragane,kusakanmuri	0,0,0,0	0,0,0,0	KANJIDIC
U+FA5E	艹	ソウ,くさかんむり	sou,kusakanmuri	0,0	0,0	KANJIDIC
U+FA5F	著	チョ,あらわす,いちじるしい	cho,arawasu,ichijirushii	0,0,0	0,0,0	KANJIDIC
U+FA60	褐	カツ	katsu	0	0	KANJIDIC
U+FA61	視	シ	shi	0	0	KANJIDIC
U+FA62	謁	エツ	etsu	0	0	KANJIDIC
U+FA63	謹	キン,つつしむ	kin,tsutsushimu	0,0	0,0	KANJIDIC
U+FA64	賓	ヒン	hin	0	0	KANJIDIC
U+FA65	贈	ソウ,ゾウ,おくる	sou,zou,okuru	0,0,0	0,0,0	KANJIDIC
U+FA66	辶	しんにょう	shinnyou	0	0	KANJIDIC
U+FA67	逸	しんにょう	shinnyou	0	0	KANJIDIC
U+FA68	難	ナン,かたい,むずかしい	nan,katai,muzukashii	0,0,0	0,0,0	KANJIDIC
U+FA69	響	キョウ,ひびく	kyou,hibiku	0,0	0,0	KANJIDIC
U+FA6A	頻	ヒン	hin	0	0	KANJIDIC
U+2000B	𠀋	ジョウ,セイ	jou,sei	0,0	0,0	KANJIDIC
U+200A2	𠂢	ハ,ハイ	ha,hai	0,0	0,0	KANJIDIC,PYPINYIN,UNIHAN
U+200A4	𠂤	タイ	tai	0	0	KANJIDIC,PYPINYIN,UNIHAN
U+20213	𠈓	リョウ	ryou	0	0	KANJIDIC
U+203F9	𠏹	ほとけ	hotoke	0	0	KANJIDIC
U+20B9F	𠮟	シツ,シチ,カ,しかる	shitsu,shichi,ka,shikaru	0,0,0,0	0,0,0,0	KANJIDIC,PYPINYIN,UNIHAN
U+212FD	𡋽	はけ,ばけ	hake,bake	0,0	0,0	KANJIDIC
U+21C56	𡱖	つび,くぼ	tsubi,kubo	0,0	0,0	KANJIDIC
U+22218	𢈘	ロク,しか,か	roku,shika,ka	0,0,0	0,0,0	KANJIDIC
U+2383D	𣠽	ハ,ヘ,つか	ha,he,tsuka	0,0,0	0,0,0	KANJIDIC
U+28AE4	𨫤	ひ	hi	0	0	KANJIDIC
U+28E89	𨺉	さい	sai	0	0	KANJIDIC
U+29EDB	𩻛	シン,めいただき	shin,meitadaki	0,0	0,0	KANJIDIC,PYPINYIN,UNIHAN
U+2A0F9	𪃹	じない	jinai	0	0	KANJIDIC
